detection_count,mean_frp,max_frp,mean_brightness,max_brightness,unique_detection_days,observation_window_days,spatial_spread_km,temporal_recurrence,duration_score,detection_frequency,spatial_consistency,persistence_score,land_cover_code,is_cropland,is_tree_cover,is_built_up,cropland_percentage,tree_cover_percentage,built_up_percentage,grassland_percentage,shrubland_percentage,bare_sparse_percentage,nearest_industrial_distance_km,nearby_industrial_facility_count,nearby_industrial_capacity_mw,cluster_id,centroid_lat,centroid_lon,fire_class
0.41647268058133585,0.19289823493122532,0.2567197800615145,0.35288377919364317,1.6270721943742963,-0.17720596716331258,-0.2639086929775742,0.8366392598384509,0.4544618000171114,-1.0831105696378498,3.827656578768318,-1.265920645210357,3.379462465586755,1.093603812375615,-0.50866615647324,-0.835531691527718,2.23606797749979,-0.6585244897793999,-1.0339195051246441,2.0958782498768302,-0.2836594109395029,0.39106450786635716,0.7359143103505916,-1.248325899533973,0.37038374090052295,-0.26279443528266555,22.0,52.86513,49.91567805555556,INDUSTRIAL
-0.21752212276390634,-0.3902835135990578,-0.34568450886656055,0.2879222165489514,0.019155577043275352,-0.2653194314986614,-0.3222668806138928,0.22738096418712705,0.4544618000171114,-0.6166993195545651,0.01037471663983462,-0.734654018212563,-0.8695350894699566,-1.0636420640913515,-0.50866615647324,1.196842693269434,-0.4472135954999579,-0.6506741701362911,1.4511991688389667,-0.52801451844319,-0.5701807146251285,-0.3701975498601947,-0.4660110545027145,1.0141365658745551,-0.5068409086007155,-0.31640230930521096,125.0,30.02471,78.46425666666666,WILDFIRE
-0.23673408650164096,-0.5494321776839574,-0.3998273027230978,-0.9258034680655973,-1.4343405726730158,-0.2653194314986614,-0.3222668806138928,-0.5479105663874224,0.4544618000171114,-0.6166993195545651,-0.2441107408353976,0.636530143207539,-0.2932340329895043,0.5542923432588733,1.9659259560992792,-0.835531691527718,-0.4472135954999579,2.0693902196587177,-0.8973321311531122,-0.5301512616344631,-0.918637505500649,-0.3641529390943949,-0.4660110545027145,2.116386783274466,-0.5068409086007155,-0.31640230930521096,297.0,23.18203,76.710655,AGRICULTURAL
-0.1598862315507025,-0.2744647084002867,-0.19902587308040612,-0.40501292522757554,0.740504334851952,-0.2653194314986614,-0.3222668806138928,0.40066874159095134,0.4544618000171114,-0.6166993195545651,0.7738310890655312,-0.914462542354718,-0.24050655598786708,-1.0636420640913515,-0.50866615647324,1.196842693269434,-0.4472135954999579,-0.6056418820017303,0.850384722010625,-0.5219758963808965,0.7831948835742193,-0.37208649072450706,-0.4660110545027145,1.0585695245184044,-0.5068409086007155,-0.31640230930521096,133.0,29.926279999999995,78.973595,WILDFIRE
-0.19831015902617175,0.2820105862253385,-0.05657250283650704,0.5964010873628215,0.27778286371270244,-0.2653194314986614,-0.3222668806138928,-0.20977997487107164,0.4544618000171114,-0.6166993195545651,0.26486017411506685,-0.11667290922713888,-0.25350743798269276,0.5542923432588733,1.9659259560992792,-0.835531691527718,-0.4472135954999579,1.9615553743792855,-0.852609410331414,-0.48843831846569674,-0.8552527693176247,-0.3717087025516446,-0.4660110545027145,0.7048904338560478,-0.5068409086007155,-0.31640230930521096,478.0,23.3984325,79.98707999999999,AGRICULTURAL
-0.17909819528843712,-0.37349659971613,-0.10020213283740602,-0.8795156981288038,0.22216989810320248,-0.17720596716331258,-0.2639086929775742,0.486703853805402,0.4544618000171114,0.08291755557036135,-0.11686801209778148,-0.9940126939823091,-0.5337924538020403,-1.0636420640913515,-0.50866615647324,1.196842693269434,-0.4472135954999579,-0.6334034669214517,1.2519738320791498,-0.5274571071759014,-0.1236209149839223,-0.37208649072450706,-0.4660110545027145,1.1069613432542025,-0.5068409086007155,-0.31640230930521096,108.0,29.952022,78.959668,WILDFIRE
-0.23673408650164096,0.031841966995992683,-0.17852520356191143,0.5173420863688457,-0.17413997332761538,-0.2653194314986614,-0.3222668806138928,-0.5287335073599698,0.4544618000171114,-0.6166993195545651,-0.2441107408353976,0.583835683640636,-0.32481970253000036,-1.0636420640913515,-0.50866615647324,1.196842693269434,-0.4472135954999579,-0.5308497457655659,0.28945457299110744,-0.5269925977864942,1.9911678080672823,-0.37208649072450706,-0.4660110545027145,0.44401827767908836,-0.5068409086007155,-0.31640230930521096,86.0,29.56645,79.77673,WILDFIRE
-0.1598862315507025,-0.11504352947962514,-0.12806201705484754,-0.12618117978644952,0.24808661994063794,-0.17720596716331258,-0.2639086929775742,0.7033472196382976,0.4544618000171114,0.08291755557036135,0.01037471663983462,-1.1709869945507965,-0.5170715921843653,-1.0636420640913515,-0.50866615647324,1.196842693269434,-0.4472135954999579,1.4946754552409391,-0.6289958062229223,-0.2857264209283951,-0.7813569964811341,-0.28859530452189774,-0.41523790641191705,-0.31284860725093583,-0.5068409086007155,-0.31640230930521096,253.0,30.352251666666664,76.31813666666667,AGRICULTURAL
-0.21752212276390634,-0.579408809617757,-0.39299374621693295,-1.2492652947130047,-1.649773322946716,-0.2653194314986614,-0.3222668806138928,-0.09312379018847997,0.4544618000171114,-0.6166993195545651,0.01037471663983462,-0.31092274765392847,-0.6155456568836452,-1.0636420640913515,-0.50866615647324,1.196842693269434,-0.4472135954999579,-0.42958062236946165,1.1565130537170456,-0.5151011574176699,-0.3887857032872777,-0.37208649072450706,-0.43903781957947835,1.4523628339764545,-0.5068409086007155,-0.31640230930521096,77.0,29.865663333333337,79.93222999999999,WILDFIRE
-0.23673408650164096,-0.34259341734074017,-0.2731436782626562,0.15424449712633506,0.45002107759067284,-0.2653194314986614,-0.3222668806138928,-0.3855298148473387,0.4544618000171114,-0.6166993195545651,-0.2441107408353976,0.23268835403396163,-0.5353014800099003,-1.0636420640913515,-0.50866615647324,1.196842693269434,-0.4472135954999579,-0.6563834935130975,1.5306408439827728,-0.5170520968531802,-0.7813569964811341,-0.34261901324123323,-0.4660110545027145,-0.4752188021917652,-0.5068409086007155,-0.31640230930521096,53.0,29.31185,79.55986,WILDFIRE
0.08986929703984745,-0.1427252996385884,-0.07970146331891134,-0.4722880188153362,0.35607296092996116,0.08713442584273381,-0.08883413006861834,1.7480542801996024,0.4544618000171114,2.181768180945141,0.21396308262002034,-1.7288732055865759,1.1870266568825312,1.6329152814923567,-0.50866615647324,-0.835531691527718,-0.4472135954999579,-0.635544463187754,-0.5086236877539947,0.5088633405915592,0.24346907723183414,-0.37208649072450706,1.7916090420502064,-0.8006271933270187,-0.5068409086007155,-0.31640230930521096,2.0,23.7422,86.4258805263158,INDUSTRIAL
9.369247782365665,-0.36564426386687193,0.2714382094594082,-0.9062978110603053,0.4689186872638056,6.1669634649818015,4.813253631382145,-0.2787272714824319,-0.3046467643439591,2.181768180945141,0.6823306998609534,0.011323019580455701,2.4147065546684523,1.6329152814923567,-0.50866615647324,-0.835531691527718,-0.4472135954999579,-0.6584531232371899,-0.9415971633114307,2.8201691604038994,-0.925007830745174,-0.37208649072450706,0.10260853759227138,-1.2347579284173034,2.124833039903,0.04143024979527951,0.0,22.79118565737052,86.20249802788844,INDUSTRIAL
-0.17909819528843712,-0.37218852850447326,-0.052892895487033666,-0.7428201351198558,0.8771070562034474,-0.08909250282796378,-0.14719231770493696,0.6004499563107351,-0.6715492371184767,1.4821513058202145,-0.43497483394182174,-1.0907632717138112,-0.5917858709695407,-1.0636420640913515,-0.50866615647324,1.196842693269434,-0.4472135954999579,-0.19399966653398584,1.1297709589567022,-0.5242055414500509,-0.8195789479482843,-0.36528630361298237,-0.4602594088205539,0.2789857748444521,-0.5068409086007155,-0.31640230930521096,64.0,29.667472,78.88671400000001,WILDFIRE
-0.21752212276390634,-0.2758272825790956,-0.23056536464732108,0.6392247129012276,0.20651187865974951,-0.17720596716331258,1.836986061929896,-0.4852257794923249,-3.8125273933388018,0.08291755557036135,-0.7329906986167647,0.46960360464700274,-2.225436016212268,0.5542923432588733,1.9659259560992792,-0.835531691527718,-0.4472135954999579,1.2741528398117905,-0.9158358299726161,-0.5289435372220045,0.8554980750995784,-0.36793082082301976,-0.4122629172659718,-1.1702041436403767,3.0020576894042383,-0.06444530139924763,6.0,22.47344333333333,82.58508333333333,INDUSTRIAL
-0.1598862315507025,-0.6003924519714166,-0.3877371642891138,-1.5996114321822936,-1.8095931076109133,-0.08909250282796378,-0.20555050534125557,-0.6688780533083659,0.4544618000171114,-0.9665077571170284,-0.2441107408353976,1.0069327067171912,1.0309255555465677,1.093603812375615,-0.50866615647324,-0.835531691527718,2.23606797749979,-0.6585244897793999,-1.0339195051246441,2.0958782498768302,-0.2836594109395029,0.39106450786635716,0.7359143103505916,-1.248325899533973,0.37038374090052295,-0.26279443528266555,11.0,52.77352166666666,50.36340333333334,INDUSTRIAL
-0.21752212276390634,-0.5903094030482294,-0.41139178296429996,-1.477516281453688,-1.748580824951946,-0.17720596716331258,-0.2639086929775742,-0.73301363743896,0.4544618000171114,-1.0831105696378498,-0.3713534695730137,1.2346148296067934,0.9252035089014368,1.093603812375615,-0.50866615647324,-0.835531691527718,2.23606797749979,-0.6585244897793999,-1.0339195051246441,2.0958782498768302,-0.2836594109395029,0.39106450786635716,0.7359143103505916,-1.248325899533973,0.37038374090052295,-0.26279443528266555,26.0,52.92298,51.41904333333334,INDUSTRIAL
-0.1598862315507025,-0.5652380381581426,-0.3830062405540765,-1.016019989361147,-0.21085532926398565,-0.08909250282796378,-0.20555050534125557,-0.6912301998564636,0.4544618000171114,-0.9665077571170284,-0.2441107408353976,1.0835275155435593,1.0676550081682123,1.093603812375615,-0.50866615647324,-0.835531691527718,2.23606797749979,-0.6585244897793999,-1.0339195051246441,2.0958782498768302,-0.2836594109395029,0.39106450786635716,0.7359143103505916,-1.248325899533973,0.37038374090052295,-0.26279443528266555,28.0,51.84566333333333,49.903,INDUSTRIAL
0.4548966080568051,-0.30403973952348984,0.3376711417499295,-0.5374546486669115,0.7820790761328434,-0.000979038492614983,-0.08883413006861834,5.194778955836462,-0.44634702969135887,2.181768180945141,1.1810078210259027,-2.4033423588394487,0.9792241248186722,-1.0636420640913515,-0.50866615647324,1.196842693269434,-0.4472135954999579,-0.656811692766358,1.3555422381925564,-0.5285719297104786,-0.32173803008865165,-0.37208649072450706,-0.4660110545027145,0.6662241674433784,-0.5068409086007155,-0.31640230930521096,5.0,29.77180394736842,79.07486421052631,WILDFIRE
-0.23673408650164096,-0.08016163050211296,-0.20323113862266146,0.7905419406101334,0.13740062042658413,-0.2653194314986614,-0.3222668806138928,-0.49181935496861817,0.4544618000171114,-0.6166993195545651,-0.2441107408353976,0.48645980732259453,-0.3831879309144853,0.5542923432588733,1.9659259560992792,-0.835531691527718,-0.4472135954999579,2.1911415406691153,-1.0088773968282838,-0.5312660841690404,-0.9133819871739158,-0.37208649072450706,-0.4660110545027145,0.18385821163953955,-0.5068409086007155,-0.31640230930521096,137.0,25.97755,78.70679,AGRICULTURAL
0.8007119553360281,-0.24223982907145206,-0.026084327655155944,-0.16442794495624743,0.43706271667195357,-0.000979038492614983,-0.08883413006861834,5.667526911041531,-0.44634702969135887,2.181768180945141,2.0971554679367386,-2.4479027306375043,1.5419603984990422,-1.0636420640913515,-0.50866615647324,1.196842693269434,-0.4472135954999579,-0.6576680912728791,1.5752981807097028,-0.5314518879248034,-0.8808933284268381,-0.37208649072450706,-0.4277328608248867,0.4154588543563361,-0.5068409086007155,-0.31640230930521096,3.0,29.000146607142856,80.44371125,WILDFIRE
-0.23673408650164096,-0.1929827725075041,-0.2284627318761934,0.6426251000407541,0.004577421009714632,-0.17720596716331258,-0.2639086929775742,-0.21430413350357128,0.4544618000171114,0.08291755557036135,-0.4985961983106298,-0.10859616360027971,-0.371467450745109,-1.0636420640913515,-0.50866615647324,1.196842693269434,-0.4472135954999579,-0.5815913572769331,0.6562593446427561,-0.5314518879248034,0.8234871907458396,0.5652059661473199,-0.4660110545027145,1.3727554207601254,-0.5068409086007155,-0.31640230930521096,415.0,25.04556,80.730905,AGRICULTURAL
-0.19831015902617175,-0.5375777823283184,-0.3572489891077627,-1.3816678689583,-1.5650040452700977,-0.000979038492614983,-0.14719231770493696,-0.6768926218167766,0.4544618000171114,-0.8499049445962075,-0.4985961983106298,1.034073073044671,0.6141355787326064,1.093603812375615,-0.50866615647324,-0.835531691527718,2.23606797749979,-0.6585244897793999,-1.0339195051246441,2.0958782498768302,-0.2836594109395029,0.39106450786635716,0.7359143103505916,-1.248325899533973,0.37038374090052295,-0.26279443528266555,14.0,52.2214575,51.83825,INDUSTRIAL
-0.1406742678129679,1.5469855231408576,1.1356202783928773,1.2433095603579092,0.9267807730585339,-0.2653194314986614,-0.3222668806138928,0.8056603426290346,0.4544618000171114,-0.6166993195545651,1.0283165465407635,-1.2446928042364018,-0.19284778542108577,-1.0636420640913515,-0.50866615647324,1.196842693269434,-0.4472135954999579,-0.6396837226359386,1.3017965122927966,-0.5281074203210715,-0.2432237714498801,-0.37208649072450706,-0.4493511152854216,1.4143810452051917,-0.5068409086007155,-0.31640230930521096,30.0,29.860284285714283,79.91081142857145,WILDFIRE
-0.23673408650164096,-0.10060024318424904,-0.1974488985020604,0.6878927538356923,-0.025118822762349863,-0.2653194314986614,-0.3222668806138928,-0.5914243028038315,0.4544618000171114,-0.6166993195545651,-0.2441107408353976,0.7618492140470822,-0.21811633008120504,-1.0636420640913515,-0.50866615647324,1.196842693269434,-0.4472135954999579,-0.6564548600553075,1.6019095072805087,-0.5314518879248034,-0.9176819567139702,-0.37208649072450706,-0.4660110545027145,0.22721000270960306,-0.5068409086007155,-0.31640230930521096,31.0,29.266575,80.0196,WILDFIRE
-0.23673408650164096,-0.13084938995381043,-0.2652588053709275,0.9719313420842236,0.19193372262619185,-0.2653194314986614,-0.3222668806138928,-0.42549053508145057,0.4544618000171114,-0.6166993195545651,-0.2441107408353976,0.32378844569659,-0.48069502965411953,-0.5243305949746099,-0.50866615647324,-0.835531691527718,-0.4472135954999579,-0.6023590210600666,-0.5094082968912172,-0.5314518879248034,3.5993564160476326,0.8179462537923228,-0.4654160566735255,1.4130852652142263,-0.5068409086007155,-0.31640230930521096,943.0,23.59094,79.762765,AGRICULTURAL
-0.19831015902617175,0.1467069702695974,0.04593084475596643,1.3643572704051408,1.6270721943742963,-0.17720596716331258,-0.2639086929775742,0.48654647962586234,0.4544618000171114,0.08291755557036135,-0.2441107408353976,-0.9938724303605975,-0.656509685824109,-0.5243305949746099,-0.50866615647324,-0.835531691527718,-0.4472135954999579,-0.22218945070696763,-0.6673762698520699,-0.5314518879248034,1.209369642432945,5.3922054508113,-0.4644243936248771,0.9892077781944126,-0.5068409086007155,-0.31640230930521096,414.0,24.6468525,79.4319375,AGRICULTURAL
-0.23673408650164096,-0.22650209730620727,-0.17747388717634763,-0.3739843925794003,-0.192497651295799,-0.2653194314986614,-0.3222668806138928,-0.4265732471013552,0.4544618000171114,-0.6166993195545651,-0.2441107408353976,0.3263257659189879,-0.4791741305174406,0.014980874142131754,-0.50866615647324,-0.835531691527718,-0.4472135954999579,-0.27849765251072117,0.625463436006762,-0.49661368371926334,0.5337966502510636,-0.37208649072450706,-0.4364594956529925,0.9036110323135359,-0.5068409086007155,-0.31640230930521096,35.0,29.42828,80.20637500000001,WILDFIRE
-0.23673408650164096,-0.5592427117713826,-0.4029812518797893,-1.110380732482994,-1.3582102022755447,-0.2653194314986614,-0.3222668806138928,-0.5332968827502155,0.4544618000171114,-0.6166993195545651,-0.2441107408353976,0.5962402383722083,-0.3173842687145916,-1.0636420640913515,-0.50866615647324,1.196842693269434,-0.4472135954999579,-0.6377568259962665,0.49070681668875016,-0.48435063583891336,1.6634145742364685,-0.37208649072450706,-0.4622427349178506,0.7461009628975911,-0.5068409086007155,-0.31640230930521096,132.0,29.909,78.73924,WILDFIRE
-0.21752212276390634,-0.5467070293263392,-0.37880097501182125,-0.8992379435380532,-1.1130812082297799,-0.2653194314986614,-0.3222668806138928,-0.06299124679428404,0.4544618000171114,-0.6166993195545651,0.01037471663983462,-0.3570763958348616,-0.6432106883027545,-1.0636420640913515,-0.50866615647324,1.196842693269434,-0.4472135954999579,-0.5711004755720512,1.4341993041991399,-0.49912203442206227,-0.7689348622543102,-0.3509303530442079,-0.45986274360109447,0.39208408274268924,-0.5068409086007155,-0.31640230930521096,129.0,29.815313333333336,78.62299666666667,WILDFIRE
-0.23673408650164096,-0.25838633309033954,-0.27472065284100194,0.6037331721324286,0.04345250376587246,-0.2653194314986614,-0.3222668806138928,-0.4510578694309038,0.4544618000171114,-0.6166993195545651,-0.2441107408353976,0.3847215241626421,-0.4441710364993858,0.5542923432588733,1.9659259560992792,-0.835531691527718,-0.4472135954999579,2.19535216665951,-1.0203196134127825,-0.5150082555397885,-0.9227782169095903,-0.37208649072450706,-0.4660110545027145,0.45471589239601595,-0.5068409086007155,-0.31640230930521096,311.0,31.79236,74.706065,AGRICULTURAL
-0.23673408650164096,0.34577905779360296,-0.07970146331891134,1.742437815481185,0.8360722466275051,-0.2653194314986614,-0.3222668806138928,-0.605548794527562,0.4544618000171114,-0.6166993195545651,-0.2441107408353976,0.8043467074866203,-0.1926428401713902,0.5542923432588733,1.9659259560992792,-0.835531691527718,-0.4472135954999579,2.1690179125839903,-1.0237849704355166,-0.5281074203210715,-0.8509527997775703,-0.32977421536390866,-0.4660110545027145,-0.6635500165023117,-0.5068409086007155,-0.31640230930521096,42.0,30.45633,75.18365,AGRICULTURAL
-0.23673408650164096,-0.5886743140336587,-0.4124430993498638,-1.184976725356346,-1.4640368164450803,-0.2653194314986614,-0.3222668806138928,-0.3500654320918133,0.4544618000171114,-0.6166993195545651,-0.2441107408353976,0.15578734833260494,-0.5813968337411786,0.5542923432588733,1.9659259560992792,-0.835531691527718,-0.4472135954999579,2.0458392607293914,-0.9155742935935419,-0.5038600301940157,-0.8676749035444485,-0.37208649072450706,-0.4606560740400132,1.3318909607729932,-0.5068409086007155,-0.31640230930521096,233.0,22.506745,77.32561,AGRICULTURAL
-0.06382641286202945,-0.3040201810424543,-0.22583444091228383,0.24066456346212614,0.4338231264422737,-0.000979038492614983,-0.08883413006861834,0.03944616131173531,-0.44634702969135887,2.181768180945141,-0.1932136493403511,-0.5032226723553912,0.7919237554239632,1.6329152814923567,-0.50866615647324,-0.835531691527718,-0.4472135954999579,-0.6356871962721742,-1.0330695118926527,-0.4842577339610319,-0.782631061530039,-0.37208649072450706,7.158886126554743,-1.1401335861023272,1.2476083904017614,4.165215958979584,0.0,24.13936181818182,82.70387272727272,INDUSTRIAL
-0.23673408650164096,-0.6172883717886491,-0.4129687575426457,-1.522571411052406,-1.9413364436178875,-0.2653194314986614,-0.3222668806138928,-0.5260785006008039,0.4544618000171114,-0.6166993195545651,-0.2441107408353976,0.5766566903498586,-0.3291228742785986,-1.0636420640913515,-0.50866615647324,1.196842693269434,-0.4472135954999579,-0.441427468376335,1.0331332668887636,-0.5173308024868245,-0.06389911581649965,-0.37208649072450706,-0.43487283477515515,1.2294769816457116,-0.5068409086007155,-0.31640230930521096,84.0,29.89631,79.338835,WILDFIRE
0.032233405826643614,-0.38602546929027937,-0.039225782474703826,-1.0591756839561464,0.3296163073875795,-0.08909250282796378,-0.20555050534125557,1.3862273624790327,0.4544618000171114,0.7825344306952877,0.6041741174153764,-1.5758726210354341,0.42731458001634376,-1.0636420640913515,-0.50866615647324,1.196842693269434,-0.4472135954999579,-0.6532433656558541,1.583667344840079,-0.5314518879248034,-0.8804155540334987,-0.37208649072450706,-0.4660110545027145,1.1528434752013896,-0.5068409086007155,-0.31640230930521096,46.0,29.270084375,80.44756062500001,WILDFIRE
-0.23673408650164096,-0.30253373648375353,-0.3073114607934807,0.5842872081782604,-0.06831335915807668,-0.2653194314986614,-0.3222668806138928,-0.11844050798631332,0.4544618000171114,-0.6166993195545651,-0.2441107408353976,-0.2709347522337211,-0.8371790044834766,0.5542923432588733,1.9659259560992792,-0.835531691527718,-0.4472135954999579,2.1459665194501336,-1.019665772465097,-0.49661368371926334,-0.8549342530553985,-0.3637751509215324,-0.45887108055244613,-0.10065140423067338,-0.5068409086007155,-0.31640230930521096,398.0,30.31664,75.59490500000001,AGRICULTURAL
-0.23673408650164096,-0.3098916370493225,-0.21847522621333698,-0.4935292529533602,-0.29670447035049624,-0.2653194314986614,-0.3222668806138928,-0.61918728608895,0.4544618000171114,-0.6166993195545651,-0.2441107408353976,0.8462752987748627,-0.16751035680190732,-1.0636420640913515,-0.50866615647324,1.196842693269434,-0.4472135954999579,-0.5030881608458446,0.7693738285923731,-0.47180888232491897,0.6490995371769669,-0.37208649072450706,-0.445384463090828,1.1147448897774483,-0.5068409086007155,-0.31640230930521096,11.0,29.566805,80.187835,WILDFIRE
-0.19831015902617175,0.03633846178606259,-0.150139661151688,1.2574044686572374,0.6946101399314915,-0.17720596716331258,-0.14719231770493696,0.4530517067890754,-1.7975602742540648,1.4821513058202145,-0.4985961983106298,-0.963591431801479,-1.497968058109554,-1.0636420640913515,-0.50866615647324,1.196842693269434,-0.4472135954999579,-0.6585244897793999,1.5960249387513383,-0.5314518879248034,-0.9100375664205402,-0.34526353045127056,-0.4660110545027145,0.6868572884262505,-0.5068409086007155,-0.31640230930521096,352.0,21.971235,80.28059000000002,AGRICULTURAL
-0.23673408650164096,0.6973231959263433,0.10059929680528568,1.1695788445691684,0.6012019549757259,-0.2653194314986614,-0.3222668806138928,-0.6731069072563944,0.4544618000171114,-0.6166993195545651,-0.2441107408353976,1.021208819910332,-0.06265317759267458,0.5542923432588733,1.9659259560992792,-0.835531691527718,-0.4472135954999579,1.9311532273977916,-0.983312215773775,-0.3507577354454029,-0.767342280943179,-0.37208649072450706,-0.45629275662596036,1.8344547717451223,-0.5068409086007155,-0.31640230930521096,1146.0,23.042495,75.604795,AGRICULTURAL
-0.10225034033749868,0.1589247187395854,-0.05026460452312405,1.4330734271830619,1.6270721943742963,-0.17720596716331258,-0.14719231770493696,1.4948774607523376,-1.7975602742540648,1.4821513058202145,-0.18048937646658955,-1.6252478402064756,-1.5875693055776117,-0.5243305949746099,-0.50866615647324,-0.835531691527718,-0.4472135954999579,-0.5777375639975888,-0.2856639245931885,-0.527178401542257,2.646674275728911,1.6392577415953669,-0.4630360653567694,1.32356605141435,-0.5068409086007155,-0.31640230930521096,411.0,24.358708888888888,79.43223222222224,AGRICULTURAL
-0.23673408650164096,-0.49956196273954534,-0.33569700320370416,-0.4316847118532335,-0.22759321211733086,-0.17720596716331258,-0.20555050534125557,0.11137008287420665,-1.0468862494970061,0.7825344306952877,-0.5834246841357072,-0.5969157145294538,-1.360045923604767,-1.0636420640913515,-0.50866615647324,1.196842693269434,-0.4472135954999579,-0.6323329687883005,1.5285485529501797,-0.5314518879248034,-0.8292936939461851,-0.2870841518304478,-0.4652177240637958,0.739452873626356,-0.5068409086007155,-0.31640230930521096,519.0,21.40708,80.66239,AGRICULTURAL
-0.23673408650164096,-0.6238287278469327,-0.4092891501931723,-1.388681167433573,-1.5450265721870726,-0.2653194314986614,-0.3222668806138928,-0.5423983693169955,0.4544618000171114,-0.6166993195545651,-0.2441107408353976,0.6212307213636191,-0.3024046836896808,-1.0636420640913515,-0.50866615647324,1.196842693269434,-0.4472135954999579,-0.6156331979111416,0.9937066577433191,-0.4432880058153169,0.3144982037082884,-0.37133091437878213,-0.45768108489406806,0.36432114130024545,-0.5068409086007155,-0.31640230930521096,48.0,29.6528,79.16456500000001,WILDFIRE
-0.19831015902617175,0.7108126802965533,0.33661982536436574,0.7449555005208649,0.4948354091012411,-0.2653194314986614,-0.3222668806138928,-0.22618591559666248,0.4544618000171114,-0.6166993195545651,0.26486017411506685,-0.08717563139828409,-0.23582642792007893,0.5542923432588733,1.9659259560992792,-0.835531691527718,-0.4472135954999579,1.643189229580117,-0.9159665981621532,-0.08524416846024806,-0.7917087750034872,-0.1446580106612907,-0.44895445006596224,-0.9729615590287851,0.37038374090052295,-0.22794931716801106,222.0,30.0140625,74.9600525,AGRICULTURAL
-0.12146230407523328,-0.1469958939726979,-0.14067781368161353,0.2155311622113856,0.24754668823569181,-0.17720596716331258,-0.2639086929775742,0.20371370104621633,0.4544618000171114,0.08291755557036135,0.26486017411506685,-0.7077908962650726,0.0061761306734791285,-1.0636420640913515,-0.50866615647324,1.196842693269434,-0.4472135954999579,-0.6522442340649128,0.558640891153289,-0.528850635344123,1.6068779376913085,-0.37208649072450706,-0.4630360653567694,1.8247843380702577,-0.5068409086007155,-0.31640230930521096,90.0,29.94830125,80.05579875,WILDFIRE
-0.23673408650164096,0.48312653501755737,-0.02345603669124642,1.8623014621494751,0.9327200218129474,-0.2653194314986614,-0.3222668806138928,-0.5728568543426197,0.4544618000171114,-0.6166993195545651,-0.2441107408353976,0.707365786478346,-0.25077432776756187,-1.0636420640913515,-0.50866615647324,1.196842693269434,-0.4472135954999579,-0.16238428833492016,-0.06780412082433053,-0.5314518879248034,0.7067509806399186,2.806623195740448,-0.4660110545027145,0.03197584297392146,-0.5068409086007155,-0.31640230930521096,29.0,22.510935,76.60142,AGRICULTURAL
-0.21752212276390634,-0.36303203002287626,-0.2789259183832573,-0.4741895510973093,-0.7826430048024506,-0.17720596716331258,-0.2639086929775742,-0.380231562238228,0.4544618000171114,0.08291755557036135,-0.3713534695730137,0.22097073711952447,-0.051119924691776536,-1.0636420640913515,-0.50866615647324,1.196842693269434,-0.4472135954999579,-0.6101379741609654,1.1076057508301589,-0.4596387363224504,0.023852114426832716,-0.37208649072450706,-0.42118788470380736,0.980684367282209,-0.5068409086007155,-0.31640230930521096,192.0,29.52273666666667,80.16486333333332,WILDFIRE
-0.12146230407523328,-0.5870392250190877,-0.3714417603128744,-1.2634778503352417,-1.1611351299700279,0.2633613545134314,3.179224377565224,-0.6835952229869326,-3.532724823282676,2.181768180945141,-0.7197065138218971,1.0570464989781505,0.777241442691299,0.5542923432588733,-0.50866615647324,-0.835531691527718,-0.4472135954999579,-0.6585244897793999,-1.0339195051246441,-0.5314518879248034,-0.9270781864496447,-0.37208649072450706,-0.4660110545027145,-1.194990202387316,1.2476083904017614,0.16606855689769753,1.0,22.09000875,88.11081125000001,INDUSTRIAL
0.05144536956437823,-0.10613069132176826,-0.1359468899465763,-0.05866724321655599,1.6270721943742963,-0.000979038492614983,-0.14719231770493696,-0.20762374813729514,0.4544618000171114,-0.8499049445962075,0.3284815384838749,-0.12050706387526593,1.45734548529325,1.093603812375615,-0.50866615647324,-0.835531691527718,2.23606797749979,-0.6585244897793999,-1.0339195051246441,2.0958782498768302,-0.2836594109395029,0.39106450786635716,0.7359143103505916,-1.248325899533973,0.37038374090052295,-0.26279443528266555,,,,INDUSTRIAL
-0.17909819528843712,1.855129727143988,1.099875521283707,1.8332281521065306,1.6270721943742963,-0.2653194314986614,-0.3222668806138928,0.07306399995977501,0.4544618000171114,-0.6166993195545651,0.519345631590299,-0.5478682028312833,-0.2663682771309033,0.5542923432588733,1.9659259560992792,-0.835531691527718,-0.4472135954999579,1.8989669168610457,-0.8785015118597657,-0.49949364193358803,-0.6334061926770397,-0.37208649072450706,-0.4660110545027145,0.39957457781848316,-0.5068409086007155,-0.31640230930521096,433.0,22.225942,79.266068,AGRICULTURAL
-0.23673408650164096,-0.582133957975375,-0.3993016445303159,-1.026858723368387,-1.4996723089715582,-0.2653194314986614,-0.3222668806138928,-0.3745675797771855,0.4544618000171114,-0.6166993195545651,-0.2441107408353976,0.20853462081456525,-0.5497795075275471,0.014980874142131754,-0.50866615647324,-0.835531691527718,-0.4472135954999579,-0.26572304145511677,0.41760739873749453,-0.5314518879248034,0.8739720183087012,0.15228349320862308,-0.4660110545027145,0.3364413907994496,-0.5068409086007155,-0.31640230930521096,978.0,22.00545,77.07912999999999,AGRICULTURAL
-0.1598862315507025,0.03810980821851452,-0.01189155645004425,1.1465199692792607,1.6270721943742963,-0.17720596716331258,-0.2639086929775742,0.6788405916560204,0.4544618000171114,0.08291755557036135,0.01037471663983462,-1.1524624833791173,-0.5059677855778102,0.5542923432588733,1.9659259560992792,-0.835531691527718,-0.4472135954999579,1.8465125083366363,-0.7647331869624628,-0.4290740184994567,-0.918637505500649,-0.36944197351446967,-0.4656143892832552,-0.7428042365625991,-0.5068409086007155,-0.31640230930521096,76.0,29.12947833333333,79.16022833333334,WILDFIRE
-0.21752212276390634,0.7417431141555193,0.08220126005791865,1.611310386413218,0.7685807835091781,-0.2653194314986614,-0.3222668806138928,-0.37115261984264414,0.4544618000171114,-0.6166993195545651,0.01037471663983462,0.20108125747327563,-0.3086445245392434,0.014980874142131754,-0.50866615647324,-0.835531691527718,-0.4472135954999579,-0.6029299533977472,-1.0324810550397356,-0.5314518879248034,5.207385765896868,0.036302524139839955,-0.4660110545027145,1.4865385041965136,-0.5068409086007155,-0.31640230930521096,1175.0,23.617056666666667,79.38530333333334,AGRICULTURAL
-0.23673408650164096,0.18635787887294147,-0.16328111597123587,1.316858112549887,0.4948354091012411,-0.2653194314986614,-0.3222668806138928,-0.5293956791006352,0.4544618000171114,-0.6166993195545651,-0.2441107408353976,0.5856305109064616,-0.32374386227342344,-1.0636420640913515,-0.50866615647324,1.196842693269434,-0.4472135954999579,0.49697119514401383,-0.030273650427174517,-0.5314518879248034,0.07433694198969383,0.599584689877806,-0.4660110545027145,1.127750584486825,-0.5068409086007155,-0.31640230930521096,941.0,23.543685,78.138565,AGRICULTURAL
-0.21752212276390634,-0.5423467919541501,-0.3893141388674595,-0.9944487834447807,-1.0245324086185355,-0.17720596716331258,-0.08883413006861834,0.1436382136234826,-2.2479646891083,2.181768180945141,-0.6003903813007226,-0.6368014646279045,-1.154724796662796,0.5542923432588733,1.9659259560992792,-0.835531691527718,-0.4472135954999579,2.1381875663492353,-1.002535139635733,-0.5135218254936854,-0.8410787956485565,-0.37208649072450706,-0.4660110545027145,0.6808865010999048,-0.5068409086007155,-0.31640230930521096,188.0,23.72825333333333,78.37240000000001,AGRICULTURAL
-0.21752212276390634,0.013038443328427601,-0.13384425717544865,0.8630126915212799,0.6103807939598193,-0.17720596716331258,-0.2639086929775742,0.1479574721549543,0.4544618000171114,0.08291755557036135,-0.3713534695730137,-0.642044740068149,-0.5684213999289462,-1.0636420640913515,-0.50866615647324,1.196842693269434,-0.4472135954999579,-0.6565262265975177,1.450741480175587,-0.5314518879248034,-0.6421653898882618,-0.15410271498285286,-0.4648210588443364,0.33936374304644673,-0.5068409086007155,-0.31640230930521096,819.0,21.69955333333333,80.42948666666668,AGRICULTURAL
0.08986929703984745,-0.35958973736062166,-0.2589509070575445,-0.9151660727705654,-1.0391105646520933,0.08713442584273381,-0.08883413006861834,0.9953096177063331,0.4544618000171114,2.181768180945141,0.21396308262002034,-1.3675115910059217,1.4036309951104151,0.5542923432588733,1.9659259560992792,-0.835531691527718,-0.4472135954999579,-0.5124371778753651,-0.6189266556285633,0.4594395415586333,1.2017252521395152,-0.37208649072450706,0.9629753985996132,-0.637595197403467,-0.5068409086007155,-0.31640230930521096,3.0,23.778505789473684,86.36813157894738,INDUSTRIAL
0.10908126077758207,-0.028247554289487196,0.05854664138273241,0.11936927652657385,0.3927883168663314,-0.000979038492614983,-0.14719231770493696,-0.4606653840341439,0.4544618000171114,-0.8499049445962075,0.519345631590299,0.4081802675415362,2.033219967027463,1.093603812375615,-0.50866615647324,-0.835531691527718,2.23606797749979,-0.6585244897793999,-1.0339195051246441,2.0958782498768302,-0.2836594109395029,0.39106450786635716,0.7359143103505916,-1.248325899533973,0.37038374090052295,-0.26279443528266555,3.0,53.18868,50.999434,INDUSTRIAL
-0.23673408650164096,-0.3515864069208801,-0.3335943704325765,0.530731110730728,-0.1579420221792163,-0.2653194314986614,-0.3222668806138928,-0.6627714409216664,0.4544618000171114,-0.6166993195545651,-0.2441107408353976,0.9864904942319571,-0.08346374422319826,-1.0636420640913515,-0.50866615647324,1.196842693269434,-0.4472135954999579,-0.6585244897793999,1.5796135309644284,-0.5314518879248034,-0.878345198329028,-0.32561854546242136,-0.4660110545027145,0.17867855055757836,-0.5068409086007155,-0.31640230930521096,366.0,22.27184,79.944205,AGRICULTURAL
-0.21752212276390634,-0.004402506160328485,-0.15697321765785288,0.5707919217182681,0.36471186820910834,-0.17720596716331258,-0.2639086929775742,-0.0811748850922096,0.4544618000171114,0.08291755557036135,-0.3713534695730137,-0.32940827474971024,-0.3810234806596571,-1.0636420640913515,-0.50866615647324,1.196842693269434,-0.4472135954999579,-0.6584531232371899,1.5028526037061334,-0.5314518879248034,-0.8042901673614243,-0.362641786402945,-0.30655163628005366,-0.3602249698424484,-0.5068409086007155,-0.31640230930521096,19.0,29.33741333333333,79.41951333333333,WILDFIRE
0.10908126077758207,1.220061153884656,1.4772981037011221,0.34522936605977655,0.8690080806292463,-0.000979038492614983,-0.08883413006861834,2.513909261770093,-0.44634702969135887,2.181768180945141,0.26486017411506685,-1.9698774610924945,0.35487859114200027,0.014980874142131754,-0.50866615647324,-0.835531691527718,-0.4472135954999579,-0.6286932751355863,1.3601191248263564,-0.5264351865192055,-0.4004115468585359,-0.3709531262059197,-0.4652177240637958,-0.32732078533645254,-0.5068409086007155,-0.31640230930521096,17.0,29.3155705,79.70564100000001,WILDFIRE
-0.21752212276390634,-0.2981734991115645,-0.26788709633483704,0.5518772682546575,-0.07425260791249019,-0.2653194314986614,-0.3222668806138928,-0.6590614494759972,0.4544618000171114,-0.6166993195545651,0.01037471663983462,0.9741697868676987,1.011807070302916,-1.0636420640913515,-0.50866615647324,1.196842693269434,-0.4472135954999579,-0.19742526056006976,-0.240679667392416,0.15202722764894913,1.271161797304839,-0.322218451906659,-0.37557138446598154,-1.22166755408926,3.0020576894042383,3.8489295022465657,10.0,22.38455,82.74559,INDUSTRIAL
-0.1406742678129679,-0.6005871054255322,-0.31940159922746475,-1.3917779485784998,0.07908799629234739,0.17524789017808262,3.4126571281104985,-0.5746291433720423,-3.6338244271213314,2.181768180945141,-0.7256755295962216,0.7125001269339063,0.36410786295322256,0.014980874142131754,-0.50866615647324,-0.835531691527718,-0.4472135954999579,0.7044337333487175,-0.3380365845028089,-0.2049017871715425,0.12577731833923367,-0.37208649072450706,-0.40056129329192086,-1.0337130490553939,1.2476083904017614,0.02132729703682499,1.0,22.77756,86.12505714285714,INDUSTRIAL
-0.23673408650164096,-0.002494902309995923,-0.18273046910416677,0.5284996066704124,-0.052655339714626784,-0.2653194314986614,-0.3222668806138928,-0.6901843190585276,0.4544618000171114,-0.6166993195545651,-0.2441107408353976,1.079880153280312,1.1131894995892253,1.6329152814923567,-0.50866615647324,-0.835531691527718,-0.4472135954999579,0.3065652605275189,-0.4612856031415536,-0.5031168151709642,0.7567580338094402,-0.2681947431873235,0.5651201834818799,-1.0415596357874783,1.2476083904017614,1.0291553286606783,7.0,22.323855,82.776745,INDUSTRIAL
-0.23673408650164096,-0.4505092923024187,-0.2962726387450605,-0.5827894153659154,-0.33935907504128,-0.2653194314986614,-0.3222668806138928,-0.7335429776222224,0.4544618000171114,-1.199713382158671,-0.2441107408353976,1.2365986687618657,1.1410571062479582,1.093603812375615,-0.50866615647324,-0.835531691527718,2.23606797749979,-0.6585244897793999,-1.0339195051246441,2.0958782498768302,-0.2836594109395029,0.39106450786635716,0.7359143103505916,-1.248325899533973,0.37038374090052295,-0.26279443528266555,24.0,52.73802,50.18669,INDUSTRIAL
-0.21752212276390634,0.07353673686755041,-0.10230476560853369,0.9631115879410789,0.4176251752938777,-0.17720596716331258,-0.20555050534125557,-0.022787526510558587,-1.0468862494970061,0.7825344306952877,-0.4985961983106298,-0.4163417883145781,-1.1699402818044184,0.5542923432588733,1.9659259560992792,-0.835531691527718,-0.4472135954999579,2.0442691968007694,-0.9797160905615039,-0.45211368421405373,-0.8614638364310366,-0.22626025599958766,-0.45649108923569,0.3064445527666074,-0.5068409086007155,-0.31640230930521096,332.0,30.101910000000004,75.78643333333333,AGRICULTURAL
-0.08303837659976405,3.703270840313461,4.478806384485859,0.5232715114433917,0.6913705497018117,-0.17720596716331258,-0.2639086929775742,0.3115647877437847,0.4544618000171114,-1.0831105696378498,0.519345631590299,-0.8255339233638839,1.4416179039394375,1.093603812375615,-0.50866615647324,-0.835531691527718,2.23606797749979,-0.6585244897793999,-1.0339195051246441,2.0958782498768302,-0.2836594109395029,0.39106450786635716,0.7359143103505916,-1.248325899533973,0.37038374090052295,-0.26279443528266555,10.0,52.85542499999999,49.950365,INDUSTRIAL
-0.21752212276390634,-0.23713017590091803,-0.25789959067198065,0.09941325450148156,0.12336239609796953,-0.17720596716331258,-0.2639086929775742,-0.5982386764464647,0.4544618000171114,0.08291755557036135,-0.3713534695730137,0.782236537614671,0.28530929850414766,1.6329152814923567,-0.50866615647324,-0.835531691527718,-0.4472135954999579,-0.32702690121357586,0.11782132422362486,0.5441660541865065,-0.4596555716326189,-0.37057533803305714,0.15318335307333916,-1.2098569945042166,0.37038374090052295,-0.01619821477895678,1.0,21.194496666666662,81.41637333333334,INDUSTRIAL
-0.17909819528843712,-0.5880202784278302,-0.4029812518797893,-1.3976071836748243,-1.4462190701818427,-0.000979038492614983,-0.14719231770493696,-0.655821352385787,0.4544618000171114,-0.8499049445962075,-0.43497483394182174,0.9634699542233105,0.6877304610382939,1.093603812375615,-0.50866615647324,-0.835531691527718,2.23606797749979,-0.6585244897793999,-1.0339195051246441,2.0958782498768302,-0.2836594109395029,0.39106450786635716,0.7359143103505916,-1.248325899533973,0.37038374090052295,-0.26279443528266555,19.0,52.012954,51.689278,INDUSTRIAL
-0.1406742678129679,-0.004246783397036225,0.06170059053942393,-0.22374496615132597,0.5164326772991076,-0.17720596716331258,-0.2639086929775742,-0.5347709358975654,0.4544618000171114,-1.0831105696378498,0.13761744537745071,0.6002649270709967,1.4806233180120871,1.093603812375615,-0.50866615647324,-0.835531691527718,2.23606797749979,-0.6585244897793999,-1.0339195051246441,2.0958782498768302,-0.2836594109395029,0.39106450786635716,0.7359143103505916,-1.248325899533973,0.37038374090052295,-0.26279443528266555,25.0,54.59529571428572,51.41551,INDUSTRIAL
-0.19831015902617175,0.08579990447683193,-0.0949455509095869,1.4633404147947802,0.8641486952847282,-0.2653194314986614,-0.3222668806138928,0.20389197597973946,0.4544618000171114,-0.6166993195545651,0.26486017411506685,-0.7079955092926784,-0.6079530550552841,0.014980874142131754,-0.50866615647324,-0.835531691527718,-0.4472135954999579,1.2142049443553231,-1.0330041277978843,-0.5309873785353961,1.3077911674608576,-0.37208649072450706,-0.4445911326519093,0.02710973760835718,-0.5068409086007155,-0.31640230930521096,134.0,25.271975,81.20718,AGRICULTURAL
-0.21752212276390634,-0.18099211973398435,-0.280502892961603,0.7410238028907844,0.16439720567391491,-0.17720596716331258,-0.20555050534125557,0.43312609253308487,-1.0468862494970061,0.7825344306952877,-0.4985961983106298,-0.9451642121470556,-1.4869225691655832,0.5542923432588733,1.9659259560992792,-0.835531691527718,-0.4472135954999579,1.8227474497806797,-0.9930544458942911,-0.3193569007214763,-0.608561924223392,-0.10914592241221703,-0.4602594088205539,-0.25978561316756643,-0.5068409086007155,-0.31640230930521096,173.0,31.17314,74.86217,AGRICULTURAL
-0.23673408650164096,-0.12757921192466867,-0.2642074889853636,0.6952248386052957,0.1033849230149445,-0.2653194314986614,-0.3222668806138928,-0.45863465050083935,0.4544618000171114,-0.6166993195545651,-0.2441107408353976,0.4031956435838938,-0.4330974352918353,0.014980874142131754,-0.50866615647324,-0.835531691527718,-0.4472135954999579,0.216286584631767,-1.0033197487729557,-0.5287577334662416,3.3259102049263944,-0.01658782006090807,-0.4660110545027145,-0.7101687049645312,-0.5068409086007155,-0.31640230930521096,1202.0,24.789905,77.086355,AGRICULTURAL
0.08986929703984745,-0.20873126143731843,-0.10651003115078901,-0.5460115439357796,0.3231371269282199,0.08713442584273381,-0.08883413006861834,0.4044782959011911,0.4544618000171114,2.181768180945141,0.21396308262002034,-0.9181109352131445,1.673006954591151,1.6329152814923567,-0.50866615647324,-0.835531691527718,-0.4472135954999579,-0.5658907179907154,-0.6297150312653764,-0.3104383204448581,0.3095612016437814,-0.37208649072450706,3.230115460419559,-0.8756695669473038,-0.5068409086007155,-0.31640230930521096,1.0,23.720585263157897,86.44243578947369,INDUSTRIAL
-0.23673408650164096,-0.12103885586638512,-0.21321864428551787,0.820826638571538,0.15305863987003404,-0.17720596716331258,-0.20555050534125557,0.0780872643054671,-1.0468862494970061,0.7825344306952877,-0.5834246841357072,-0.5544085694109091,-1.334566648366738,-1.0636420640913515,-0.50866615647324,1.196842693269434,-0.4472135954999579,-0.6057132485439404,1.1972473447578609,-0.5314518879248034,-0.2183795029962325,0.03856925317701485,-0.4660110545027145,0.9050361698769979,-0.5068409086007155,-0.31640230930521096,173.0,24.578760000000003,79.38059000000001,AGRICULTURAL
-0.08303837659976405,-0.24465158536794415,-0.16222979958567207,-0.2272151826696129,0.10500471812978594,-0.17720596716331258,-0.2639086929775742,0.6623300374870781,0.4544618000171114,0.08291755557036135,0.519345631590299,-1.1397819717590736,-0.007161709358809366,-1.0636420640913515,-0.50866615647324,1.196842693269434,-0.4472135954999579,-0.6012171563847053,0.9495723937745377,-0.5012587776133354,0.49589321504613926,-0.37208649072450706,-0.4656143892832552,0.6555432858610656,-0.5068409086007155,-0.31640230930521096,123.0,29.625191,79.819531,WILDFIRE
-0.17909819528843712,-0.1753238111501385,0.05013611029822176,0.028642697160096445,0.5898633891718481,-0.08909250282796378,-0.14719231770493696,0.38513159851756856,-0.6715492371184767,1.4821513058202145,-0.43497483394182174,-0.8994564054751792,-0.4771143190169178,-1.0636420640913515,-0.50866615647324,1.196842693269434,-0.4472135954999579,-0.6568830593085682,1.4561683600413773,-0.5291293409777673,-0.5658807450850741,-0.37208649072450706,-0.46581272189298484,1.4256732637463188,-0.5068409086007155,-0.31640230930521096,69.0,29.808637999999995,80.036374,WILDFIRE
-0.21752212276390634,-0.5886743140336586,-0.39772466995197014,-1.428423192126783,-1.6314156449785324,-0.08909250282796378,-0.20555050534125557,-0.7669040452935009,0.4544618000171114,-0.9665077571170284,-0.4985961983106298,1.3653859273657865,0.7730097892984322,1.093603812375615,-0.50866615647324,-0.835531691527718,2.23606797749979,-0.6585244897793999,-1.0339195051246441,2.0958782498768302,-0.2836594109395029,0.39106450786635716,0.7359143103505916,-1.248325899533973,0.37038374090052295,-0.26279443528266555,8.0,52.55767,52.38368666666667,INDUSTRIAL
-0.1598862315507025,-0.5123701600203506,-0.34568450886656055,-1.0461984252244416,-0.8144989753943027,-0.08909250282796378,-0.20555050534125557,-0.6384012471683049,0.4544618000171114,-0.9665077571170284,-0.2441107408353976,0.9068894635519648,0.9829518923668253,1.093603812375615,-0.50866615647324,-0.835531691527718,2.23606797749979,-0.6585244897793999,-1.0339195051246441,2.0958782498768302,-0.2836594109395029,0.39106450786635716,0.7359143103505916,-1.248325899533973,0.37038374090052295,-0.26279443528266555,7.0,52.39956333333333,53.72173166666666,INDUSTRIAL
-0.23673408650164096,-0.611565560237651,-0.4129687575426457,-1.3548898202345319,-1.7593794590508807,-0.17720596716331258,-0.2639086929775742,-0.8098304520817425,0.4544618000171114,-1.0831105696378498,-0.4985961983106298,1.5427550277906124,0.8580634642199987,1.093603812375615,-0.50866615647324,-0.835531691527718,2.23606797749979,-0.6585244897793999,-1.0339195051246441,2.0958782498768302,-0.2836594109395029,0.39106450786635716,0.7359143103505916,-1.248325899533973,0.37038374090052295,-0.26279443528266555,32.0,53.534145,49.468355,INDUSTRIAL
-0.17909819528843712,-0.5991388837269123,-0.40455822645813505,-1.4951557897399774,-1.6157576255350794,-0.08909250282796378,-0.20555050534125557,-0.6143655818509552,0.4544618000171114,-0.9665077571170284,-0.328939226660475,0.8313499132297683,0.8034602748111846,1.093603812375615,-0.50866615647324,-0.835531691527718,2.23606797749979,-0.6585244897793999,-1.0339195051246441,2.0958782498768302,-0.2836594109395029,0.39106450786635716,0.7359143103505916,-1.248325899533973,0.37038374090052295,-0.26279443528266555,5.0,53.075198,51.23164800000001,INDUSTRIAL
0.05144536956437823,0.4711519125284938,0.6825029162148659,0.352154529500732,1.6270721943742963,-0.2653194314986614,-0.3222668806138928,0.3584880984375562,0.4544618000171114,-1.199713382158671,3.5731711212930857,-0.8732417003649798,3.5677635126317453,1.093603812375615,-0.50866615647324,-0.835531691527718,2.23606797749979,-0.6585244897793999,-1.0339195051246441,2.0958782498768302,-0.2836594109395029,0.39106450786635716,0.7359143103505916,-1.248325899533973,0.37038374090052295,-0.26279443528266555,30.0,53.080200000000005,48.387788823529405,INDUSTRIAL
-0.00619052164882561,0.006731671415082806,0.2404243760852752,0.6426251000407541,0.696769866751276,-0.08909250282796378,-0.20555050534125557,3.3067438430394733,0.4544618000171114,0.7825344306952877,0.4345171457652217,-2.1446033116131344,-0.07732426165988344,0.014980874142131754,-0.50866615647324,-0.835531691527718,-0.4472135954999579,-0.6509596363051314,1.394641926864158,-0.5314518879248034,-0.43353723813006617,-0.35206371756279536,-0.4660110545027145,-0.5473441120182002,-0.5068409086007155,-0.31640230930521096,552.0,22.29828214285714,78.04077857142859,AGRICULTURAL
-0.23673408650164096,0.3596773144174553,-0.10756134753635287,1.4494732109914026,0.6066012720251933,-0.2653194314986614,-0.3222668806138928,-0.5055641834416523,0.4544618000171114,-0.6166993195545651,-0.2441107408353976,0.5221124495952352,-0.3618173240931095,0.5542923432588733,1.9659259560992792,-0.835531691527718,-0.4472135954999579,1.3068387161440076,-0.659072489816462,-0.5314518879248034,-0.17426500067789638,-0.3505525648713454,-0.4451861304810983,0.12453977601925852,-0.5068409086007155,-0.31640230930521096,1105.0,22.136755,79.22587,AGRICULTURAL
-0.23673408650164096,-0.46031982638984403,-0.3646082038067095,-1.3765672882490119,-1.7987944735119816,-0.2653194314986614,-0.3222668806138928,-0.8032703648379069,0.4544618000171114,-0.6166993195545651,-0.2441107408353976,1.514745791696753,0.2331786010229023,-1.0636420640913515,-0.50866615647324,1.196842693269434,-0.4472135954999579,-0.6324757018727205,1.1821436188663226,-0.5309873785353961,-0.014529095171430693,-0.37208649072450706,-0.43546783260434413,1.1004519853545394,-0.5068409086007155,-0.31640230930521096,175.0,29.789215,79.79437,WILDFIRE
-0.21752212276390634,-0.2529360363751033,-0.2568482742864168,1.0151800160150701,0.4602797799846584,-0.17720596716331258,0.027882245204018902,-0.4189269632199431,-2.762712591798855,0.08291755557036135,-0.6440164597250483,0.30848651824609746,-1.521270897742628,0.014980874142131754,-0.50866615647324,-0.835531691527718,-0.4472135954999579,0.5407902520610033,-0.9432971497754132,-0.1981199500861974,1.8298393212496857,-0.2659280141501486,-0.26490178823682126,-1.0901139798393826,3.0020576894042383,2.5945052501190036,17.0,22.45024,82.64422333333333,INDUSTRIAL
-0.23673408650164096,-0.5878567695263732,-0.3950963789880606,-1.0839214700535562,-1.2475242027614877,-0.2653194314986614,-0.3222668806138928,-0.5412007261531744,0.4544618000171114,-0.6166993195545651,-0.2441107408353976,0.6179230757751424,-0.3043873247751651,-1.0636420640913515,-0.50866615647324,1.196842693269434,-0.4472135954999579,-0.5791648948417905,0.9291071721119768,-0.5268067940307313,0.48570069465489923,-0.37208649072450706,-0.39798296936543504,1.311767393277238,-0.5068409086007155,-0.31640230930521096,76.0,29.8575,79.80864,WILDFIRE
-0.1406742678129679,-0.011020723600258384,-0.07865014693334749,0.26418022777119166,0.8058360711504945,-0.2653194314986614,-0.3222668806138928,1.2290235387398276,0.4544618000171114,-0.6166993195545651,1.0283165465407635,-1.4983518814502008,-0.3448939749953458,-1.0636420640913515,-0.50866615647324,1.196842693269434,-0.4472135954999579,-0.6536715649091145,1.0728867965080509,-0.530337065390226,0.36227564304222615,-0.37208649072450706,-0.4654160566735255,1.0183675634140097,-0.5068409086007155,-0.31640230930521096,79.0,30.02743285714286,78.51186428571428,WILDFIRE
-0.17909819528843712,0.49767882724723816,0.11268943523926966,1.4599931587043087,0.9122026170249762,-0.17720596716331258,-0.2639086929775742,0.48317467643750156,0.4544618000171114,0.08291755557036135,-0.11686801209778148,-0.9908627668060455,-0.5319043509600376,-1.0636420640913515,-0.50866615647324,1.196842693269434,-0.4472135954999579,-0.055191741935379304,-0.04629275364547252,-0.5307086729017518,1.5261340652169537,0.16815059646884753,-0.4660110545027145,0.03528320898669375,-0.5068409086007155,-0.31640230930521096,530.0,21.795300000000005,76.841046,AGRICULTURAL
-0.23673408650164096,-0.6148357382667927,-0.41034046657873613,-1.0909347685288293,-1.47051599690444,-0.2653194314986614,-0.3222668806138928,-0.061323622999294225,0.4544618000171114,-0.6166993195545651,-0.2441107408353976,-0.35958636402030175,-0.8903178076354138,0.014980874142131754,-0.50866615647324,-0.835531691527718,-0.4472135954999579,-0.2974097861963925,-0.8938013900356098,-0.2125197411578206,0.7467247715493133,-0.37057533803305714,2.6349192986207965,-0.9875385334713936,0.37038374090052295,2.2353324941679498,3.0,24.179485,82.644675,INDUSTRIAL
-0.21752212276390634,-0.20224827692340577,-0.23109102284010297,0.17485934415971063,0.13146137167217062,-0.17720596716331258,-0.2639086929775742,-0.26545271406062787,0.4544618000171114,0.08291755557036135,-0.3713534695730137,-0.01416250665747872,-0.19206151507845007,-1.0636420640913515,-0.50866615647324,1.196842693269434,-0.4472135954999579,-0.24302848103231114,0.4377456999262124,-0.5314518879248034,0.6960806858553391,0.3290883581082663,-0.4614494044789319,0.08168855128414153,-0.5068409086007155,-0.31640230930521096,780.0,23.383906666666665,78.82494,AGRICULTURAL
-0.1406742678129679,0.3503339486199076,0.1962690878915943,0.5327804511942807,0.6438565596665097,-0.08909250282796378,-0.14719231770493696,0.4736890196237899,-0.6715492371184767,1.4821513058202145,-0.30773210520420563,-0.982349921978806,-0.40400034548563524,0.014980874142131754,-0.50866615647324,-0.835531691527718,-0.4472135954999579,-0.3246004387784332,0.2485241296659859,-0.5314518879248034,1.414016340913313,0.1526612813814856,-0.4622427349178506,0.5941459645038364,-0.5068409086007155,-0.31640230930521096,303.0,23.278594285714288,78.17956428571428,AGRICULTURAL
-0.23673408650164096,-0.5232707534508231,-0.3782753168190393,-1.4961121486229718,-1.8425289416126576,-0.2653194314986614,-0.3222668806138928,-0.7778124082357205,0.4544618000171114,-0.6166993195545651,-0.2441107408353976,1.4091661523533792,0.16989294203876107,0.5542923432588733,1.9659259560992792,-0.835531691527718,-0.4472135954999579,2.037061176037551,-0.8779130550068485,-0.5314518879248034,-0.8904488162936257,-0.37208649072450706,-0.463234397966499,-0.8669715917684971,-0.5068409086007155,-0.31640230930521096,471.0,22.975345,78.59807,AGRICULTURAL
-0.06382641286202945,0.12467042968685794,0.35764615307564224,-0.28573855019425953,1.6270721943742963,-0.17720596716331258,-0.2639086929775742,1.4350918312327807,0.4544618000171114,0.08291755557036135,0.6465883603279151,-1.5984774481227555,-0.15930778431023765,-1.0636420640913515,-0.50866615647324,1.196842693269434,-0.4472135954999579,-0.6128499027649483,1.3802574260150737,-0.5285719297104786,-0.48115541933289097,-0.37208649072450706,-0.46462272623460676,0.008244441107375385,-0.5068409086007155,-0.31640230930521096,96.0,29.442976363636365,79.69357363636362,WILDFIRE
-0.23673408650164096,-0.3908285432705814,-0.33779963597483176,-0.8585395599618525,-1.1006627790160066,-0.17720596716331258,-0.14719231770493696,-0.4842176993666421,-1.7975602742540648,1.4821513058202145,-0.625838927048246,0.4670403812906725,-0.7632320828417611,1.6329152814923567,-0.50866615647324,-0.835531691527718,-0.4472135954999579,-0.5941518687059073,-0.40453220888243946,-0.5075761053092733,1.0806890724935392,-0.20057066024493858,2.7289289556326635,-1.0304538862200334,3.0020576894042383,2.125811607539889,2.0,24.206195,82.711495,INDUSTRIAL
-0.21752212276390634,-0.6132006492522218,-0.4203279722415925,-1.463277160306925,-1.6103583084856121,-0.2653194314986614,-0.3222668806138928,-0.37264216166002867,0.4544618000171114,-0.6166993195545651,0.01037471663983462,0.2043281622278649,-0.30669829221328687,-1.0636420640913515,-0.50866615647324,1.196842693269434,-0.4472135954999579,-0.6508882697629214,1.2602122280199892,-0.5310802804132776,-0.09845813026804828,-0.37208649072450706,-0.4660110545027145,1.2291850924390826,-0.5068409086007155,-0.31640230930521096,40.0,30.024356666666662,78.89820999999999,WILDFIRE
0.3396248256303974,-0.006940300568360543,0.4838041193433021,-0.07394671718415637,1.6270721943742963,0.08713442584273381,-0.08883413006861834,4.953526791075069,0.4544618000171114,2.181768180945141,0.8756252720556242,-2.3782313860652815,1.436360640398128,-1.0636420640913515,-0.50866615647324,1.196842693269434,-0.4472135954999579,-0.6585244897793999,1.60184412318574,-0.5314518879248034,-0.9129042127805764,-0.37208649072450706,-0.4660110545027145,0.23343335485041797,-0.5068409086007155,-0.31640230930521096,33.0,29.3123703125,79.9942321875,WILDFIRE
-0.17909819528843712,0.1265136209396471,-0.02713564404071975,0.7215565865170006,0.7048688423254771,-0.17720596716331258,-0.2639086929775742,0.6544857154053073,0.4544618000171114,0.08291755557036135,-0.11686801209778148,-1.1336997742260897,-0.6175225080035676,-1.0636420640913515,-0.50866615647324,1.196842693269434,-0.4472135954999579,-0.6585244897793999,0.011245249750864257,-0.5314518879248034,2.11124843892658,1.6445467760154417,-0.4660110545027145,1.8742772426708358,-0.5068409086007155,-0.31640230930521096,654.0,23.102102,77.63809599999999,AGRICULTURAL
-0.08303837659976405,-0.1442571198732916,-0.20953903693604445,-0.815630924744959,-0.6805959125675409,0.08713442584273381,-0.08883413006861834,-0.31721792210518923,0.4544618000171114,2.181768180945141,-0.2441107408353976,0.08764571843890384,1.8337844371039391,1.6329152814923567,-0.50866615647324,-0.835531691527718,-0.4472135954999579,-0.5622510243380013,-0.5896345811722463,0.293145180150856,0.20461009324023124,-0.37208649072450706,2.536744656804606,-0.5811004577449812,-0.5068409086007155,-0.31640230930521096,4.0,23.791744,86.35250099999999,INDUSTRIAL
-0.00619052164882561,-0.08693557070533534,0.01281437861070581,-0.317149350390182,0.43976237519668726,-0.000979038492614983,-0.08883413006861834,0.9968555751492839,-0.44634702969135887,2.181768180945141,-0.040522374855211866,-1.368446562745591,0.4206601009225699,1.6329152814923567,-0.50866615647324,-0.835531691527718,-0.4472135954999579,-0.5511892102954389,-0.5051583307312605,1.4881420353398158,-0.8482454115486471,-0.37208649072450706,1.2342944087098122,-1.2198515714851261,1.2476083904017614,0.12639873012101394,0.0,23.67755571428572,86.08847857142858,INDUSTRIAL
-0.23673408650164096,-0.5870392250190877,-0.41034046657873613,-1.5378731531802734,-1.9057009510914125,-0.2653194314986614,-0.3222668806138928,-0.5261489144907481,0.4544618000171114,-0.6166993195545651,-0.2441107408353976,0.5768467260195408,-0.32900896469658875,0.5542923432588733,1.9659259560992792,-0.835531691527718,-0.4472135954999579,2.0839489942695737,-0.9745507470747873,-0.4911324729242585,-0.8952265602270194,-0.37208649072450706,-0.4656143892832552,1.8287649085958015,-0.5068409086007155,-0.31640230930521096,1221.0,23.066935,75.84842499999999,AGRICULTURAL
-0.23673408650164096,-0.5813164134680896,-0.40876349200039036,-1.7154371191223967,-2.0849582771336888,-0.17720596716331258,-0.14719231770493696,-0.841769701826798,-1.7975602742540648,-0.8499049445962075,-0.625838927048246,1.6841117187380765,-2.05208357602115,1.093603812375615,-0.50866615647324,-0.835531691527718,2.23606797749979,-0.6585244897793999,-1.0339195051246441,2.0958782498768302,-0.2836594109395029,0.39106450786635716,0.7359143103505916,-1.248325899533973,0.37038374090052295,-0.26279443528266555,13.0,52.0767,53.356260000000006,INDUSTRIAL
-0.23673408650164096,1.155965664513477,0.6320397297078022,0.8530240542989243,0.3096388343045545,-0.17720596716331258,-0.20555050534125557,0.021035583448879396,-1.0468862494970061,0.7825344306952877,-0.5834246841357072,-0.47810874305596285,-1.2888316485004838,0.5542923432588733,1.9659259560992792,-0.835531691527718,-0.4472135954999579,2.0584711387005754,-0.9180588891947472,-0.5253203639846283,-0.8651267734466386,-0.33317430891967104,-0.4660110545027145,0.635406434524354,-0.5068409086007155,-0.31640230930521096,273.0,30.81752,74.853395,AGRICULTURAL
-0.23673408650164096,3.1998269327270847,0.8055069333258342,1.4383156906898322,0.8652285586946203,-0.2653194314986614,-0.3222668806138928,-0.40076295605241685,0.4544618000171114,-0.6166993195545651,-0.2441107408353976,0.26684105749610626,-0.5148299538886321,0.5542923432588733,1.9659259560992792,-0.835531691527718,-0.4472135954999579,1.989031493130167,-0.9315933968118403,-0.4093788203885914,-0.9003228204226396,-0.2761282948174357,-0.4660110545027145,-0.03075569454157176,-0.5068409086007155,-0.31640230930521096,291.0,31.0407,75.377925,AGRICULTURAL
-0.19831015902617175,1.0039023861583845,0.14475458499896657,1.6107790759226641,0.8020565492158686,-0.2653194314986614,-0.3222668806138928,0.03296808288163243,0.4544618000171114,-0.6166993195545651,0.26486017411506685,-0.49444061269916684,-0.47994577595996385,-1.0636420640913515,-0.50866615647324,1.196842693269434,-0.4472135954999579,-0.6585244897793999,1.4372069725584944,-0.5314518879248034,-0.88965252563806,0.5236492671324465,-0.4660110545027145,0.5819940664854298,-0.5068409086007155,-0.31640230930521096,694.0,24.1948625,74.41895500000001,AGRICULTURAL
0.6662282091718859,0.4802401023693862,1.6807278243077233,0.22389604951619524,0.9840135337828753,-0.17720596716331258,-0.2639086929775742,4.774863908209397,0.4544618000171114,0.08291755557036135,5.481812052357327,-2.358464212920945,0.49035911322472014,-1.0636420640913515,-0.50866615647324,1.196842693269434,-0.4472135954999579,-0.6499605047141903,1.5117448405946576,-0.5309873785353961,-0.7133537744958292,-0.37208649072450706,-0.4660110545027145,0.09280240189846807,-0.5068409086007155,-0.31640230930521096,25.0,29.24916836734694,79.9735593877551,WILDFIRE
-0.1598862315507025,0.35395450286645735,0.20678225174723258,0.9146560712028308,1.6270721943742963,-0.2653194314986614,-0.3222668806138928,0.81291429821991,0.4544618000171114,-0.6166993195545651,0.7738310890655312,-1.2497070279329707,-0.44145598451942925,0.5542923432588733,1.9659259560992792,-0.835531691527718,-0.4472135954999579,2.218332193251156,-1.031238757239133,-0.5304299672681074,-0.921185635598459,-0.37208649072450706,-0.46581272189298484,0.8165608890756471,-0.5068409086007155,-0.31640230930521096,394.0,23.66013333333333,77.978225,AGRICULTURAL
-0.19831015902617175,-0.043372127674268075,0.12372825728768994,-0.7597158087193818,0.2810224539423823,-0.17720596716331258,-0.2639086929775742,-0.13316177452271502,0.4544618000171114,0.08291755557036135,-0.2441107408353976,-0.24715378903706894,-0.20891788132654712,-0.5243305949746099,-0.50866615647324,-0.835531691527718,-0.4472135954999579,-0.4636938295458801,-0.292790790922962,-0.5314518879248034,1.60082612870901,3.5807111619356813,-0.4660110545027145,0.07514854536108914,-0.5068409086007155,-0.31640230930521096,331.0,21.1165025,74.008585,AGRICULTURAL
-0.23673408650164096,0.3310632566624649,0.001775556562285541,1.2939054993580859,0.7151275447194626,-0.2653194314986614,-0.3222668806138928,-0.5061305731854534,0.4544618000171114,-0.6166993195545651,-0.2441107408353976,0.5235967498283886,-0.36092761733743484,0.014980874142131754,-0.50866615647324,-0.835531691527718,-0.4472135954999579,-0.6473913091946274,1.1962011992415642,-0.4807274626015372,-0.04112520306732279,-0.3615084218843575,-0.4660110545027145,0.1690134364082513,-0.5068409086007155,-0.31640230930521096,26.0,29.557725,79.231865,WILDFIRE
-0.17909819528843712,-0.5373325189761328,-0.3719674185056563,-1.1296991819194255,-1.134138544722697,-0.2653194314986614,-0.3222668806138928,0.5160861831094692,0.4544618000171114,-0.6166993195545651,0.519345631590299,-1.0198795026652974,-0.5492973185988956,-1.0636420640913515,-0.50866615647324,1.196842693269434,-0.4472135954999579,-0.6395409895515185,1.1330401636951306,-0.5285719297104786,0.18151766422882787,-0.3717087025516446,-0.4660110545027145,0.849087441399459,-0.5068409086007155,-0.31640230930521096,98.0,29.971524,78.553746,WILDFIRE
-0.17909819528843712,-0.11482551761101592,-0.18693573464642207,0.8374672831355912,0.2977603367957275,-0.2653194314986614,-0.3222668806138928,-0.07161165944445039,0.4544618000171114,-0.6166993195545651,0.519345631590299,-0.34402844042072844,-0.14418436201666454,-1.0636420640913515,-0.50866615647324,1.196842693269434,-0.4472135954999579,-0.6585244897793999,1.372149798263772,-0.5314518879248034,-0.35343039818016364,-0.37208649072450706,-0.4660110545027145,-0.8446189184168851,-0.5068409086007155,-0.31640230930521096,843.0,22.226984,78.23765999999999,AGRICULTURAL
-0.02540248538656022,-0.20895633441908118,-0.1391008391032678,-0.5357561759408435,0.03481359648672525,0.08713442584273381,-0.08883413006861834,1.0837568875382673,0.4544618000171114,2.181768180945141,-0.09141946635025824,-1.4194423219003658,1.0777799749955692,1.093603812375615,-0.50866615647324,-0.835531691527718,2.23606797749979,-0.647105843025787,-0.8550286218378509,2.8745167589645413,-0.9230967331718165,-0.37208649072450706,-0.3083366297676208,-1.1511208561730963,0.37038374090052295,-0.01619821477895678,0.0,21.18821307692308,81.39006230769232,INDUSTRIAL
-0.21752212276390634,-0.2949033210824227,-0.27734894380491154,0.763338843493925,0.2669842296137707,-0.2653194314986614,-0.3222668806138928,-0.4450085949388086,0.4544618000171114,-0.6166993195545651,0.01037471663983462,0.37011051615874074,-0.20732642864463016,0.5542923432588733,1.9659259560992792,-0.835531691527718,-0.4472135954999579,1.9525631900608165,-0.8971359788688065,-0.40984332977799864,-0.8613045782999236,-0.37208649072450706,-0.4660110545027145,0.2860382944262671,-0.5068409086007155,-0.31640230930521096,84.0,26.045546666666667,79.63865,AGRICULTURAL
-0.1406742678129679,-0.4919704780290376,-0.3467358252521244,-0.9425625189675486,-0.8620129654296046,-0.000979038492614983,-0.14719231770493696,-0.6326121002890381,0.4544618000171114,-0.8499049445962075,-0.30773210520420563,0.888432173180486,0.8666499372185376,1.093603812375615,-0.50866615647324,-0.835531691527718,2.23606797749979,-0.6585244897793999,-1.0339195051246441,2.0958782498768302,-0.2836594109395029,0.39106450786635716,0.7359143103505916,-1.248325899533973,0.37038374090052295,-0.26279443528266555,17.0,51.87034428571428,52.98023285714286,INDUSTRIAL
6.026366091999844,-0.27719982681287164,0.8370464248927492,-0.7081404626982046,1.6270721943742963,6.607530786658545,4.871611819018464,0.5378680167291238,-0.09603248480473171,2.181768180945141,0.17437645590165102,-1.038651829178073,1.5783532397887432,1.093603812375615,-0.50866615647324,-0.835531691527718,2.23606797749979,-0.6331180007526113,-0.6313496336345906,2.3915198958589365,-0.9051005643560333,-0.37208649072450706,-0.016986026074724245,-1.1716006982691618,0.37038374090052295,-0.01619821477895678,0.0,21.189930914634147,81.39767682926829,INDUSTRIAL
-0.23673408650164096,0.03756477854699081,-0.19955153127318806,1.1938066029382906,0.3657917316190006,-0.17720596716331258,-0.2639086929775742,-0.2871394326294636,0.4544618000171114,0.08291755557036135,-0.4985961983106298,0.027691251204641238,-0.28977519539345387,-1.0636420640913515,-0.50866615647324,1.196842693269434,-0.4472135954999579,-0.3390878468470795,-0.5441272512133252,-0.5308944766575147,3.5095348300998293,-0.282550693756098,-0.4003629606821912,-0.4508540187192918,-0.5068409086007155,-0.31640230930521096,585.0,22.6587,79.041575,AGRICULTURAL
-0.19831015902617175,-0.18235469391279335,-0.07234224861996454,0.11726528698399116,0.4489412141807806,-0.17720596716331258,-0.2639086929775742,0.011159601088212501,0.4544618000171114,0.08291755557036135,-0.2441107408353976,-0.464436907381888,-0.33915989973181354,-1.0636420640913515,-0.50866615647324,1.196842693269434,-0.4472135954999579,-0.6468917433991569,1.5388792399236124,-0.5314518879248034,-0.8275418545039408,-0.37208649072450706,-0.41523790641191705,0.11068712955864377,-0.5068409086007155,-0.31640230930521096,41.0,29.1925925,80.0057175,WILDFIRE
-0.10225034033749868,-0.3065306207415934,-0.1401521554888316,-0.28794751380952016,0.18005522511736483,-0.000979038492614983,-0.14719231770493696,-0.6688292415528535,0.4544618000171114,-0.8499049445962075,-0.18048937646658955,1.0067684991091659,1.1382979573966325,1.093603812375615,-0.50866615647324,-0.835531691527718,2.23606797749979,-0.6585244897793999,-1.0339195051246441,2.0958782498768302,-0.2836594109395029,0.39106450786635716,0.7359143103505916,-1.248325899533973,0.37038374090052295,-0.26279443528266555,20.0,52.017253333333336,51.14945555555556,INDUSTRIAL
0.07065733330211284,0.1276763509055641,-0.05026460452312405,0.48935973386650156,0.43166339962248923,-0.000979038492614983,-0.14719231770493696,-0.4714485635548078,0.4544618000171114,-0.8499049445962075,0.39210290285268296,0.4348869287052852,1.8311243043020737,1.093603812375615,-0.50866615647324,-0.835531691527718,2.23606797749979,-0.6585244897793999,-1.0339195051246441,2.0958782498768302,-0.2836594109395029,0.39106450786635716,0.7359143103505916,-1.248325899533973,0.37038374090052295,-0.26279443528266555,0.0,51.812597777777775,52.54968777777778,INDUSTRIAL
0.9736196289756396,-0.21164794248922103,0.1673578872885889,0.143327292646646,1.6270721943742963,-0.17720596716331258,-0.2639086929775742,4.227897138232017,0.4544618000171114,0.08291755557036135,7.517695712159185,-2.290775597387618,0.5309324535618563,-1.0636420640913515,-0.50866615647324,1.196842693269434,-0.4472135954999579,-0.6585244897793999,1.5960903228461065,-0.5314518879248034,-0.8988894972426213,-0.37208649072450706,-0.4660110545027145,-0.2667042002703917,-0.5068409086007155,-0.31640230930521096,17.0,29.168265846153847,79.86679384615385,WILDFIRE
-0.19831015902617175,-0.29762846944004084,-0.19271797476702313,-0.14621158528021597,0.2956006099759399,-0.2653194314986614,-0.3222668806138928,-0.29431737803227465,0.4544618000171114,-0.6166993195545651,0.26486017411506685,0.0417940473952931,-0.15852050831109168,-1.0636420640913515,-0.50866615647324,1.196842693269434,-0.4472135954999579,-0.6065696470504613,0.8382886644784404,-0.5307086729017518,0.8074021195034145,-0.37208649072450706,-0.43824448914055963,0.739054935915356,-0.5068409086007155,-0.31640230930521096,121.0,29.8971525,78.77114750000001,WILDFIRE
-0.23673408650164096,-0.3393232393115984,-0.29311868958836895,0.5364692640286765,-0.08073178837184984,-0.17720596716331258,1.545195123748303,-0.48589277772346173,-3.776609975886311,0.08291755557036135,-0.737658294726757,0.4713015833960916,-2.1944292519300532,0.5542923432588733,1.9659259560992792,-0.835531691527718,-0.4472135954999579,1.8500094689049302,-0.9899160093454,-0.4682786109654242,-0.46984809202385897,-0.37208649072450706,-0.40968459333948604,-1.0796855675397778,0.37038374090052295,-0.28262934867100736,4.0,22.29997,82.58411,INDUSTRIAL
-0.21752212276390634,-0.6082953822085092,-0.40403256826535316,-1.5098199592791843,-1.9164995851903441,-0.17720596716331258,-0.20555050534125557,-0.836931978862655,-1.0468862494970061,-0.9665077571170284,-0.4985961983106298,1.6621522169137908,-0.9267017039875559,1.093603812375615,-0.50866615647324,-0.835531691527718,2.23606797749979,-0.6585244897793999,-1.0339195051246441,2.0958782498768302,-0.2836594109395029,0.39106450786635716,0.7359143103505916,-1.248325899533973,0.37038374090052295,-0.26279443528266555,16.0,52.27891333333333,50.87423666666667,INDUSTRIAL
-0.19831015902617175,-0.28413898506983104,-0.2179495680205551,-0.7574843046590627,-0.522395923018182,-0.17720596716331258,-0.2639086929775742,0.614847665633823,0.4544618000171114,0.08291755557036135,-0.2441107408353976,-1.1023843267105633,-0.7215529736288,0.5542923432588733,1.9659259560992792,-0.835531691527718,-0.4472135954999579,2.010298722708771,-0.9614739281210744,-0.5046961470949487,-0.7149463558069604,-0.37208649072450706,-0.41503957380218737,0.6280620516900653,-0.5068409086007155,-0.31640230930521096,237.0,22.5641325,77.7376125,AGRICULTURAL
-0.17909819528843712,1.2118857088118011,0.8932918515204142,1.3999338208524308,1.6270721943742963,-0.17720596716331258,-0.2639086929775742,0.6713287535711474,0.4544618000171114,0.08291755557036135,-0.11686801209778148,-1.1467134411842688,-0.6253230507442961,-1.0636420640913515,-0.50866615647324,1.196842693269434,-0.4472135954999579,-0.6493182058342996,1.463229842276383,-0.5308015747796332,-0.5969360806521337,-0.37208649072450706,-0.4660110545027145,-0.23275171094261768,-0.5068409086007155,-0.31640230930521096,94.0,29.3863,79.597578,WILDFIRE
-0.23673408650164096,-0.4889338841448345,-0.38037794959016696,-1.008050332002883,-0.9624402625496729,-0.2653194314986614,-0.3222668806138928,-0.4532416385780413,0.4544618000171114,-0.6166993195545651,-0.2441107408353976,0.39002618391622884,-0.44099136198751865,0.014980874142131754,-0.50866615647324,-0.835531691527718,-0.4472135954999579,-0.6362581286098548,0.7868967659903485,-0.5160301761964843,0.995804488610243,-0.37208649072450706,-0.46581272189298484,1.2987199385466215,-0.5068409086007155,-0.31640230930521096,135.0,30.04026,78.92077499999999,WILDFIRE
-0.23673408650164096,-0.5698707903660933,-0.40035296091587974,-1.1655307614021813,-1.534767869793087,-0.2653194314986614,-0.3222668806138928,-0.5373045182209951,0.4544618000171114,-0.6166993195545651,-0.2441107408353976,0.6072029345794119,-0.3108131016029141,-1.0636420640913515,-0.50866615647324,1.196842693269434,-0.4472135954999579,0.44687188251253696,0.4994682853877377,-0.511942493569701,-0.7378795266872507,-0.37133091437878213,-0.462044402308121,-0.03970398267827796,-0.5068409086007155,-0.31640230930521096,59.0,28.875770000000003,80.351615,WILDFIRE
-0.23673408650164096,-0.19870558405850222,-0.23056536464732108,0.6219039909092684,0.05209141104501659,-0.17720596716331258,1.545195123748303,-0.45165911170671924,-3.776609975886311,0.08291755557036135,-0.737658294726757,0.3861804180128495,-2.276065432212984,0.014980874142131754,-0.50866615647324,-0.835531691527718,-0.4472135954999579,0.37507714104919626,-0.914201227603402,-0.41848320442097253,2.222888388836881,-0.1321910009568287,-0.043165930559041686,-1.1133001287518531,3.0020576894042383,2.5945052501190036,11.0,22.45067,82.65853,INDUSTRIAL
-0.23673408650164096,-0.40063907735800663,-0.3519924071799435,-0.805621035102977,-1.1778730128233732,-0.2653194314986614,-0.3222668806138928,-0.40424211396697696,0.4544618000171114,-0.6166993195545651,-0.2441107408353976,0.27473927764126277,-0.510095669231129,0.014980874142131754,-0.50866615647324,-0.835531691527718,-0.4472135954999579,-0.6345453315968129,0.4536340349549737,-0.5314518879248034,0.6150182971187577,2.510815056389121,-0.4660110545027145,1.122408380702511,-0.5068409086007155,-0.31640230930521096,196.0,24.50362,79.432925,AGRICULTURAL
-0.21752212276390634,-0.44696659943751504,-0.3530437235655074,0.9475973216169876,0.3387951463716698,-0.2653194314986614,-0.3222668806138928,-0.6668619285371594,0.4544618000171114,-0.6166993195545651,0.01037471663983462,1.0001611317378396,1.0367342914712538,0.5542923432588733,1.9659259560992792,-0.835531691527718,-0.4472135954999579,1.1502605225350908,-0.37223246606676824,-0.28749155660814246,-0.752212758487432,-0.37208649072450706,-0.44716945657839513,-1.2018793069022509,0.37038374090052295,-0.01619821477895678,3.0,21.169596666666667,81.41876333333333,INDUSTRIAL
-0.23673408650164096,-0.530628654016392,-0.3898397970602414,-0.8792606690933381,-1.3987050801465408,-0.2653194314986614,-0.3222668806138928,-0.6484444717850332,0.4544618000171114,-0.6166993195545651,-0.2441107408353976,0.9393167215121464,-0.11174025010926039,-1.0636420640913515,-0.50866615647324,1.196842693269434,-0.4472135954999579,-0.5549716370325731,1.0979942888991796,-0.5186314287771646,0.061277775238417403,-0.37208649072450706,-0.4660110545027145,0.5775461762931027,-0.5068409086007155,-0.31640230930521096,199.0,29.71442,79.20390499999999,WILDFIRE
-0.23673408650164096,-0.10714059924253258,-0.1737942798268742,0.622541563497929,-0.0558949299443066,-0.17720596716331258,-0.2639086929775742,-0.874644594410106,0.4544618000171114,-1.0831105696378498,-0.4985961983106298,1.8388566965211464,1.000052880728397,1.093603812375615,-0.50866615647324,-0.835531691527718,2.23606797749979,-0.6585244897793999,-1.0339195051246441,2.0958782498768302,-0.2836594109395029,0.39106450786635716,0.7359143103505916,-1.248325899533973,0.37038374090052295,-0.26279443528266555,23.0,53.227755,50.32486,INDUSTRIAL
-0.23673408650164096,-0.6311866284125016,-0.42400757959106594,-1.787164035346769,-2.166487964580627,-0.2653194314986614,-0.3222668806138928,-0.715138275716507,0.4544618000171114,-0.6166993195545651,-0.2441107408353976,1.1686678129294006,0.025735451165560277,0.5542923432588733,1.9659259560992792,-0.835531691527718,-0.4472135954999579,1.706848185231509,-0.9969121074856365,-0.43492683680598737,-0.25755700325006153,-0.37208649072450706,-0.45411109791893384,1.4999142380260622,-0.5068409086007155,-0.31640230930521096,483.0,23.626315,79.810835,AGRICULTURAL
-0.19831015902617175,0.6274231405534382,0.20205132801219533,0.6505947573990145,0.3204374684034862,-0.2653194314986614,-0.3222668806138928,-0.04410760964270777,0.4544618000171114,-0.6166993195545651,0.26486017411506685,-0.3852340227330142,-0.4144860807535629,-1.0636420640913515,-0.50866615647324,1.196842693269434,-0.4472135954999579,-0.5866583817738489,0.770746894582513,-0.5128715123485154,0.8077206357656403,-0.37208649072450706,-0.33669819295896464,0.7833507679573986,-0.5068409086007155,-0.31640230930521096,87.0,29.896665,78.81733249999999,WILDFIRE
-0.19831015902617175,0.007315631777429475,-0.081804096090039,1.0537000265800138,0.6940702082265453,-0.2653194314986614,-0.3222668806138928,0.971955055916576,0.4544618000171114,-0.6166993195545651,0.26486017411506685,-1.3532644039060535,-0.9947347060587086,-1.0636420640913515,-0.50866615647324,1.196842693269434,-0.4472135954999579,-0.6528865329448036,1.4664990470148114,-0.5308944766575147,-0.5975731131765862,-0.3701975498601947,-0.4660110545027145,0.4606323873944852,-0.5068409086007155,-0.31640230930521096,72.0,29.84554,78.5374575,WILDFIRE
4.066745790750912,-0.29620319273264945,1.1876604394782866,-0.5657131902368672,1.6270721943742963,5.990736536311104,4.871611819018464,-0.5028684301780239,-0.44634702969135887,2.181768180945141,-0.11404039590361224,0.5150644278629143,2.7819216945900522,0.5542923432588733,-0.50866615647324,-0.835531691527718,-0.4472135954999579,-0.6585244897793999,-1.0339195051246441,-0.5314518879248034,-0.9270781864496447,-0.37208649072450706,-0.4660110545027145,-1.20611620348102,1.2476083904017614,0.16606855689769753,0.0,22.055565840707967,88.12360314159294,INDUSTRIAL
0.05144536956437823,-0.5035535035692331,-0.34988977440881586,-1.0703824286119854,-0.8652525556592845,-0.08909250282796378,-0.08883413006861834,2.8481789504627946,-1.3471558593998296,2.181768180945141,0.11216889962992749,-2.0506670889684417,-0.5777170629369374,-1.0636420640913515,-0.50866615647324,1.196842693269434,-0.4472135954999579,-0.6585244897793999,1.5199832365354966,-0.5314518879248034,-0.7135130326269422,-0.37208649072450706,-0.4660110545027145,1.2085247065157356,-0.5068409086007155,-0.31640230930521096,72.0,29.852236470588235,79.66638470588235,WILDFIRE
-0.19831015902617175,-0.05604406753719239,-0.1391008391032678,0.77587777107093,0.22216989810320248,-0.08909250282796378,1.0199714350214355,-0.5542565054358902,-3.486576829957447,0.7825344306952877,-0.7106674128733234,0.6542995119679633,-1.0448858815392181,0.5542923432588733,1.9659259560992792,-0.835531691527718,-0.4472135954999579,1.1865860925200218,-0.7506102224924528,-0.18901556605381628,0.043600122684860326,-0.36944197351446967,-0.43923615218920803,-1.159576445828983,3.0020576894042383,3.8489295022465657,5.0,22.4030275,82.65267499999999,INDUSTRIAL
-0.23673408650164096,0.19371577943851045,-0.08022712151169324,1.3640384841108106,0.5493685113008518,-0.17720596716331258,1.3117623732030286,-0.36438794046320666,-3.7389586141430096,0.08291755557036135,-0.7355309345806735,0.1864151517903771,-2.43685544986055,0.014980874142131754,-0.50866615647324,-0.835531691527718,-0.4472135954999579,0.3463164245385338,-0.38988617165428074,-0.5161230780743657,0.7489543853848971,-0.2689503195330485,0.30808112127221754,-1.0851996395221164,3.0020576894042383,2.5945052501190036,12.0,22.464985,82.67317,INDUSTRIAL
-0.23673408650164096,-0.19543540602936044,-0.1706403306701827,0.08347393978495359,0.46675896044401805,-0.17720596716331258,-0.14719231770493696,-0.6620862246518361,-1.7975602742540648,1.4821513058202145,-0.625838927048246,0.9842093378245489,-0.4532350187871806,-1.0636420640913515,-0.50866615647324,1.196842693269434,-0.4472135954999579,-0.28563430673172924,0.2765739063217001,-0.5309873785353961,1.3092244906408754,0.03743588865842737,-0.4656143892832552,0.9099442820326558,-0.5068409086007155,-0.31640230930521096,270.0,22.800905,76.493755,AGRICULTURAL
-0.23673408650164096,0.06454374728741043,-0.16643506512792736,1.1128348841783295,0.6012019549757259,-0.2653194314986614,-0.3222668806138928,-0.7131394514735232,0.4544618000171114,-0.6166993195545651,-0.2441107408353976,1.1614176769777944,1.1913887577222906,-1.0636420640913515,-0.50866615647324,1.196842693269434,-0.4472135954999579,0.6560472177302833,-0.6073536708545274,-0.2690969847876174,1.0321153425040355,-0.26101676790293626,-0.45867274794271645,-1.1577327717903672,3.0020576894042383,3.8489295022465657,14.0,22.41435,82.71403000000001,INDUSTRIAL
-0.23673408650164096,-0.03846686063055538,-0.21742390982777318,1.1871120907573514,0.3717309803734141,-0.2653194314986614,-0.3222668806138928,-0.6450028887584751,0.4544618000171114,-0.6166993195545651,-0.2441107408353976,0.9281459298314233,-0.11843615205859394,0.5542923432588733,1.9659259560992792,-0.835531691527718,-0.4472135954999579,2.1621667245318226,-1.011100456050415,-0.4922472954588357,-0.9105153408138795,-0.37208649072450706,-0.4656143892832552,-0.06104605603146367,-0.5068409086007155,-0.31640230930521096,72.0,31.41079,74.69474500000001,AGRICULTURAL
-0.1598862315507025,-0.4739455681779347,-0.33306871223979456,-0.957257049106213,-0.2610689778240213,-0.08909250282796378,-0.20555050534125557,-0.6776882854294719,0.4544618000171114,-0.9665077571170284,-0.2441107408353976,1.036787001389553,1.0452415636223475,1.093603812375615,-0.50866615647324,-0.835531691527718,2.23606797749979,-0.6585244897793999,-1.0339195051246441,2.0958782498768302,-0.2836594109395029,0.39106450786635716,0.7359143103505916,-1.248325899533973,0.37038374090052295,-0.26279443528266555,2.0,53.03716500000001,52.41228,INDUSTRIAL
-0.23673408650164096,-0.3785653756612997,-0.3420049015170871,-0.3774910418170369,-0.3123624897939492,-0.17720596716331258,-0.2639086929775742,-0.8551145145241663,0.4544618000171114,0.08291755557036135,-0.4985961983106298,1.7457465367560079,0.7400470467880348,-1.0636420640913515,-0.50866615647324,1.196842693269434,-0.4472135954999579,-0.325314104200534,0.8091927423064291,-0.49670658559714487,0.21464335550035818,-0.37208649072450706,-0.4660110545027145,0.23947415005464182,-0.5068409086007155,-0.31640230930521096,80.0,29.54456,79.468985,WILDFIRE
-0.17909819528843712,-0.35583763835876436,-0.2190008844061189,0.07595058323875269,0.5623268722195681,-0.17720596716331258,-0.20555050534125557,1.3309195954555644,-1.0468862494970061,0.7825344306952877,-0.328939226660475,-1.5494607484343046,-1.6854098370326316,-1.0636420640913515,-0.50866615647324,1.196842693269434,-0.4472135954999579,-0.6104948068720157,0.9126303802302985,-0.4929905104818872,0.5876258985673,-0.37208649072450706,-0.4596644109913648,0.3893917573978398,-0.5068409086007155,-0.31640230930521096,59.0,29.580582,79.66554199999999,WILDFIRE
-0.23673408650164096,-0.12022131135909969,-0.23161668103288488,0.7838474284291904,0.355533029225015,-0.2653194314986614,-0.3222668806138928,-0.6181711115322894,0.4544618000171114,-0.6166993195545651,-0.2441107408353976,0.8431203933046583,-0.16940144369097446,0.5542923432588733,1.9659259560992792,-0.835531691527718,-0.4472135954999579,2.1686610798729395,-1.0209080702656996,-0.4939195292607016,-0.8990487553737345,-0.37208649072450706,-0.46462272623460676,-0.4330289023352779,-0.5068409086007155,-0.31640230930521096,188.0,31.446285000000003,74.84413,AGRICULTURAL
0.032233405826643614,-0.5863238735752129,-0.3772240004334755,-1.403464881833153,-1.4057241923108466,0.9682690691962218,4.288029942655278,-0.7706782004084596,-3.20507407067355,2.181768180945141,-0.7021845642908155,1.3804371654985306,1.3553907774369405,1.093603812375615,-0.50866615647324,-0.835531691527718,2.23606797749979,-0.2332512647495301,-0.45435488909608573,1.4290564410072204,-0.33638977815105897,-0.37208649072450706,-0.3311448798865337,-1.044438783190687,0.37038374090052295,-0.01619821477895678,1.0,21.240005625,81.38548374999999,INDUSTRIAL
-0.23673408650164096,-0.48729879513026364,-0.3640825456139276,0.5249929574327795,-0.20815567073925195,-0.2653194314986614,-0.3222668806138928,-0.8475023128050323,0.4544618000171114,-0.6166993195545651,-0.2441107408353976,1.7103960436578576,0.3504536286965893,-1.0636420640913515,-0.50866615647324,1.196842693269434,-0.4472135954999579,0.1369269896941576,0.8020004918818868,-0.42851660723216806,-0.9203893449428934,-0.37208649072450706,-0.46085440664974286,-0.513882180801788,-0.5068409086007155,-0.31640230930521096,82.0,29.252830000000003,79.35612,WILDFIRE
-0.19831015902617175,-0.6201497775641481,-0.4161227066993372,-1.6738355077122566,-1.871685253679776,-0.08909250282796378,-0.20555050534125557,-0.7097894066890484,0.4544618000171114,-0.9665077571170284,-0.41376771248555244,1.1493212585820332,0.8126686490727528,1.093603812375615,-0.50866615647324,-0.835531691527718,2.23606797749979,-0.6585244897793999,-1.0339195051246441,2.0958782498768302,-0.2836594109395029,0.39106450786635716,0.7359143103505916,-1.248325899533973,0.37038374090052295,-0.26279443528266555,4.0,53.5400075,52.77308,INDUSTRIAL
-0.1406742678129679,-0.4183914723733478,-0.31729896645633715,-1.008596822793164,-1.3976252167366454,-0.17720596716331258,-0.20555050534125557,0.6744194168192333,-1.0468862494970061,0.7825344306952877,-0.15928225501032026,-1.1490828924167287,-1.2816836347937743,-1.0636420640913515,-0.50866615647324,1.196842693269434,-0.4472135954999579,-0.6575253581884588,1.595632634182727,-0.5314518879248034,-0.9015968854715445,-0.36830860899588225,-0.4660110545027145,0.41053575606231246,-0.5068409086007155,-0.31640230930521096,733.0,21.844797142857143,80.31552714285715,AGRICULTURAL
-0.17909819528843712,-0.2698319561923358,0.1027019295764133,-0.8424089734687235,0.3609323462744824,-0.2653194314986614,-0.3222668806138928,1.5177986956980363,0.4544618000171114,-0.6166993195545651,0.519345631590299,-1.6352625802887852,-0.9181650646652756,0.5542923432588733,1.9659259560992792,-0.835531691527718,-0.4472135954999579,1.825958944180133,-0.7923906590495657,-0.358375689431681,-0.9256448632696266,-0.3709531262059197,-0.46462272623460676,-0.12304064956522374,-0.5068409086007155,-0.31640230930521096,1.0,28.915858,79.905524,WILDFIRE
-0.17909819528843712,-0.5441998928373305,-0.3209785738058105,-0.7949735728723379,-0.22651334870743553,-0.08909250282796378,-0.14719231770493696,-0.5566173867330796,-0.6715492371184767,1.4821513058202145,-0.43497483394182174,0.6609532789783247,0.4582133235099687,1.6329152814923567,-0.50866615647324,-0.835531691527718,-0.4472135954999579,-0.6422529181555016,-0.46494711244859305,-0.5203036625790305,-0.4625222179926552,-0.37057533803305714,5.137480168189869,-1.1331027959014348,3.0020576894042383,5.4280566473286855,1.0,24.132984,82.732726,INDUSTRIAL
-0.21752212276390634,-0.5150953083779687,-0.3877371642891138,-0.7640725547418955,-0.6023058153502823,-0.17720596716331258,-0.2639086929775742,-0.02377488481438147,0.4544618000171114,0.08291755557036135,-0.3713534695730137,-0.4149168095521809,-0.43227828705412813,0.5542923432588733,1.9659259560992792,-0.835531691527718,-0.4472135954999579,1.5128739235045099,-0.8035059551602217,-0.3011481326567141,-0.35820814211355734,-0.22097122157951282,-0.4660110545027145,0.5283404450339183,-0.5068409086007155,-0.31640230930521096,746.0,22.593923333333333,77.83762,AGRICULTURAL
-0.17909819528843712,-0.3800369557744135,-0.24686076862356043,-0.7395047576588203,-0.13904441250608351,-0.17720596716331258,-0.2639086929775742,0.447765650366853,0.4544618000171114,0.08291755557036135,-0.11686801209778148,-0.9587334388817093,-0.5126456595773514,-1.0636420640913515,-0.50866615647324,1.196842693269434,-0.4472135954999579,-0.6585244897793999,1.496248810134508,-0.5314518879248034,-0.6557023310328775,-0.37208649072450706,-0.4660110545027145,1.1408650117302026,-0.5068409086007155,-0.31640230930521096,204.0,29.832752000000006,79.64496,WILDFIRE
2.549000655469878,-0.06367726370215354,0.2898362462067752,-0.21533941732938913,1.6270721943742963,0.08713442584273381,-0.08883413006861834,2.4998903227371376,0.4544618000171114,2.181768180945141,6.728790793985965,-1.966220676788766,2.567494047932559,1.6329152814923567,-0.50866615647324,-0.835531691527718,-0.4472135954999579,-0.6391841568404681,-0.7570178637797722,-0.2125197411578206,0.004104106168804994,-0.37208649072450706,4.487147540886256,-0.691675112587705,-0.5068409086007155,-0.31640230930521096,0.0,23.77015585034014,86.39475142857144,INDUSTRIAL
-0.23673408650164096,7.362763563824561,2.471317746251724,1.9690948707502134,1.6270721943742963,-0.2653194314986614,-0.3222668806138928,-0.4771588984242435,0.4544618000171114,-0.6166993195545651,-0.2441107408353976,0.4491942804801652,-0.4055253194325906,0.5542923432588733,1.9659259560992792,-0.835531691527718,-0.4472135954999579,1.9691202278535547,-0.8425402597370549,-0.5305228691459889,-0.8565268343665297,-0.30144010239922225,-0.463234397966499,0.7960605253211855,-0.5068409086007155,-0.31640230930521096,129.0,30.4329,74.41931,AGRICULTURAL
-0.1598862315507025,-0.5137327341991597,-0.33727397778204987,-1.5508371291497152,-1.824171263644474,-0.08909250282796378,-0.20555050534125557,-0.5458735472077545,0.4544618000171114,-0.9665077571170284,-0.2441107408353976,0.6308617088722895,0.8505885051724167,1.093603812375615,-0.50866615647324,-0.835531691527718,2.23606797749979,-0.6585244897793999,-1.0339195051246441,2.0958782498768302,-0.2836594109395029,0.39106450786635716,0.7359143103505916,-1.248325899533973,0.37038374090052295,-0.26279443528266555,6.0,53.07504166666666,49.88912833333333,INDUSTRIAL
-0.23673408650164096,-0.27718985675790475,-0.30783711898626265,0.6273233579128866,-0.0877509005361556,-0.2653194314986614,-0.3222668806138928,-0.6337429679490478,0.4544618000171114,-0.6166993195545651,-0.2441107408353976,0.8920243479638424,-0.14008784670593846,0.5542923432588733,1.9659259560992792,-0.835531691527718,-0.4472135954999579,2.1391866979401764,-1.001031305456056,-0.4921543935809543,-0.8848747817046662,-0.37208649072450706,-0.4644243936248771,-0.8674113319466857,-0.5068409086007155,-0.31640230930521096,135.0,25.634635,78.787705,AGRICULTURAL
-0.23673408650164096,-0.5502497221912427,-0.38668584790354993,-1.2334322420945905,-1.5601446599255764,-0.2653194314986614,-0.3222668806138928,-0.4955928381306373,0.4544618000171114,-0.6166993195545651,-0.2441107408353976,0.4961780546359611,-0.37736270088696955,0.014980874142131754,-0.50866615647324,-0.835531691527718,-0.4472135954999579,-0.6064269139660412,0.8450232262396029,-0.5154727649291957,0.7868578205898213,-0.37208649072450706,-0.4660110545027145,1.2489779385379303,-0.5068409086007155,-0.31640230930521096,117.0,29.833995,79.8158,WILDFIRE
-0.23673408650164096,-0.5911269475555149,-0.4082378338076085,-1.569432996318999,-1.959154189881128,-0.17720596716331258,-0.2639086929775742,-0.20819113910171982,0.4544618000171114,0.08291755557036135,-0.4985961983106298,-0.11949909246369995,-0.3780027926185048,-1.0636420640913515,-0.50866615647324,1.196842693269434,-0.4472135954999579,-0.6583817566949798,1.1025711755329792,-0.5314518879248034,0.30271310200591706,-0.37208649072450706,-0.46581272189298484,1.5328521240505764,-0.5068409086007155,-0.31640230930521096,208.0,29.965485,79.447105,WILDFIRE
-0.06382641286202945,0.7850977471176265,1.93777468057808,1.0252845755262732,1.6270721943742963,-0.2653194314986614,-0.3222668806138928,0.9640770323194462,0.4544618000171114,-0.6166993195545651,2.0462583764416924,-1.3484059943206637,0.48179317287531803,-1.0636420640913515,-0.50866615647324,1.196842693269434,-0.4472135954999579,-0.6412537865645604,1.5917749725913812,-0.5314518879248034,-0.9270781864496447,-0.3717087025516446,-0.4660110545027145,-0.9544081082138905,-0.5068409086007155,-0.31640230930521096,0.0,29.12053727272727,79.60861454545453,WILDFIRE
-0.04461444912429483,-0.27173956004266847,-0.022930378498464424,-0.724649316343016,0.013216328288861838,0.08713442584273381,-0.08883413006861834,-0.2317811559321055,0.4544618000171114,2.181768180945141,-0.14231655784530473,-0.0769824748184586,1.8333454369436974,1.6329152814923567,-0.50866615647324,-0.835531691527718,-0.4472135954999579,-0.12441728787915743,-0.595976838364797,-0.38959072039984477,0.20731748146915432,-0.37208649072450706,2.1156845263485002,-1.133391866045658,1.2476083904017614,1.9351283996416955,0.0,21.07511833333333,85.0425475,INDUSTRIAL
-0.21752212276390634,2.3713818320111684,0.6903877891065948,1.4514921908554943,0.6681534863891068,-0.2653194314986614,-0.3222668806138928,0.502704169348502,0.4544618000171114,-0.6166993195545651,0.01037471663983462,-1.0081772472839907,-1.0334880817979424,0.5542923432588733,1.9659259560992792,-0.835531691527718,-0.4472135954999579,2.010441455793191,-1.0046928147630958,-0.39479322556120544,-0.7804014476944553,-0.37208649072450706,-0.4475661217978545,1.4705126012381269,-0.5068409086007155,-0.31640230930521096,631.0,22.94791333333333,75.78150666666666,AGRICULTURAL
0.4548966080568051,-0.5067477486720016,-0.2668357799492732,-1.2334490203206068,-0.23299252916679516,1.8494037125497096,2.8290752517473123,-0.6899489011823724,-2.002289553733263,2.181768180945141,-0.5772553397120652,1.0790600398744548,2.0501584031538664,1.6329152814923567,-0.50866615647324,-0.835531691527718,-0.4472135954999579,-0.3576431478217004,-0.9334895355601286,-0.4108652504346945,0.8919681871244843,-0.3709531262059197,3.5902874796886537,-1.0784873173551557,3.0020576894042383,3.4522312344797297,1.0,22.31499105263158,82.73825631578947,INDUSTRIAL
0.032233405826643614,-0.13146254833427448,0.008083454875668578,-0.14079221827659777,0.46675896044401805,-0.000979038492614983,-0.08883413006861834,1.4697458530191543,-0.44634702969135887,2.181768180945141,0.06127180813488111,-1.6141105027471996,0.3716473353481218,1.093603812375615,-0.50866615647324,-0.835531691527718,2.23606797749979,-0.6415392527334007,-0.22760284843870288,1.9729969360030502,-0.918637505500649,-0.37208649072450706,-0.32638489725302144,-1.1913330271888782,0.37038374090052295,-0.11805317542179301,0.0,22.211208125,84.86352687499999,INDUSTRIAL
-0.23673408650164096,-0.5510672666985281,-0.379852291397385,-0.9933861624636798,-1.200550144431132,-0.17720596716331258,-0.2639086929775742,-0.8400634256632548,0.4544618000171114,0.08291755557036135,-0.4985961983106298,1.6763435483392866,0.6984460914832303,0.5542923432588733,1.9659259560992792,-0.835531691527718,-0.4472135954999579,1.6630291283145193,-0.8550286218378509,-0.35679635750769656,-0.46937031763051956,-0.37208649072450706,-0.4073046020227299,0.325089530821188,-0.5068409086007155,-0.31640230930521096,1010.0,22.994405,78.17672,AGRICULTURAL
-0.23673408650164096,-0.6377269844707851,-0.42821284513332125,-1.6813269856290252,-2.021786267654934,-0.2653194314986614,-0.3222668806138928,-0.5407084182840475,0.4544618000171114,-0.6166993195545651,-0.2441107408353976,0.616565119434665,-0.30520129953785036,0.5542923432588733,1.9659259560992792,-0.835531691527718,-0.4472135954999579,1.9759000493635124,-0.8764092208271715,-0.44022224384522946,-0.9122671802561239,-0.37208649072450706,-0.4654160566735255,0.5685890409203588,-0.5068409086007155,-0.31640230930521096,1053.0,24.051070000000003,77.209515,AGRICULTURAL
-0.21752212276390634,0.0015928202264313509,-0.10651003115078901,0.9497225635791894,0.264284571089037,-0.2653194314986614,-0.3222668806138928,0.39514127497063095,0.4544618000171114,-0.6166993195545651,0.01037471663983462,-0.9091473249378698,-0.9741283990617648,-1.0636420640913515,-0.50866615647324,1.196842693269434,-0.4472135954999579,-0.25951415228283975,1.0199910638402818,-0.5300583597565817,-0.5313217306335256,-0.10083458260924233,-0.4305095173611022,-0.939904670788802,-0.5068409086007155,-0.31640230930521096,888.0,22.76715,78.90263666666667,AGRICULTURAL
-0.19831015902617175,1.8386153280968218,0.99369256634176,1.6359631931747771,1.6270721943742963,-0.2653194314986614,-0.3222668806138928,-0.055212397443353656,0.4544618000171114,-0.6166993195545651,0.26486017411506685,-0.3687455680607552,-0.4046027100008888,-1.0636420640913515,-0.50866615647324,1.196842693269434,-0.4472135954999579,-0.6543852303312153,1.2018242313916605,-0.531173182291159,0.05060748045383801,-0.37208649072450706,-0.46462272623460676,1.4283197149416238,-0.5068409086007155,-0.31640230930521096,225.0,29.9322825,79.46296749999999,WILDFIRE
-0.21752212276390634,-0.4426063620653261,-0.23266799741844874,-0.924103274495836,-0.14498366126049703,-0.2653194314986614,-0.3222668806138928,-0.21693635210528073,0.4544618000171114,-0.6166993195545651,0.01037471663983462,-0.10387695319887079,-0.4914400090193932,-1.0636420640913515,-0.50866615647324,1.196842693269434,-0.4472135954999579,-0.5719568740785723,1.0996288912683938,-0.5068328902862217,0.06605551917181125,-0.37208649072450706,-0.45490442835785255,0.9508831737763637,-0.5068409086007155,-0.31640230930521096,18.0,29.70947,79.87331666666667,WILDFIRE
-0.21752212276390634,0.502475088356646,0.11531772620317927,1.5407523532680532,1.6270721943742963,-0.17720596716331258,-0.20555050534125557,-0.4412046729202442,-1.0468862494970061,0.7825344306952877,-0.4985961983106298,0.36098507529910817,-0.7040015542636188,0.5542923432588733,1.9659259560992792,-0.835531691527718,-0.4472135954999579,1.91202699408549,-0.93296646280198,-0.5266209902749684,-0.9181597311073096,0.6592752211900789,-0.4660110545027145,0.5410102281226925,-0.5068409086007155,-0.31640230930521096,88.0,29.82896,76.34997333333334,AGRICULTURAL
-0.23673408650164096,-0.6099304712230801,-0.4176996812776829,-1.659968303908879,-2.0061282482114837,-0.17720596716331258,-0.20555050534125557,-0.8959108603072852,-1.0468862494970061,-0.9665077571170284,-0.5834246841357072,1.9443865297503211,-0.9346302827745998,1.093603812375615,-0.50866615647324,-0.835531691527718,2.23606797749979,-0.6585244897793999,-1.0339195051246441,2.0958782498768302,-0.2836594109395029,0.39106450786635716,0.7359143103505916,-1.248325899533973,0.37038374090052295,-0.26279443528266555,27.0,51.842185,51.07988,INDUSTRIAL
-0.1598862315507025,-0.5208181199289669,-0.3572489891077627,-1.2285441855815227,-1.3781876753585696,-0.17720596716331258,2.9457916270199496,-0.6429923405351959,-3.891545711734281,0.08291755557036135,-0.7262937128937323,0.9216484643945064,-1.856530801858996,2.7115382197258397,-0.50866615647324,-0.835531691527718,-0.4472135954999579,-0.12306132357716565,-0.8445017825801119,0.10065248918051294,1.3496760559436098,-0.32712969815387133,-0.22126861409629223,-1.0415988520193942,0.37038374090052295,-0.01619821477895678,2.0,21.14407833333333,81.36559833333332,INDUSTRIAL
-0.23673408650164096,-0.0736212744438294,-0.24686076862356043,0.6560141244026363,0.03157400625704543,-0.2653194314986614,-0.3222668806138928,-0.692141357789092,0.4544618000171114,-0.6166993195545651,-0.2441107408353976,1.0867102230092296,1.1197399362664553,0.5542923432588733,1.9659259560992792,-0.835531691527718,-0.4472135954999579,1.5070932335854932,-0.843128716589972,-0.47180888232491897,0.06701106795848998,-0.3701975498601947,-0.41979955643569955,-1.057790556302275,0.37038374090052295,-0.28262934867100736,8.0,22.285075,82.59201999999999,INDUSTRIAL
-0.21752212276390634,0.0893425973417355,-0.07707317235500177,-0.08633289299512233,0.22594942003782842,-0.2653194314986614,-0.3222668806138928,-0.31281138555920535,0.4544618000171114,-0.6166993195545651,0.01037471663983462,0.07871974646346237,-0.38198943182166606,-1.0636420640913515,-0.50866615647324,1.196842693269434,-0.4472135954999579,-0.6512451024739717,1.5216178389047113,-0.5306157710238704,-0.7351721384583274,-0.37208649072450706,-0.4660110545027145,1.2108794590097285,-0.5068409086007155,-0.31640230930521096,33.0,29.862350000000003,79.48485,WILDFIRE
-0.21752212276390634,-0.010397832547088467,-0.10072779103018793,0.5274369856893115,-0.12392632476757973,-0.2653194314986614,-0.3222668806138928,-0.4673840529826687,0.4544618000171114,-0.6166993195545651,0.01037471663983462,0.4247729760460335,-0.17456111691240433,0.5542923432588733,1.9659259560992792,-0.835531691527718,-0.4472135954999579,2.0972231711206493,-1.0196003883703286,-0.4808203644794186,-0.8270640801106013,-0.22286016244382525,-0.4660110545027145,-0.14187222845035885,-0.5068409086007155,-0.31640230930521096,321.0,29.872133333333338,75.65001666666667,AGRICULTURAL
-0.23673408650164096,-0.4300706796202826,-0.34568450886656055,0.5017215579466481,-0.22705328041238165,-0.17720596716331258,0.2613149957492934,-0.7248878851075027,-3.23066523060845,0.08291755557036135,-0.7068115726085471,1.2043868393496082,-1.0448073696724451,0.5542923432588733,1.9659259560992792,-0.835531691527718,-0.4472135954999579,1.6496835849212343,-0.9194973392796557,-0.4358558555848018,-0.2647236191501523,-0.37208649072450706,-0.2994116623297852,-1.0656662631021856,1.2476083904017614,0.9809082420403874,9.0,22.29039,82.68258,INDUSTRIAL
-0.23673408650164096,0.35885976991017005,-0.09336857633124113,0.42011226659802287,-0.23839184621626255,-0.2653194314986614,-0.3222668806138928,-0.4521395790464003,0.4544618000171114,-0.6166993195545651,-0.2441107408353976,0.3873471299749116,-0.44259721795733165,-1.0636420640913515,-0.50866615647324,1.196842693269434,-0.4472135954999579,-0.6582390236105596,1.5110909996469724,-0.5308944766575147,-0.6934465081066884,-0.37208649072450706,-0.4660110545027145,0.8384314400373625,-0.5068409086007155,-0.31640230930521096,91.0,29.963345,78.614985,WILDFIRE
-0.23673408650164096,-0.5641479788150953,-0.3877371642891138,-1.624901811532517,-2.0174668140153615,-0.17720596716331258,-0.2639086929775742,-0.7238948290621338,0.4544618000171114,-1.0831105696378498,-0.4985961983106298,1.2007214262094488,0.6940483415663953,1.093603812375615,-0.50866615647324,-0.835531691527718,2.23606797749979,-0.6585244897793999,-1.0339195051246441,2.0958782498768302,-0.2836594109395029,0.39106450786635716,0.7359143103505916,-1.248325899533973,0.37038374090052295,-0.26279443528266555,29.0,53.53643,49.62751,INDUSTRIAL
-0.1406742678129679,0.0777412514764467,0.09271442391355693,-0.7313438285239552,-0.09962939804498262,-0.17720596716331258,-0.2639086929775742,0.6533840849345799,0.4544618000171114,0.08291755557036135,0.13761744537745071,-1.132842611500156,-0.37140609941142383,-1.0636420640913515,-0.50866615647324,1.196842693269434,-0.4472135954999579,-0.6264095457848637,1.4862450436349175,-0.521882994503015,-0.7240240692804085,-0.37208649072450706,-0.4602594088205539,0.2197575918818735,-0.5068409086007155,-0.31640230930521096,57.0,29.469414285714286,79.80882285714286,WILDFIRE
-0.23673408650164096,0.13567011942124407,-0.17957651994747525,1.5020729495559442,0.9926524410620226,-0.2653194314986614,-0.3222668806138928,-0.5446605396116748,0.4544618000171114,-0.6166993195545651,-0.2441107408353976,0.6274943876111335,-0.29865016957506585,0.5542923432588733,1.9659259560992792,-0.835531691527718,-0.4472135954999579,1.8156107955596712,-0.9769699585812242,-0.3767702612522061,-0.48418132382404033,-0.37208649072450706,-0.402941284608677,0.7118962605564816,-0.5068409086007155,-0.31640230930521096,65.0,22.690995,75.987005,AGRICULTURAL
-0.1598862315507025,-0.3995490180149595,-0.31940159922746475,-0.6191310529196025,0.02563475750263192,-0.17720596716331258,-0.2639086929775742,0.34067765256969096,0.4544618000171114,0.08291755557036135,0.01037471663983462,-0.8553693623684414,-0.32788672695941945,-1.0636420640913515,-0.50866615647324,1.196842693269434,-0.4472135954999579,-0.6563121269708875,1.4049726138375918,-0.5294080466114116,-0.44181866094794875,-0.37208649072450706,-0.4660110545027145,1.1381496087250724,-0.5068409086007155,-0.31640230930521096,79.0,29.877486666666663,79.30156666666666,WILDFIRE
-0.21752212276390634,-0.2774623715936666,-0.2568482742864168,0.26348193398360537,0.48079718477262956,-0.2653194314986614,-0.3222668806138928,-0.23209043916680083,0.4544618000171114,-0.6166993195545651,0.01037471663983462,-0.07641703527219068,-0.4749802160853732,-1.0636420640913515,-0.50866615647324,1.196842693269434,-0.4472135954999579,-0.6151282255594429,0.820193120917189,-0.5266421043381233,0.8737765651477896,-0.3444736097261945,-0.46540704155490137,0.9594344126573218,-0.5068409086007155,-0.31640230930521096,52.0,30.00812,78.53156000000001,WILDFIRE
-0.12146230407523328,0.028980561220493764,-0.026084327655155944,1.051388825946114,0.7199869300639808,-0.000979038492614983,0.37803137102193063,-0.016505982644431833,-2.6637226105122096,1.4821513058202145,-0.5964752204164884,-0.42537236983780896,-0.6705009417146321,0.014980874142131754,-0.50866615647324,-0.835531691527718,-0.4472135954999579,-0.022077666349901832,-0.1327959110242841,-0.4917827860694285,1.6618219929253373,-0.021121278135257875,-0.4501444457243403,-1.0677589203336366,2.124833039903,3.5808901321338387,13.0,22.4649325,82.71102125,INDUSTRIAL
3.336691168716997,-0.40986689355194134,-0.04448236440252301,-0.7979464246341456,0.46945861896875174,5.197715357292964,4.696537256109508,-0.012907268445538843,-0.7880331375118134,2.181768180945141,-0.20315905802329126,-0.4305188476378166,1.595573144285591,1.6329152814923567,-0.50866615647324,-0.835531691527718,-0.4472135954999579,-0.5700299774389002,-0.9094935727800653,-0.4683715128433057,-0.1620021245821857,-0.37208649072450706,4.936370901923976,-1.0281002353287778,2.124833039903,-0.12180572660337119,0.0,22.328107819148936,82.59591175531915,INDUSTRIAL
-0.19831015902617175,-0.048277394717980635,-0.04237973163139535,1.0312255928297045,0.5833842087124884,-0.2653194314986614,-0.3222668806138928,0.26168656349566266,0.4544618000171114,-0.6166993195545651,0.26486017411506685,-0.7725450527504412,-0.6466447992235355,-0.5243305949746099,-0.50866615647324,-0.835531691527718,-0.4472135954999579,-0.6569544258507782,-0.3681786521911174,-0.5314518879248034,-0.06835834348766745,8.99894913712945,-0.4660110545027145,0.1811061183375945,-0.5068409086007155,-0.31640230930521096,968.0,24.2873725,78.6431225,AGRICULTURAL
0.9736196289756396,-0.5480989512566918,-0.3420049015170871,-1.2560660689920613,-1.0914839400319165,3.9641268565980807,4.754895443745827,-0.7014052420497127,-1.5416486749050677,2.181768180945141,-0.56510944287802,1.1193452870758622,2.465571052787647,1.6329152814923567,-0.50866615647324,-0.835531691527718,-0.4472135954999579,-0.37698348076063226,-0.35340184677342157,-0.37110324670143824,1.606240905166856,-0.37208649072450706,0.9613887377217757,-1.0837267252840008,3.879282338905477,4.878200683479437,3.0,22.326838,82.68514507692308,INDUSTRIAL
-0.21752212276390634,-0.5200005754216814,-0.3246581811552839,-0.7972263293522726,0.2254094883328823,-0.17720596716331258,-0.2639086929775742,0.10345604697035506,0.4544618000171114,0.08291755557036135,-0.3713534695730137,-0.5869366469719952,-0.5353889704885773,-1.0636420640913515,-0.50866615647324,1.196842693269434,-0.4472135954999579,-0.4167346447716472,0.7410625155575847,-0.5032097170488457,0.5927221587629204,-0.37057533803305714,-0.4630360653567694,0.9005261660204017,-0.5068409086007155,-0.31640230930521096,63.0,29.71118,79.82195666666667,WILDFIRE
-0.21752212276390634,-0.25457112538967414,-0.2321423392256668,-0.30395766992478945,-0.2616089095289674,-0.17720596716331258,-0.14719231770493696,-0.1915095731007851,-1.7975602742540648,1.4821513058202145,-0.5622175626794379,-0.14885351022345733,-1.0710053628411236,0.014980874142131754,-0.50866615647324,-0.835531691527718,-0.4472135954999579,-0.5200020313496336,0.6504401602083538,-0.5278287146874271,1.0886519790491955,-0.37208649072450706,-0.4654160566735255,0.691233639210661,-0.5068409086007155,-0.31640230930521096,75.0,29.61350333333333,79.87518666666666,WILDFIRE
-0.23673408650164096,-0.5363514655673902,-0.3840575569396404,-1.4887800638533684,-1.764238844395399,-0.2653194314986614,-0.3222668806138928,-0.5711631350233222,0.4544618000171114,-0.6166993195545651,-0.2441107408353976,0.7024719153851687,-0.25370777079730894,-1.0636420640913515,-0.50866615647324,1.196842693269434,-0.4472135954999579,-0.6210570551191076,1.0521600384664158,-0.5138005311273297,0.303987167054822,-0.37208649072450706,-0.45589609140650095,0.6664261409600956,-0.5068409086007155,-0.31640230930521096,111.0,29.68101,79.60962,WILDFIRE
-0.23673408650164096,-0.3139793595857497,-0.3136193591068637,0.24796766765952136,0.5153528138892153,-0.2653194314986614,-0.3222668806138928,-0.5310995850816868,0.4544618000171114,-0.6166993195545651,-0.2441107408353976,0.5902569911536767,-0.3209706964145221,-1.0636420640913515,-0.50866615647324,1.196842693269434,-0.4472135954999579,-0.6435375159152831,1.5748404920463228,-0.51640178370801,-0.9071709200605039,-0.37208649072450706,-0.4650193914540661,1.2599503237295768,-0.5068409086007155,-0.31640230930521096,128.0,30.096855,78.37463,WILDFIRE
-0.23673408650164096,-0.5003795072468308,-0.3840575569396404,-0.9940237350523403,-1.280999968468178,-0.2653194314986614,-0.3222668806138928,-0.3525588502985086,0.4544618000171114,-0.6166993195545651,-0.2441107408353976,0.16107846314893012,-0.5782252782216256,-1.0636420640913515,-0.50866615647324,1.196842693269434,-0.4472135954999579,-0.3111121623007279,-0.16110722405907266,-0.19598320689492427,0.20891006278028562,-0.294262127114835,1.758289163615621,-1.1589551266127027,1.2476083904017614,0.12639873012101394,1.0,23.708715,86.07326,INDUSTRIAL
-0.1598862315507025,7.581047947269774,11.265053653300386,1.1888122843271165,1.6270721943742963,-0.2653194314986614,-0.3222668806138928,-0.18608145361733175,0.4544618000171114,-1.199713382158671,0.7738310890655312,-0.15828170771895111,2.19138944740492,1.093603812375615,-0.50866615647324,-0.835531691527718,2.23606797749979,-0.6585244897793999,-1.0339195051246441,2.0958782498768302,-0.2836594109395029,0.39106450786635716,0.7359143103505916,-1.248325899533973,0.37038374090052295,-0.26279443528266555,31.0,52.84519666666666,49.96928833333334,INDUSTRIAL
-0.1598862315507025,0.3095345846372815,-0.07234224861996454,1.066398347304177,0.581764413597647,-0.08909250282796378,-0.20555050534125557,1.3776083910893817,0.4544618000171114,0.7825344306952877,-0.2441107408353976,-1.571815416361687,-0.3889288689113731,-1.0636420640913515,-0.50866615647324,1.196842693269434,-0.4472135954999579,-0.4532029478409983,0.5957790569818335,-0.5314518879248034,0.24920236995190692,1.5973232544076306,-0.4660110545027145,2.2330602667707824,-0.5068409086007155,-0.31640230930521096,382.0,23.012285,77.43698833333333,AGRICULTURAL
-0.23673408650164096,-0.0360142271086991,-0.22005220079168275,0.7838474284291904,0.14549959600078213,-0.17720596716331258,-0.03047594243229972,-0.5046345909973619,-2.5482342990111233,0.08291755557036135,-0.6682531699607845,0.5196789502553811,-1.1432945534993777,0.014980874142131754,-0.50866615647324,-0.835531691527718,-0.4472135954999579,0.38007279900390195,-0.572700100627188,-0.5249487564731025,1.238832396688874,1.5281880187737957,-0.4473677891881248,-1.1098821107976147,3.0020576894042383,3.8489295022465657,16.0,22.436625,82.73130499999999,INDUSTRIAL
-0.1598862315507025,-0.5284485353302977,-0.3572489891077627,-0.9143271614697004,-0.7842627999172921,-0.000979038492614983,-0.14719231770493696,-0.6633003594026657,0.4544618000171114,-0.8499049445962075,-0.3713534695730137,0.9882530555178661,0.8070658276690669,1.093603812375615,-0.50866615647324,-0.835531691527718,2.23606797749979,-0.6585244897793999,-1.0339195051246441,2.0958782498768302,-0.2836594109395029,0.39106450786635716,0.7359143103505916,-1.248325899533973,0.37038374090052295,-0.26279443528266555,15.0,51.84669166666666,53.81178333333333,INDUSTRIAL
-0.23673408650164096,-0.15455818066508828,-0.1911410001886774,0.5661163894014205,-0.1314853686368316,-0.17720596716331258,-0.2639086929775742,-0.7286004145514873,0.4544618000171114,0.08291755557036135,-0.4985961983106298,1.2181452564318371,0.4237967269929453,-1.0636420640913515,-0.50866615647324,1.196842693269434,-0.4472135954999579,-0.5057287229076176,0.8565962110136384,-0.4882525147099338,0.4872932759660303,-0.37208649072450706,-0.4660110545027145,0.47585963120683206,-0.5068409086007155,-0.31640230930521096,61.0,29.65571,79.264635,WILDFIRE
-0.17909819528843712,-0.07394829224674362,-0.05972645199319856,0.6227328352745228,0.40682654119494294,-0.17720596716331258,-0.2639086929775742,-0.0847511065725006,0.4544618000171114,0.08291755557036135,-0.11686801209778148,-0.3239012863443556,-0.1321199126860877,-1.0636420640913515,-0.50866615647324,1.196842693269434,-0.4472135954999579,-0.6391127902982581,1.466302894730505,-0.52736420529802,-0.6330876764148136,-0.37208649072450706,-0.4660110545027145,1.0886819372544527,-0.5068409086007155,-0.31640230930521096,70.0,29.820008,79.398096,WILDFIRE
-0.19831015902617175,0.5984003105448049,0.3523895711478231,0.30056740622406297,1.6270721943742963,-0.17720596716331258,-0.2639086929775742,0.6777279529402146,0.4544618000171114,0.08291755557036135,-0.2441107408353976,-1.1516130650436285,-0.7510612497106443,-1.0636420640913515,-0.50866615647324,1.196842693269434,-0.4472135954999579,-0.6585244897793999,1.5346946578584235,-0.5314518879248034,-0.7493461121273958,-0.37208649072450706,-0.4660110545027145,1.485915139406683,-0.5068409086007155,-0.31640230930521096,182.0,29.9519175,79.4836675,WILDFIRE
-0.23673408650164096,-0.5347163765528193,-0.39089111344580524,-1.2143050644347562,-1.6308757132735832,-0.2653194314986614,-0.3222668806138928,-0.7440470830170204,0.4544618000171114,-0.6166993195545651,-0.2441107408353976,1.2763430895366374,0.09027725940404827,-1.0636420640913515,-0.50866615647324,1.196842693269434,-0.4472135954999579,-0.6570257923929883,1.567125168863632,-0.5291293409777673,-0.8358232773218233,-0.3717087025516446,-0.4660110545027145,1.1561155926424156,-0.5068409086007155,-0.31640230930521096,136.0,30.0672,78.61813000000001,WILDFIRE
-0.23673408650164096,0.0024103647337167765,-0.15539624307950714,0.7127580847934787,-0.010540666728789143,-0.2653194314986614,-0.3222668806138928,-0.6560100588922765,0.4544618000171114,-0.6166993195545651,-0.2441107408353976,0.9640915877686494,-0.09688990825321872,0.5542923432588733,1.9659259560992792,-0.835531691527718,-0.4472135954999579,1.7101310461731722,-0.712752831621454,-0.3524299692472689,-0.8716563568222768,-0.37208649072450706,-0.4616477370886616,0.12796494831349278,-0.5068409086007155,-0.31640230930521096,79.0,25.93817,80.685545,AGRICULTURAL
-0.12146230407523328,-0.5653742955760235,-0.3940450626024967,-1.176449191983002,-1.3571303388656493,-0.000979038492614983,-0.14719231770493696,-0.6534860732942672,0.4544618000171114,-0.8499049445962075,-0.2441107408353976,0.9557927668730563,1.0064024576191741,1.093603812375615,-0.50866615647324,-0.835531691527718,2.23606797749979,-0.6585244897793999,-1.0339195051246441,2.0958782498768302,-0.2836594109395029,0.39106450786635716,0.7359143103505916,-1.248325899533973,0.37038374090052295,-0.26279443528266555,12.0,52.55700375,51.669015,INDUSTRIAL
-0.17909819528843712,-0.3705534394899024,-0.2042824550082253,-0.3606591254763827,0.23674805413676012,-0.17720596716331258,-0.2639086929775742,-0.4594046266182071,0.4544618000171114,0.08291755557036135,-0.11686801209778148,0.40508396097803606,0.3048422900021954,-1.0636420640913515,-0.50866615647324,1.196842693269434,-0.4472135954999579,-0.6167750625865028,1.3618844953851075,-0.5191888400444532,-0.44261495160351433,-0.37208649072450706,-0.4660110545027145,0.8710641135394152,-0.5068409086007155,-0.31640230930521096,55.0,29.608232,80.00579,WILDFIRE
-0.19831015902617175,-0.27841617351883297,-0.31256804272129984,0.6719534391191679,0.018615645338326155,-0.2653194314986614,-0.3222668806138928,-0.25595834099732323,0.4544618000171114,-0.6166993195545651,0.26486017411506685,-0.032137236923223594,-0.20283577664066707,-1.0636420640913515,-0.50866615647324,1.196842693269434,-0.4472135954999579,-0.5652484191108248,0.47900306372517676,-0.5163088818301287,1.5872891875643944,-0.37208649072450706,-0.4652177240637958,1.2044149274232718,-0.5068409086007155,-0.31640230930521096,39.0,29.9224625,79.22635,WILDFIRE
-0.17909819528843712,-0.5314461985236776,-0.361454254650018,-1.123068426997351,-1.3690088363744763,-0.000979038492614983,-0.14719231770493696,-0.7342503879234735,0.4544618000171114,-0.8499049445962075,-0.43497483394182174,1.2392526978835792,0.819976358277875,1.093603812375615,-0.50866615647324,-0.835531691527718,2.23606797749979,-0.6585244897793999,-1.0339195051246441,2.0958782498768302,-0.2836594109395029,0.39106450786635716,0.7359143103505916,-1.248325899533973,0.37038374090052295,-0.26279443528266555,21.0,51.900664000000006,51.37407999999999,INDUSTRIAL
5.315523433703663,-0.41147224443736286,-0.16433243235679973,-0.8428533024068052,0.18707433728167058,6.607530786658545,4.871611819018464,-0.42992527202663827,-0.09603248480473171,2.181768180945141,0.06975465671738881,0.3342049760052663,2.895003277954933,1.6329152814923567,-0.50866615647324,-0.835531691527718,-0.4472135954999579,-0.19107363830337254,-1.0185542428540315,-0.4984717212768922,-0.13046901462178667,-0.37208649072450706,4.315589833470084,-1.0544105989464192,2.124833039903,2.7714112343934034,2.0,22.329343505154643,82.65513869415808,INDUSTRIAL
-0.23673408650164096,0.5403546505275383,0.08062428547957286,1.2884861323544676,0.6757125302583586,-0.17720596716331258,-0.2639086929775742,-0.39438140179758147,0.4544618000171114,0.08291755557036135,-0.4985961983106298,0.2524491863068521,-0.15505268522652527,0.014980874142131754,-0.50866615647324,-0.835531691527718,-0.4472135954999579,-0.6451789463861148,0.20367064065475038,-0.5314518879248034,2.320513623209228,-0.03434386418544483,-0.4660110545027145,0.4484014929981173,-0.5068409086007155,-0.31640230930521096,813.0,21.55669,76.644065,AGRICULTURAL
0.013021442088909003,0.010204289036504608,-0.027661302233501748,1.1776760164451652,1.6270721943742963,-0.17720596716331258,-0.20555050534125557,1.3328352454894878,-1.0468862494970061,0.7825344306952877,0.519345631590299,-1.5503906895467547,-0.8672918700962845,-1.0636420640913515,-0.50866615647324,1.196842693269434,-0.4472135954999579,-0.6579535574417192,1.5674520893374746,-0.5314518879248034,-0.8434676676152534,-0.34110786054978326,-0.4660110545027145,0.525607075076064,-0.5068409086007155,-0.31640230930521096,543.0,22.15804266666667,79.922844,AGRICULTURAL
-0.19831015902617175,-0.5649655233223808,-0.3882628224818957,-1.4750722531971523,-1.6681310009148995,-0.17720596716331258,-0.2639086929775742,0.514521955249322,0.4544618000171114,0.08291755557036135,-0.2441107408353976,-1.0185183328098872,-0.6712827252800366,-1.0636420640913515,-0.50866615647324,1.196842693269434,-0.4472135954999579,-0.6553843619221564,1.2621737508630462,-0.5268996959086127,-0.10036922784140585,-0.37208649072450706,-0.4660110545027145,1.371035148745721,-0.5068409086007155,-0.31640230930521096,73.0,29.830505,79.946975,WILDFIRE
-0.21752212276390634,0.6578085447408804,0.17051183644528042,1.7160848151498609,1.6270721943742963,-0.2653194314986614,-0.3222668806138928,-0.3605386272334059,0.4544618000171114,-0.6166993195545651,0.01037471663983462,0.17812742857708808,-0.3224033155044225,0.5542923432588733,1.9659259560992792,-0.835531691527718,-0.4472135954999579,2.114779340504329,-1.0043658942892528,-0.45099886167947645,-0.9017561436026577,-0.3584861165014576,-0.46045774143028356,0.5613287491275332,-0.5068409086007155,-0.31640230930521096,89.0,29.858766666666668,76.19319,AGRICULTURAL
-0.23673408650164096,-0.4308882241275681,-0.3031061952512254,-0.5869336371922161,-0.5040382450499985,-0.17720596716331258,-0.2639086929775742,-0.4122760875724558,0.4544618000171114,0.08291755557036135,-0.4985961983106298,0.29311929774803164,-0.13067454925712088,0.014980874142131754,-0.50866615647324,-0.835531691527718,-0.4472135954999579,0.20929266349517908,-0.21550679090651834,-0.39237777673628793,0.5036968634706823,0.22255209336104542,0.23608638394034456,0.9476003998779593,-0.5068409086007155,-0.31640230930521096,1034.0,23.48088,80.17665,AGRICULTURAL
-0.19831015902617175,-0.23999158167641693,-0.2321423392256668,-0.03144851932121739,0.5007746578556546,-0.2653194314986614,-0.3222668806138928,-0.05843113115064698,0.4544618000171114,-0.6166993195545651,0.26486017411506685,-0.36392908842118515,-0.40171565630502903,-1.0636420640913515,-0.50866615647324,1.196842693269434,-0.4472135954999579,-0.6585244897793999,0.7186357710519669,-0.5314518879248034,-0.2908419526527049,3.255435545101081,-0.4660110545027145,2.0142973693753325,-0.5068409086007155,-0.31640230930521096,111.0,23.356835,77.637515,AGRICULTURAL
-0.23673408650164096,0.09642798307154277,-0.13647254813935822,1.1112409527066782,0.6244190182884307,-0.2653194314986614,-0.3222668806138928,-0.3073353924867865,0.4544618000171114,-0.6166993195545651,-0.2441107408353976,0.06769653052140133,-0.6341994904873604,-1.0636420640913515,-0.50866615647324,1.196842693269434,-0.4472135954999579,2.0232160668487964,-0.8875899010325962,-0.4790552287996713,-0.9259633795318528,-0.36679745630443233,-0.4660110545027145,-0.8881936840837901,-0.5068409086007155,-0.31640230930521096,44.0,30.5567,76.441465,AGRICULTURAL
-0.21752212276390634,-0.44805665878056233,-0.24580945223799658,-0.8199664183478572,-0.04185670561569508,-0.17720596716331258,-0.20555050534125557,0.14857249689850904,-1.0468862494970061,0.7825344306952877,-0.4985961983106298,-0.6427895335738212,-1.305675683756268,-1.0636420640913515,-0.50866615647324,1.196842693269434,-0.4472135954999579,-0.4578417730846535,1.1937819877351272,-0.5230907189154738,-0.38544128253390203,-0.3656640917858448,-0.4640277284054177,0.35137875983582706,-0.5068409086007155,-0.31640230930521096,57.0,29.794750000000004,78.66077333333332,WILDFIRE
-0.17909819528843712,-0.60600625758811,-0.3998273027230978,-1.6507235013732904,-1.9704927556850058,-0.000979038492614983,-0.14719231770493696,-0.6986651518983045,0.4544618000171114,-0.8499049445962075,-0.43497483394182174,1.1096397592774085,0.7578231606835132,1.093603812375615,-0.50866615647324,-0.835531691527718,2.23606797749979,-0.6585244897793999,-1.0339195051246441,2.0958782498768302,-0.2836594109395029,0.39106450786635716,0.7359143103505916,-1.248325899533973,0.37038374090052295,-0.26279443528266555,9.0,52.58522000000001,51.98598199999999,INDUSTRIAL
-0.10225034033749868,-0.3139793595857497,-0.27209236187709235,0.40190602712181056,0.3360954878469361,-0.08909250282796378,-0.14719231770493696,1.3773775094402503,-0.6715492371184767,1.4821513058202145,-0.18048937646658955,-1.5717064395689082,-0.6344661622830762,-1.0636420640913515,-0.50866615647324,1.196842693269434,-0.4472135954999579,-0.6184164930573347,1.4357031383788168,-0.5289435372220045,-0.6329284182837003,-0.3267519099810088,-0.4533177674800151,1.0301311960791186,-0.5068409086007155,-0.31640230930521096,22.0,30.027555555555555,78.43028444444445,WILDFIRE
-0.21752212276390634,-0.046914820539171634,-0.19797455669484232,0.8927660789921305,0.21353099082405527,-0.2653194314986614,-0.3222668806138928,-0.41011833446413,0.4544618000171114,-0.6166993195545651,0.01037471663983462,0.2881632753844677,-0.25644655414028067,0.5542923432588733,1.9659259560992792,-0.835531691527718,-0.4472135954999579,1.647756688281562,-0.9127627775184936,-0.5314518879248034,0.010155915151103959,-0.37208649072450706,-0.3971896389265163,0.07570907700759007,-0.5068409086007155,-0.31640230930521096,75.0,25.847543333333338,80.85382333333332,AGRICULTURAL
-0.17909819528843712,-0.5121521481517411,-0.35987728007167225,-0.7655177192761949,-0.40901026497939147,-0.2653194314986614,-0.3222668806138928,0.38563895321097286,0.4544618000171114,-0.6166993195545651,0.519345631590299,-0.8999496506114445,-0.4774099758659419,-1.0636420640913515,-0.50866615647324,1.196842693269434,-0.4472135954999579,-0.6455357790971653,1.148405425965743,-0.5219758963808965,0.13453651555045548,-0.37208649072450706,-0.45133444138271833,0.6817930975296519,-0.5068409086007155,-0.31640230930521096,131.0,29.89194,78.72102600000001,WILDFIRE
-0.17909819528843712,0.12716765654547524,-0.12122846054868266,0.9908672479674568,0.39710777050590657,-0.17720596716331258,0.027882245204018902,-0.4638176273743832,-2.762712591798855,0.08291755557036135,-0.571306329017839,0.4159457735274453,-1.4182111816576692,0.014980874142131754,-0.50866615647324,-0.835531691527718,-0.4472135954999579,0.6619706407337199,-0.8225327267378741,-0.522719111403948,1.02112653145723,-0.37208649072450706,0.49471210702784413,-1.120460948563891,4.7565069884067155,2.75532887218664,15.0,22.449124,82.61586,INDUSTRIAL
-0.10225034033749868,-0.06671756527119693,0.042251237406493,0.23287844972787772,1.6270721943742963,-0.17720596716331258,-0.2639086929775742,0.840727768044128,0.4544618000171114,0.08291755557036135,0.39210290285268296,-1.2686863153702388,-0.20722977396444275,-1.0636420640913515,-0.50866615647324,1.196842693269434,-0.4472135954999579,-0.6528865329448036,1.2290893989101521,-0.5314518879248034,-0.017554999662580176,-0.37208649072450706,-0.4660110545027145,0.7804061057622301,-0.5068409086007155,-0.31640230930521096,105.0,29.86754888888889,78.8829788888889,WILDFIRE
-0.21752212276390634,-0.5314461985236776,-0.38353189874685845,-1.2824190693233852,-1.3673890412596348,-0.08909250282796378,-0.20555050534125557,-0.7448786039243644,0.4544618000171114,-0.9665077571170284,-0.4985961983106298,1.2795203427544979,0.7318347283493328,1.093603812375615,-0.50866615647324,-0.835531691527718,2.23606797749979,-0.6585244897793999,-1.0339195051246441,2.0958782498768302,-0.2836594109395029,0.39106450786635716,0.7359143103505916,-1.248325899533973,0.37038374090052295,-0.26279443528266555,18.0,52.15578,50.962273333333336,INDUSTRIAL
-0.23673408650164096,-0.24612316548105792,-0.162755457778454,-0.25507710479410095,0.20651187865974951,-0.17720596716331258,-0.2639086929775742,-0.23964806702353827,0.4544618000171114,0.08291755557036135,-0.4985961983106298,-0.06253429928787013,-0.34385743564012716,0.5542923432588733,1.9659259560992792,-0.835531691527718,-0.4472135954999579,1.756590665151935,-0.829463440783342,-0.49531305742892323,-0.487525744577416,-0.2659280141501486,-0.4654160566735255,1.1557416488846228,-0.5068409086007155,-0.31640230930521096,942.0,23.546175,80.20352,AGRICULTURAL
-0.23673408650164096,0.47086336740827556,-0.03607183331801236,1.1434383684340645,0.3706511169635219,-0.2653194314986614,-0.3222668806138928,-0.5262387794273482,0.4544618000171114,-0.6166993195545651,-0.2441107408353976,0.5770892853212942,-0.32886357184101844,-1.0636420640913515,-0.50866615647324,1.196842693269434,-0.4472135954999579,-0.19399966653398584,-0.41388213443434413,-0.49094666916849555,1.9892567104939254,-0.35206371756279536,0.646238220861318,-0.983255571526941,0.37038374090052295,2.2353324941679498,4.0,24.174795,82.62813,INDUSTRIAL
-0.21752212276390634,-0.18044709006246062,-0.26998972910596475,1.012417201464204,0.5261514479881471,-0.17720596716331258,-0.14719231770493696,0.3611600172959599,-1.7975602742540648,1.4821513058202145,-0.5622175626794379,-0.8758985570517249,-1.5068045868756086,-1.0636420640913515,-0.50866615647324,1.196842693269434,-0.4472135954999579,-0.06147199764986631,0.8208311111752336,-0.528850635344123,-0.39563380292514205,-0.2576166743471739,-0.4660110545027145,-0.11597261169138168,-0.5068409086007155,-0.31640230930521096,354.0,21.978256666666667,79.48756,AGRICULTURAL
-0.21752212276390634,-0.34777119922021477,-0.2673614381420551,-0.07634425577277025,-0.005681281384270949,-0.17720596716331258,-0.2639086929775742,-0.43351124711671446,0.4544618000171114,0.08291755557036135,-0.3713534695730137,0.34267413560426946,0.02183050231875193,-1.0636420640913515,-0.50866615647324,1.196842693269434,-0.4472135954999579,-0.5028026946770042,0.5664215984307482,-0.5044174414613043,1.2152621932841312,-0.37208649072450706,-0.4660110545027145,1.032628966961982,-0.5068409086007155,-0.31640230930521096,68.0,29.79480666666667,79.66217666666667,WILDFIRE
-0.23673408650164096,-0.08833707557496744,-0.2179495680205551,0.49598340464869595,-0.1827788806067595,-0.2653194314986614,-0.3222668806138928,-0.4701457296053953,0.4544618000171114,-0.6166993195545651,-0.2441107408353976,0.43163872690448996,-0.41604832163052935,-1.0636420640913515,-0.50866615647324,1.196842693269434,-0.4472135954999579,-0.6568830593085682,1.5786327695429,-0.5314518879248034,-0.8613045782999236,-0.36906418534160723,-0.4660110545027145,0.3540790233092515,-0.5068409086007155,-0.31640230930521096,365.0,22.26535,80.235985,AGRICULTURAL
