latitude,longitude,brightness,scan,track,acq_date,acq_time,satellite,instrument,confidence,version,bright_t31,frp,daynight
15.68055,75.19746,329.44,0.35,0.56,2025-11-05,0737,N21,VIIRS,n,2.0NRT,296.75,4.77,D
15.87879,75.51228,337.2,0.33,0.55,2025-11-05,0737,N21,VIIRS,n,2.0NRT,294.43,3.16,D
15.87122,75.44801,329.99,0.33,0.55,2025-11-05,0737,N21,VIIRS,n,2.0NRT,293.53,2.36,D
17.29893,81.27161,330.55,0.43,0.38,2025-11-05,0737,N21,VIIRS,n,2.0NRT,299.44,3.41,D
9.19774,77.81065,338.58,0.6,0.53,2025-11-05,0737,N21,VIIRS,n,2.0NRT,297.53,8.27,D
9.19608,77.8077,340.6,0.6,0.53,2025-11-05,0737,N21,VIIRS,n,2.0NRT,298.06,10.27,D
9.92006,78.27316,336.79,0.55,0.51,2025-11-05,0737,N21,VIIRS,n,2.0NRT,293.19,6.39,D
12.22723,78.33173,343.79,0.49,0.49,2025-11-05,0737,N21,VIIRS,n,2.0NRT,295.06,12.44,D
12.22669,78.33369,341.63,0.49,0.49,2025-11-05,0737,N21,VIIRS,n,2.0NRT,293.45,10.2,D
14.08214,75.29546,334.97,0.37,0.58,2025-11-05,0737,N21,VIIRS,n,2.0NRT,295.54,3.44,D
15.16381,75.43439,340.6,0.34,0.56,2025-11-05,0737,N21,VIIRS,n,2.0NRT,297.72,4.07,D
24.50945,80.68796,331.85,0.4,0.37,2025-11-05,0739,N21,VIIRS,n,2.0NRT,299.32,3.77,D
24.4804,81.12355,335.33,0.39,0.36,2025-11-05,0739,N21,VIIRS,n,2.0NRT,298.9,3.26,D
24.39753,80.90362,342.97,0.39,0.36,2025-11-05,0739,N21,VIIRS,n,2.0NRT,298.84,5.18,D
23.83326,77.75371,333.85,0.52,0.41,2025-11-05,0739,N21,VIIRS,n,2.0NRT,301.74,3.62,D
23.8832,78.31369,334.82,0.49,0.4,2025-11-05,0739,N21,VIIRS,n,2.0NRT,301.43,3.68,D
23.70743,77.41273,331.59,0.54,0.42,2025-11-05,0739,N21,VIIRS,n,2.0NRT,301.52,6.29,D
23.93912,78.90031,333.68,0.46,0.39,2025-11-05,0739,N21,VIIRS,n,2.0NRT,300.45,3.12,D
23.76343,79.40157,331.74,0.44,0.38,2025-11-05,0739,N21,VIIRS,n,2.0NRT,296.48,2.46,D
23.61914,78.67521,331.31,0.47,0.4,2025-11-05,0739,N21,VIIRS,n,2.0NRT,302.96,4.35,D
24.15562,82.39281,329.71,0.38,0.36,2025-11-05,0739,N21,VIIRS,n,2.0NRT,298.91,2.1,D
23.79082,80.36336,332.86,0.41,0.37,2025-11-05,0739,N21,VIIRS,n,2.0NRT,297,2.73,D
23.8034,80.50272,330.7,0.4,0.37,2025-11-05,0739,N21,VIIRS,n,2.0NRT,297.67,2.81,D
23.62267,79.7984,336.65,0.42,0.38,2025-11-05,0739,N21,VIIRS,n,2.0NRT,300.65,5.14,D
23.42172,78.98585,335.89,0.46,0.39,2025-11-05,0739,N21,VIIRS,n,2.0NRT,302.35,4.09,D
23.08457,77.42499,332.35,0.55,0.43,2025-11-05,0739,N21,VIIRS,n,2.0NRT,300.96,12.56,D
24.57149,77.89931,342.85,0.5,0.41,2025-11-05,0739,N21,VIIRS,n,2.0NRT,303.36,9.01,D
24.54799,77.85419,332.58,0.5,0.41,2025-11-05,0739,N21,VIIRS,n,2.0NRT,303.16,3.08,D
24.57072,77.97926,331.77,0.49,0.4,2025-11-05,0739,N21,VIIRS,l,2.0NRT,302.44,3.06,D
24.51558,77.71918,332.05,0.51,0.41,2025-11-05,0739,N21,VIIRS,n,2.0NRT,305.35,3.52,D
24.53684,78.08502,335.94,0.49,0.4,2025-11-05,0739,N21,VIIRS,n,2.0NRT,302.64,4.56,D
24.53751,78.08758,333.08,0.49,0.4,2025-11-05,0739,N21,VIIRS,n,2.0NRT,302.89,5.21,D
24.53219,78.07893,332.78,0.49,0.4,2025-11-05,0739,N21,VIIRS,n,2.0NRT,302.3,2.57,D
24.52263,78.04655,333.39,0.49,0.4,2025-11-05,0739,N21,VIIRS,n,2.0NRT,303.93,3.87,D
24.37573,77.47095,332.39,0.53,0.42,2025-11-05,0739,N21,VIIRS,n,2.0NRT,303.85,2.86,D
24.8406,80.54047,330.34,0.4,0.37,2025-11-05,0739,N21,VIIRS,n,2.0NRT,299.47,2.4,D
24.38867,77.90905,333.92,0.5,0.41,2025-11-05,0739,N21,VIIRS,n,2.0NRT,303.15,2.7,D
24.3672,77.93861,334.9,0.5,0.41,2025-11-05,0739,N21,VIIRS,n,2.0NRT,301.43,6.95,D
24.36351,77.93939,345.28,0.5,0.41,2025-11-05,0739,N21,VIIRS,n,2.0NRT,300.52,6.95,D
24.3573,78.01052,333.09,0.49,0.41,2025-11-05,0739,N21,VIIRS,n,2.0NRT,301.3,5.68,D
24.36076,78.02964,331.8,0.49,0.41,2025-11-05,0739,N21,VIIRS,n,2.0NRT,299.8,1.96,D
24.74789,80.28873,330.81,0.4,0.37,2025-11-05,0739,N21,VIIRS,n,2.0NRT,298.88,2.86,D
24.32626,77.88204,331.25,0.5,0.41,2025-11-05,0739,N21,VIIRS,n,2.0NRT,300.36,1.8,D
24.7625,80.58775,338.93,0.4,0.37,2025-11-05,0739,N21,VIIRS,n,2.0NRT,300.85,7.52,D
24.83542,81.10315,332.79,0.39,0.36,2025-11-05,0739,N21,VIIRS,n,2.0NRT,299.66,7.29,D
24.79729,80.88644,331.74,0.39,0.36,2025-11-05,0739,N21,VIIRS,n,2.0NRT,301.18,3.87,D
22.75329,77.94444,333.59,0.53,0.42,2025-11-05,0739,N21,VIIRS,n,2.0NRT,301.7,5.94,D
17.78355,83.36402,340.47,0.38,0.36,2025-11-05,0739,N21,VIIRS,n,2.0NRT,301.66,4.87,D
16.40877,74.43767,328.31,0.38,0.59,2025-11-05,0739,N21,VIIRS,n,2.0NRT,294.46,3.11,D
18.20352,83.88644,332.97,0.38,0.36,2025-11-05,0739,N21,VIIRS,n,2.0NRT,302.25,2.82,D
16.56516,74.16706,333.56,0.39,0.59,2025-11-05,0739,N21,VIIRS,n,2.0NRT,293.44,3.77,D
18.59696,83.21326,334.13,0.38,0.36,2025-11-05,0739,N21,VIIRS,n,2.0NRT,301.33,4.02,D
17.29743,74.16915,336.99,0.38,0.59,2025-11-05,0739,N21,VIIRS,n,2.0NRT,293.15,4.02,D
19.09725,82.16644,334.4,0.39,0.37,2025-11-05,0739,N21,VIIRS,n,2.0NRT,303.52,5.52,D
18.42175,77.98685,336.12,0.41,0.45,2025-11-05,0739,N21,VIIRS,n,2.0NRT,293.17,4.52,D
18.60057,77.93145,337.97,0.41,0.45,2025-11-05,0739,N21,VIIRS,n,2.0NRT,299.26,8.73,D
18.60135,77.93474,330.85,0.41,0.45,2025-11-05,0739,N21,VIIRS,n,2.0NRT,300.12,6.81,D
18.61089,77.8734,331.55,0.41,0.45,2025-11-05,0739,N21,VIIRS,n,2.0NRT,297.47,3.98,D
18.02748,74.85182,339.84,0.33,0.55,2025-11-05,0739,N21,VIIRS,n,2.0NRT,295.16,4.09,D
18.81209,78.74813,330.81,0.55,0.42,2025-11-05,0739,N21,VIIRS,n,2.0NRT,296.34,3.99,D
18.7432,77.83854,331.73,0.41,0.45,2025-11-05,0739,N21,VIIRS,n,2.0NRT,297.41,3.5,D
20.08221,85.58271,331.17,0.43,0.38,2025-11-05,0739,N21,VIIRS,n,2.0NRT,303.04,1.96,D
19.69973,82.22681,329.8,0.39,0.36,2025-11-05,0739,N21,VIIRS,n,2.0NRT,299.97,2.34,D
18.38089,74.67128,332.24,0.33,0.56,2025-11-05,0739,N21,VIIRS,n,2.0NRT,293.5,3.72,D
19.85233,82.22218,330.75,0.39,0.36,2025-11-05,0739,N21,VIIRS,n,2.0NRT,302.98,2.4,D
20.00558,82.09236,329.46,0.39,0.36,2025-11-05,0739,N21,VIIRS,n,2.0NRT,300.03,2.41,D
19.98823,81.91971,331.48,0.39,0.37,2025-11-05,0739,N21,VIIRS,n,2.0NRT,301.16,5.67,D
18.6251,74.31344,367,0.35,0.57,2025-11-05,0739,N21,VIIRS,h,2.0NRT,294.95,6.62,D
20.79241,85.25266,333.37,0.42,0.38,2025-11-05,0739,N21,VIIRS,l,2.0NRT,308.22,6.87,D
20.79585,85.25211,333.83,0.42,0.38,2025-11-05,0739,N21,VIIRS,n,2.0NRT,307.82,6.57,D
20.95122,86.04758,342.89,0.45,0.39,2025-11-05,0739,N21,VIIRS,n,2.0NRT,305.56,12.17,D
21.0024,86.02735,330.33,0.45,0.39,2025-11-05,0739,N21,VIIRS,n,2.0NRT,303.43,1.72,D
20.88759,84.98129,331.5,0.41,0.37,2025-11-05,0739,N21,VIIRS,l,2.0NRT,306.32,3.67,D
19.05532,74.15163,332.42,0.35,0.57,2025-11-05,0739,N21,VIIRS,n,2.0NRT,294.28,3.39,D
20.9623,85.18894,347.25,0.42,0.38,2025-11-05,0739,N21,VIIRS,n,2.0NRT,311.67,9.68,D
20.96346,85.17236,336.69,0.42,0.38,2025-11-05,0739,N21,VIIRS,l,2.0NRT,308.36,6.72,D
20.97089,85.17528,345.09,0.42,0.38,2025-11-05,0739,N21,VIIRS,n,2.0NRT,310.22,6.08,D
20.96807,85.1553,332.73,0.42,0.38,2025-11-05,0739,N21,VIIRS,l,2.0NRT,305.56,2.79,D
19.05237,74.15189,332.4,0.35,0.57,2025-11-05,0739,N21,VIIRS,n,2.0NRT,295.29,3.18,D
21.08043,85.0328,340.9,0.42,0.37,2025-11-05,0739,N21,VIIRS,n,2.0NRT,307.58,5.66,D
19.4102,74.95064,339.13,0.61,0.53,2025-11-05,0739,N21,VIIRS,n,2.0NRT,296.41,6.2,D
21.06746,82.85426,330.25,0.38,0.36,2025-11-05,0739,N21,VIIRS,n,2.0NRT,302.8,2.2,D
21.35206,83.61183,331.72,0.39,0.36,2025-11-05,0739,N21,VIIRS,n,2.0NRT,300.87,4.36,D
22.05395,88.12401,335.61,0.4,0.44,2025-11-05,0739,N21,VIIRS,n,2.0NRT,308.21,5.9,D
21.74862,83.97504,331.02,0.39,0.37,2025-11-05,0739,N21,VIIRS,l,2.0NRT,304.23,4.72,D
21.73375,83.84997,332.77,0.39,0.36,2025-11-05,0739,N21,VIIRS,l,2.0NRT,305.84,2.82,D
21.47278,81.93111,334.03,0.39,0.36,2025-11-05,0739,N21,VIIRS,n,2.0NRT,303.7,3.85,D
21.33122,81.05823,331.63,0.41,0.37,2025-11-05,0739,N21,VIIRS,l,2.0NRT,302.37,3.74,D
22.36567,87.30315,333.3,0.54,0.42,2025-11-05,0739,N21,VIIRS,l,2.0NRT,304.79,5.7,D
21.6369,82.0652,331.07,0.39,0.36,2025-11-05,0739,N21,VIIRS,n,2.0NRT,302.17,1.99,D
21.51278,81.28932,329.45,0.4,0.37,2025-11-05,0739,N21,VIIRS,l,2.0NRT,302.97,2.81,D
22.37856,87.28002,336.63,0.54,0.42,2025-11-05,0739,N21,VIIRS,n,2.0NRT,306.47,7.08,D
21.91885,83.35146,333.39,0.39,0.36,2025-11-05,0739,N21,VIIRS,l,2.0NRT,307.75,4.46,D
21.92215,83.35089,341.31,0.39,0.36,2025-11-05,0739,N21,VIIRS,n,2.0NRT,308.63,4.85,D
22.04006,83.73677,340.88,0.39,0.36,2025-11-05,0739,N21,VIIRS,l,2.0NRT,311.48,13.84,D
22.03951,83.733,351,0.39,0.36,2025-11-05,0739,N21,VIIRS,n,2.0NRT,313.66,7.28,D
22.04283,83.73244,349.15,0.39,0.36,2025-11-05,0739,N21,VIIRS,n,2.0NRT,312.75,7.28,D
22.04228,83.72868,341.51,0.39,0.36,2025-11-05,0739,N21,VIIRS,n,2.0NRT,311.09,7.28,D
22.21325,84.87276,337.6,0.42,0.38,2025-11-05,0739,N21,VIIRS,n,2.0NRT,307.93,5.74,D
22.03763,83.35062,334.81,0.39,0.36,2025-11-05,0739,N21,VIIRS,l,2.0NRT,307.66,3.67,D
21.78993,81.65473,340.8,0.39,0.36,2025-11-05,0739,N21,VIIRS,n,2.0NRT,299.22,5.65,D
21.79147,81.60042,332.02,0.39,0.36,2025-11-05,0739,N21,VIIRS,n,2.0NRT,297.56,2.37,D
22.08735,83.11763,333.51,0.39,0.36,2025-11-05,0739,N21,VIIRS,l,2.0NRT,303.88,4.85,D
21.86194,81.08324,331.51,0.4,0.37,2025-11-05,0739,N21,VIIRS,n,2.0NRT,300.27,3.64,D
22.79836,86.20824,335.11,0.48,0.4,2025-11-05,0739,N21,VIIRS,n,2.0NRT,302.38,4.6,D
22.32965,82.60482,329.62,0.38,0.36,2025-11-05,0739,N21,VIIRS,l,2.0NRT,303.82,1.9,D
21.59324,78.16814,330.38,0.53,0.42,2025-11-05,0739,N21,VIIRS,n,2.0NRT,303.25,2.68,D
21.91546,79.48372,338.32,0.46,0.39,2025-11-05,0739,N21,VIIRS,n,2.0NRT,301.12,4.48,D
22.03192,79.21367,334.63,0.47,0.39,2025-11-05,0739,N21,VIIRS,n,2.0NRT,301.83,4.12,D
22.2192,79.80518,332.19,0.44,0.38,2025-11-05,0739,N21,VIIRS,n,2.0NRT,301.81,5.5,D
22.20318,79.71278,336.76,0.44,0.38,2025-11-05,0739,N21,VIIRS,n,2.0NRT,302.62,6.67,D
22.22559,79.71709,327.45,0.44,0.38,2025-11-05,0739,N21,VIIRS,n,2.0NRT,300.58,1.99,D
22.22252,79.67842,327.95,0.44,0.39,2025-11-05,0739,N21,VIIRS,l,2.0NRT,300.11,4.96,D
22.24835,79.78644,332.36,0.44,0.38,2025-11-05,0739,N21,VIIRS,n,2.0NRT,303.4,3.78,D
22.25736,79.77601,330.22,0.44,0.38,2025-11-05,0739,N21,VIIRS,n,2.0NRT,303.12,1.68,D
22.28505,79.91711,331.97,0.43,0.38,2025-11-05,0739,N21,VIIRS,l,2.0NRT,302.6,4.76,D
22.3031,79.93923,330.43,0.43,0.38,2025-11-05,0739,N21,VIIRS,l,2.0NRT,303.09,2.25,D
22.2883,79.85205,331.58,0.44,0.38,2025-11-05,0739,N21,VIIRS,l,2.0NRT,302.84,3.79,D
22.29091,79.80405,333.61,0.44,0.38,2025-11-05,0739,N21,VIIRS,n,2.0NRT,301.44,5.41,D
22.29858,79.80687,332.27,0.44,0.38,2025-11-05,0739,N21,VIIRS,n,2.0NRT,300.62,1.74,D
22.29716,79.79851,332.46,0.44,0.38,2025-11-05,0739,N21,VIIRS,n,2.0NRT,300.34,4.25,D
22.32452,79.91792,346.01,0.43,0.38,2025-11-05,0739,N21,VIIRS,n,2.0NRT,303.68,12.83,D
22.30972,79.80902,340.42,0.44,0.38,2025-11-05,0739,N21,VIIRS,n,2.0NRT,303.63,5.2,D
22.33401,79.77462,331.56,0.44,0.38,2025-11-05,0739,N21,VIIRS,n,2.0NRT,302.04,4.56,D
22.35246,79.84003,331.86,0.44,0.38,2025-11-05,0739,N21,VIIRS,l,2.0NRT,305.42,4.39,D
22.36021,79.86432,337.11,0.43,0.38,2025-11-05,0739,N21,VIIRS,n,2.0NRT,306.72,17.85,D
22.33578,79.72226,332.22,0.44,0.38,2025-11-05,0739,N21,VIIRS,n,2.0NRT,299,3.4,D
22.3472,79.76769,330.23,0.44,0.38,2025-11-05,0739,N21,VIIRS,l,2.0NRT,304.86,3.96,D
22.36643,79.85878,335.66,0.43,0.38,2025-11-05,0739,N21,VIIRS,n,2.0NRT,305.11,2.96,D
22.35715,79.80462,329.67,0.44,0.38,2025-11-05,0739,N21,VIIRS,n,2.0NRT,301.87,4.09,D
22.35417,79.76633,331.41,0.44,0.38,2025-11-05,0739,N21,VIIRS,l,2.0NRT,302.35,5.55,D
22.04536,78.03063,334.04,0.53,0.42,2025-11-05,0739,N21,VIIRS,n,2.0NRT,301.77,8.29,D
22.39802,80.00202,337.93,0.43,0.38,2025-11-05,0739,N21,VIIRS,n,2.0NRT,297.15,5.03,D
22.36338,79.79909,331.61,0.44,0.38,2025-11-05,0739,N21,VIIRS,n,2.0NRT,303.43,5.13,D
22.38084,79.81722,332.94,0.44,0.38,2025-11-05,0739,N21,VIIRS,l,2.0NRT,304.38,4.37,D
22.39206,79.84092,339.06,0.44,0.38,2025-11-05,0739,N21,VIIRS,n,2.0NRT,303.8,6.1,D
22.39135,79.83676,332.15,0.44,0.38,2025-11-05,0739,N21,VIIRS,l,2.0NRT,304.49,5.21,D
22.39892,79.81802,331.57,0.44,0.38,2025-11-05,0739,N21,VIIRS,n,2.0NRT,302.56,2.91,D
22.38325,79.72592,338.78,0.44,0.38,2025-11-05,0739,N21,VIIRS,n,2.0NRT,297.35,3.63,D
22.41087,79.86734,341.51,0.43,0.38,2025-11-05,0739,N21,VIIRS,n,2.0NRT,304.29,5.37,D
22.40522,79.83404,335.27,0.44,0.38,2025-11-05,0739,N21,VIIRS,n,2.0NRT,304.83,4.56,D
22.40168,79.81317,331.65,0.44,0.38,2025-11-05,0739,N21,VIIRS,n,2.0NRT,302.18,7.26,D
22.40097,79.809,329.11,0.44,0.38,2025-11-05,0739,N21,VIIRS,n,2.0NRT,302.6,6.03,D
22.40727,79.825,331.23,0.44,0.38,2025-11-05,0739,N21,VIIRS,l,2.0NRT,305.16,3.62,D
22.4511,80.06367,329.43,0.43,0.38,2025-11-05,0739,N21,VIIRS,n,2.0NRT,298.7,3.78,D
22.41145,79.8285,331.97,0.44,0.38,2025-11-05,0739,N21,VIIRS,l,2.0NRT,304.87,3.67,D
22.45526,80.00374,328.42,0.43,0.38,2025-11-05,0739,N21,VIIRS,n,2.0NRT,300.65,1.74,D
22.42599,79.80846,336.19,0.44,0.38,2025-11-05,0739,N21,VIIRS,n,2.0NRT,303.33,4.27,D
22.48673,80.12841,333.33,0.42,0.38,2025-11-05,0739,N21,VIIRS,n,2.0NRT,301.45,3.49,D
22.48646,80.12945,331.87,0.42,0.38,2025-11-05,0739,N21,VIIRS,n,2.0NRT,300.51,3.61,D
22.43971,79.81558,332.46,0.44,0.38,2025-11-05,0739,N21,VIIRS,n,2.0NRT,304.43,2.4,D
22.43959,79.79411,333.55,0.44,0.38,2025-11-05,0739,N21,VIIRS,l,2.0NRT,303.93,2.97,D
22.46024,79.8932,334.58,0.43,0.38,2025-11-05,0739,N21,VIIRS,n,2.0NRT,303.32,6.48,D
22.44797,79.80108,328.54,0.44,0.38,2025-11-05,0739,N21,VIIRS,l,2.0NRT,302.99,4.3,D
22.49589,80.03911,328.67,0.43,0.38,2025-11-05,0739,N21,VIIRS,n,2.0NRT,303.17,3.69,D
22.45205,79.78307,333.12,0.44,0.38,2025-11-05,0739,N21,VIIRS,n,2.0NRT,304.25,1.3,D
22.49515,80.01391,331.95,0.43,0.38,2025-11-05,0739,N21,VIIRS,l,2.0NRT,302.85,4.65,D
22.45441,79.71319,334.21,0.44,0.38,2025-11-05,0739,N21,VIIRS,n,2.0NRT,302.87,3.57,D
22.53164,79.9984,334.19,0.43,0.38,2025-11-05,0739,N21,VIIRS,n,2.0NRT,300,3.22,D
22.57224,80.02854,335.86,0.43,0.38,2025-11-05,0739,N21,VIIRS,n,2.0NRT,301.61,4,D
22.60266,80.14935,328.54,0.42,0.38,2025-11-05,0739,N21,VIIRS,n,2.0NRT,300.61,1.03,D
22.60505,79.95504,333.32,0.43,0.38,2025-11-05,0739,N21,VIIRS,n,2.0NRT,300.36,6.2,D
22.60195,79.832,334.67,0.43,0.38,2025-11-05,0739,N21,VIIRS,n,2.0NRT,299.22,4.45,D
23.62815,86.28748,331.77,0.5,0.41,2025-11-05,0739,N21,VIIRS,n,2.0NRT,300.89,2.58,D
23.68689,86.39256,331.65,0.5,0.41,2025-11-05,0739,N21,VIIRS,l,2.0NRT,306.36,8.88,D
23.1636,82.33752,332.55,0.38,0.36,2025-11-05,0739,N21,VIIRS,n,2.0NRT,300.55,4.61,D
23.16802,82.34436,330.35,0.38,0.36,2025-11-05,0739,N21,VIIRS,l,2.0NRT,300.36,4.67,D
23.16745,82.34065,337.77,0.38,0.36,2025-11-05,0739,N21,VIIRS,n,2.0NRT,301.14,4.67,D
23.16688,82.33694,338.56,0.38,0.36,2025-11-05,0739,N21,VIIRS,n,2.0NRT,302.14,4.61,D
22.35885,77.42615,331.25,0.57,0.43,2025-11-05,0739,N21,VIIRS,n,2.0NRT,304.81,5.46,D
23.77951,86.39137,334.09,0.5,0.41,2025-11-05,0739,N21,VIIRS,n,2.0NRT,302.25,4.11,D
22.39143,77.46983,344.86,0.57,0.43,2025-11-05,0739,N21,VIIRS,n,2.0NRT,302.98,9.35,D
23.77905,86.20838,340.83,0.49,0.4,2025-11-05,0739,N21,VIIRS,n,2.0NRT,308.3,10.68,D
23.76011,85.86068,333.07,0.47,0.4,2025-11-05,0739,N21,VIIRS,n,2.0NRT,304.57,3.36,D
22.43922,77.46524,333.88,0.56,0.43,2025-11-05,0739,N21,VIIRS,n,2.0NRT,302.54,6.95,D
22.50285,77.58751,333.04,0.55,0.43,2025-11-05,0739,N21,VIIRS,n,2.0NRT,303.78,6.6,D
22.5175,77.62286,333.44,0.55,0.43,2025-11-05,0739,N21,VIIRS,l,2.0NRT,304.63,6.43,D
22.52135,77.62203,330.39,0.55,0.43,2025-11-05,0739,N21,VIIRS,l,2.0NRT,304.64,3.12,D
22.49353,77.47314,333.15,0.56,0.43,2025-11-05,0739,N21,VIIRS,l,2.0NRT,304.64,4.96,D
22.50132,77.47147,333.24,0.56,0.43,2025-11-05,0739,N21,VIIRS,n,2.0NRT,302.83,4.36,D
22.54933,77.62157,335.81,0.55,0.43,2025-11-05,0739,N21,VIIRS,n,2.0NRT,303.92,3.35,D
22.54344,77.56791,337.93,0.56,0.43,2025-11-05,0739,N21,VIIRS,n,2.0NRT,305.19,12.89,D
22.54829,77.57239,334.52,0.55,0.43,2025-11-05,0739,N21,VIIRS,n,2.0NRT,303.59,4.63,D
22.5424,77.54048,335.26,0.56,0.43,2025-11-05,0739,N21,VIIRS,n,2.0NRT,304.62,3.36,D
22.66936,78.1509,332.49,0.51,0.41,2025-11-05,0739,N21,VIIRS,n,2.0NRT,301.14,3.44,D
22.50298,77.23969,330.71,0.39,0.44,2025-11-05,0739,N21,VIIRS,l,2.0NRT,304,2.05,D
22.68981,78.15679,330.95,0.51,0.41,2025-11-05,0739,N21,VIIRS,n,2.0NRT,300.35,2.63,D
22.58138,77.5296,332.59,0.56,0.43,2025-11-05,0739,N21,VIIRS,l,2.0NRT,305.1,4.33,D
22.77394,78.54941,330.85,0.49,0.4,2025-11-05,0739,N21,VIIRS,n,2.0NRT,299.35,8.59,D
22.80255,78.64504,331.6,0.48,0.4,2025-11-05,0739,N21,VIIRS,n,2.0NRT,298.46,4.76,D
22.60968,77.57307,332.92,0.55,0.43,2025-11-05,0739,N21,VIIRS,l,2.0NRT,304.23,8.25,D
22.81689,78.59869,345.57,0.49,0.4,2025-11-05,0739,N21,VIIRS,n,2.0NRT,302.9,15.62,D
22.64551,77.61475,334.09,0.55,0.43,2025-11-05,0739,N21,VIIRS,n,2.0NRT,303.11,8.68,D
23.07477,80.00021,333.72,0.42,0.38,2025-11-05,0739,N21,VIIRS,n,2.0NRT,302.61,4,D
22.7146,77.9473,330.51,0.53,0.42,2025-11-05,0739,N21,VIIRS,l,2.0NRT,301.22,3.41,D
22.84476,78.56396,336.89,0.49,0.4,2025-11-05,0739,N21,VIIRS,n,2.0NRT,298.71,6.25,D
22.89752,78.77813,333.25,0.48,0.4,2025-11-05,0739,N21,VIIRS,n,2.0NRT,301,3.1,D
23.11247,79.95067,329.49,0.42,0.38,2025-11-05,0739,N21,VIIRS,l,2.0NRT,299.84,2.28,D
22.75267,77.94228,333.85,0.53,0.42,2025-11-05,0739,N21,VIIRS,n,2.0NRT,300.43,7.32,D
22.72094,77.64571,334.96,0.55,0.42,2025-11-05,0739,N21,VIIRS,n,2.0NRT,302.91,12.46,D
22.70948,77.45602,330.06,0.56,0.43,2025-11-05,0739,N21,VIIRS,n,2.0NRT,301.44,2.42,D
22.72412,77.4696,338.57,0.56,0.43,2025-11-05,0739,N21,VIIRS,n,2.0NRT,305.24,8.05,D
22.727,77.46342,337.74,0.56,0.43,2025-11-05,0739,N21,VIIRS,n,2.0NRT,303.5,16.23,D
22.73188,77.46796,347.2,0.56,0.43,2025-11-05,0739,N21,VIIRS,n,2.0NRT,307.04,16.23,D
23.20125,80.08121,334.34,0.42,0.38,2025-11-05,0739,N21,VIIRS,n,2.0NRT,301.9,6.77,D
22.89032,78.2912,331.73,0.5,0.41,2025-11-05,0739,N21,VIIRS,n,2.0NRT,301.2,3.9,D
22.67387,77.11408,334.62,0.39,0.44,2025-11-05,0739,N21,VIIRS,n,2.0NRT,303.14,2.55,D
22.99589,78.7789,332.62,0.47,0.4,2025-11-05,0739,N21,VIIRS,n,2.0NRT,300.28,3.36,D
22.99429,78.76977,335.83,0.47,0.4,2025-11-05,0739,N21,VIIRS,n,2.0NRT,301.56,5.55,D
23.37243,80.37003,334.07,0.41,0.37,2025-11-05,0739,N21,VIIRS,n,2.0NRT,296,4.53,D
23.38835,80.29735,337.42,0.41,0.37,2025-11-05,0739,N21,VIIRS,n,2.0NRT,298.15,4.45,D
22.57977,75.63227,335.11,0.48,0.48,2025-11-05,0739,N21,VIIRS,n,2.0NRT,303.14,1.67,D
22.57885,75.62769,331.26,0.48,0.48,2025-11-05,0739,N21,VIIRS,n,2.0NRT,303.37,3.46,D
23.28515,79.35268,332.2,0.44,0.39,2025-11-05,0739,N21,VIIRS,n,2.0NRT,301.81,4.15,D
23.45045,80.24425,332.33,0.41,0.37,2025-11-05,0739,N21,VIIRS,n,2.0NRT,295.33,1.97,D
23.40737,79.63601,330.27,0.43,0.38,2025-11-05,0739,N21,VIIRS,n,2.0NRT,300.48,3.21,D
23.54506,80.15665,330.59,0.41,0.37,2025-11-05,0739,N21,VIIRS,n,2.0NRT,297.61,3.1,D
23.06616,77.41238,330.61,0.56,0.43,2025-11-05,0739,N21,VIIRS,n,2.0NRT,298.38,4.15,D
24.77246,80.85976,335.87,0.39,0.36,2025-11-05,0739,N21,VIIRS,n,2.0NRT,300.45,5.89,D
23.49693,79.78529,331.84,0.43,0.38,2025-11-05,0739,N21,VIIRS,n,2.0NRT,297.71,3.41,D
24.28478,78.00455,330.38,0.5,0.41,2025-11-05,0739,N21,VIIRS,n,2.0NRT,302.23,3.9,D
24.73574,80.77983,330.42,0.39,0.36,2025-11-05,0739,N21,VIIRS,n,2.0NRT,298.59,1.78,D
24.74112,81.08991,332.85,0.39,0.36,2025-11-05,0739,N21,VIIRS,n,2.0NRT,299.8,2.98,D
24.66853,80.68164,330.45,0.4,0.37,2025-11-05,0739,N21,VIIRS,n,2.0NRT,300.59,1.93,D
24.75775,81.25869,331.64,0.39,0.36,2025-11-05,0739,N21,VIIRS,n,2.0NRT,299.17,5.16,D
24.64731,80.65309,330.97,0.4,0.37,2025-11-05,0739,N21,VIIRS,n,2.0NRT,297.74,4.69,D
24.60179,80.47787,333.33,0.4,0.37,2025-11-05,0739,N21,VIIRS,n,2.0NRT,301.09,3.43,D
24.14219,77.9268,331.25,0.5,0.41,2025-11-05,0739,N21,VIIRS,n,2.0NRT,303.17,4.93,D
24.06209,77.53094,331.84,0.53,0.42,2025-11-05,0739,N21,VIIRS,l,2.0NRT,303.02,7.84,D
24.6316,80.98063,331.07,0.39,0.36,2025-11-05,0739,N21,VIIRS,n,2.0NRT,299.17,1.96,D
27.28141,80.68033,332.52,0.39,0.36,2025-11-05,0741,N21,VIIRS,n,2.0NRT,300.97,3.96,D
27.28532,79.87805,337.2,0.4,0.37,2025-11-05,0741,N21,VIIRS,n,2.0NRT,301.68,4.79,D
27.1979,79.31068,330.38,0.41,0.37,2025-11-05,0741,N21,VIIRS,l,2.0NRT,303.26,2.25,D
27.35905,80.1841,331.57,0.39,0.36,2025-11-05,0741,N21,VIIRS,n,2.0NRT,302,1.73,D
27.6102,81.78262,329.29,0.39,0.36,2025-11-05,0741,N21,VIIRS,n,2.0NRT,301.64,3.56,D
27.60962,81.77874,342.72,0.39,0.36,2025-11-05,0741,N21,VIIRS,n,2.0NRT,302.04,3.56,D
25.60109,79.4452,330.94,0.42,0.38,2025-11-05,0741,N21,VIIRS,n,2.0NRT,302.59,2.21,D
25.82768,80.78341,332.81,0.39,0.36,2025-11-05,0741,N21,VIIRS,n,2.0NRT,299.58,2.09,D
25.86052,80.8403,331.13,0.39,0.36,2025-11-05,0741,N21,VIIRS,n,2.0NRT,299.63,1.74,D
26.01066,81.58019,332.2,0.38,0.36,2025-11-05,0741,N21,VIIRS,n,2.0NRT,301.1,6.65,D
25.92352,80.93456,334.32,0.39,0.36,2025-11-05,0741,N21,VIIRS,n,2.0NRT,302.1,4,D
25.95091,81.08665,337.55,0.39,0.36,2025-11-05,0741,N21,VIIRS,n,2.0NRT,302.26,3.12,D
25.92586,80.90652,332.59,0.39,0.36,2025-11-05,0741,N21,VIIRS,n,2.0NRT,302.61,2.22,D
25.06017,75.98849,335.61,0.41,0.45,2025-11-05,0741,N21,VIIRS,n,2.0NRT,304.63,4.1,D
25.9514,80.9607,332.48,0.39,0.36,2025-11-05,0741,N21,VIIRS,n,2.0NRT,301.61,4.66,D
25.90878,80.62863,334.63,0.39,0.36,2025-11-05,0741,N21,VIIRS,n,2.0NRT,301.58,7.22,D
26.39839,83.75186,330.48,0.42,0.37,2025-11-05,0741,N21,VIIRS,n,2.0NRT,300.92,3.12,D
25.99451,80.97601,335.32,0.39,0.36,2025-11-05,0741,N21,VIIRS,n,2.0NRT,301.63,2.83,D
26.43012,83.67601,332.03,0.41,0.37,2025-11-05,0741,N21,VIIRS,n,2.0NRT,302.28,3.55,D
26.00358,80.77345,345.06,0.39,0.36,2025-11-05,0741,N21,VIIRS,n,2.0NRT,301.35,5.76,D
26.36133,82.93842,332.87,0.4,0.37,2025-11-05,0741,N21,VIIRS,n,2.0NRT,300.49,2.69,D
26.245,82.00652,333.34,0.39,0.36,2025-11-05,0741,N21,VIIRS,n,2.0NRT,300.49,2.42,D
26.05683,80.72345,330.43,0.39,0.36,2025-11-05,0741,N21,VIIRS,n,2.0NRT,302.17,2.44,D
25.92733,79.70396,336.14,0.41,0.37,2025-11-05,0741,N21,VIIRS,n,2.0NRT,301.39,5.85,D
25.72974,78.45821,330.72,0.45,0.39,2025-11-05,0741,N21,VIIRS,n,2.0NRT,302.74,2.89,D
25.94282,79.67164,336.88,0.41,0.37,2025-11-05,0741,N21,VIIRS,n,2.0NRT,301.6,2.72,D
25.94214,79.66761,336.72,0.41,0.37,2025-11-05,0741,N21,VIIRS,n,2.0NRT,300.02,2.72,D
25.94552,79.66693,336.07,0.41,0.37,2025-11-05,0741,N21,VIIRS,n,2.0NRT,299.94,2.72,D
26.56803,83.61082,332.57,0.41,0.37,2025-11-05,0741,N21,VIIRS,n,2.0NRT,301.98,1.96,D
25.93649,79.48831,332.67,0.41,0.37,2025-11-05,0741,N21,VIIRS,n,2.0NRT,302.63,2.76,D
25.75561,78.43884,330.41,0.45,0.39,2025-11-05,0741,N21,VIIRS,l,2.0NRT,302.56,3.46,D
25.47512,76.72823,338.05,0.55,0.43,2025-11-05,0741,N21,VIIRS,n,2.0NRT,303.88,5.73,D
26.12857,80.44634,332.2,0.39,0.36,2025-11-05,0741,N21,VIIRS,n,2.0NRT,299.76,2.38,D
26.25169,81.18244,333.04,0.39,0.36,2025-11-05,0741,N21,VIIRS,n,2.0NRT,301.54,4.04,D
26.55579,83.11605,331.97,0.4,0.37,2025-11-05,0741,N21,VIIRS,n,2.0NRT,300.67,2.72,D
26.28524,81.21925,331.76,0.38,0.36,2025-11-05,0741,N21,VIIRS,n,2.0NRT,299.73,3.78,D
26.2496,80.92713,332.18,0.39,0.36,2025-11-05,0741,N21,VIIRS,n,2.0NRT,301.25,1.97,D
25.32378,75.74199,333.49,0.42,0.45,2025-11-05,0741,N21,VIIRS,n,2.0NRT,304.26,2.52,D
26.43554,81.89268,332.83,0.38,0.36,2025-11-05,0741,N21,VIIRS,n,2.0NRT,301.32,2.99,D
26.75078,83.9995,331.71,0.43,0.38,2025-11-05,0741,N21,VIIRS,n,2.0NRT,301.48,3.23,D
26.00041,79.01188,342.08,0.43,0.38,2025-11-05,0741,N21,VIIRS,n,2.0NRT,300.37,2.94,D
26.00457,79.01538,356.2,0.43,0.38,2025-11-05,0741,N21,VIIRS,l,2.0NRT,301.66,8.52,D
26.00801,79.01466,354.63,0.43,0.38,2025-11-05,0741,N21,VIIRS,n,2.0NRT,301.25,8.52,D
26.01217,79.01816,349.86,0.43,0.38,2025-11-05,0741,N21,VIIRS,n,2.0NRT,302.07,7.13,D
26.18879,80.05902,333.24,0.4,0.37,2025-11-05,0741,N21,VIIRS,n,2.0NRT,300.93,11.46,D
26.29451,80.69345,333.02,0.39,0.36,2025-11-05,0741,N21,VIIRS,n,2.0NRT,303.12,2.29,D
26.23553,80.26527,340.92,0.4,0.37,2025-11-05,0741,N21,VIIRS,n,2.0NRT,302.14,5.79,D
26.68931,83.02404,331.22,0.4,0.37,2025-11-05,0741,N21,VIIRS,n,2.0NRT,301.21,1.73,D
26.35386,80.68183,332.08,0.39,0.36,2025-11-05,0741,N21,VIIRS,n,2.0NRT,301.21,3.12,D
26.31715,80.40987,330.23,0.39,0.36,2025-11-05,0741,N21,VIIRS,n,2.0NRT,301.26,2.38,D
26.41191,80.96332,331.13,0.39,0.36,2025-11-05,0741,N21,VIIRS,n,2.0NRT,300.67,2.18,D
26.54464,81.75903,331.76,0.38,0.36,2025-11-05,0741,N21,VIIRS,l,2.0NRT,302.38,4,D
26.30196,79.67097,333.87,0.41,0.37,2025-11-05,0741,N21,VIIRS,n,2.0NRT,300.48,4.37,D
26.27149,79.44678,331.25,0.41,0.37,2025-11-05,0741,N21,VIIRS,n,2.0NRT,299.94,2.42,D
26.54043,80.86713,339.32,0.39,0.36,2025-11-05,0741,N21,VIIRS,n,2.0NRT,300.47,3.52,D
26.54372,80.86649,334,0.39,0.36,2025-11-05,0741,N21,VIIRS,n,2.0NRT,301.56,3.52,D
26.85661,82.86456,337.38,0.4,0.37,2025-11-05,0741,N21,VIIRS,n,2.0NRT,301.66,3.72,D
26.86607,82.8588,335.05,0.4,0.37,2025-11-05,0741,N21,VIIRS,n,2.0NRT,301.21,2.93,D
26.56995,80.81786,330.59,0.39,0.36,2025-11-05,0741,N21,VIIRS,l,2.0NRT,300.66,2.94,D
26.39366,79.66899,330.02,0.41,0.37,2025-11-05,0741,N21,VIIRS,n,2.0NRT,300.01,2.04,D
26.58959,80.77045,331.93,0.39,0.36,2025-11-05,0741,N21,VIIRS,n,2.0NRT,301.05,2.03,D
26.65781,80.92005,330.37,0.39,0.36,2025-11-05,0741,N21,VIIRS,n,2.0NRT,301.02,0.99,D
26.65929,80.90791,334.07,0.39,0.36,2025-11-05,0741,N21,VIIRS,n,2.0NRT,301.23,2.35,D
26.98055,82.8761,329.74,0.4,0.37,2025-11-05,0741,N21,VIIRS,n,2.0NRT,299.73,3.12,D
26.65783,80.59883,336.47,0.39,0.36,2025-11-05,0741,N21,VIIRS,n,2.0NRT,300.2,2.19,D
26.58065,79.86731,331.95,0.4,0.37,2025-11-05,0741,N21,VIIRS,n,2.0NRT,299.54,2.16,D
27.09611,82.85174,331,0.4,0.37,2025-11-05,0741,N21,VIIRS,n,2.0NRT,299.11,2.39,D
26.68881,79.70152,337.13,0.4,0.37,2025-11-05,0741,N21,VIIRS,n,2.0NRT,301.01,2.99,D
26.91744,81.05531,338.65,0.38,0.36,2025-11-05,0741,N21,VIIRS,n,2.0NRT,299.06,2.65,D
26.69371,79.29393,330.23,0.41,0.37,2025-11-05,0741,N21,VIIRS,n,2.0NRT,299.2,1.34,D
26.82332,79.99446,336.52,0.4,0.37,2025-11-05,0741,N21,VIIRS,n,2.0NRT,301.1,3.38,D
27.22065,78.92589,330.83,0.42,0.38,2025-11-05,0741,N21,VIIRS,n,2.0NRT,300.68,2.69,D
27.20628,78.71936,334.32,0.43,0.38,2025-11-05,0741,N21,VIIRS,n,2.0NRT,301.3,2.83,D
27.68278,81.45102,335.35,0.38,0.36,2025-11-05,0741,N21,VIIRS,n,2.0NRT,301.88,5.59,D
27.72887,81.64489,330.18,0.39,0.36,2025-11-05,0741,N21,VIIRS,n,2.0NRT,302.08,2.21,D
27.44816,79.84905,330.07,0.4,0.37,2025-11-05,0741,N21,VIIRS,n,2.0NRT,302.93,2.09,D
27.09617,77.76116,335.2,0.47,0.39,2025-11-05,0741,N21,VIIRS,n,2.0NRT,304.83,2.24,D
27.75099,81.62943,334.44,0.39,0.36,2025-11-05,0741,N21,VIIRS,n,2.0NRT,301.34,3.32,D
27.33064,78.99009,331.93,0.42,0.37,2025-11-05,0741,N21,VIIRS,n,2.0NRT,302.63,2.83,D
27.70481,81.1459,339.31,0.38,0.36,2025-11-05,0741,N21,VIIRS,n,2.0NRT,300.31,4.85,D
27.32486,78.73044,330.27,0.43,0.38,2025-11-05,0741,N21,VIIRS,l,2.0NRT,301.6,2.26,D
27.32829,78.7297,333.16,0.43,0.38,2025-11-05,0741,N21,VIIRS,n,2.0NRT,303.69,2.28,D
27.52656,79.89101,340.18,0.4,0.37,2025-11-05,0741,N21,VIIRS,n,2.0NRT,303.17,5.33,D
27.78732,81.51114,330.35,0.38,0.36,2025-11-05,0741,N21,VIIRS,n,2.0NRT,301.23,1.88,D
27.85469,81.61787,327.83,0.39,0.36,2025-11-05,0741,N21,VIIRS,l,2.0NRT,301.86,2.36,D
27.67969,80.12025,333.88,0.39,0.36,2025-11-05,0741,N21,VIIRS,n,2.0NRT,302.98,2.48,D
27.82582,80.76468,332.04,0.39,0.36,2025-11-05,0741,N21,VIIRS,n,2.0NRT,302.01,2.29,D
27.50561,78.71498,332.74,0.42,0.38,2025-11-05,0741,N21,VIIRS,n,2.0NRT,300.03,3.78,D
27.83839,80.6665,329.92,0.39,0.36,2025-11-05,0741,N21,VIIRS,n,2.0NRT,300.64,2.1,D
27.79626,80.31459,338.39,0.39,0.36,2025-11-05,0741,N21,VIIRS,n,2.0NRT,303.77,4.75,D
27.99295,81.51985,332.64,0.39,0.36,2025-11-05,0741,N21,VIIRS,n,2.0NRT,301.5,2.73,D
27.36921,77.65707,333.1,0.47,0.4,2025-11-05,0741,N21,VIIRS,l,2.0NRT,304.71,8.36,D
28.00674,80.67779,330.72,0.39,0.36,2025-11-05,0741,N21,VIIRS,n,2.0NRT,300.54,2.83,D
27.59165,78.12791,334.13,0.44,0.39,2025-11-05,0741,N21,VIIRS,n,2.0NRT,305.68,3.21,D
27.67023,78.47753,336.44,0.43,0.38,2025-11-05,0741,N21,VIIRS,n,2.0NRT,299.15,1.8,D
28.16008,81.38492,330.4,0.38,0.36,2025-11-05,0741,N21,VIIRS,n,2.0NRT,302.83,1.6,D
28.07551,79.97176,342.02,0.39,0.36,2025-11-05,0741,N21,VIIRS,n,2.0NRT,302.58,3.48,D
27.65274,77.44781,336.33,0.47,0.4,2025-11-05,0741,N21,VIIRS,n,2.0NRT,310.36,5.79,D
28.16766,79.92919,332.69,0.39,0.36,2025-11-05,0741,N21,VIIRS,n,2.0NRT,303.06,3.24,D
28.24679,80.33802,332.39,0.39,0.36,2025-11-05,0741,N21,VIIRS,n,2.0NRT,304.12,3.55,D
27.80437,77.41077,336.41,0.47,0.4,2025-11-05,0741,N21,VIIRS,n,2.0NRT,306.04,2.16,D
28.19857,79.69767,334.97,0.4,0.37,2025-11-05,0741,N21,VIIRS,n,2.0NRT,303.62,4.07,D
28.20382,79.70892,334.11,0.4,0.37,2025-11-05,0741,N21,VIIRS,n,2.0NRT,302.8,2.46,D
28.20585,79.70027,337.34,0.4,0.37,2025-11-05,0741,N21,VIIRS,n,2.0NRT,303.01,4.95,D
28.20867,79.70008,330.65,0.4,0.37,2025-11-05,0741,N21,VIIRS,l,2.0NRT,301.73,4.17,D
28.28535,80.00301,335.13,0.39,0.36,2025-11-05,0741,N21,VIIRS,n,2.0NRT,302.89,3.08,D
28.27975,79.9472,332.39,0.39,0.36,2025-11-05,0741,N21,VIIRS,n,2.0NRT,302.4,2.85,D
28.32249,80.14947,330.04,0.39,0.36,2025-11-05,0741,N21,VIIRS,n,2.0NRT,301.6,2.1,D
28.29424,79.95238,331.59,0.39,0.36,2025-11-05,0741,N21,VIIRS,n,2.0NRT,300.9,2.55,D
28.25376,79.70306,332.73,0.4,0.37,2025-11-05,0741,N21,VIIRS,n,2.0NRT,302.17,3.39,D
28.41981,80.11749,334.78,0.39,0.36,2025-11-05,0741,N21,VIIRS,n,2.0NRT,300.99,3.19,D
28.47097,80.05434,332.23,0.39,0.36,2025-11-05,0741,N21,VIIRS,l,2.0NRT,302.67,2.56,D
28.52168,80.17847,331.51,0.39,0.36,2025-11-05,0741,N21,VIIRS,n,2.0NRT,301.56,2.5,D
28.13894,77.50567,330.39,0.46,0.39,2025-11-05,0741,N21,VIIRS,l,2.0NRT,304.42,3.3,D
28.58617,80.09245,330.49,0.39,0.36,2025-11-05,0741,N21,VIIRS,n,2.0NRT,300.26,2.46,D
28.67347,80.23248,334.79,0.39,0.36,2025-11-05,0741,N21,VIIRS,n,2.0NRT,300.98,2.81,D
28.32425,78.01547,334.65,0.44,0.38,2025-11-05,0741,N21,VIIRS,n,2.0NRT,305.94,3.08,D
28.65042,79.51872,330.25,0.4,0.37,2025-11-05,0741,N21,VIIRS,l,2.0NRT,301.08,4.13,D
28.81037,79.61827,332.02,0.39,0.36,2025-11-05,0741,N21,VIIRS,n,2.0NRT,300.76,2.48,D
28.75443,79.27701,331.03,0.4,0.37,2025-11-05,0741,N21,VIIRS,n,2.0NRT,301.01,8.03,D
28.88445,79.95101,332.33,0.39,0.36,2025-11-05,0741,N21,VIIRS,n,2.0NRT,303.26,3.73,D
28.86201,79.74725,332.93,0.39,0.36,2025-11-05,0741,N21,VIIRS,n,2.0NRT,300.8,3.42,D
28.86531,79.74656,329.73,0.39,0.36,2025-11-05,0741,N21,VIIRS,n,2.0NRT,301.27,2.25,D
28.89663,79.814,332.82,0.39,0.36,2025-11-05,0741,N21,VIIRS,n,2.0NRT,302.44,4.34,D
28.83943,79.42206,332.33,0.4,0.37,2025-11-05,0741,N21,VIIRS,n,2.0NRT,302.32,3.39,D
28.82545,79.33755,331.12,0.4,0.37,2025-11-05,0741,N21,VIIRS,n,2.0NRT,303.83,2.53,D
28.9161,79.87126,329.21,0.39,0.36,2025-11-05,0741,N21,VIIRS,l,2.0NRT,302.33,3.55,D
28.90296,79.72666,341.92,0.39,0.36,2025-11-05,0741,N21,VIIRS,n,2.0NRT,303.02,4.96,D
28.41737,76.72848,333.3,0.5,0.41,2025-11-05,0741,N21,VIIRS,l,2.0NRT,305.87,3.17,D
28.91437,79.48095,333.51,0.4,0.37,2025-11-05,0741,N21,VIIRS,n,2.0NRT,302.01,3.66,D
28.88621,79.16981,336.04,0.4,0.37,2025-11-05,0741,N21,VIIRS,n,2.0NRT,302.08,5.34,D
29.01873,79.93576,328.92,0.39,0.36,2025-11-05,0741,N21,VIIRS,l,2.0NRT,302.95,2.08,D
28.89351,79.15141,331.68,0.4,0.37,2025-11-05,0741,N21,VIIRS,n,2.0NRT,302.24,1.83,D
28.94249,79.42541,329.17,0.4,0.37,2025-11-05,0741,N21,VIIRS,l,2.0NRT,300.72,2.22,D
28.98291,79.48328,337.64,0.4,0.37,2025-11-05,0741,N21,VIIRS,n,2.0NRT,301.74,5.12,D
28.98094,79.47124,331.83,0.4,0.37,2025-11-05,0741,N21,VIIRS,n,2.0NRT,301.67,5.09,D
28.98028,79.46724,330.19,0.4,0.37,2025-11-05,0741,N21,VIIRS,l,2.0NRT,300.35,5.09,D
28.98426,79.47055,331.97,0.4,0.37,2025-11-05,0741,N21,VIIRS,n,2.0NRT,301.37,3.75,D
29.02361,79.27592,331.21,0.4,0.37,2025-11-05,0741,N21,VIIRS,n,2.0NRT,300.93,2.42,D
29.02695,79.27522,331.43,0.4,0.37,2025-11-05,0741,N21,VIIRS,n,2.0NRT,300.3,4.75,D
29.01955,79.23074,334.24,0.4,0.37,2025-11-05,0741,N21,VIIRS,n,2.0NRT,301.78,4.25,D
29.02356,79.23407,345.13,0.4,0.37,2025-11-05,0741,N21,VIIRS,n,2.0NRT,305.98,20.36,D
29.02154,79.22193,332.23,0.4,0.37,2025-11-05,0741,N21,VIIRS,n,2.0NRT,301.49,2.44,D
29.05286,79.20265,332.14,0.4,0.37,2025-11-05,0741,N21,VIIRS,n,2.0NRT,300.58,2.71,D
29.06088,79.2303,341.53,0.4,0.37,2025-11-05,0741,N21,VIIRS,n,2.0NRT,301.93,5.41,D
29.06087,79.20934,347.89,0.4,0.37,2025-11-05,0741,N21,VIIRS,n,2.0NRT,302.49,6.6,D
29.06485,79.1917,334.97,0.4,0.37,2025-11-05,0741,N21,VIIRS,n,2.0NRT,300.42,4.8,D
29.06418,79.18764,331.97,0.4,0.37,2025-11-05,0741,N21,VIIRS,n,2.0NRT,301.16,3.93,D
29.1493,79.22851,330.48,0.4,0.37,2025-11-05,0741,N21,VIIRS,n,2.0NRT,299.52,2.26,D
29.0445,78.31757,345.23,0.42,0.38,2025-11-05,0741,N21,VIIRS,n,2.0NRT,300.27,7.88,D
29.14691,78.83947,330.87,0.41,0.37,2025-11-05,0741,N21,VIIRS,n,2.0NRT,301.68,1.49,D
28.8429,77.02727,332.08,0.48,0.4,2025-11-05,0741,N21,VIIRS,n,2.0NRT,299.31,3.32,D
29.17211,78.87735,329.23,0.41,0.37,2025-11-05,0741,N21,VIIRS,l,2.0NRT,303.7,2.71,D
28.84312,77.02412,331.16,0.48,0.4,2025-11-05,0741,N21,VIIRS,n,2.0NRT,300.81,3.95,D
29.22308,79.01516,339.9,0.4,0.37,2025-11-05,0741,N21,VIIRS,n,2.0NRT,301.6,6.18,D
29.24662,79.05242,339.31,0.4,0.37,2025-11-05,0741,N21,VIIRS,n,2.0NRT,301.67,5.46,D
29.25318,79.00867,339.99,0.4,0.37,2025-11-05,0741,N21,VIIRS,n,2.0NRT,302.07,4.1,D
29.4202,78.67896,330.21,0.41,0.37,2025-11-05,0741,N21,VIIRS,n,2.0NRT,299.75,2.76,D
29.45631,78.74858,329.46,0.41,0.37,2025-11-05,0741,N21,VIIRS,n,2.0NRT,302.62,1.79,D
29.09628,76.30957,330.43,0.51,0.41,2025-11-05,0741,N21,VIIRS,n,2.0NRT,300.31,5.63,D
29.05071,75.81902,330.85,0.54,0.42,2025-11-05,0741,N21,VIIRS,n,2.0NRT,299.63,2.43,D
29.37216,77.35314,330.86,0.45,0.39,2025-11-05,0741,N21,VIIRS,n,2.0NRT,300.54,2.49,D
29.27357,76.12666,333.86,0.52,0.41,2025-11-05,0741,N21,VIIRS,n,2.0NRT,302.09,10.79,D
29.82206,78.15639,337.03,0.42,0.38,2025-11-05,0741,N21,VIIRS,n,2.0NRT,299.75,4,D
29.18309,73.77386,331.49,0.46,0.47,2025-11-05,0741,N21,VIIRS,n,2.0NRT,303.78,1.04,D
29.35074,74.2674,339.78,0.43,0.46,2025-11-05,0741,N21,VIIRS,n,2.0NRT,303.16,5.12,D
29.1908,73.49928,332.67,0.48,0.48,2025-11-05,0741,N21,VIIRS,n,2.0NRT,303.04,4.99,D
29.21206,73.51376,336.86,0.48,0.48,2025-11-05,0741,N21,VIIRS,n,2.0NRT,300.93,2.93,D
29.42768,74.49806,341.1,0.42,0.45,2025-11-05,0741,N21,VIIRS,n,2.0NRT,299.7,8.5,D
29.39869,74.35436,338.88,0.42,0.46,2025-11-05,0741,N21,VIIRS,n,2.0NRT,301.32,4.5,D
29.24684,73.54974,336.63,0.47,0.48,2025-11-05,0741,N21,VIIRS,n,2.0NRT,300.51,2.64,D
29.47957,74.46404,340.82,0.42,0.45,2025-11-05,0741,N21,VIIRS,n,2.0NRT,300.33,4.85,D
29.48363,74.46298,341.18,0.42,0.45,2025-11-05,0741,N21,VIIRS,n,2.0NRT,301.22,9.4,D
29.91804,76.63467,332.04,0.48,0.4,2025-11-05,0741,N21,VIIRS,n,2.0NRT,299.9,3.04,D
29.92164,76.6338,334.15,0.48,0.4,2025-11-05,0741,N21,VIIRS,n,2.0NRT,304.32,8.11,D
29.50412,74.47971,330.43,0.42,0.45,2025-11-05,0741,N21,VIIRS,n,2.0NRT,300.06,2.63,D
29.21599,73.10048,346.28,0.5,0.49,2025-11-05,0741,N21,VIIRS,n,2.0NRT,306.8,26.5,D
29.41605,74.00725,339.01,0.44,0.46,2025-11-05,0741,N21,VIIRS,n,2.0NRT,300.86,2.51,D
29.53461,74.54629,341.07,0.41,0.45,2025-11-05,0741,N21,VIIRS,n,2.0NRT,303.71,10.92,D
29.53378,74.54214,335.6,0.41,0.45,2025-11-05,0741,N21,VIIRS,n,2.0NRT,301.52,10.92,D
29.60354,74.84911,331.93,0.4,0.44,2025-11-05,0741,N21,VIIRS,n,2.0NRT,301.21,1.66,D
29.53654,74.47126,340.54,0.42,0.45,2025-11-05,0741,N21,VIIRS,n,2.0NRT,306.05,9.5,D
29.47072,74.0815,343.11,0.44,0.46,2025-11-05,0741,N21,VIIRS,n,2.0NRT,305.75,12.55,D
29.47173,74.08163,340.2,0.44,0.46,2025-11-05,0741,N21,VIIRS,n,2.0NRT,305.95,11.49,D
29.58474,74.56365,330.33,0.41,0.45,2025-11-05,0741,N21,VIIRS,n,2.0NRT,301.14,2.8,D
29.44122,73.81101,343.83,0.45,0.47,2025-11-05,0741,N21,VIIRS,n,2.0NRT,304.62,10.46,D
29.51894,74.16145,340.73,0.43,0.46,2025-11-05,0741,N21,VIIRS,n,2.0NRT,304.95,13,D
29.51443,74.13969,339.92,0.43,0.46,2025-11-05,0741,N21,VIIRS,n,2.0NRT,303.95,6.94,D
29.45499,73.8553,340.24,0.45,0.47,2025-11-05,0741,N21,VIIRS,n,2.0NRT,302.4,4.8,D
29.57852,74.42944,338.95,0.42,0.45,2025-11-05,0741,N21,VIIRS,n,2.0NRT,300.41,10.23,D
29.57766,74.42524,333.14,0.42,0.45,2025-11-05,0741,N21,VIIRS,n,2.0NRT,303.15,10.23,D
29.4592,73.85419,341.67,0.45,0.47,2025-11-05,0741,N21,VIIRS,n,2.0NRT,304.07,6.4,D
29.69239,74.97121,333.04,0.39,0.44,2025-11-05,0741,N21,VIIRS,n,2.0NRT,301.32,3.72,D
29.54683,74.25435,341.72,0.43,0.46,2025-11-05,0741,N21,VIIRS,n,2.0NRT,303.4,7.41,D
29.4948,73.98221,340.63,0.44,0.46,2025-11-05,0741,N21,VIIRS,n,2.0NRT,303.53,5.46,D
29.57201,74.29288,346.49,0.42,0.46,2025-11-05,0741,N21,VIIRS,n,2.0NRT,311.78,33.67,D
29.59331,74.11491,333.1,0.43,0.46,2025-11-05,0741,N21,VIIRS,n,2.0NRT,301.43,3.68,D
29.7147,74.38975,341.87,0.42,0.45,2025-11-05,0741,N21,VIIRS,n,2.0NRT,304.71,5.29,D
29.93776,75.32845,336.14,0.55,0.43,2025-11-05,0741,N21,VIIRS,n,2.0NRT,299.78,5.43,D
30.04152,75.66714,333.55,0.53,0.42,2025-11-05,0741,N21,VIIRS,n,2.0NRT,304.35,9,D
29.93961,75.04492,331.29,0.57,0.43,2025-11-05,0741,N21,VIIRS,n,2.0NRT,299.99,6.48,D
29.72342,73.97907,330.5,0.44,0.46,2025-11-05,0741,N21,VIIRS,n,2.0NRT,305.04,2.34,D
30.29445,76.64528,332.01,0.47,0.4,2025-11-05,0741,N21,VIIRS,n,2.0NRT,303.01,7.87,D
29.91432,74.64574,345.98,0.4,0.44,2025-11-05,0741,N21,VIIRS,n,2.0NRT,301.08,5.85,D
30.02534,74.94344,344.36,0.38,0.43,2025-11-05,0741,N21,VIIRS,n,2.0NRT,301.92,5.84,D
29.94261,74.511,342.19,0.41,0.45,2025-11-05,0741,N21,VIIRS,n,2.0NRT,300.65,5.29,D
30.0806,75.14008,338.4,0.56,0.43,2025-11-05,0741,N21,VIIRS,n,2.0NRT,301.46,7.23,D
30.29856,76.23643,331.84,0.49,0.4,2025-11-05,0741,N21,VIIRS,n,2.0NRT,303,8.73,D
30.06209,74.94212,341.13,0.38,0.43,2025-11-05,0741,N21,VIIRS,n,2.0NRT,300.74,5.33,D
30.10987,75.10262,337.55,0.56,0.43,2025-11-05,0741,N21,VIIRS,n,2.0NRT,302.34,9.71,D
30.29478,75.85956,335.94,0.51,0.41,2025-11-05,0741,N21,VIIRS,n,2.0NRT,302.85,5.72,D
30.14383,75.06725,333.48,0.56,0.43,2025-11-05,0741,N21,VIIRS,n,2.0NRT,301.15,4.69,D
30.03227,74.51334,340.04,0.4,0.45,2025-11-05,0741,N21,VIIRS,n,2.0NRT,304.1,37.97,D
30.15024,75.01732,332.46,0.57,0.43,2025-11-05,0741,N21,VIIRS,n,2.0NRT,299.13,10.77,D
29.95105,74.01361,340.2,0.43,0.46,2025-11-05,0741,N21,VIIRS,n,2.0NRT,305.03,3.84,D
30.15001,74.97491,337.1,0.57,0.43,2025-11-05,0741,N21,VIIRS,n,2.0NRT,299.51,6.33,D
30.0582,73.80846,333.34,0.44,0.46,2025-11-05,0741,N21,VIIRS,n,2.0NRT,301.35,3.27,D
30.39818,75.45665,334.99,0.53,0.42,2025-11-05,0741,N21,VIIRS,n,2.0NRT,303.43,12.18,D
30.47752,75.78699,330.12,0.51,0.41,2025-11-05,0741,N21,VIIRS,n,2.0NRT,300.09,2.5,D
30.2548,74.37794,337.51,0.41,0.45,2025-11-05,0741,N21,VIIRS,n,2.0NRT,301.84,3.34,D
30.26366,74.37995,340.35,0.41,0.45,2025-11-05,0741,N21,VIIRS,n,2.0NRT,303.6,7.05,D
30.32937,74.60271,339.49,0.4,0.44,2025-11-05,0741,N21,VIIRS,n,2.0NRT,301.93,9.49,D
26.88521,80.22993,332.22,0.39,0.36,2025-11-05,0741,N21,VIIRS,n,2.0NRT,300.15,3.11,D
26.78128,79.57955,331.87,0.41,0.37,2025-11-05,0741,N21,VIIRS,n,2.0NRT,301.41,5.38,D
27.36207,83.37523,335.28,0.41,0.37,2025-11-05,0741,N21,VIIRS,n,2.0NRT,301.65,3.71,D
26.71981,79.19581,330.44,0.42,0.37,2025-11-05,0741,N21,VIIRS,n,2.0NRT,300.89,2.27,D
26.8195,79.70454,338.65,0.4,0.37,2025-11-05,0741,N21,VIIRS,n,2.0NRT,302.85,4.28,D
26.73091,79.11636,332.01,0.42,0.38,2025-11-05,0741,N21,VIIRS,n,2.0NRT,300.9,2.75,D
26.87508,79.68486,334.08,0.4,0.37,2025-11-05,0741,N21,VIIRS,n,2.0NRT,302.64,2.93,D
26.84309,79.40762,331.46,0.41,0.37,2025-11-05,0741,N21,VIIRS,n,2.0NRT,301.48,4.09,D
27.33123,82.50219,331.09,0.39,0.36,2025-11-05,0741,N21,VIIRS,n,2.0NRT,300,2.81,D
27.1979,81.55043,338.7,0.38,0.36,2025-11-05,0741,N21,VIIRS,n,2.0NRT,300.98,5.62,D
27.30757,81.83056,330.7,0.39,0.36,2025-11-05,0741,N21,VIIRS,n,2.0NRT,300.26,2.09,D
27.31374,81.84924,329.65,0.39,0.36,2025-11-05,0741,N21,VIIRS,n,2.0NRT,300.22,3.05,D
27.07377,80.04635,343.5,0.39,0.37,2025-11-05,0741,N21,VIIRS,n,2.0NRT,303.84,11.08,D
27.10514,80.00747,331.73,0.4,0.37,2025-11-05,0741,N21,VIIRS,n,2.0NRT,301.68,1.94,D
24.67492,77.82382,332.23,0.5,0.41,2025-11-05,0741,N21,VIIRS,n,2.0NRT,303.61,3.47,D
25.41584,82.28606,334.76,0.39,0.36,2025-11-05,0741,N21,VIIRS,n,2.0NRT,300.56,2.65,D
24.69464,77.78436,341.27,0.5,0.41,2025-11-05,0741,N21,VIIRS,n,2.0NRT,305.12,7,D
25.36313,81.49079,341.9,0.38,0.36,2025-11-05,0741,N21,VIIRS,n,2.0NRT,302.36,5.42,D
24.69218,77.46738,335.68,0.52,0.42,2025-11-05,0741,N21,VIIRS,n,2.0NRT,305.95,8.77,D
25.39233,81.50475,333.28,0.38,0.36,2025-11-05,0741,N21,VIIRS,n,2.0NRT,302.11,2.48,D
25.38556,81.33073,330.9,0.39,0.36,2025-11-05,0741,N21,VIIRS,n,2.0NRT,301.16,2.49,D
25.40173,81.30425,332.45,0.39,0.36,2025-11-05,0741,N21,VIIRS,n,2.0NRT,301.5,3.2,D
23.05579,69.39246,330.53,0.58,0.7,2025-11-05,0741,N21,VIIRS,n,2.0NRT,301.15,5.79,D
25.46132,81.31308,332.09,0.39,0.36,2025-11-05,0741,N21,VIIRS,n,2.0NRT,300.76,2.24,D
25.47204,81.33836,332.45,0.39,0.36,2025-11-05,0741,N21,VIIRS,n,2.0NRT,300.73,3.6,D
23.25321,69.91266,332.38,0.53,0.67,2025-11-05,0741,N21,VIIRS,n,2.0NRT,299.86,3.77,D
25.48945,81.2765,331.53,0.39,0.36,2025-11-05,0741,N21,VIIRS,n,2.0NRT,299.16,2.39,D
25.55569,81.43549,339.86,0.38,0.36,2025-11-05,0741,N21,VIIRS,n,2.0NRT,300.38,3.68,D
25.55897,81.23965,334.04,0.39,0.36,2025-11-05,0741,N21,VIIRS,n,2.0NRT,300.18,3.08,D
25.50302,80.88533,330.25,0.39,0.36,2025-11-05,0741,N21,VIIRS,n,2.0NRT,300.75,3.37,D
24.99162,77.73655,333.24,0.5,0.41,2025-11-05,0741,N21,VIIRS,n,2.0NRT,302.81,3.74,D
25.68074,81.8093,330.29,0.38,0.36,2025-11-05,0741,N21,VIIRS,n,2.0NRT,299.93,1.16,D
25.31084,79.41731,350.52,0.42,0.38,2025-11-05,0741,N21,VIIRS,n,2.0NRT,300.57,9.77,D
25.31014,79.41319,356.12,0.42,0.38,2025-11-05,0741,N21,VIIRS,l,2.0NRT,300.85,9.77,D
25.30875,79.40491,356.12,0.42,0.38,2025-11-05,0741,N21,VIIRS,l,2.0NRT,301.35,41.84,D
25.31287,79.40835,336.66,0.42,0.38,2025-11-05,0741,N21,VIIRS,n,2.0NRT,300.8,20.12,D
25.31147,79.40007,336.68,0.42,0.38,2025-11-05,0741,N21,VIIRS,n,2.0NRT,300.04,5.61,D
25.31426,79.41663,356.22,0.42,0.38,2025-11-05,0741,N21,VIIRS,l,2.0NRT,300.88,12.24,D
25.31356,79.41248,355.88,0.42,0.38,2025-11-05,0741,N21,VIIRS,l,2.0NRT,301.5,12.24,D
25.31217,79.40421,356.12,0.42,0.38,2025-11-05,0741,N21,VIIRS,l,2.0NRT,301.74,20.12,D
25.68539,81.70718,332.54,0.38,0.36,2025-11-05,0741,N21,VIIRS,n,2.0NRT,300.67,2.64,D
25.31489,79.39937,344.08,0.42,0.38,2025-11-05,0741,N21,VIIRS,n,2.0NRT,300.2,5.61,D
25.31526,79.40402,349.88,0.42,0.38,2025-11-05,0741,N21,VIIRS,n,2.0NRT,300.86,12.6,D
25.31454,79.39989,347.18,0.42,0.38,2025-11-05,0741,N21,VIIRS,n,2.0NRT,300.46,10.19,D
25.62712,81.23829,335.62,0.39,0.36,2025-11-05,0741,N21,VIIRS,n,2.0NRT,302.26,7.67,D
26.81835,90.28502,330.62,0.62,0.54,2025-11-05,0741,N21,VIIRS,n,2.0NRT,296.88,3.52,D
25.80617,81.71233,334.22,0.38,0.36,2025-11-05,0741,N21,VIIRS,n,2.0NRT,299.62,3.74,D
25.72888,81.01939,331.48,0.39,0.36,2025-11-05,0741,N21,VIIRS,n,2.0NRT,301,2.52,D
25.90123,81.64381,342.04,0.38,0.36,2025-11-05,0741,N21,VIIRS,n,2.0NRT,300.43,4.96,D
25.79054,80.80644,333.05,0.39,0.36,2025-11-05,0741,N21,VIIRS,n,2.0NRT,300.39,3.93,D
26.06895,82.56204,331.85,0.39,0.36,2025-11-05,0741,N21,VIIRS,n,2.0NRT,299.3,2.31,D
25.83996,80.90351,331.48,0.39,0.36,2025-11-05,0741,N21,VIIRS,n,2.0NRT,301.21,1.88,D
25.60248,79.45341,333.72,0.42,0.38,2025-11-05,0741,N21,VIIRS,n,2.0NRT,302.15,5.11,D
25.60178,79.44931,333.44,0.42,0.38,2025-11-05,0741,N21,VIIRS,n,2.0NRT,304.03,5.11,D
27.61234,81.77425,333.59,0.39,0.36,2025-11-05,0741,N21,VIIRS,n,2.0NRT,301.52,4.68,D
27.19325,79.01318,331.99,0.42,0.38,2025-11-05,0741,N21,VIIRS,n,2.0NRT,302.14,2.32,D
30.9745,74.79243,335.82,0.56,0.43,2025-11-05,0743,N21,VIIRS,n,2.0NRT,303.41,8.82,D
31.00787,76.25919,339.99,0.48,0.4,2025-11-05,0743,N21,VIIRS,n,2.0NRT,299.89,5.38,D
31.02314,76.23995,329.71,0.48,0.4,2025-11-05,0743,N21,VIIRS,n,2.0NRT,299.93,1.31,D
30.97024,75.51054,331.37,0.52,0.41,2025-11-05,0743,N21,VIIRS,n,2.0NRT,298.05,3.87,D
30.97694,75.32265,331.75,0.53,0.42,2025-11-05,0743,N21,VIIRS,n,2.0NRT,301.51,6.77,D
30.76941,74.28187,331.38,0.4,0.44,2025-11-05,0743,N21,VIIRS,n,2.0NRT,302.79,1.41,D
30.99007,75.26778,332.32,0.53,0.42,2025-11-05,0743,N21,VIIRS,n,2.0NRT,301.5,4.91,D
30.93361,74.44457,338.45,0.39,0.44,2025-11-05,0743,N21,VIIRS,n,2.0NRT,303.69,3.65,D
31.39872,74.87835,329.58,0.55,0.43,2025-11-05,0743,N21,VIIRS,n,2.0NRT,299.6,4.21,D
31.39698,74.88218,330.16,0.55,0.43,2025-11-05,0743,N21,VIIRS,n,2.0NRT,300.31,1.82,D
31.38778,74.67449,330.64,0.56,0.43,2025-11-05,0743,N21,VIIRS,n,2.0NRT,301.11,4.34,D
31.54611,74.87609,331.98,0.55,0.42,2025-11-05,0743,N21,VIIRS,l,2.0NRT,303.28,6.36,D
31.70284,74.78542,337.67,0.55,0.43,2025-11-05,0743,N21,VIIRS,n,2.0NRT,300.95,5.42,D
31.69162,74.58121,340.5,0.56,0.43,2025-11-05,0743,N21,VIIRS,n,2.0NRT,302.92,8.13,D
31.74228,74.54928,334.95,0.56,0.43,2025-11-05,0743,N21,VIIRS,n,2.0NRT,300.31,6.82,D
31.9347,74.90686,331.43,0.54,0.42,2025-11-05,0743,N21,VIIRS,n,2.0NRT,301.37,5.54,D
31.96479,74.84493,331.4,0.54,0.42,2025-11-05,0743,N21,VIIRS,n,2.0NRT,299.62,3.72,D
30.60056,75.89487,339.68,0.5,0.41,2025-11-05,0743,N21,VIIRS,n,2.0NRT,301.06,12.58,D
30.60325,75.89698,332.5,0.5,0.41,2025-11-05,0743,N21,VIIRS,l,2.0NRT,302.51,12.33,D
30.22433,73.97476,340.76,0.43,0.46,2025-11-05,0743,N21,VIIRS,n,2.0NRT,303.15,7.34,D
30.36274,74.61517,330.07,0.39,0.44,2025-11-05,0743,N21,VIIRS,n,2.0NRT,299.67,3.14,D
30.61121,75.78902,330.49,0.51,0.41,2025-11-05,0743,N21,VIIRS,n,2.0NRT,300.08,2.3,D
30.40819,74.75762,333.23,0.39,0.44,2025-11-05,0743,N21,VIIRS,n,2.0NRT,301.42,2,D
30.63344,75.64021,331.62,0.52,0.41,2025-11-05,0743,N21,VIIRS,n,2.0NRT,299.74,3.69,D
30.70794,75.91115,332.33,0.5,0.41,2025-11-05,0743,N21,VIIRS,n,2.0NRT,302.47,6.56,D
30.71162,75.91022,332.69,0.5,0.41,2025-11-05,0743,N21,VIIRS,n,2.0NRT,302.36,5.64,D
30.71066,75.90509,340.28,0.5,0.41,2025-11-05,0743,N21,VIIRS,n,2.0NRT,301.2,6.95,D
30.72363,75.91258,337.44,0.5,0.41,2025-11-05,0743,N21,VIIRS,n,2.0NRT,300.71,5.86,D
30.22201,73.97617,340.62,0.43,0.46,2025-11-05,0743,N21,VIIRS,n,2.0NRT,299.24,7.94,D
30.56309,75.06646,336.74,0.56,0.43,2025-11-05,0743,N21,VIIRS,n,2.0NRT,301.88,12.75,D
30.72135,75.91013,332.13,0.5,0.41,2025-11-05,0743,N21,VIIRS,n,2.0NRT,301.7,5.27,D
30.56349,75.0638,343.63,0.56,0.43,2025-11-05,0743,N21,VIIRS,n,2.0NRT,301.04,12.46,D
30.73312,75.89103,331.28,0.5,0.41,2025-11-05,0743,N21,VIIRS,n,2.0NRT,300.69,6.15,D
30.34447,73.92999,339.2,0.43,0.46,2025-11-05,0743,N21,VIIRS,n,2.0NRT,301.77,4.82,D
30.54348,74.71781,339.43,0.39,0.44,2025-11-05,0743,N21,VIIRS,n,2.0NRT,300.97,3.94,D
30.44046,73.95456,335.27,0.43,0.46,2025-11-05,0743,N21,VIIRS,n,2.0NRT,301.28,3.07,D
30.44281,73.95557,336.48,0.43,0.46,2025-11-05,0743,N21,VIIRS,n,2.0NRT,300.28,3.97,D
30.67947,75.03225,336.74,0.55,0.43,2025-11-05,0743,N21,VIIRS,n,2.0NRT,304.8,19.27,D
30.69133,74.96947,333.35,0.56,0.43,2025-11-05,0743,N21,VIIRS,n,2.0NRT,302.58,7.19,D
30.953,76.31209,328.19,0.48,0.4,2025-11-05,0743,N21,VIIRS,n,2.0NRT,301.55,2.38,D
30.69519,74.96846,332,0.56,0.43,2025-11-05,0743,N21,VIIRS,n,2.0NRT,301.23,6.45,D
30.70739,74.98922,330.97,0.56,0.43,2025-11-05,0743,N21,VIIRS,n,2.0NRT,299.96,3.72,D
30.96082,76.19147,334.41,0.48,0.4,2025-11-05,0743,N21,VIIRS,n,2.0NRT,299.59,4.97,D
30.95496,76.07801,329.37,0.49,0.4,2025-11-05,0743,N21,VIIRS,n,2.0NRT,298.72,2.6,D
30.77981,75.15372,333.22,0.55,0.42,2025-11-05,0743,N21,VIIRS,n,2.0NRT,303.02,5.27,D
31.00702,76.25756,335.69,0.48,0.4,2025-11-05,0743,N21,VIIRS,n,2.0NRT,300.23,3.82,D
23.5477,68.82143,333.87,0.51,0.66,2025-11-05,0921,N21,VIIRS,n,2.0NRT,305.25,5.32,D
27.60331,95.40239,301,0.65,0.73,2025-11-05,1825,N21,VIIRS,n,2.0NRT,285.11,0.96,N
27.60745,95.40253,303.58,0.65,0.73,2025-11-05,1825,N21,VIIRS,n,2.0NRT,285.28,1.5,N
30.7399,76.26981,307.79,0.57,0.52,2025-11-05,2006,N21,VIIRS,n,2.0NRT,285.47,8.58,N
30.60393,76.22116,330.83,0.57,0.52,2025-11-05,2006,N21,VIIRS,n,2.0NRT,286.55,6.83,N
30.51568,77.20117,298.46,0.5,0.49,2025-11-05,2006,N21,VIIRS,n,2.0NRT,287.27,0.5,N
30.60344,76.22002,336.58,0.57,0.52,2025-11-05,2006,N21,VIIRS,n,2.0NRT,287.07,5.67,N
30.36148,77.82346,303.27,0.46,0.47,2025-11-05,2006,N21,VIIRS,n,2.0NRT,286.8,0.99,N
31.03759,75.38354,296.64,0.33,0.55,2025-11-05,2006,N21,VIIRS,n,2.0NRT,284.16,0.59,N
30.45673,76.59377,332.01,0.54,0.51,2025-11-05,2006,N21,VIIRS,n,2.0NRT,289.15,6.18,N
30.54095,74.13702,301.32,0.38,0.59,2025-11-05,2006,N21,VIIRS,n,2.0NRT,281.16,0.77,N
31.74668,74.9285,323.65,0.35,0.57,2025-11-05,2006,N21,VIIRS,n,2.0NRT,285.37,5.82,N
31.74696,74.92477,350.08,0.35,0.57,2025-11-05,2006,N21,VIIRS,n,2.0NRT,287.62,7.88,N
30.45502,76.59479,328.27,0.54,0.51,2025-11-05,2006,N21,VIIRS,n,2.0NRT,288.57,3.8,N
30.80545,76.13148,336.43,0.58,0.52,2025-11-05,2006,N21,VIIRS,n,2.0NRT,287.95,7.52,N
30.73937,76.27576,336.12,0.57,0.52,2025-11-05,2006,N21,VIIRS,n,2.0NRT,288.11,8.58,N
23.77286,86.2037,311.36,0.45,0.39,2025-11-05,2008,N21,VIIRS,n,2.0NRT,294.65,2.7,N
23.72676,86.44123,305.04,0.46,0.39,2025-11-05,2008,N21,VIIRS,n,2.0NRT,293.64,2.02,N
23.7232,86.44048,308.59,0.46,0.39,2025-11-05,2008,N21,VIIRS,n,2.0NRT,295.38,2.13,N
23.71527,86.44344,303.38,0.46,0.39,2025-11-05,2008,N21,VIIRS,n,2.0NRT,293.19,2.07,N
23.71366,86.45236,317.08,0.46,0.39,2025-11-05,2008,N21,VIIRS,n,2.0NRT,293.95,2.85,N
23.71492,86.42487,308.85,0.46,0.39,2025-11-05,2008,N21,VIIRS,n,2.0NRT,296.38,1.78,N
23.71411,86.42934,310.79,0.46,0.39,2025-11-05,2008,N21,VIIRS,n,2.0NRT,293.76,1.78,N
23.63318,86.83346,302.13,0.48,0.4,2025-11-05,2008,N21,VIIRS,n,2.0NRT,291.78,0.92,N
23.56008,87.22897,319.21,0.51,0.41,2025-11-05,2008,N21,VIIRS,n,2.0NRT,292.52,1.82,N
23.55827,87.23867,306.48,0.51,0.41,2025-11-05,2008,N21,VIIRS,n,2.0NRT,292.77,1.52,N
24.59434,80.8624,304.22,0.42,0.38,2025-11-05,2008,N21,VIIRS,n,2.0NRT,292.38,0.5,N
23.55365,87.24274,305.33,0.51,0.41,2025-11-05,2008,N21,VIIRS,n,2.0NRT,293.8,1.83,N
23.54994,87.24194,304.94,0.51,0.41,2025-11-05,2008,N21,VIIRS,n,2.0NRT,293.66,1.83,N
23.56315,87.08871,305.86,0.5,0.41,2025-11-05,2008,N21,VIIRS,n,2.0NRT,293.87,1.33,N
23.76592,85.99284,305.74,0.44,0.39,2025-11-05,2008,N21,VIIRS,n,2.0NRT,290.78,0.98,N
24.52972,81.16901,301.99,0.41,0.37,2025-11-05,2008,N21,VIIRS,n,2.0NRT,291.68,0.9,N
23.56422,87.09128,304.28,0.5,0.41,2025-11-05,2008,N21,VIIRS,n,2.0NRT,293.08,1.36,N
23.6851,86.39244,326.27,0.46,0.39,2025-11-05,2008,N21,VIIRS,n,2.0NRT,296.38,2.51,N
23.68432,86.39687,308.21,0.46,0.39,2025-11-05,2008,N21,VIIRS,n,2.0NRT,292.91,2.51,N
23.61492,86.78777,304.94,0.48,0.4,2025-11-05,2008,N21,VIIRS,n,2.0NRT,293.3,1.38,N
23.61407,86.79253,304.03,0.48,0.4,2025-11-05,2008,N21,VIIRS,n,2.0NRT,292.99,0.65,N
23.56141,87.08564,309.76,0.5,0.41,2025-11-05,2008,N21,VIIRS,n,2.0NRT,294.14,1.36,N
23.68154,86.39171,312.43,0.46,0.39,2025-11-05,2008,N21,VIIRS,n,2.0NRT,294.69,1.64,N
23.68076,86.39613,312.45,0.46,0.39,2025-11-05,2008,N21,VIIRS,n,2.0NRT,297.03,1.64,N
23.67641,86.39986,321.13,0.46,0.39,2025-11-05,2008,N21,VIIRS,n,2.0NRT,297.79,2.19,N
23.83811,85.46967,304.33,0.42,0.38,2025-11-05,2008,N21,VIIRS,n,2.0NRT,293.57,0.92,N
23.6772,86.3954,310.93,0.46,0.39,2025-11-05,2008,N21,VIIRS,n,2.0NRT,296.76,1.64,N
23.67562,86.40434,304.74,0.46,0.39,2025-11-05,2008,N21,VIIRS,n,2.0NRT,294.33,2.19,N
23.51593,87.27267,303.37,0.51,0.41,2025-11-05,2008,N21,VIIRS,n,2.0NRT,293.22,1.04,N
23.76025,85.85923,328.57,0.44,0.38,2025-11-05,2008,N21,VIIRS,n,2.0NRT,294.34,2.76,N
23.82292,85.4963,310.23,0.42,0.38,2025-11-05,2008,N21,VIIRS,n,2.0NRT,294.81,2.3,N
23.82513,85.46275,300.9,0.42,0.38,2025-11-05,2008,N21,VIIRS,n,2.0NRT,289.8,0.49,N
23.75751,85.85426,316.05,0.44,0.38,2025-11-05,2008,N21,VIIRS,n,2.0NRT,295.58,3.11,N
23.75678,85.85847,305.13,0.44,0.38,2025-11-05,2008,N21,VIIRS,n,2.0NRT,292.93,2.76,N
23.80972,85.53186,301.29,0.43,0.38,2025-11-05,2008,N21,VIIRS,n,2.0NRT,289.37,0.76,N
23.481,87.35747,304.57,0.52,0.41,2025-11-05,2008,N21,VIIRS,n,2.0NRT,293.6,1.9,N
23.6969,86.07642,321.46,0.45,0.39,2025-11-05,2008,N21,VIIRS,n,2.0NRT,291.55,2.32,N
23.78829,85.55313,315.32,0.43,0.38,2025-11-05,2008,N21,VIIRS,n,2.0NRT,292.39,1.81,N
23.77927,85.56416,301.59,0.43,0.38,2025-11-05,2008,N21,VIIRS,n,2.0NRT,291.02,0.75,N
23.68256,86.09578,314.81,0.45,0.39,2025-11-05,2008,N21,VIIRS,n,2.0NRT,292.22,3.34,N
23.67829,86.09934,309.11,0.45,0.39,2025-11-05,2008,N21,VIIRS,n,2.0NRT,294.45,1.92,N
23.67708,86.08563,315.42,0.45,0.39,2025-11-05,2008,N21,VIIRS,n,2.0NRT,295.21,2.73,N
23.66853,86.0928,311.06,0.45,0.39,2025-11-05,2008,N21,VIIRS,n,2.0NRT,292.86,1.82,N
23.63186,86.29827,304.52,0.46,0.39,2025-11-05,2008,N21,VIIRS,n,2.0NRT,291.38,1.06,N
23.62911,86.29312,317.42,0.46,0.39,2025-11-05,2008,N21,VIIRS,n,2.0NRT,292.92,3.01,N
24.20396,82.71877,304.52,0.39,0.36,2025-11-05,2008,N21,VIIRS,n,2.0NRT,291.99,0.76,N
23.74329,85.5055,314.37,0.43,0.38,2025-11-05,2008,N21,VIIRS,n,2.0NRT,291.49,1.35,N
24.1847,82.66199,303.71,0.39,0.36,2025-11-05,2008,N21,VIIRS,n,2.0NRT,291.47,1.02,N
24.17994,82.56081,304.74,0.39,0.36,2025-11-05,2008,N21,VIIRS,n,2.0NRT,290.52,0.64,N
24.16687,82.62408,305.5,0.39,0.36,2025-11-05,2008,N21,VIIRS,n,2.0NRT,291.39,0.62,N
24.15997,82.66906,311.83,0.39,0.36,2025-11-05,2008,N21,VIIRS,n,2.0NRT,292.17,0.96,N
24.15668,82.66846,303.56,0.39,0.36,2025-11-05,2008,N21,VIIRS,n,2.0NRT,291.73,0.96,N
23.70753,85.42764,302.7,0.42,0.38,2025-11-05,2008,N21,VIIRS,n,2.0NRT,290.08,0.7,N
24.14527,82.65484,307.99,0.39,0.36,2025-11-05,2008,N21,VIIRS,n,2.0NRT,290.95,1.19,N
24.15519,82.56795,317.77,0.39,0.36,2025-11-05,2008,N21,VIIRS,n,2.0NRT,291.78,2.07,N
24.14486,82.63548,302.32,0.39,0.36,2025-11-05,2008,N21,VIIRS,n,2.0NRT,291.78,1.2,N
24.13565,82.69547,305.45,0.39,0.36,2025-11-05,2008,N21,VIIRS,n,2.0NRT,291.99,0.77,N
23.71082,85.28526,307.88,0.42,0.38,2025-11-05,2008,N21,VIIRS,n,2.0NRT,291.3,2.09,N
23.82787,84.57352,324.38,0.4,0.37,2025-11-05,2008,N21,VIIRS,n,2.0NRT,291.12,1.67,N
24.32529,81.32792,304.85,0.41,0.37,2025-11-05,2008,N21,VIIRS,n,2.0NRT,292.72,0.85,N
24.13014,82.62125,312.9,0.39,0.36,2025-11-05,2008,N21,VIIRS,n,2.0NRT,292.3,1.05,N
23.6958,85.29065,306.99,0.42,0.38,2025-11-05,2008,N21,VIIRS,n,2.0NRT,292.07,1.92,N
23.65493,85.50623,302.51,0.43,0.38,2025-11-05,2008,N21,VIIRS,n,2.0NRT,291.19,0.51,N
23.73173,85.01989,302.15,0.41,0.37,2025-11-05,2008,N21,VIIRS,n,2.0NRT,291.43,0.92,N
23.64923,85.43709,308.97,0.42,0.38,2025-11-05,2008,N21,VIIRS,n,2.0NRT,292.67,1.39,N
23.71959,85.00921,312.91,0.41,0.37,2025-11-05,2008,N21,VIIRS,n,2.0NRT,290.5,1.52,N
23.64508,85.4405,303.2,0.42,0.38,2025-11-05,2008,N21,VIIRS,n,2.0NRT,290.37,0.69,N
23.66837,84.99588,301.35,0.41,0.37,2025-11-05,2008,N21,VIIRS,n,2.0NRT,290.18,0.84,N
23.66432,84.99918,304.49,0.41,0.37,2025-11-05,2008,N21,VIIRS,n,2.0NRT,290.08,0.84,N
24.16605,80.69376,303.6,0.42,0.38,2025-11-05,2008,N21,VIIRS,n,2.0NRT,291.63,1.41,N
24.16656,80.69507,306.3,0.42,0.38,2025-11-05,2008,N21,VIIRS,n,2.0NRT,292.25,1.16,N
24.05175,80.6141,308.15,0.43,0.38,2025-11-05,2008,N21,VIIRS,n,2.0NRT,293.19,1.46,N
24.01043,80.53078,306.4,0.43,0.38,2025-11-05,2008,N21,VIIRS,n,2.0NRT,294.05,1.29,N
22.96239,85.99903,301.55,0.45,0.39,2025-11-05,2008,N21,VIIRS,n,2.0NRT,290.63,0.59,N
22.87424,86.06207,319.32,0.46,0.39,2025-11-05,2008,N21,VIIRS,n,2.0NRT,293.35,2,N
22.87345,86.06646,306.77,0.46,0.39,2025-11-05,2008,N21,VIIRS,n,2.0NRT,290.55,2,N
22.87457,86.06416,329.14,0.46,0.39,2025-11-05,2008,N21,VIIRS,n,2.0NRT,294.68,3.27,N
22.81879,86.08885,302.08,0.46,0.39,2025-11-05,2008,N21,VIIRS,n,2.0NRT,291.12,0.61,N
22.79043,86.20679,314.47,0.46,0.39,2025-11-05,2008,N21,VIIRS,n,2.0NRT,294.89,2.65,N
22.78964,86.21123,308.39,0.46,0.39,2025-11-05,2008,N21,VIIRS,n,2.0NRT,293.68,1.31,N
22.78845,86.19716,310.71,0.46,0.39,2025-11-05,2008,N21,VIIRS,n,2.0NRT,296.39,1.74,N
22.78687,86.20602,305.3,0.46,0.39,2025-11-05,2008,N21,VIIRS,n,2.0NRT,294.43,2.35,N
22.80026,86.0896,312.81,0.46,0.39,2025-11-05,2008,N21,VIIRS,n,2.0NRT,294.4,1.84,N
22.75746,86.24607,304.04,0.47,0.39,2025-11-05,2008,N21,VIIRS,n,2.0NRT,292.72,0.88,N
24.01056,77.41853,298.92,0.4,0.45,2025-11-05,2008,N21,VIIRS,n,2.0NRT,287.75,0.63,N
22.37607,87.27975,328.35,0.53,0.42,2025-11-05,2008,N21,VIIRS,n,2.0NRT,297.69,5.28,N
22.36852,87.29922,305.1,0.53,0.42,2025-11-05,2008,N21,VIIRS,n,2.0NRT,294.15,2.32,N
22.36472,87.29839,311.11,0.53,0.42,2025-11-05,2008,N21,VIIRS,n,2.0NRT,294.7,2.32,N
22.36377,87.30347,316.57,0.53,0.42,2025-11-05,2008,N21,VIIRS,n,2.0NRT,295.44,2.32,N
22.35808,87.29166,310.61,0.53,0.42,2025-11-05,2008,N21,VIIRS,n,2.0NRT,294.66,1.87,N
22.58861,85.9044,317.06,0.45,0.39,2025-11-05,2008,N21,VIIRS,n,2.0NRT,294.2,2.33,N
23.17548,82.34143,317.41,0.39,0.36,2025-11-05,2008,N21,VIIRS,n,2.0NRT,291.1,1.57,N
23.16834,82.34399,315.84,0.39,0.36,2025-11-05,2008,N21,VIIRS,n,2.0NRT,293.03,1.67,N
23.16619,82.33595,320.43,0.39,0.36,2025-11-05,2008,N21,VIIRS,n,2.0NRT,292.16,3.57,N
23.16562,82.33968,341.48,0.39,0.36,2025-11-05,2008,N21,VIIRS,n,2.0NRT,295.83,3.57,N
23.16505,82.3434,313.69,0.39,0.36,2025-11-05,2008,N21,VIIRS,n,2.0NRT,292.12,1.67,N
23.16194,82.33566,320.82,0.39,0.36,2025-11-05,2008,N21,VIIRS,n,2.0NRT,292.36,1.79,N
22.57305,85.88971,308.77,0.45,0.39,2025-11-05,2008,N21,VIIRS,n,2.0NRT,293.15,2.49,N
22.57155,85.89834,316.71,0.45,0.39,2025-11-05,2008,N21,VIIRS,n,2.0NRT,294.11,1.8,N
22.36559,87.01622,314.75,0.52,0.41,2025-11-05,2008,N21,VIIRS,n,2.0NRT,294.19,1.77,N
22.36185,87.01543,303.59,0.52,0.41,2025-11-05,2008,N21,VIIRS,n,2.0NRT,292.95,1.77,N
22.36096,87.02035,306.22,0.52,0.41,2025-11-05,2008,N21,VIIRS,n,2.0NRT,293.37,2.06,N
22.05605,88.12489,310.53,0.4,0.44,2025-11-05,2008,N21,VIIRS,n,2.0NRT,296.98,1.43,N
22.05205,88.12399,311.85,0.4,0.44,2025-11-05,2008,N21,VIIRS,n,2.0NRT,297.75,1.71,N
22.13339,85.38274,309.08,0.44,0.38,2025-11-05,2008,N21,VIIRS,n,2.0NRT,290.82,1.35,N
22.21152,84.87173,329.86,0.42,0.38,2025-11-05,2008,N21,VIIRS,n,2.0NRT,292.27,4.9,N
22.2129,84.86374,308.22,0.42,0.38,2025-11-05,2008,N21,VIIRS,n,2.0NRT,292.8,1.26,N
22.21362,84.83914,308.68,0.42,0.37,2025-11-05,2008,N21,VIIRS,n,2.0NRT,290.83,0.88,N
22.21293,84.84312,302.95,0.42,0.37,2025-11-05,2008,N21,VIIRS,n,2.0NRT,291.03,0.91,N
22.21019,84.85908,307.86,0.42,0.38,2025-11-05,2008,N21,VIIRS,n,2.0NRT,290.67,1.26,N
22.2095,84.86308,310.99,0.42,0.38,2025-11-05,2008,N21,VIIRS,n,2.0NRT,293.33,1.26,N
22.21314,84.84024,312.5,0.42,0.37,2025-11-05,2008,N21,VIIRS,n,2.0NRT,291.24,1.38,N
22.20978,84.86019,314.87,0.42,0.38,2025-11-05,2008,N21,VIIRS,n,2.0NRT,291.68,2.82,N
22.22313,84.75988,303.29,0.42,0.37,2025-11-05,2008,N21,VIIRS,n,2.0NRT,290.88,1.54,N
22.2204,84.75524,305.88,0.42,0.37,2025-11-05,2008,N21,VIIRS,n,2.0NRT,291.7,1.18,N
22.21701,84.75458,306.61,0.42,0.37,2025-11-05,2008,N21,VIIRS,n,2.0NRT,291.81,1.18,N
22.19818,84.84553,302.17,0.42,0.38,2025-11-05,2008,N21,VIIRS,n,2.0NRT,290.66,0.35,N
23.24534,77.54151,314.58,0.39,0.44,2025-11-05,2008,N21,VIIRS,n,2.0NRT,285.68,1.44,N
22.2096,84.54948,307.19,0.41,0.37,2025-11-05,2008,N21,VIIRS,n,2.0NRT,291.61,1.21,N
22.05311,85.46352,304.45,0.44,0.38,2025-11-05,2008,N21,VIIRS,n,2.0NRT,290.19,1.22,N
23.17636,77.57387,297.17,0.39,0.44,2025-11-05,2008,N21,VIIRS,n,2.0NRT,285.8,0.32,N
21.99242,85.3271,301.74,0.44,0.38,2025-11-05,2008,N21,VIIRS,n,2.0NRT,289.65,0.94,N
21.96958,85.31393,303.83,0.44,0.38,2025-11-05,2008,N21,VIIRS,n,2.0NRT,289.46,0.85,N
23.09145,77.58522,300.7,0.39,0.44,2025-11-05,2008,N21,VIIRS,n,2.0NRT,287.4,0.98,N
22.09813,84.37595,301.37,0.41,0.37,2025-11-05,2008,N21,VIIRS,n,2.0NRT,290.86,0.62,N
21.92863,85.22004,302.45,0.43,0.38,2025-11-05,2008,N21,VIIRS,n,2.0NRT,290.16,1.7,N
21.9279,85.22419,301.95,0.43,0.38,2025-11-05,2008,N21,VIIRS,n,2.0NRT,289.81,0.84,N
21.92996,85.22112,317.54,0.43,0.38,2025-11-05,2008,N21,VIIRS,n,2.0NRT,291.68,2.56,N
21.9258,85.22459,316.66,0.43,0.38,2025-11-05,2008,N21,VIIRS,n,2.0NRT,291.24,2.19,N
21.77123,85.55414,300.51,0.45,0.39,2025-11-05,2008,N21,VIIRS,n,2.0NRT,289.67,0.71,N
21.53124,86.83408,303.53,0.52,0.41,2025-11-05,2008,N21,VIIRS,n,2.0NRT,292.9,1.12,N
22.10604,83.52431,311.73,0.39,0.36,2025-11-05,2008,N21,VIIRS,n,2.0NRT,293.97,1.65,N
22.06588,83.70646,308.28,0.39,0.36,2025-11-05,2008,N21,VIIRS,n,2.0NRT,293.08,1.31,N
22.04443,83.73341,320.44,0.39,0.36,2025-11-05,2008,N21,VIIRS,n,2.0NRT,297.16,1.65,N
22.04504,83.72966,303.32,0.39,0.36,2025-11-05,2008,N21,VIIRS,n,2.0NRT,293.14,1.65,N
22.04382,83.73717,316.93,0.39,0.36,2025-11-05,2008,N21,VIIRS,n,2.0NRT,296.87,2.38,N
22.04173,83.72902,344.93,0.39,0.36,2025-11-05,2008,N21,VIIRS,n,2.0NRT,297.94,6.35,N
22.04112,83.73279,347.9,0.39,0.36,2025-11-05,2008,N21,VIIRS,n,2.0NRT,299.54,6.35,N
22.0405,83.73654,336.14,0.39,0.36,2025-11-05,2008,N21,VIIRS,n,2.0NRT,299.1,3.61,N
22.03989,83.7403,315.5,0.39,0.36,2025-11-05,2008,N21,VIIRS,n,2.0NRT,296.51,3.61,N
22.03781,83.73215,316.27,0.39,0.36,2025-11-05,2008,N21,VIIRS,n,2.0NRT,295.57,6.35,N
22.02935,83.74217,301.29,0.39,0.36,2025-11-05,2008,N21,VIIRS,n,2.0NRT,290.93,1.58,N
21.83177,84.92606,302.23,0.42,0.38,2025-11-05,2008,N21,VIIRS,n,2.0NRT,290.56,0.47,N
22.01694,83.75535,309.41,0.39,0.36,2025-11-05,2008,N21,VIIRS,n,2.0NRT,292.84,1.54,N
22.08909,83.12064,318.44,0.39,0.36,2025-11-05,2008,N21,VIIRS,n,2.0NRT,292.54,1.73,N
22.08639,83.11634,311.07,0.39,0.36,2025-11-05,2008,N21,VIIRS,n,2.0NRT,291.95,0.77,N
22.0858,83.12003,303.7,0.39,0.36,2025-11-05,2008,N21,VIIRS,n,2.0NRT,291.43,0.77,N
22.03843,83.35139,325.71,0.39,0.36,2025-11-05,2008,N21,VIIRS,n,2.0NRT,294.41,3.33,N
22.03334,83.36193,303.51,0.39,0.36,2025-11-05,2008,N21,VIIRS,n,2.0NRT,292.36,1.45,N
22.02944,83.36504,303.93,0.39,0.36,2025-11-05,2008,N21,VIIRS,n,2.0NRT,292.26,1.82,N
21.954,83.80562,306.39,0.39,0.37,2025-11-05,2008,N21,VIIRS,n,2.0NRT,293.3,0.83,N
22.01929,83.34068,302.3,0.39,0.36,2025-11-05,2008,N21,VIIRS,n,2.0NRT,291.84,0.52,N
21.98217,83.36056,301.74,0.39,0.36,2025-11-05,2008,N21,VIIRS,n,2.0NRT,291.42,0.5,N
21.98598,83.2315,306.98,0.39,0.36,2025-11-05,2008,N21,VIIRS,n,2.0NRT,293.32,1.01,N
21.98539,83.2352,302.75,0.39,0.36,2025-11-05,2008,N21,VIIRS,n,2.0NRT,292.31,1.5,N
21.98269,83.23089,308.58,0.39,0.36,2025-11-05,2008,N21,VIIRS,n,2.0NRT,292.89,1.01,N
22.15422,82.09459,304.52,0.39,0.36,2025-11-05,2008,N21,VIIRS,n,2.0NRT,293.54,0.85,N
21.81683,83.99517,300.19,0.4,0.37,2025-11-05,2008,N21,VIIRS,n,2.0NRT,289.97,1.1,N
21.87506,83.49476,302.49,0.39,0.36,2025-11-05,2008,N21,VIIRS,n,2.0NRT,290.38,0.69,N
21.76565,84.01785,313.11,0.4,0.37,2025-11-05,2008,N21,VIIRS,n,2.0NRT,294.87,1.81,N
21.76168,84.02103,309.73,0.4,0.37,2025-11-05,2008,N21,VIIRS,n,2.0NRT,294.39,2.48,N
21.75772,84.0242,320.81,0.4,0.37,2025-11-05,2008,N21,VIIRS,n,2.0NRT,294.16,2.48,N
21.75528,83.97659,309.76,0.4,0.37,2025-11-05,2008,N21,VIIRS,n,2.0NRT,292.47,1.01,N
21.75194,83.97596,303.75,0.4,0.37,2025-11-05,2008,N21,VIIRS,n,2.0NRT,293.02,1.01,N
21.74861,83.97533,318.89,0.4,0.37,2025-11-05,2008,N21,VIIRS,n,2.0NRT,293.12,1.71,N
21.73401,83.98044,302.5,0.4,0.37,2025-11-05,2008,N21,VIIRS,n,2.0NRT,292,1.04,N
21.69781,84.0325,304.83,0.4,0.37,2025-11-05,2008,N21,VIIRS,n,2.0NRT,292.51,0.82,N
21.67749,84.03664,318.35,0.4,0.37,2025-11-05,2008,N21,VIIRS,n,2.0NRT,293.43,1.83,N
21.67686,84.04044,301.61,0.4,0.37,2025-11-05,2008,N21,VIIRS,n,2.0NRT,290.5,1.83,N
22.51542,77.46934,307.96,0.39,0.44,2025-11-05,2008,N21,VIIRS,n,2.0NRT,288.99,1.02,N
21.73031,82.21435,298.72,0.38,0.36,2025-11-05,2008,N21,VIIRS,n,2.0NRT,285.2,0.82,N
21.53097,86.83241,303.61,0.52,0.41,2025-11-05,2008,N21,VIIRS,n,2.0NRT,292.89,0.84,N
28.89733,76.75954,311.76,0.51,0.49,2025-11-05,2008,N21,VIIRS,n,2.0NRT,284.59,2.11,N
28.00978,80.02887,301.4,0.49,0.4,2025-11-05,2008,N21,VIIRS,n,2.0NRT,289.07,0.68,N
28.3288,77.17068,302.67,0.47,0.48,2025-11-05,2008,N21,VIIRS,n,2.0NRT,289.05,0.65,N
26.64377,79.47914,301.5,0.5,0.41,2025-11-05,2008,N21,VIIRS,n,2.0NRT,291.3,0.94,N
26.64003,79.47856,303.34,0.5,0.41,2025-11-05,2008,N21,VIIRS,n,2.0NRT,291.45,0.88,N
26.72677,75.85638,299.56,0.54,0.51,2025-11-05,2008,N21,VIIRS,n,2.0NRT,288.75,0.77,N
25.03104,87.37619,299.35,0.49,0.4,2025-11-05,2008,N21,VIIRS,n,2.0NRT,288.89,1.5,N
26.2572,74.09489,302.42,0.35,0.56,2025-11-05,2008,N21,VIIRS,n,2.0NRT,291.85,0.82,N
24.929,84.14807,312.8,0.39,0.36,2025-11-05,2008,N21,VIIRS,n,2.0NRT,292.56,1.22,N
24.41453,85.4836,300.26,0.42,0.38,2025-11-05,2008,N21,VIIRS,n,2.0NRT,290.08,0.59,N
24.11566,86.86,311.02,0.48,0.4,2025-11-05,2008,N21,VIIRS,n,2.0NRT,293.79,1.66,N
24.13305,86.35575,322.49,0.45,0.39,2025-11-05,2008,N21,VIIRS,n,2.0NRT,291.31,2.32,N
24.44985,83.0407,304.89,0.38,0.36,2025-11-05,2008,N21,VIIRS,n,2.0NRT,292.6,0.75,N
23.69317,87.12388,315.84,0.5,0.41,2025-11-05,2008,N21,VIIRS,n,2.0NRT,295.07,2.67,N
23.69482,87.09427,305.3,0.5,0.41,2025-11-05,2008,N21,VIIRS,n,2.0NRT,293.62,1.11,N
23.68948,87.12309,312.16,0.5,0.41,2025-11-05,2008,N21,VIIRS,n,2.0NRT,294.76,2.67,N
23.69026,87.09826,306.62,0.5,0.41,2025-11-05,2008,N21,VIIRS,n,2.0NRT,294.25,2.55,N
23.6858,87.12229,309.72,0.5,0.41,2025-11-05,2008,N21,VIIRS,n,2.0NRT,294.8,2.01,N
23.66389,87.15755,321.53,0.5,0.41,2025-11-05,2008,N21,VIIRS,n,2.0NRT,294.49,3.27,N
23.6649,87.16096,308.06,0.5,0.41,2025-11-05,2008,N21,VIIRS,n,2.0NRT,293.23,2.18,N
23.66208,87.15534,303.39,0.5,0.41,2025-11-05,2008,N21,VIIRS,n,2.0NRT,293.08,1.51,N
23.80566,86.32893,325.99,0.46,0.39,2025-11-05,2008,N21,VIIRS,n,2.0NRT,296.94,3.69,N
23.80212,86.32818,311.24,0.46,0.39,2025-11-05,2008,N21,VIIRS,n,2.0NRT,296.57,2.71,N
23.80135,86.33258,312.79,0.46,0.39,2025-11-05,2008,N21,VIIRS,n,2.0NRT,293.57,1.27,N
23.79823,86.35031,317.05,0.46,0.39,2025-11-05,2008,N21,VIIRS,n,2.0NRT,294.97,2.68,N
23.79468,86.34956,329.35,0.46,0.39,2025-11-05,2008,N21,VIIRS,n,2.0NRT,297.55,2.68,N
23.7939,86.35396,314,0.46,0.39,2025-11-05,2008,N21,VIIRS,n,2.0NRT,296.88,2.68,N
23.7829,86.3746,307.52,0.46,0.39,2025-11-05,2008,N21,VIIRS,n,2.0NRT,293.49,1.07,N
23.78055,86.38786,312.92,0.46,0.39,2025-11-05,2008,N21,VIIRS,n,2.0NRT,294.07,1.82,N
23.77976,86.39233,319.7,0.46,0.39,2025-11-05,2008,N21,VIIRS,n,2.0NRT,296.27,2.18,N
23.77898,86.39678,305.17,0.46,0.39,2025-11-05,2008,N21,VIIRS,n,2.0NRT,294.24,2.18,N
23.77935,86.37384,306.27,0.46,0.39,2025-11-05,2008,N21,VIIRS,n,2.0NRT,293.82,1.16,N
23.777,86.38713,315.11,0.46,0.39,2025-11-05,2008,N21,VIIRS,n,2.0NRT,294.57,1.54,N
23.7805,86.34657,312.3,0.46,0.39,2025-11-05,2008,N21,VIIRS,n,2.0NRT,295.13,1.85,N
23.77737,86.36425,306.6,0.46,0.39,2025-11-05,2008,N21,VIIRS,n,2.0NRT,293.87,1.57,N
23.77345,86.3864,306.85,0.46,0.39,2025-11-05,2008,N21,VIIRS,n,2.0NRT,295.93,1.54,N
23.77382,86.36351,328.8,0.46,0.39,2025-11-05,2008,N21,VIIRS,n,2.0NRT,295.43,3.87,N
23.76674,86.40343,321.87,0.46,0.39,2025-11-05,2008,N21,VIIRS,n,2.0NRT,295.86,3.59,N
23.7691,86.39011,306.23,0.46,0.39,2025-11-05,2008,N21,VIIRS,n,2.0NRT,295.13,2.26,N
23.76319,86.40267,325.93,0.46,0.39,2025-11-05,2008,N21,VIIRS,n,2.0NRT,295.38,3.59,N
23.76871,86.37159,304.69,0.46,0.39,2025-11-05,2008,N21,VIIRS,n,2.0NRT,293.85,1.94,N
23.76476,86.39382,314.65,0.46,0.39,2025-11-05,2008,N21,VIIRS,n,2.0NRT,299.16,2.26,N
23.75963,86.40192,336.75,0.46,0.39,2025-11-05,2008,N21,VIIRS,n,2.0NRT,297.15,8.09,N
23.76516,86.37085,306.65,0.46,0.39,2025-11-05,2008,N21,VIIRS,n,2.0NRT,291.78,1.15,N
23.76437,86.3753,307.41,0.46,0.39,2025-11-05,2008,N21,VIIRS,n,2.0NRT,293.47,1.15,N
23.75884,86.40636,302.39,0.46,0.39,2025-11-05,2008,N21,VIIRS,n,2.0NRT,292.04,0.96,N
23.66598,86.92322,304.91,0.49,0.4,2025-11-05,2008,N21,VIIRS,n,2.0NRT,292.25,2.32,N
23.75529,86.40561,309.21,0.46,0.39,2025-11-05,2008,N21,VIIRS,n,2.0NRT,293.09,0.96,N
23.75291,86.41895,305.56,0.46,0.39,2025-11-05,2008,N21,VIIRS,n,2.0NRT,294.56,1.51,N
23.74935,86.41821,305.64,0.46,0.39,2025-11-05,2008,N21,VIIRS,n,2.0NRT,295.02,1.13,N
23.78266,86.2102,313.73,0.45,0.39,2025-11-05,2008,N21,VIIRS,n,2.0NRT,294.42,1.84,N
23.77914,86.20947,326.42,0.45,0.39,2025-11-05,2008,N21,VIIRS,n,2.0NRT,295.42,1.91,N
23.73904,86.43456,311.33,0.46,0.39,2025-11-05,2008,N21,VIIRS,n,2.0NRT,295.03,1.43,N
23.92674,85.34312,304.39,0.42,0.38,2025-11-05,2008,N21,VIIRS,n,2.0NRT,289.76,0.84,N
23.77639,86.2044,306.69,0.45,0.39,2025-11-05,2008,N21,VIIRS,n,2.0NRT,296.25,2.67,N
23.77561,86.20876,305.99,0.45,0.39,2025-11-05,2008,N21,VIIRS,n,2.0NRT,294.46,1.91,N
23.77484,86.21311,304.83,0.45,0.39,2025-11-05,2008,N21,VIIRS,n,2.0NRT,292.81,1.91,N
23.73628,86.42935,308.96,0.46,0.39,2025-11-05,2008,N21,VIIRS,n,2.0NRT,293.78,1.43,N
23.73548,86.43382,308.18,0.46,0.39,2025-11-05,2008,N21,VIIRS,n,2.0NRT,295.11,1.43,N
23.73468,86.43828,307.82,0.46,0.39,2025-11-05,2008,N21,VIIRS,n,2.0NRT,296.61,1.66,N
23.60496,87.1529,307.06,0.5,0.41,2025-11-05,2008,N21,VIIRS,n,2.0NRT,293.64,1.4,N
21.10652,72.6455,350.24,0.37,0.58,2025-11-05,2010,N21,VIIRS,n,2.0NRT,298.83,7.59,N
20.97319,86.00319,308.04,0.48,0.4,2025-11-05,2010,N21,VIIRS,n,2.0NRT,293.86,1.83,N
20.96509,86.04865,316.72,0.48,0.4,2025-11-05,2010,N21,VIIRS,n,2.0NRT,293.05,2.06,N
20.96795,86.01153,329.36,0.48,0.4,2025-11-05,2010,N21,VIIRS,n,2.0NRT,296.85,3.27,N
20.96595,86.00168,321.68,0.48,0.4,2025-11-05,2010,N21,VIIRS,n,2.0NRT,294.19,5,N
20.96433,86.01077,306.66,0.48,0.4,2025-11-05,2010,N21,VIIRS,n,2.0NRT,294.74,3.27,N
20.96152,86.00547,315.62,0.48,0.4,2025-11-05,2010,N21,VIIRS,n,2.0NRT,292.78,1.49,N
20.94975,86.05027,314.16,0.48,0.4,2025-11-05,2010,N21,VIIRS,n,2.0NRT,294.14,2.46,N
21.08003,85.03547,330.32,0.43,0.38,2025-11-05,2010,N21,VIIRS,n,2.0NRT,296.48,2.23,N
21.08073,85.03133,301.53,0.43,0.38,2025-11-05,2010,N21,VIIRS,n,2.0NRT,290.97,1.5,N
21.07933,85.03958,309.09,0.43,0.38,2025-11-05,2010,N21,VIIRS,n,2.0NRT,294.22,2.23,N
21.07586,85.03889,305.67,0.43,0.38,2025-11-05,2010,N21,VIIRS,n,2.0NRT,293.98,2.23,N
21.0717,85.0423,309.1,0.43,0.38,2025-11-05,2010,N21,VIIRS,n,2.0NRT,292.16,1.13,N
22.71477,72.44788,305.66,0.4,0.6,2025-11-05,2010,N21,VIIRS,n,2.0NRT,292.8,1.3,N
21.54338,81.94745,307.12,0.39,0.36,2025-11-05,2010,N21,VIIRS,n,2.0NRT,294.21,1.03,N
20.97361,85.17308,306.12,0.44,0.38,2025-11-05,2010,N21,VIIRS,n,2.0NRT,294.65,2.51,N
20.96939,85.17654,334.45,0.44,0.38,2025-11-05,2010,N21,VIIRS,n,2.0NRT,295.51,4.84,N
20.97012,85.17238,310.92,0.44,0.38,2025-11-05,2010,N21,VIIRS,n,2.0NRT,293.45,1.43,N
20.96371,85.18839,337.3,0.44,0.38,2025-11-05,2010,N21,VIIRS,n,2.0NRT,295.66,3.1,N
20.96736,85.16752,312.14,0.44,0.38,2025-11-05,2010,N21,VIIRS,n,2.0NRT,293.68,1.43,N
20.96663,85.17168,305.19,0.44,0.38,2025-11-05,2010,N21,VIIRS,n,2.0NRT,292.69,1.43,N
20.96444,85.1842,303.21,0.44,0.38,2025-11-05,2010,N21,VIIRS,n,2.0NRT,292.98,3.1,N
20.96297,85.19262,308.33,0.44,0.38,2025-11-05,2010,N21,VIIRS,n,2.0NRT,294.38,1.57,N
20.96607,85.15434,325.05,0.44,0.38,2025-11-05,2010,N21,VIIRS,n,2.0NRT,294.1,3.46,N
20.96315,85.17097,322.44,0.44,0.38,2025-11-05,2010,N21,VIIRS,n,2.0NRT,294.77,2.11,N
20.97117,85.12518,305.85,0.44,0.38,2025-11-05,2010,N21,VIIRS,n,2.0NRT,292.88,1.42,N
20.96388,85.1668,308.12,0.44,0.38,2025-11-05,2010,N21,VIIRS,n,2.0NRT,294.11,2.11,N
20.96242,85.17514,311.19,0.44,0.38,2025-11-05,2010,N21,VIIRS,n,2.0NRT,294.62,2.08,N
20.96169,85.17931,310.1,0.44,0.38,2025-11-05,2010,N21,VIIRS,n,2.0NRT,294.57,2.08,N
20.96095,85.1835,315.46,0.44,0.38,2025-11-05,2010,N21,VIIRS,n,2.0NRT,295.12,1.64,N
20.96022,85.18769,305.56,0.44,0.38,2025-11-05,2010,N21,VIIRS,n,2.0NRT,294.14,1.64,N
21.48503,81.7711,303.32,0.39,0.36,2025-11-05,2010,N21,VIIRS,n,2.0NRT,293.32,0.77,N
20.95315,85.01195,313.64,0.43,0.38,2025-11-05,2010,N21,VIIRS,n,2.0NRT,293.19,1.82,N
20.88672,84.98172,310.58,0.43,0.38,2025-11-05,2010,N21,VIIRS,n,2.0NRT,293.69,2.44,N
20.86887,84.99171,305.89,0.44,0.38,2025-11-05,2010,N21,VIIRS,n,2.0NRT,294.12,2.08,N
20.86816,84.9959,311.86,0.44,0.38,2025-11-05,2010,N21,VIIRS,n,2.0NRT,296.48,2.1,N
20.86469,84.99522,322.73,0.44,0.38,2025-11-05,2010,N21,VIIRS,n,2.0NRT,294.74,2.1,N
20.8654,84.99106,310.92,0.44,0.38,2025-11-05,2010,N21,VIIRS,n,2.0NRT,293.85,2.08,N
22.26539,75.13218,304.73,0.53,0.5,2025-11-05,2010,N21,VIIRS,n,2.0NRT,292.14,1.56,N
20.80915,85.25625,309.98,0.45,0.39,2025-11-05,2010,N21,VIIRS,n,2.0NRT,293.52,1.81,N
20.80565,85.25554,316.14,0.45,0.39,2025-11-05,2010,N21,VIIRS,n,2.0NRT,294.53,1.81,N
20.80492,85.25977,305.77,0.45,0.39,2025-11-05,2010,N21,VIIRS,n,2.0NRT,292.89,1.61,N
20.79791,85.25835,312.77,0.45,0.39,2025-11-05,2010,N21,VIIRS,n,2.0NRT,292.62,2.15,N
20.79513,85.25342,343.5,0.45,0.39,2025-11-05,2010,N21,VIIRS,n,2.0NRT,294.18,4.24,N
21.37654,81.67999,319.01,0.39,0.36,2025-11-05,2010,N21,VIIRS,n,2.0NRT,295.44,2.41,N
21.37211,81.68681,307.71,0.39,0.36,2025-11-05,2010,N21,VIIRS,n,2.0NRT,294.36,1.64,N
20.79163,85.25272,305.7,0.45,0.39,2025-11-05,2010,N21,VIIRS,n,2.0NRT,293.18,4.24,N
21.37558,81.64181,307.53,0.39,0.36,2025-11-05,2010,N21,VIIRS,n,2.0NRT,294.23,1.23,N
20.78665,85.26051,305.73,0.45,0.39,2025-11-05,2010,N21,VIIRS,n,2.0NRT,293.92,1.74,N
20.78592,85.26475,316,0.45,0.39,2025-11-05,2010,N21,VIIRS,n,2.0NRT,295.01,2.25,N
20.77268,85.34097,304.59,0.45,0.39,2025-11-05,2010,N21,VIIRS,n,2.0NRT,292.39,0.56,N
21.36664,81.67828,307.81,0.39,0.36,2025-11-05,2010,N21,VIIRS,n,2.0NRT,294.01,1.16,N
21.36455,81.64751,305.7,0.39,0.36,2025-11-05,2010,N21,VIIRS,n,2.0NRT,294.08,1.38,N
20.75896,85.29436,309.62,0.45,0.39,2025-11-05,2010,N21,VIIRS,n,2.0NRT,293.57,1.68,N
20.75823,85.29853,313.86,0.45,0.39,2025-11-05,2010,N21,VIIRS,n,2.0NRT,293.89,1.68,N
21.34467,81.66689,310.13,0.39,0.36,2025-11-05,2010,N21,VIIRS,n,2.0NRT,293.47,1.45,N
21.32612,81.61049,303.45,0.39,0.36,2025-11-05,2010,N21,VIIRS,n,2.0NRT,292.62,0.45,N
21.2991,81.60638,306.05,0.39,0.36,2025-11-05,2010,N21,VIIRS,n,2.0NRT,293.05,0.91,N
21.29419,81.59414,303.88,0.39,0.36,2025-11-05,2010,N21,VIIRS,n,2.0NRT,292.81,0.96,N
21.24679,81.77177,306.69,0.39,0.36,2025-11-05,2010,N21,VIIRS,n,2.0NRT,293.23,1.14,N
20.53347,85.90894,306.29,0.48,0.4,2025-11-05,2010,N21,VIIRS,n,2.0NRT,292.39,1.2,N
21.19249,81.39048,310.93,0.39,0.36,2025-11-05,2010,N21,VIIRS,n,2.0NRT,295.13,1.19,N
21.18861,81.39365,306.86,0.39,0.36,2025-11-05,2010,N21,VIIRS,n,2.0NRT,294.49,1.02,N
21.18367,81.38133,304.15,0.39,0.36,2025-11-05,2010,N21,VIIRS,n,2.0NRT,293.65,1.12,N
21.19065,81.19844,304.76,0.39,0.36,2025-11-05,2010,N21,VIIRS,n,2.0NRT,293.45,0.68,N
21.18897,81.2097,306.7,0.39,0.36,2025-11-05,2010,N21,VIIRS,n,2.0NRT,293.7,1.15,N
22.41668,69.03703,303.65,0.67,0.74,2025-11-05,2010,N21,VIIRS,n,2.0NRT,293.42,1.08,N
21.34034,78.9746,308.52,0.47,0.4,2025-11-05,2010,N21,VIIRS,n,2.0NRT,292.18,1.61,N
21.23455,79.63226,306.32,0.44,0.38,2025-11-05,2010,N21,VIIRS,n,2.0NRT,292.82,0.95,N
21.24989,79.20812,305.73,0.46,0.39,2025-11-05,2010,N21,VIIRS,n,2.0NRT,293.49,1.08,N
21.56392,72.91354,323.67,0.36,0.58,2025-11-05,2010,N21,VIIRS,n,2.0NRT,293.47,2.58,N
20.69521,78.6385,315.82,0.48,0.4,2025-11-05,2010,N21,VIIRS,n,2.0NRT,293.99,2.2,N
20.65852,78.49511,305.07,0.48,0.4,2025-11-05,2010,N21,VIIRS,n,2.0NRT,293.55,1.18,N
21.11296,72.63531,313.49,0.38,0.58,2025-11-05,2010,N21,VIIRS,n,2.0NRT,296.6,2.09,N
20.00625,79.18369,305.79,0.44,0.39,2025-11-05,2010,N21,VIIRS,n,2.0NRT,294.47,0.75,N
20.08018,79.04208,308.4,0.45,0.39,2025-11-05,2010,N21,VIIRS,n,2.0NRT,294.59,1.44,N
20.12858,79.11057,305.76,0.45,0.39,2025-11-05,2010,N21,VIIRS,n,2.0NRT,293.8,0.71,N
21.10188,72.63775,320.58,0.38,0.58,2025-11-05,2010,N21,VIIRS,n,2.0NRT,294.5,8.31,N
21.10225,72.63415,338.93,0.38,0.58,2025-11-05,2010,N21,VIIRS,n,2.0NRT,295.36,7.42,N
20.99774,86.01289,305.67,0.48,0.4,2025-11-05,2010,N21,VIIRS,n,2.0NRT,292.31,1.19,N
15.65604,73.9876,303.76,0.52,0.5,2025-11-05,2010,N21,VIIRS,n,2.0NRT,290.98,0.94,N
17.18196,80.77552,314.88,0.39,0.36,2025-11-05,2010,N21,VIIRS,n,2.0NRT,294.25,1.39,N
17.80817,78.43269,312.62,0.46,0.39,2025-11-05,2010,N21,VIIRS,n,2.0NRT,290.7,1.7,N
17.58492,80.31992,303.52,0.39,0.36,2025-11-05,2010,N21,VIIRS,n,2.0NRT,292.94,0.63,N
18.68261,73.03742,303.11,0.33,0.55,2025-11-05,2010,N21,VIIRS,n,2.0NRT,292.03,2.32,N
18.68632,73.05043,302.34,0.33,0.55,2025-11-05,2010,N21,VIIRS,n,2.0NRT,291.19,0.53,N
18.69239,73.04173,305.67,0.33,0.55,2025-11-05,2010,N21,VIIRS,n,2.0NRT,291.9,0.98,N
18.69273,73.03864,306.8,0.33,0.55,2025-11-05,2010,N21,VIIRS,n,2.0NRT,291.94,0.98,N
17.95748,80.78113,307.63,0.39,0.36,2025-11-05,2010,N21,VIIRS,n,2.0NRT,295.04,1.16,N
17.60367,83.19952,308.06,0.4,0.37,2025-11-05,2010,N21,VIIRS,n,2.0NRT,294.98,1.75,N
17.60641,83.20388,313.68,0.4,0.37,2025-11-05,2010,N21,VIIRS,n,2.0NRT,294.94,2.32,N
17.60977,83.2045,329.25,0.4,0.37,2025-11-05,2010,N21,VIIRS,n,2.0NRT,296.39,2.32,N
17.62172,83.19501,310.38,0.4,0.37,2025-11-05,2010,N21,VIIRS,n,2.0NRT,294.68,1.55,N
17.68807,83.14886,308.32,0.4,0.37,2025-11-05,2010,N21,VIIRS,n,2.0NRT,294,1.1,N
17.69015,83.14857,308.24,0.4,0.37,2025-11-05,2010,N21,VIIRS,n,2.0NRT,293.68,1.26,N
19.10308,73.05178,306.06,0.33,0.55,2025-11-05,2010,N21,VIIRS,n,2.0NRT,287.26,0.83,N
18.71902,79.53719,314.23,0.42,0.38,2025-11-05,2010,N21,VIIRS,n,2.0NRT,296.48,2.07,N
19.93715,73.70942,298.18,0.62,0.54,2025-11-05,2010,N21,VIIRS,n,2.0NRT,287.54,1.51,N
20.21078,72.81192,299.01,0.36,0.57,2025-11-05,2010,N21,VIIRS,n,2.0NRT,287.29,0.51,N
19.09378,82.16995,327.69,0.38,0.36,2025-11-05,2010,N21,VIIRS,n,2.0NRT,296.43,3.64,N
19.09763,82.16692,324.77,0.38,0.36,2025-11-05,2010,N21,VIIRS,n,2.0NRT,292.86,1.9,N
19.10092,82.1675,305.34,0.38,0.36,2025-11-05,2010,N21,VIIRS,n,2.0NRT,293.3,1.9,N
19.10477,82.16446,302.03,0.38,0.36,2025-11-05,2010,N21,VIIRS,n,2.0NRT,291.38,0.33,N
19.72203,79.17614,308.62,0.44,0.39,2025-11-05,2010,N21,VIIRS,n,2.0NRT,295.33,1.49,N
19.78712,79.14761,313.46,0.44,0.39,2025-11-05,2010,N21,VIIRS,n,2.0NRT,296.11,1.92,N
19.92222,79.11182,307.64,0.45,0.39,2025-11-05,2010,N21,VIIRS,n,2.0NRT,295.01,0.88,N
19.9651,79.0909,308.75,0.45,0.39,2025-11-05,2010,N21,VIIRS,n,2.0NRT,295.26,1.48,N
19.96922,79.08719,308.77,0.45,0.39,2025-11-05,2010,N21,VIIRS,n,2.0NRT,294.8,1.41,N
19.96341,79.33492,328.65,0.44,0.38,2025-11-05,2010,N21,VIIRS,n,2.0NRT,294.77,3.81,N
19.99627,79.17786,304.02,0.44,0.39,2025-11-05,2010,N21,VIIRS,n,2.0NRT,293.85,0.79,N
31.04771,75.44054,295.03,0.73,0.76,2025-11-05,2146,N21,VIIRS,n,2.0NRT,282.27,0.76,N
31.75014,74.9293,320.33,0.66,0.73,2025-11-05,2146,N21,VIIRS,n,2.0NRT,284.84,4.83,N
31.7489,74.92886,320.51,0.65,0.73,2025-11-05,2146,N21,VIIRS,n,2.0NRT,285.02,3.79,N
22.4158,69.03904,311.01,0.49,0.65,2025-11-05,2150,N21,VIIRS,n,2.0NRT,294.52,1.54,N
23.49766,68.57754,308.23,0.43,0.62,2025-11-05,2150,N21,VIIRS,n,2.0NRT,295.05,2.19,N
23.31402,70.20079,301.98,0.55,0.68,2025-11-05,2150,N21,VIIRS,n,2.0NRT,291.35,0.79,N
20.95196,86.04656,335.31,0.4,0.37,2025-11-06,0720,N21,VIIRS,l,2.0NRT,307.39,3.56,D
20.94039,86.06046,337.31,0.4,0.37,2025-11-06,0720,N21,VIIRS,n,2.0NRT,308.19,5.37,D
20.80493,85.25589,330.06,0.43,0.38,2025-11-06,0720,N21,VIIRS,l,2.0NRT,304.63,3.65,D
20.79393,85.25382,334.75,0.43,0.38,2025-11-06,0720,N21,VIIRS,l,2.0NRT,306.93,13.38,D
20.78026,85.21458,331.34,0.43,0.38,2025-11-06,0720,N21,VIIRS,n,2.0NRT,298.68,2.56,D
20.78562,85.26786,332.77,0.43,0.38,2025-11-06,0720,N21,VIIRS,l,2.0NRT,304.32,7.1,D
19.90086,82.09913,339.31,0.42,0.45,2025-11-06,0720,N21,VIIRS,n,2.0NRT,297.1,6.54,D
18.73772,77.85616,349.77,0.42,0.61,2025-11-06,0720,N21,VIIRS,n,2.0NRT,298.24,5.44,D
18.73766,77.85559,348.14,0.42,0.61,2025-11-06,0720,N21,VIIRS,n,2.0NRT,297.72,7.37,D
18.70276,77.90752,334.01,0.41,0.61,2025-11-06,0720,N21,VIIRS,n,2.0NRT,299.74,3.5,D
18.6685,77.85517,367,0.42,0.61,2025-11-06,0720,N21,VIIRS,h,2.0NRT,298.83,12.1,D
18.64819,77.86781,367,0.42,0.61,2025-11-06,0720,N21,VIIRS,h,2.0NRT,298.42,9.32,D
18.66865,77.93629,335.87,0.41,0.61,2025-11-06,0720,N21,VIIRS,n,2.0NRT,289.65,6.74,D
18.64873,77.86865,352.57,0.42,0.61,2025-11-06,0720,N21,VIIRS,n,2.0NRT,297.76,10.3,D
18.55993,77.75018,349.64,0.43,0.62,2025-11-06,0720,N21,VIIRS,n,2.0NRT,299.1,9.46,D
18.55733,77.79202,330.83,0.42,0.61,2025-11-06,0720,N21,VIIRS,n,2.0NRT,298.1,10.34,D
18.54755,77.82713,355.46,0.42,0.61,2025-11-06,0720,N21,VIIRS,n,2.0NRT,301.54,29.47,D
18.7911,79.07193,328.53,0.34,0.56,2025-11-06,0720,N21,VIIRS,n,2.0NRT,296.91,2.4,D
18.79312,79.07081,336.87,0.35,0.56,2025-11-06,0720,N21,VIIRS,n,2.0NRT,296.95,2.71,D
18.61184,78.37562,336.53,0.39,0.59,2025-11-06,0720,N21,VIIRS,n,2.0NRT,294.9,5.39,D
18.50721,77.9873,343.77,0.41,0.61,2025-11-06,0720,N21,VIIRS,n,2.0NRT,295.93,5.75,D
18.52968,78.40898,367,0.39,0.59,2025-11-06,0720,N21,VIIRS,h,2.0NRT,299.29,11.92,D
18.53191,78.40811,355.18,0.39,0.59,2025-11-06,0720,N21,VIIRS,n,2.0NRT,298.12,6.23,D
18.52659,78.40933,343.43,0.39,0.59,2025-11-06,0720,N21,VIIRS,n,2.0NRT,297.89,5.46,D
18.19544,78.37868,340.31,0.39,0.6,2025-11-06,0720,N21,VIIRS,n,2.0NRT,294.14,3.52,D
18.19311,78.3793,341.86,0.39,0.6,2025-11-06,0720,N21,VIIRS,n,2.0NRT,295.74,4.39,D
17.83156,78.95335,338.78,0.37,0.58,2025-11-06,0720,N21,VIIRS,n,2.0NRT,295.74,3.34,D
17.78776,83.36147,341.38,0.38,0.43,2025-11-06,0720,N21,VIIRS,n,2.0NRT,299.79,8.26,D
17.69384,83.24203,328.71,0.39,0.44,2025-11-06,0720,N21,VIIRS,n,2.0NRT,297.3,1.64,D
17.60648,83.20328,329.58,0.4,0.44,2025-11-06,0720,N21,VIIRS,n,2.0NRT,294.43,3.13,D
17.44395,82.45053,329.75,0.44,0.46,2025-11-06,0720,N21,VIIRS,n,2.0NRT,299.35,13.98,D
17.44471,82.45463,338.81,0.44,0.46,2025-11-06,0720,N21,VIIRS,n,2.0NRT,299.1,13.98,D
17.19262,81.33961,336.99,0.53,0.5,2025-11-06,0720,N21,VIIRS,n,2.0NRT,300.02,5.47,D
16.99872,81.19593,331.09,0.54,0.51,2025-11-06,0720,N21,VIIRS,n,2.0NRT,297.48,2.93,D
17.00889,81.422,341.55,0.52,0.5,2025-11-06,0720,N21,VIIRS,n,2.0NRT,296.89,8.2,D
16.64054,80.09799,352.01,0.32,0.55,2025-11-06,0720,N21,VIIRS,n,2.0NRT,299.98,7.59,D
15.51424,79.34751,338.56,0.38,0.59,2025-11-06,0720,N21,VIIRS,n,2.0NRT,295.22,3.77,D
13.15967,80.28207,326.18,0.37,0.58,2025-11-06,0720,N21,VIIRS,n,2.0NRT,291.81,3.07,D
20.96457,86.00527,334.96,0.4,0.37,2025-11-06,0720,N21,VIIRS,n,2.0NRT,307,3.47,D
22.38177,79.96133,331.96,0.51,0.5,2025-11-06,0722,N21,VIIRS,n,2.0NRT,300.77,6.47,D
26.95973,80.11639,338.6,0.41,0.45,2025-11-06,0722,N21,VIIRS,n,2.0NRT,301.6,2.83,D
26.77454,79.06577,330.58,0.48,0.48,2025-11-06,0722,N21,VIIRS,n,2.0NRT,301.05,2.47,D
26.80093,79.08377,330.34,0.48,0.48,2025-11-06,0722,N21,VIIRS,n,2.0NRT,302.29,3.92,D
26.83179,79.00952,331.4,0.48,0.48,2025-11-06,0722,N21,VIIRS,n,2.0NRT,302.21,3.65,D
26.87184,79.09332,339.4,0.48,0.48,2025-11-06,0722,N21,VIIRS,n,2.0NRT,302.12,6.04,D
27.56827,82.31,330.5,0.47,0.4,2025-11-06,0722,N21,VIIRS,n,2.0NRT,300.27,2.39,D
26.92766,79.00645,334.33,0.48,0.48,2025-11-06,0722,N21,VIIRS,n,2.0NRT,303.23,5.85,D
27.23553,80.4011,335.64,0.39,0.44,2025-11-06,0722,N21,VIIRS,n,2.0NRT,301.04,2.65,D
27.60429,81.76386,338.59,0.5,0.41,2025-11-06,0722,N21,VIIRS,n,2.0NRT,303.2,6.68,D
26.99654,78.6557,335.82,0.5,0.49,2025-11-06,0722,N21,VIIRS,n,2.0NRT,302.68,3.97,D
27.33232,80.27079,332.93,0.4,0.44,2025-11-06,0722,N21,VIIRS,n,2.0NRT,301.78,5.87,D
27.39347,80.25645,342.54,0.4,0.44,2025-11-06,0722,N21,VIIRS,n,2.0NRT,302.15,3.72,D
27.5792,81.04399,331.24,0.54,0.42,2025-11-06,0722,N21,VIIRS,n,2.0NRT,301.79,5.68,D
27.44888,80.30476,331.74,0.4,0.44,2025-11-06,0722,N21,VIIRS,n,2.0NRT,302.35,2.71,D
27.67281,81.45799,329.69,0.51,0.41,2025-11-06,0722,N21,VIIRS,l,2.0NRT,302.6,5.67,D
27.67654,81.45712,333.28,0.51,0.41,2025-11-06,0722,N21,VIIRS,n,2.0NRT,303.29,5.67,D
27.27164,79.37001,334.01,0.45,0.47,2025-11-06,0722,N21,VIIRS,n,2.0NRT,304.02,2.97,D
27.30619,79.45407,335.19,0.44,0.46,2025-11-06,0722,N21,VIIRS,n,2.0NRT,302.14,2.91,D
27.30731,79.45915,330.34,0.44,0.46,2025-11-06,0722,N21,VIIRS,l,2.0NRT,303.38,2.44,D
27.69131,81.28452,350.53,0.52,0.42,2025-11-06,0722,N21,VIIRS,n,2.0NRT,303.71,12.94,D
27.24888,78.92012,342.85,0.48,0.48,2025-11-06,0722,N21,VIIRS,n,2.0NRT,305.91,6.24,D
27.48026,80.03442,331.87,0.41,0.45,2025-11-06,0722,N21,VIIRS,n,2.0NRT,304.19,3.45,D
27.54667,80.26447,334.26,0.4,0.44,2025-11-06,0722,N21,VIIRS,n,2.0NRT,302.81,3.77,D
27.50209,79.99506,339.11,0.41,0.45,2025-11-06,0722,N21,VIIRS,n,2.0NRT,303.26,2.44,D
27.4736,79.82967,334.87,0.42,0.45,2025-11-06,0722,N21,VIIRS,n,2.0NRT,303.72,3.12,D
27.2767,78.76773,338.62,0.49,0.48,2025-11-06,0722,N21,VIIRS,n,2.0NRT,304.99,5.21,D
27.06552,77.7374,337.86,0.57,0.52,2025-11-06,0722,N21,VIIRS,n,2.0NRT,303.36,5.84,D
27.27697,78.76895,333.34,0.49,0.48,2025-11-06,0722,N21,VIIRS,n,2.0NRT,304.97,5.79,D
27.38614,79.24439,331.73,0.45,0.47,2025-11-06,0722,N21,VIIRS,n,2.0NRT,304.12,3.09,D
27.06339,77.74071,334.04,0.57,0.52,2025-11-06,0722,N21,VIIRS,n,2.0NRT,301.75,2.71,D
27.86054,81.61854,329.68,0.5,0.41,2025-11-06,0722,N21,VIIRS,n,2.0NRT,303.07,2.97,D
26.89653,76.83565,340.68,0.32,0.55,2025-11-06,0722,N21,VIIRS,n,2.0NRT,304.77,2.5,D
27.38673,78.85637,333.62,0.48,0.48,2025-11-06,0722,N21,VIIRS,n,2.0NRT,302.84,2.07,D
27.82889,81.03516,330.81,0.53,0.42,2025-11-06,0722,N21,VIIRS,n,2.0NRT,300.48,3.44,D
27.67158,80.14384,335.55,0.4,0.44,2025-11-06,0722,N21,VIIRS,n,2.0NRT,302.35,2.38,D
27.45248,78.79745,337.18,0.48,0.48,2025-11-06,0722,N21,VIIRS,n,2.0NRT,301.07,6.37,D
27.4593,78.5474,335.15,0.5,0.49,2025-11-06,0722,N21,VIIRS,n,2.0NRT,304.02,3.49,D
20.87077,84.99591,334.99,0.44,0.38,2025-11-06,0722,N21,VIIRS,n,2.0NRT,304.2,8.34,D
20.8876,84.98037,334.01,0.44,0.38,2025-11-06,0722,N21,VIIRS,n,2.0NRT,303.91,3.98,D
20.96254,85.18982,345.05,0.43,0.38,2025-11-06,0722,N21,VIIRS,n,2.0NRT,309.87,8.08,D
20.96325,85.17297,333.36,0.43,0.38,2025-11-06,0722,N21,VIIRS,l,2.0NRT,305.13,6.15,D
20.97083,85.1757,339.95,0.43,0.38,2025-11-06,0722,N21,VIIRS,n,2.0NRT,306.82,9.45,D
19.97554,77.57304,330.14,0.41,0.61,2025-11-06,0722,N21,VIIRS,n,2.0NRT,298.43,3.69,D
22.05149,88.12582,336.13,0.39,0.36,2025-11-06,0722,N21,VIIRS,n,2.0NRT,302.04,2.59,D
22.05479,88.12525,339.82,0.39,0.36,2025-11-06,0722,N21,VIIRS,n,2.0NRT,305.92,5.2,D
21.73343,83.84753,331.71,0.48,0.4,2025-11-06,0722,N21,VIIRS,n,2.0NRT,304.04,4.52,D
21.35476,81.70793,339.53,0.42,0.45,2025-11-06,0722,N21,VIIRS,n,2.0NRT,295.77,6.12,D
22.36597,87.29924,334.82,0.38,0.36,2025-11-06,0722,N21,VIIRS,l,2.0NRT,306.97,7.74,D
22.37685,87.28214,331.81,0.38,0.36,2025-11-06,0722,N21,VIIRS,l,2.0NRT,306.74,4.33,D
22.37957,87.27786,333.76,0.38,0.36,2025-11-06,0722,N21,VIIRS,l,2.0NRT,305.1,6.24,D
20.88542,78.94524,329.28,0.32,0.55,2025-11-06,0722,N21,VIIRS,l,2.0NRT,299.77,3.12,D
21.89727,84.20223,327.95,0.46,0.39,2025-11-06,0722,N21,VIIRS,n,2.0NRT,300.47,2.43,D
22.3666,87.0182,332.6,0.38,0.36,2025-11-06,0722,N21,VIIRS,l,2.0NRT,306.95,6.06,D
21.44544,81.49601,339.35,0.43,0.46,2025-11-06,0722,N21,VIIRS,n,2.0NRT,298.26,7.1,D
22.21452,84.83975,328.79,0.43,0.38,2025-11-06,0722,N21,VIIRS,l,2.0NRT,302.79,2.6,D
22.03786,83.73502,330.67,0.48,0.4,2025-11-06,0722,N21,VIIRS,l,2.0NRT,303.15,9.03,D
22.04148,83.73427,351.12,0.48,0.4,2025-11-06,0722,N21,VIIRS,n,2.0NRT,310.99,9.03,D
22.04068,83.72972,339.76,0.48,0.4,2025-11-06,0722,N21,VIIRS,n,2.0NRT,303.3,5.12,D
21.7356,82.00934,341.26,0.4,0.44,2025-11-06,0722,N21,VIIRS,n,2.0NRT,300.24,5.46,D
22.00337,82.67058,329.66,0.54,0.42,2025-11-06,0722,N21,VIIRS,n,2.0NRT,302.83,6.17,D
22.08804,83.12113,328.38,0.51,0.41,2025-11-06,0722,N21,VIIRS,l,2.0NRT,300.24,4.17,D
22.57398,85.89721,332.13,0.4,0.37,2025-11-06,0722,N21,VIIRS,n,2.0NRT,306.06,4.01,D
22.57336,85.89339,340.26,0.4,0.37,2025-11-06,0722,N21,VIIRS,n,2.0NRT,306.64,4.01,D
22.57274,85.88956,342.61,0.4,0.37,2025-11-06,0722,N21,VIIRS,n,2.0NRT,305.58,4.55,D
22.91943,87.99538,333.44,0.39,0.36,2025-11-06,0722,N21,VIIRS,n,2.0NRT,298.8,3.37,D
21.03653,76.51343,350.82,0.46,0.63,2025-11-06,0722,N21,VIIRS,n,2.0NRT,301.82,8.1,D
23.19458,88.01775,345.47,0.39,0.36,2025-11-06,0722,N21,VIIRS,n,2.0NRT,301.87,8.38,D
21.94629,79.57758,337.27,0.56,0.51,2025-11-06,0722,N21,VIIRS,n,2.0NRT,296.91,4.96,D
21.6838,78.16203,331.36,0.35,0.56,2025-11-06,0722,N21,VIIRS,l,2.0NRT,303.46,2.71,D
21.67227,77.95979,347.24,0.36,0.57,2025-11-06,0722,N21,VIIRS,n,2.0NRT,304.61,5.58,D
22.0497,79.5226,328.51,0.56,0.51,2025-11-06,0722,N21,VIIRS,n,2.0NRT,298.21,3.68,D
21.76897,78.07475,329.06,0.35,0.57,2025-11-06,0722,N21,VIIRS,n,2.0NRT,301.26,2.4,D
22.18034,79.65216,332.08,0.54,0.51,2025-11-06,0722,N21,VIIRS,n,2.0NRT,300.15,5.52,D
22.19415,79.69707,329.38,0.54,0.51,2025-11-06,0722,N21,VIIRS,n,2.0NRT,299.24,3.64,D
22.28442,79.743,328.58,0.53,0.5,2025-11-06,0722,N21,VIIRS,l,2.0NRT,298.67,3,D
22.29806,79.73992,331.82,0.53,0.5,2025-11-06,0722,N21,VIIRS,n,2.0NRT,301.18,3.77,D
22.32029,79.756,331.16,0.53,0.5,2025-11-06,0722,N21,VIIRS,n,2.0NRT,301.72,2.81,D
22.34034,79.80905,343.31,0.53,0.5,2025-11-06,0722,N21,VIIRS,n,2.0NRT,301.34,12,D
22.28019,79.60788,328.58,0.54,0.51,2025-11-06,0722,N21,VIIRS,l,2.0NRT,301.39,3.79,D
22.39506,80.13988,328.63,0.5,0.49,2025-11-06,0722,N21,VIIRS,n,2.0NRT,296.5,2.66,D
22.34039,79.80582,341.46,0.53,0.5,2025-11-06,0722,N21,VIIRS,n,2.0NRT,303.19,12.23,D
22.33251,79.74468,333.79,0.53,0.5,2025-11-06,0722,N21,VIIRS,n,2.0NRT,301.02,4.36,D
23.66498,87.15868,332.08,0.38,0.36,2025-11-06,0722,N21,VIIRS,l,2.0NRT,305.24,2.74,D
27.39853,82.52235,329.43,0.46,0.39,2025-11-06,0722,N21,VIIRS,n,2.0NRT,300.48,2.46,D
22.35555,79.83348,333.97,0.52,0.5,2025-11-06,0722,N21,VIIRS,n,2.0NRT,302.59,9.61,D
22.29052,79.51883,334.48,0.55,0.51,2025-11-06,0722,N21,VIIRS,n,2.0NRT,299.06,6.22,D
22.38974,79.95449,329.21,0.51,0.5,2025-11-06,0722,N21,VIIRS,l,2.0NRT,301.24,7.12,D
22.35581,79.76561,342.16,0.53,0.5,2025-11-06,0722,N21,VIIRS,n,2.0NRT,305.48,12.8,D
22.37043,79.76749,330.41,0.53,0.5,2025-11-06,0722,N21,VIIRS,n,2.0NRT,301.08,4.02,D
22.36735,79.75241,333.33,0.53,0.5,2025-11-06,0722,N21,VIIRS,n,2.0NRT,302.36,6.03,D
22.35584,79.6494,335.87,0.54,0.51,2025-11-06,0722,N21,VIIRS,n,2.0NRT,301.06,3.43,D
22.44953,80.04243,339.96,0.51,0.49,2025-11-06,0722,N21,VIIRS,n,2.0NRT,298.71,5.8,D
22.38277,79.66442,338.73,0.54,0.51,2025-11-06,0722,N21,VIIRS,n,2.0NRT,301.61,6.05,D
22.39793,79.64494,333.28,0.54,0.51,2025-11-06,0722,N21,VIIRS,n,2.0NRT,303.4,5.57,D
22.45276,79.84784,328.94,0.52,0.5,2025-11-06,0722,N21,VIIRS,l,2.0NRT,300.46,4.49,D
22.39814,79.64663,332.65,0.54,0.51,2025-11-06,0722,N21,VIIRS,n,2.0NRT,303,4.09,D
23.62918,86.28912,333.47,0.39,0.36,2025-11-06,0722,N21,VIIRS,n,2.0NRT,303.32,4.42,D
22.49589,80.0281,336.97,0.51,0.49,2025-11-06,0722,N21,VIIRS,n,2.0NRT,301.57,6.34,D
22.50576,80.03086,330.8,0.51,0.49,2025-11-06,0722,N21,VIIRS,l,2.0NRT,300.98,3.6,D
22.43702,79.69605,329.82,0.53,0.5,2025-11-06,0722,N21,VIIRS,n,2.0NRT,302.26,3.9,D
21.69629,76.20388,333.92,0.46,0.64,2025-11-06,0722,N21,VIIRS,n,2.0NRT,305.16,4.25,D
23.67714,86.39996,335.65,0.39,0.36,2025-11-06,0722,N21,VIIRS,l,2.0NRT,309.34,8.18,D
23.68314,86.395,331.1,0.39,0.36,2025-11-06,0722,N21,VIIRS,l,2.0NRT,306.07,5.55,D
23.71228,86.45132,334.98,0.39,0.36,2025-11-06,0722,N21,VIIRS,n,2.0NRT,307.94,5.49,D
23.67526,86.08666,336.56,0.39,0.36,2025-11-06,0722,N21,VIIRS,l,2.0NRT,307.94,9.21,D
23.75914,86.40066,337.05,0.39,0.36,2025-11-06,0722,N21,VIIRS,n,2.0NRT,305.97,7.9,D
23.76302,86.40381,341.44,0.39,0.36,2025-11-06,0722,N21,VIIRS,n,2.0NRT,308.32,6.54,D
23.76631,86.4032,334.4,0.39,0.36,2025-11-06,0722,N21,VIIRS,l,2.0NRT,306.67,4.51,D
23.77771,86.38952,344.93,0.39,0.36,2025-11-06,0722,N21,VIIRS,n,2.0NRT,311.02,4.66,D
23.77359,86.36324,342.74,0.39,0.36,2025-11-06,0722,N21,VIIRS,n,2.0NRT,306,7.25,D
23.78101,86.38892,336.17,0.39,0.36,2025-11-06,0722,N21,VIIRS,l,2.0NRT,311.15,4.66,D
23.78194,86.37329,340.09,0.39,0.36,2025-11-06,0722,N21,VIIRS,n,2.0NRT,308.57,4.08,D
23.64598,85.43871,332.4,0.4,0.37,2025-11-06,0722,N21,VIIRS,n,2.0NRT,305.14,4.23,D
22.67674,80.10555,329.64,0.5,0.49,2025-11-06,0722,N21,VIIRS,n,2.0NRT,299.42,3.66,D
23.79546,86.35147,346.69,0.39,0.36,2025-11-06,0722,N21,VIIRS,n,2.0NRT,309.86,8.76,D
23.79875,86.35086,335.27,0.39,0.36,2025-11-06,0722,N21,VIIRS,n,2.0NRT,307.52,4.01,D
23.78017,86.21117,335.57,0.39,0.36,2025-11-06,0722,N21,VIIRS,l,2.0NRT,308.88,8.1,D
23.80239,86.33088,335.71,0.39,0.36,2025-11-06,0722,N21,VIIRS,l,2.0NRT,309.42,4.72,D
23.80569,86.33026,340.66,0.39,0.36,2025-11-06,0722,N21,VIIRS,n,2.0NRT,309.98,4.72,D
23.75858,85.86057,336.02,0.39,0.36,2025-11-06,0722,N21,VIIRS,n,2.0NRT,302.96,4.74,D
23.75737,85.85294,333.58,0.39,0.36,2025-11-06,0722,N21,VIIRS,l,2.0NRT,308.16,5.69,D
23.16552,82.34286,332.9,0.54,0.42,2025-11-06,0722,N21,VIIRS,n,2.0NRT,302.87,4.31,D
23.16455,82.33767,342.38,0.54,0.42,2025-11-06,0722,N21,VIIRS,n,2.0NRT,304.14,8.83,D
22.6999,79.69975,333.11,0.53,0.5,2025-11-06,0722,N21,VIIRS,n,2.0NRT,303.39,6.08,D
22.32289,77.40104,336.81,0.38,0.58,2025-11-06,0722,N21,VIIRS,n,2.0NRT,306.13,3.7,D
22.36656,77.44948,354.06,0.37,0.58,2025-11-06,0722,N21,VIIRS,n,2.0NRT,306.92,9.44,D
22.37178,77.44818,367,0.37,0.58,2025-11-06,0722,N21,VIIRS,h,2.0NRT,307.4,8.86,D
22.37709,77.47269,335.99,0.37,0.58,2025-11-06,0722,N21,VIIRS,n,2.0NRT,303.12,2.85,D
22.3882,77.4478,348.43,0.37,0.58,2025-11-06,0722,N21,VIIRS,n,2.0NRT,306.58,5.8,D
22.38669,77.44079,333.62,0.37,0.58,2025-11-06,0722,N21,VIIRS,n,2.0NRT,305.54,2.23,D
22.37525,77.38781,340.23,0.38,0.58,2025-11-06,0722,N21,VIIRS,n,2.0NRT,306.47,3.28,D
22.37135,77.44814,367,0.37,0.58,2025-11-06,0722,N21,VIIRS,h,2.0NRT,307.85,10.5,D
22.37683,77.47258,334.11,0.37,0.58,2025-11-06,0722,N21,VIIRS,n,2.0NRT,302.97,2.34,D
22.86161,79.6497,331.09,0.53,0.5,2025-11-06,0722,N21,VIIRS,n,2.0NRT,302.8,3.06,D
22.3878,77.44779,347.06,0.37,0.58,2025-11-06,0722,N21,VIIRS,n,2.0NRT,306.32,5.12,D
22.38624,77.4408,333.67,0.37,0.58,2025-11-06,0722,N21,VIIRS,n,2.0NRT,305.46,1.59,D
22.40542,77.50224,367,0.37,0.58,2025-11-06,0722,N21,VIIRS,h,2.0NRT,304.88,7.5,D
22.3797,77.38677,334.76,0.37,0.58,2025-11-06,0722,N21,VIIRS,l,2.0NRT,307.05,2.93,D
22.40501,77.45094,338.05,0.37,0.58,2025-11-06,0722,N21,VIIRS,n,2.0NRT,305.21,4.86,D
22.41872,77.48799,333.56,0.37,0.58,2025-11-06,0722,N21,VIIRS,n,2.0NRT,305.84,2.29,D
22.40558,77.42868,335.46,0.37,0.58,2025-11-06,0722,N21,VIIRS,n,2.0NRT,306.33,2.03,D
22.4048,77.42515,332.01,0.37,0.58,2025-11-06,0722,N21,VIIRS,n,2.0NRT,305.21,2.03,D
22.31089,76.92881,348.24,0.4,0.6,2025-11-06,0722,N21,VIIRS,n,2.0NRT,306.99,5.96,D
22.46604,77.60357,335.28,0.36,0.57,2025-11-06,0722,N21,VIIRS,n,2.0NRT,302.77,3.08,D
22.46529,77.60014,335.61,0.36,0.58,2025-11-06,0722,N21,VIIRS,n,2.0NRT,301.87,3.08,D
22.43801,77.47591,334.5,0.37,0.58,2025-11-06,0722,N21,VIIRS,n,2.0NRT,305.24,4,D
22.40985,77.32305,332.75,0.38,0.59,2025-11-06,0722,N21,VIIRS,n,2.0NRT,305.78,2.67,D
23.82972,84.57096,332.63,0.42,0.38,2025-11-06,0722,N21,VIIRS,n,2.0NRT,303.76,2.63,D
22.53167,77.60541,330.79,0.36,0.57,2025-11-06,0722,N21,VIIRS,l,2.0NRT,303.16,1.98,D
22.53213,77.60349,338.17,0.36,0.57,2025-11-06,0722,N21,VIIRS,n,2.0NRT,304.19,3.14,D
22.60688,77.91771,345.29,0.34,0.56,2025-11-06,0722,N21,VIIRS,n,2.0NRT,304.87,3.35,D
22.56336,77.69559,340.58,0.35,0.57,2025-11-06,0722,N21,VIIRS,n,2.0NRT,303.2,7.29,D
22.57434,77.6964,344.28,0.35,0.57,2025-11-06,0722,N21,VIIRS,n,2.0NRT,303.88,3.96,D
22.56672,77.58779,340.36,0.36,0.57,2025-11-06,0722,N21,VIIRS,n,2.0NRT,307.53,5.14,D
22.79964,78.64341,339.57,0.61,0.54,2025-11-06,0722,N21,VIIRS,n,2.0NRT,301.5,8.34,D
22.58673,77.65429,336.69,0.36,0.57,2025-11-06,0722,N21,VIIRS,n,2.0NRT,306.49,4.6,D
22.59478,77.64162,336.63,0.36,0.57,2025-11-06,0722,N21,VIIRS,n,2.0NRT,304.36,4.56,D
22.70697,77.98825,367,0.34,0.56,2025-11-06,0722,N21,VIIRS,h,2.0NRT,309.24,10.9,D
22.68872,77.85294,336,0.35,0.56,2025-11-06,0722,N21,VIIRS,n,2.0NRT,306.35,3.41,D
22.62785,77.56899,344.59,0.36,0.57,2025-11-06,0722,N21,VIIRS,n,2.0NRT,305.71,2.92,D
22.85492,78.56882,340.28,0.62,0.54,2025-11-06,0722,N21,VIIRS,n,2.0NRT,301.92,9.75,D
22.8538,78.5722,339.32,0.62,0.54,2025-11-06,0722,N21,VIIRS,n,2.0NRT,301.85,5.67,D
22.65229,77.62514,337.53,0.36,0.57,2025-11-06,0722,N21,VIIRS,n,2.0NRT,305.39,5.55,D
22.65154,77.62175,348.58,0.36,0.57,2025-11-06,0722,N21,VIIRS,n,2.0NRT,306.06,5.55,D
22.65079,77.61836,349.01,0.36,0.57,2025-11-06,0722,N21,VIIRS,n,2.0NRT,306.91,7.3,D
22.65519,77.61374,367,0.36,0.57,2025-11-06,0722,N21,VIIRS,h,2.0NRT,307.34,7.3,D
22.6634,77.65089,331.92,0.36,0.57,2025-11-06,0722,N21,VIIRS,l,2.0NRT,306.01,2.78,D
22.65808,77.60234,330.77,0.36,0.57,2025-11-06,0722,N21,VIIRS,l,2.0NRT,305.47,2.35,D
22.65586,77.44392,332.88,0.37,0.58,2025-11-06,0722,N21,VIIRS,n,2.0NRT,305.79,2.29,D
22.65509,77.44044,334.19,0.37,0.58,2025-11-06,0722,N21,VIIRS,n,2.0NRT,307.39,2.29,D
22.68511,77.52752,336.54,0.36,0.58,2025-11-06,0722,N21,VIIRS,n,2.0NRT,303.51,2.23,D
22.71761,77.65174,332.91,0.35,0.57,2025-11-06,0722,N21,VIIRS,n,2.0NRT,304.06,2.94,D
22.68569,77.48029,367,0.36,0.58,2025-11-06,0722,N21,VIIRS,h,2.0NRT,305.57,10.23,D
22.77407,77.88797,348.44,0.34,0.56,2025-11-06,0722,N21,VIIRS,n,2.0NRT,305.17,4.49,D
22.77337,77.88472,342.5,0.34,0.56,2025-11-06,0722,N21,VIIRS,n,2.0NRT,306.06,4.49,D
22.69088,77.47903,367,0.36,0.58,2025-11-06,0722,N21,VIIRS,h,2.0NRT,308.05,10.23,D
22.77911,77.88673,339.32,0.34,0.56,2025-11-06,0722,N21,VIIRS,n,2.0NRT,304.06,4.49,D
22.77841,77.88348,334.89,0.34,0.56,2025-11-06,0722,N21,VIIRS,n,2.0NRT,306.24,4.49,D
22.87927,78.30755,338.19,0.32,0.55,2025-11-06,0722,N21,VIIRS,n,2.0NRT,302.57,2.49,D
22.70349,77.48685,330.04,0.36,0.58,2025-11-06,0722,N21,VIIRS,n,2.0NRT,304.08,2.55,D
22.80206,77.89477,352.27,0.34,0.56,2025-11-06,0722,N21,VIIRS,n,2.0NRT,304.36,9.17,D
22.80068,77.88831,353.85,0.34,0.56,2025-11-06,0722,N21,VIIRS,n,2.0NRT,305.98,7.46,D
22.79999,77.88506,353.48,0.34,0.56,2025-11-06,0722,N21,VIIRS,n,2.0NRT,306.1,7.46,D
22.73525,77.58339,333.56,0.36,0.57,2025-11-06,0722,N21,VIIRS,n,2.0NRT,302.44,4.71,D
22.80641,77.89031,336.61,0.34,0.56,2025-11-06,0722,N21,VIIRS,n,2.0NRT,305.57,3.32,D
22.79874,77.88832,348.43,0.34,0.56,2025-11-06,0722,N21,VIIRS,n,2.0NRT,304.73,3.95,D
22.79803,77.88509,338.3,0.34,0.56,2025-11-06,0722,N21,VIIRS,n,2.0NRT,304.29,3.95,D
22.80521,77.89357,348.32,0.34,0.56,2025-11-06,0722,N21,VIIRS,n,2.0NRT,305.18,6.5,D
22.8045,77.89034,341.16,0.34,0.56,2025-11-06,0722,N21,VIIRS,n,2.0NRT,306.47,6.5,D
22.80379,77.88712,338.74,0.34,0.56,2025-11-06,0722,N21,VIIRS,n,2.0NRT,305.22,3.95,D
22.80307,77.88387,330.45,0.34,0.56,2025-11-06,0722,N21,VIIRS,n,2.0NRT,304.06,3.95,D
22.73629,77.58298,332.55,0.36,0.57,2025-11-06,0722,N21,VIIRS,l,2.0NRT,303.28,5.87,D
22.99501,78.74274,331.54,0.6,0.53,2025-11-06,0722,N21,VIIRS,n,2.0NRT,303.99,3.44,D
22.83823,77.89894,333.89,0.34,0.56,2025-11-06,0722,N21,VIIRS,n,2.0NRT,304.66,3.04,D
22.92997,78.2497,334.82,0.32,0.55,2025-11-06,0722,N21,VIIRS,n,2.0NRT,303.07,2.08,D
23.38546,80.40557,335.89,0.46,0.47,2025-11-06,0722,N21,VIIRS,n,2.0NRT,302.73,4.16,D
22.78386,77.47839,341.99,0.36,0.58,2025-11-06,0722,N21,VIIRS,n,2.0NRT,303.34,4.36,D
22.74865,77.21748,332.54,0.38,0.59,2025-11-06,0722,N21,VIIRS,l,2.0NRT,306.39,3.02,D
23.39852,80.08109,348.04,0.48,0.48,2025-11-06,0722,N21,VIIRS,n,2.0NRT,303.11,9.67,D
22.98522,77.49532,367,0.36,0.57,2025-11-06,0722,N21,VIIRS,h,2.0NRT,308.59,18.52,D
22.98449,77.49201,337.58,0.36,0.57,2025-11-06,0722,N21,VIIRS,n,2.0NRT,302.37,9.57,D
23.4317,79.5474,332.75,0.52,0.5,2025-11-06,0722,N21,VIIRS,l,2.0NRT,304.49,6.97,D
23.45316,79.53712,340.2,0.52,0.5,2025-11-06,0722,N21,VIIRS,n,2.0NRT,305.32,9.07,D
23.54894,79.85126,332.32,0.5,0.49,2025-11-06,0722,N21,VIIRS,n,2.0NRT,302.42,3.34,D
23.61425,80.10696,333.04,0.48,0.48,2025-11-06,0722,N21,VIIRS,n,2.0NRT,300.27,3.59,D
23.06379,77.52499,337.98,0.36,0.57,2025-11-06,0722,N21,VIIRS,n,2.0NRT,303.27,2.18,D
23.63494,80.16432,339.15,0.47,0.48,2025-11-06,0722,N21,VIIRS,n,2.0NRT,300.8,9.12,D
23.09103,77.57478,339.04,0.35,0.57,2025-11-06,0722,N21,VIIRS,n,2.0NRT,302.65,4.54,D
23.08122,77.48162,331.42,0.36,0.57,2025-11-06,0722,N21,VIIRS,n,2.0NRT,301.7,1.98,D
23.42017,78.96103,339.72,0.57,0.52,2025-11-06,0722,N21,VIIRS,n,2.0NRT,305.78,7.38,D
23.66393,80.12892,334.73,0.48,0.48,2025-11-06,0722,N21,VIIRS,n,2.0NRT,300.85,3.15,D
23.12743,77.44524,336.56,0.36,0.57,2025-11-06,0722,N21,VIIRS,n,2.0NRT,304.45,3.05,D
23.60525,79.65372,332.24,0.51,0.49,2025-11-06,0722,N21,VIIRS,l,2.0NRT,303.26,2.8,D
23.7217,80.20644,330.84,0.47,0.48,2025-11-06,0722,N21,VIIRS,n,2.0NRT,303.31,4.11,D
23.60783,79.65472,335.93,0.51,0.49,2025-11-06,0722,N21,VIIRS,n,2.0NRT,303.35,3.39,D
25.03341,87.37042,338.14,0.39,0.36,2025-11-06,0722,N21,VIIRS,n,2.0NRT,303.07,5.94,D
23.69282,79.70592,332.35,0.5,0.49,2025-11-06,0722,N21,VIIRS,n,2.0NRT,303.66,4.28,D
23.89488,80.00556,334.51,0.48,0.48,2025-11-06,0722,N21,VIIRS,n,2.0NRT,300.96,3.17,D
23.74641,79.26794,333.1,0.54,0.5,2025-11-06,0722,N21,VIIRS,n,2.0NRT,306.14,3.63,D
23.74601,79.26614,331.58,0.53,0.5,2025-11-06,0722,N21,VIIRS,n,2.0NRT,306.31,3.13,D
23.64596,78.75089,331.37,0.58,0.52,2025-11-06,0722,N21,VIIRS,n,2.0NRT,305.13,2.73,D
24.19067,80.74723,332.2,0.43,0.46,2025-11-06,0722,N21,VIIRS,n,2.0NRT,302.41,2.22,D
23.51412,77.47778,333.03,0.35,0.57,2025-11-06,0722,N21,VIIRS,n,2.0NRT,301.74,2.98,D
23.76827,78.52956,344.08,0.59,0.53,2025-11-06,0722,N21,VIIRS,n,2.0NRT,308.48,12.69,D
24.28407,80.8748,334.68,0.42,0.45,2025-11-06,0722,N21,VIIRS,n,2.0NRT,302.78,4.41,D
24.28246,80.74365,338.76,0.42,0.46,2025-11-06,0722,N21,VIIRS,n,2.0NRT,304.17,6.55,D
24.36521,80.96912,331.62,0.41,0.45,2025-11-06,0722,N21,VIIRS,l,2.0NRT,302.24,2.51,D
24.39412,80.98743,333.11,0.41,0.45,2025-11-06,0722,N21,VIIRS,n,2.0NRT,300.98,2.18,D
24.42491,81.03797,330.83,0.41,0.45,2025-11-06,0722,N21,VIIRS,n,2.0NRT,300.9,2.91,D
24.45091,81.06114,348.87,0.4,0.45,2025-11-06,0722,N21,VIIRS,n,2.0NRT,301.44,8.05,D
24.2883,80.24738,333.13,0.45,0.47,2025-11-06,0722,N21,VIIRS,n,2.0NRT,303.88,3.78,D
23.94434,78.34872,339.67,0.6,0.53,2025-11-06,0722,N21,VIIRS,n,2.0NRT,305.9,7.16,D
24.3344,80.16743,340.48,0.46,0.47,2025-11-06,0722,N21,VIIRS,n,2.0NRT,305.49,6.75,D
25.30253,85.40836,332.4,0.39,0.36,2025-11-06,0722,N21,VIIRS,l,2.0NRT,303.89,3.56,D
24.49325,80.7559,350.99,0.42,0.45,2025-11-06,0722,N21,VIIRS,n,2.0NRT,306.45,9.7,D
24.49179,80.75639,355.12,0.42,0.45,2025-11-06,0722,N21,VIIRS,n,2.0NRT,306.31,10.74,D
24.53806,80.94667,330.01,0.41,0.45,2025-11-06,0722,N21,VIIRS,n,2.0NRT,302.56,3,D
24.59142,81.15442,339.87,0.4,0.44,2025-11-06,0722,N21,VIIRS,n,2.0NRT,301.84,2.9,D
25.35923,85.40144,329.98,0.39,0.36,2025-11-06,0722,N21,VIIRS,n,2.0NRT,304.27,2.62,D
25.37373,85.40658,334.01,0.39,0.36,2025-11-06,0722,N21,VIIRS,n,2.0NRT,303.87,2.75,D
25.32512,85.02278,337.74,0.4,0.37,2025-11-06,0722,N21,VIIRS,n,2.0NRT,303.72,4.18,D
24.64168,81.09065,330.13,0.4,0.44,2025-11-06,0722,N21,VIIRS,n,2.0NRT,303.17,3.2,D
24.57405,80.67355,331.47,0.42,0.46,2025-11-06,0722,N21,VIIRS,n,2.0NRT,305.33,1.53,D
24.51867,80.32188,330.52,0.45,0.47,2025-11-06,0722,N21,VIIRS,n,2.0NRT,304.75,4.01,D
24.64945,80.82548,334.69,0.41,0.45,2025-11-06,0722,N21,VIIRS,n,2.0NRT,306.07,3.77,D
24.68702,80.88755,334.68,0.41,0.45,2025-11-06,0722,N21,VIIRS,n,2.0NRT,304.28,2.97,D
24.79211,81.36902,330.19,0.38,0.43,2025-11-06,0722,N21,VIIRS,n,2.0NRT,300.23,1.52,D
24.14149,77.92638,335.84,0.32,0.54,2025-11-06,0722,N21,VIIRS,n,2.0NRT,306.52,2.34,D
24.15509,77.89426,367,0.32,0.55,2025-11-06,0722,N21,VIIRS,h,2.0NRT,305.65,6.21,D
24.15576,77.89729,343.19,0.32,0.55,2025-11-06,0722,N21,VIIRS,n,2.0NRT,304.04,6.21,D
24.83041,81.10463,334.79,0.4,0.44,2025-11-06,0722,N21,VIIRS,n,2.0NRT,302.2,1.9,D
24.25996,77.91796,330.04,0.63,0.54,2025-11-06,0722,N21,VIIRS,n,2.0NRT,302.04,5.15,D
24.35596,78.10161,336.55,0.61,0.54,2025-11-06,0722,N21,VIIRS,n,2.0NRT,304.11,3.8,D
24.35449,78.07095,332.96,0.62,0.54,2025-11-06,0722,N21,VIIRS,n,2.0NRT,304.41,3.93,D
24.32832,77.87701,345.68,0.32,0.54,2025-11-06,0722,N21,VIIRS,n,2.0NRT,306.62,7.94,D
24.36496,78.02458,340.55,0.62,0.54,2025-11-06,0722,N21,VIIRS,n,2.0NRT,305.87,11.03,D
24.34965,77.95277,340.41,0.63,0.54,2025-11-06,0722,N21,VIIRS,n,2.0NRT,302.07,15.89,D
24.36854,78.01743,337.69,0.62,0.54,2025-11-06,0722,N21,VIIRS,n,2.0NRT,303.75,5.67,D
24.35452,77.95158,339.66,0.63,0.54,2025-11-06,0722,N21,VIIRS,n,2.0NRT,303.95,25.1,D
24.36341,78.02853,339.92,0.62,0.54,2025-11-06,0722,N21,VIIRS,n,2.0NRT,304.97,4.66,D
24.36694,78.02141,334,0.62,0.54,2025-11-06,0722,N21,VIIRS,n,2.0NRT,304.8,7.61,D
24.35249,77.95582,344.26,0.63,0.54,2025-11-06,0722,N21,VIIRS,n,2.0NRT,307.67,27.83,D
25.4418,82.63157,334,0.48,0.4,2025-11-06,0722,N21,VIIRS,n,2.0NRT,301.45,4.37,D
24.54675,78.03796,337,0.61,0.54,2025-11-06,0722,N21,VIIRS,n,2.0NRT,303.76,6.83,D
24.50058,77.7531,354.75,0.32,0.55,2025-11-06,0722,N21,VIIRS,n,2.0NRT,301.41,4.45,D
24.49391,77.72232,331.4,0.32,0.55,2025-11-06,0722,N21,VIIRS,n,2.0NRT,299.59,1.15,D
24.5015,77.73343,337.1,0.32,0.55,2025-11-06,0722,N21,VIIRS,n,2.0NRT,300.43,3.3,D
25.79361,84.40424,331.96,0.41,0.37,2025-11-06,0722,N21,VIIRS,n,2.0NRT,303.89,1.92,D
24.53367,77.7868,331.74,0.32,0.54,2025-11-06,0722,N21,VIIRS,l,2.0NRT,302.15,2.84,D
24.5352,77.78742,341.46,0.32,0.54,2025-11-06,0722,N21,VIIRS,n,2.0NRT,303.13,2.56,D
24.54925,77.687,337.8,0.32,0.55,2025-11-06,0722,N21,VIIRS,n,2.0NRT,302.6,2.94,D
25.46294,82.02339,332.57,0.52,0.41,2025-11-06,0722,N21,VIIRS,n,2.0NRT,301.93,3.96,D
25.40812,81.53605,332.91,0.55,0.43,2025-11-06,0722,N21,VIIRS,l,2.0NRT,303.21,8.38,D
25.40602,81.53919,334.22,0.55,0.43,2025-11-06,0722,N21,VIIRS,n,2.0NRT,304.5,7.48,D
25.41475,81.54282,331,0.55,0.43,2025-11-06,0722,N21,VIIRS,n,2.0NRT,303.34,2.93,D
24.65816,77.4441,330.17,0.33,0.56,2025-11-06,0722,N21,VIIRS,n,2.0NRT,301.01,1.46,D
24.6659,77.4555,332.36,0.33,0.55,2025-11-06,0722,N21,VIIRS,n,2.0NRT,302.5,2.87,D
24.66522,77.45235,342.35,0.33,0.55,2025-11-06,0722,N21,VIIRS,n,2.0NRT,303.5,2.87,D
25.46991,81.36655,336.46,0.56,0.43,2025-11-06,0722,N21,VIIRS,n,2.0NRT,306.91,26.22,D
25.49526,81.37219,331.88,0.56,0.43,2025-11-06,0722,N21,VIIRS,n,2.0NRT,299.61,3.3,D
25.53757,81.18805,334.15,0.57,0.43,2025-11-06,0722,N21,VIIRS,n,2.0NRT,302.47,4.14,D
25.74411,81.29135,333.27,0.56,0.43,2025-11-06,0722,N21,VIIRS,n,2.0NRT,301.75,7.23,D
25.75396,81.30053,336.64,0.56,0.43,2025-11-06,0722,N21,VIIRS,n,2.0NRT,303.02,5.91,D
25.70436,81.02029,340.03,0.39,0.44,2025-11-06,0722,N21,VIIRS,n,2.0NRT,301.04,4.4,D
24.9284,77.1743,339.24,0.34,0.56,2025-11-06,0722,N21,VIIRS,n,2.0NRT,300.83,4.69,D
24.87129,76.86788,351.49,0.36,0.57,2025-11-06,0722,N21,VIIRS,n,2.0NRT,303.89,4.27,D
25.97114,82.14098,333.98,0.5,0.41,2025-11-06,0722,N21,VIIRS,n,2.0NRT,300.93,4.92,D
24.98067,77.17751,334.6,0.34,0.56,2025-11-06,0722,N21,VIIRS,n,2.0NRT,302.14,2.62,D
25.92696,81.52868,346.76,0.54,0.42,2025-11-06,0722,N21,VIIRS,n,2.0NRT,303,9.76,D
25.81347,80.7793,333.27,0.4,0.44,2025-11-06,0722,N21,VIIRS,n,2.0NRT,301.18,2.22,D
25.81466,80.77876,334.85,0.4,0.44,2025-11-06,0722,N21,VIIRS,n,2.0NRT,301.53,2.37,D
25.90408,80.87476,334.12,0.39,0.44,2025-11-06,0722,N21,VIIRS,n,2.0NRT,301.22,3.11,D
25.09911,77.0009,341.78,0.35,0.57,2025-11-06,0722,N21,VIIRS,n,2.0NRT,302.91,2.93,D
25.75156,80.05244,330.76,0.44,0.46,2025-11-06,0722,N21,VIIRS,l,2.0NRT,302.64,2.8,D
24.94394,76.13852,333.15,0.4,0.6,2025-11-06,0722,N21,VIIRS,n,2.0NRT,304.05,2.08,D
25.81303,80.2323,330.73,0.43,0.46,2025-11-06,0722,N21,VIIRS,l,2.0NRT,302.06,5.12,D
26.41146,83.47005,341.85,0.44,0.38,2025-11-06,0722,N21,VIIRS,n,2.0NRT,302.92,3.95,D
26.1235,81.78501,332.42,0.52,0.42,2025-11-06,0722,N21,VIIRS,n,2.0NRT,301.82,7.84,D
26.12029,81.7879,331.93,0.52,0.42,2025-11-06,0722,N21,VIIRS,n,2.0NRT,301.15,4.05,D
26.12405,81.78705,332.12,0.52,0.42,2025-11-06,0722,N21,VIIRS,n,2.0NRT,301.37,4.05,D
25.94893,80.77525,330.38,0.4,0.44,2025-11-06,0722,N21,VIIRS,n,2.0NRT,303.44,2.5,D
25.95291,80.77432,338.82,0.4,0.44,2025-11-06,0722,N21,VIIRS,n,2.0NRT,303.89,2.5,D
25.16756,77.03001,329.71,0.34,0.56,2025-11-06,0722,N21,VIIRS,n,2.0NRT,302.34,1.39,D
25.73745,79.54638,339.44,0.47,0.48,2025-11-06,0722,N21,VIIRS,n,2.0NRT,303.04,5.42,D
26.51359,83.57324,333.5,0.43,0.38,2025-11-06,0722,N21,VIIRS,n,2.0NRT,303.38,5.11,D
26.02104,80.78264,348.06,0.39,0.44,2025-11-06,0722,N21,VIIRS,n,2.0NRT,304.44,7.09,D
26.48637,83.31133,330.13,0.44,0.38,2025-11-06,0722,N21,VIIRS,n,2.0NRT,301.63,2.43,D
26.00584,80.66017,341.88,0.4,0.44,2025-11-06,0722,N21,VIIRS,n,2.0NRT,302.68,5.37,D
26.48701,83.25233,331.99,0.44,0.39,2025-11-06,0722,N21,VIIRS,n,2.0NRT,302.03,2.15,D
26.54681,83.57942,333.01,0.43,0.38,2025-11-06,0722,N21,VIIRS,n,2.0NRT,302.85,3.36,D
26.56565,83.57256,329.88,0.43,0.38,2025-11-06,0722,N21,VIIRS,n,2.0NRT,302.07,2.37,D
26.56311,83.47575,331.77,0.43,0.38,2025-11-06,0722,N21,VIIRS,n,2.0NRT,301.02,3.61,D
26.4225,82.49748,330.74,0.48,0.4,2025-11-06,0722,N21,VIIRS,n,2.0NRT,301.41,2.63,D
26.60583,83.51545,336.39,0.43,0.38,2025-11-06,0722,N21,VIIRS,n,2.0NRT,302.21,4.36,D
26.61076,83.52325,330.93,0.43,0.38,2025-11-06,0722,N21,VIIRS,l,2.0NRT,302.18,2.91,D
26.63658,83.54869,332.58,0.43,0.38,2025-11-06,0722,N21,VIIRS,n,2.0NRT,302.92,4.18,D
26.75115,83.99329,332.96,0.42,0.37,2025-11-06,0722,N21,VIIRS,n,2.0NRT,303.01,3.12,D
25.96288,79.552,335.4,0.47,0.47,2025-11-06,0722,N21,VIIRS,n,2.0NRT,303,7.56,D
25.95547,79.51562,340.36,0.47,0.48,2025-11-06,0722,N21,VIIRS,n,2.0NRT,304.26,5.7,D
25.43295,76.82539,343.2,0.35,0.57,2025-11-06,0722,N21,VIIRS,n,2.0NRT,301.63,4.95,D
26.61957,82.74573,335.13,0.46,0.39,2025-11-06,0722,N21,VIIRS,n,2.0NRT,301.63,4.64,D
25.43463,76.82309,334.12,0.35,0.57,2025-11-06,0722,N21,VIIRS,n,2.0NRT,300.83,3.9,D
25.26677,75.97587,329.99,0.4,0.6,2025-11-06,0722,N21,VIIRS,n,2.0NRT,300.74,2.14,D
25.45007,76.72475,330.46,0.35,0.57,2025-11-06,0722,N21,VIIRS,n,2.0NRT,301.99,2.88,D
25.46062,76.74746,332.95,0.35,0.57,2025-11-06,0722,N21,VIIRS,n,2.0NRT,302.26,2.74,D
25.46572,76.74609,346.81,0.35,0.57,2025-11-06,0722,N21,VIIRS,n,2.0NRT,305.62,6.55,D
26.38225,81.01501,330.22,0.57,0.43,2025-11-06,0722,N21,VIIRS,n,2.0NRT,301.65,3.01,D
26.21549,80.04601,331.81,0.43,0.46,2025-11-06,0722,N21,VIIRS,n,2.0NRT,301.12,3.75,D
26.71172,82.60824,331.56,0.47,0.39,2025-11-06,0722,N21,VIIRS,n,2.0NRT,301.6,3.44,D
25.80269,77.95287,335.8,0.59,0.53,2025-11-06,0722,N21,VIIRS,n,2.0NRT,299.01,4.19,D
26.87301,83.32779,330.08,0.44,0.38,2025-11-06,0722,N21,VIIRS,n,2.0NRT,301.25,3.58,D
25.32969,75.77398,338.57,0.41,0.61,2025-11-06,0722,N21,VIIRS,n,2.0NRT,300.47,3.62,D
26.39296,80.67169,335.93,0.39,0.44,2025-11-06,0722,N21,VIIRS,n,2.0NRT,303.31,3.03,D
25.32944,75.7238,329.63,0.41,0.61,2025-11-06,0722,N21,VIIRS,n,2.0NRT,302.76,2.73,D
26.13147,79.2571,339.19,0.48,0.48,2025-11-06,0722,N21,VIIRS,n,2.0NRT,303.25,9.77,D
26.40358,80.55503,339.48,0.4,0.44,2025-11-06,0722,N21,VIIRS,n,2.0NRT,301.83,5.36,D
25.48243,76.09034,329.41,0.39,0.59,2025-11-06,0722,N21,VIIRS,n,2.0NRT,301.43,2.33,D
26.88386,83.01675,336.29,0.45,0.39,2025-11-06,0722,N21,VIIRS,n,2.0NRT,302.93,6.56,D
26.87223,82.9501,340.19,0.45,0.39,2025-11-06,0722,N21,VIIRS,n,2.0NRT,302.49,5.3,D
26.88102,82.79544,330.74,0.46,0.39,2025-11-06,0722,N21,VIIRS,n,2.0NRT,301,2.73,D
26.10371,78.72871,339.72,0.52,0.5,2025-11-06,0722,N21,VIIRS,n,2.0NRT,304.19,9.55,D
26.25191,79.37486,332.39,0.47,0.48,2025-11-06,0722,N21,VIIRS,n,2.0NRT,301,4.45,D
26.26556,79.26447,333.5,0.48,0.48,2025-11-06,0722,N21,VIIRS,n,2.0NRT,302.05,4.22,D
26.97783,82.8864,332.73,0.45,0.39,2025-11-06,0722,N21,VIIRS,n,2.0NRT,300.98,2.23,D
27.00557,83.00161,339.05,0.45,0.39,2025-11-06,0722,N21,VIIRS,n,2.0NRT,301.91,5.67,D
26.31771,79.33537,330.48,0.47,0.48,2025-11-06,0722,N21,VIIRS,n,2.0NRT,301.38,3.58,D
27.01352,82.9029,330.56,0.45,0.39,2025-11-06,0722,N21,VIIRS,n,2.0NRT,302.39,2.71,D
26.23093,78.87659,330.14,0.5,0.49,2025-11-06,0722,N21,VIIRS,n,2.0NRT,300.04,3.42,D
27.01772,82.86482,334.28,0.45,0.39,2025-11-06,0722,N21,VIIRS,n,2.0NRT,301.69,5.56,D
26.3098,79.16586,334.83,0.48,0.48,2025-11-06,0722,N21,VIIRS,n,2.0NRT,301.65,4.09,D
26.5976,80.48794,333.18,0.4,0.44,2025-11-06,0722,N21,VIIRS,n,2.0NRT,300.66,3.46,D
25.85443,76.54298,345.97,0.36,0.57,2025-11-06,0722,N21,VIIRS,n,2.0NRT,301.34,3.74,D
25.87943,76.60536,330.34,0.35,0.57,2025-11-06,0722,N21,VIIRS,n,2.0NRT,301.34,2.29,D
25.89341,76.54733,330.42,0.36,0.57,2025-11-06,0722,N21,VIIRS,l,2.0NRT,303.74,2.64,D
26.91036,81.31877,333.15,0.53,0.42,2025-11-06,0722,N21,VIIRS,n,2.0NRT,300.01,4.07,D
26.90969,81.32143,334.03,0.53,0.42,2025-11-06,0722,N21,VIIRS,n,2.0NRT,300.38,5.47,D
26.54088,79.3939,334.74,0.46,0.47,2025-11-06,0722,N21,VIIRS,n,2.0NRT,300.59,2.41,D
27.29655,83.24509,329.9,0.43,0.38,2025-11-06,0722,N21,VIIRS,n,2.0NRT,299.85,3.05,D
25.95389,76.59081,329.9,0.35,0.57,2025-11-06,0722,N21,VIIRS,n,2.0NRT,301.48,2.08,D
27.36451,83.36859,332.83,0.43,0.38,2025-11-06,0722,N21,VIIRS,n,2.0NRT,302.61,2.09,D
27.37432,83.3842,329.81,0.43,0.38,2025-11-06,0722,N21,VIIRS,l,2.0NRT,302.83,2.28,D
26.83337,80.39925,339.24,0.4,0.44,2025-11-06,0722,N21,VIIRS,n,2.0NRT,300.61,7.02,D
27.38047,83.37844,330.53,0.43,0.38,2025-11-06,0722,N21,VIIRS,l,2.0NRT,303.23,2.44,D
27.42356,83.61057,332.06,0.42,0.38,2025-11-06,0722,N21,VIIRS,n,2.0NRT,301.75,2.95,D
27.04213,81.31535,330.93,0.53,0.42,2025-11-06,0722,N21,VIIRS,n,2.0NRT,300.22,2.91,D
26.5152,78.65984,336.09,0.51,0.5,2025-11-06,0722,N21,VIIRS,n,2.0NRT,301.36,3.25,D
26.27854,77.45287,338.75,0.61,0.54,2025-11-06,0722,N21,VIIRS,n,2.0NRT,303.14,5.33,D
26.59237,78.69289,339.3,0.51,0.49,2025-11-06,0722,N21,VIIRS,n,2.0NRT,301.9,4.18,D
26.54172,78.44961,333.56,0.53,0.5,2025-11-06,0722,N21,VIIRS,n,2.0NRT,302.57,3.72,D
27.32986,82.50292,333.23,0.46,0.39,2025-11-06,0722,N21,VIIRS,n,2.0NRT,301.65,6.66,D
26.81201,79.70862,338.35,0.44,0.46,2025-11-06,0722,N21,VIIRS,n,2.0NRT,302.79,5.67,D
26.59512,78.69365,337.03,0.51,0.49,2025-11-06,0722,N21,VIIRS,n,2.0NRT,302.11,5.78,D
26.54286,78.45107,336.14,0.53,0.5,2025-11-06,0722,N21,VIIRS,n,2.0NRT,302.84,5.57,D
26.8128,79.70868,335.34,0.44,0.46,2025-11-06,0722,N21,VIIRS,n,2.0NRT,302.29,5.03,D
29.47291,73.83314,331.38,0.43,0.62,2025-11-06,0724,N21,VIIRS,n,2.0NRT,301.65,2.08,D
31.92787,75.03046,330.55,0.32,0.55,2025-11-06,0724,N21,VIIRS,n,2.0NRT,301.97,1.44,D
31.75021,74.9269,345.86,0.33,0.55,2025-11-06,0724,N21,VIIRS,n,2.0NRT,301.66,4.12,D
31.61935,74.62089,342.82,0.34,0.56,2025-11-06,0724,N21,VIIRS,n,2.0NRT,304.7,6.85,D
31.52015,74.69141,332.19,0.34,0.56,2025-11-06,0724,N21,VIIRS,n,2.0NRT,299.52,1.73,D
31.54325,74.98866,341.57,0.33,0.55,2025-11-06,0724,N21,VIIRS,n,2.0NRT,299.79,5.52,D
31.46114,75.22038,330.33,0.32,0.55,2025-11-06,0724,N21,VIIRS,n,2.0NRT,303.03,2.2,D
31.24954,74.64688,340.44,0.35,0.57,2025-11-06,0724,N21,VIIRS,n,2.0NRT,303.17,3.88,D
31.33732,75.03423,367,0.33,0.55,2025-11-06,0724,N21,VIIRS,h,2.0NRT,301.96,4.92,D
31.21865,74.69837,342.38,0.35,0.57,2025-11-06,0724,N21,VIIRS,n,2.0NRT,301.09,3.43,D
30.94436,74.44079,340.26,0.37,0.58,2025-11-06,0724,N21,VIIRS,n,2.0NRT,301.44,4,D
30.94527,74.44447,335.44,0.37,0.58,2025-11-06,0724,N21,VIIRS,n,2.0NRT,302.19,4,D
30.94435,74.44246,348.31,0.37,0.58,2025-11-06,0724,N21,VIIRS,n,2.0NRT,303.55,8.16,D
31.00144,74.70506,343.66,0.35,0.57,2025-11-06,0724,N21,VIIRS,n,2.0NRT,300.66,2.94,D
30.90415,74.68568,337.32,0.35,0.57,2025-11-06,0724,N21,VIIRS,n,2.0NRT,299.31,5.49,D
31.06392,75.35027,339.12,0.32,0.55,2025-11-06,0724,N21,VIIRS,n,2.0NRT,302.38,3.39,D
30.98097,75.06418,331.46,0.34,0.56,2025-11-06,0724,N21,VIIRS,n,2.0NRT,302.87,2.55,D
30.91988,74.84998,336.66,0.35,0.56,2025-11-06,0724,N21,VIIRS,n,2.0NRT,302.76,3.34,D
30.82103,74.68652,335.1,0.36,0.57,2025-11-06,0724,N21,VIIRS,n,2.0NRT,303.5,4.36,D
30.81629,74.75714,367,0.35,0.57,2025-11-06,0724,N21,VIIRS,h,2.0NRT,303.22,6.08,D
30.83948,74.91996,335.76,0.34,0.56,2025-11-06,0724,N21,VIIRS,n,2.0NRT,302.23,2.05,D
30.84157,74.91962,332.9,0.35,0.56,2025-11-06,0724,N21,VIIRS,n,2.0NRT,302.12,1.98,D
30.80868,75.00793,333.73,0.34,0.56,2025-11-06,0724,N21,VIIRS,n,2.0NRT,304.73,1.89,D
31.06063,76.20013,338.09,0.57,0.52,2025-11-06,0724,N21,VIIRS,n,2.0NRT,300.94,6.33,D
30.64399,74.57405,333.63,0.37,0.58,2025-11-06,0724,N21,VIIRS,n,2.0NRT,300.68,2.4,D
30.63161,74.52358,337.72,0.37,0.58,2025-11-06,0724,N21,VIIRS,n,2.0NRT,301.39,2.88,D
30.64393,74.57523,333.18,0.37,0.58,2025-11-06,0724,N21,VIIRS,n,2.0NRT,300.5,2.57,D
30.7609,75.11618,351.11,0.34,0.56,2025-11-06,0724,N21,VIIRS,n,2.0NRT,303.86,5.08,D
30.55006,74.27751,333.14,0.38,0.59,2025-11-06,0724,N21,VIIRS,n,2.0NRT,301.37,3.02,D
30.64052,74.79046,367,0.35,0.57,2025-11-06,0724,N21,VIIRS,h,2.0NRT,302.88,6.94,D
30.41291,73.97437,333.99,0.4,0.6,2025-11-06,0724,N21,VIIRS,n,2.0NRT,301.25,3.95,D
30.60542,74.91544,336.8,0.35,0.57,2025-11-06,0724,N21,VIIRS,n,2.0NRT,300.69,3.31,D
30.60366,74.91792,339.99,0.35,0.57,2025-11-06,0724,N21,VIIRS,n,2.0NRT,300.74,2.4,D
30.71461,75.57194,334.7,0.32,0.54,2025-11-06,0724,N21,VIIRS,n,2.0NRT,302.88,2.26,D
30.76941,75.83037,332.02,0.61,0.54,2025-11-06,0724,N21,VIIRS,n,2.0NRT,301.64,5.33,D
30.63004,75.25642,346.95,0.33,0.56,2025-11-06,0724,N21,VIIRS,n,2.0NRT,304.1,3.92,D
30.55319,74.95616,352.83,0.35,0.57,2025-11-06,0724,N21,VIIRS,n,2.0NRT,301.84,4.41,D
30.57611,75.16411,343.59,0.34,0.56,2025-11-06,0724,N21,VIIRS,n,2.0NRT,302.87,3.14,D
30.29704,74.04662,342.89,0.4,0.6,2025-11-06,0724,N21,VIIRS,n,2.0NRT,300.29,5.09,D
30.62549,75.39333,339.12,0.33,0.55,2025-11-06,0724,N21,VIIRS,n,2.0NRT,303.13,4.15,D
29.40938,74.35145,342.33,0.4,0.6,2025-11-06,0724,N21,VIIRS,n,2.0NRT,301.42,5.18,D
29.40841,74.34747,333.09,0.4,0.6,2025-11-06,0724,N21,VIIRS,n,2.0NRT,302.79,4.97,D
29.20237,73.49738,334.79,0.46,0.63,2025-11-06,0724,N21,VIIRS,n,2.0NRT,303.06,2.87,D
29.84663,76.14771,333.57,0.62,0.54,2025-11-06,0724,N21,VIIRS,n,2.0NRT,301.74,5.49,D
29.51842,74.6124,336.21,0.39,0.59,2025-11-06,0724,N21,VIIRS,n,2.0NRT,305.19,2.38,D
29.27417,73.61475,344.25,0.45,0.63,2025-11-06,0724,N21,VIIRS,n,2.0NRT,301.22,5.84,D
29.94834,76.44009,342.24,0.59,0.53,2025-11-06,0724,N21,VIIRS,n,2.0NRT,302.53,18.82,D
29.38929,74.03273,330.2,0.42,0.61,2025-11-06,0724,N21,VIIRS,n,2.0NRT,302.55,3.34,D
29.38857,74.03269,330.61,0.42,0.61,2025-11-06,0724,N21,VIIRS,n,2.0NRT,303.36,2.93,D
29.87692,75.86685,331.63,0.32,0.55,2025-11-06,0724,N21,VIIRS,l,2.0NRT,302.9,3.29,D
29.34109,73.63211,336.98,0.45,0.63,2025-11-06,0724,N21,VIIRS,n,2.0NRT,304.67,2.86,D
29.29597,73.45365,343.18,0.46,0.63,2025-11-06,0724,N21,VIIRS,n,2.0NRT,303.19,4.28,D
29.35453,73.49353,334.34,0.45,0.63,2025-11-06,0724,N21,VIIRS,n,2.0NRT,303.35,3.06,D
30.00047,76.11361,340.26,0.61,0.54,2025-11-06,0724,N21,VIIRS,n,2.0NRT,305.34,13.42,D
29.64936,74.57964,332.59,0.39,0.59,2025-11-06,0724,N21,VIIRS,n,2.0NRT,299.45,2,D
29.57876,74.28568,344.93,0.4,0.6,2025-11-06,0724,N21,VIIRS,n,2.0NRT,303.14,4.98,D
29.48083,73.85889,331.17,0.43,0.62,2025-11-06,0724,N21,VIIRS,n,2.0NRT,303.26,2.23,D
29.47457,73.83331,331.95,0.43,0.62,2025-11-06,0724,N21,VIIRS,n,2.0NRT,301.91,1.65,D
29.99831,76.11148,344.37,0.61,0.54,2025-11-06,0724,N21,VIIRS,n,2.0NRT,303.76,11.51,D
29.57993,74.28413,343.72,0.4,0.6,2025-11-06,0724,N21,VIIRS,n,2.0NRT,303.14,4.33,D
32.65795,74.69998,325.8,0.32,0.55,2025-11-06,0724,N21,VIIRS,n,2.0NRT,296.84,1.36,D
29.48482,73.85693,337.89,0.43,0.62,2025-11-06,0724,N21,VIIRS,n,2.0NRT,302.67,3.83,D
30.00762,75.70505,330.35,0.32,0.55,2025-11-06,0724,N21,VIIRS,n,2.0NRT,304.97,2.16,D
29.65322,74.18064,330.87,0.41,0.6,2025-11-06,0724,N21,VIIRS,n,2.0NRT,301.87,2.44,D
30.03548,75.59841,338.65,0.33,0.55,2025-11-06,0724,N21,VIIRS,n,2.0NRT,303.21,2.6,D
30.14658,76.05392,335.05,0.61,0.54,2025-11-06,0724,N21,VIIRS,n,2.0NRT,302.51,4.23,D
30.04361,75.33793,340.28,0.34,0.56,2025-11-06,0724,N21,VIIRS,n,2.0NRT,304.49,4.57,D
30.04673,75.33466,347.27,0.34,0.56,2025-11-06,0724,N21,VIIRS,n,2.0NRT,303.97,5.15,D
29.7142,73.84059,336.29,0.42,0.61,2025-11-06,0724,N21,VIIRS,n,2.0NRT,304.44,3.23,D
29.92152,74.58777,332.7,0.38,0.59,2025-11-06,0724,N21,VIIRS,n,2.0NRT,301.72,1.58,D
30.08611,75.13798,331.77,0.35,0.57,2025-11-06,0724,N21,VIIRS,n,2.0NRT,303.68,1.83,D
30.24205,75.35387,344.32,0.34,0.56,2025-11-06,0724,N21,VIIRS,n,2.0NRT,306.33,3.1,D
30.29043,75.24821,339.26,0.34,0.56,2025-11-06,0724,N21,VIIRS,n,2.0NRT,301.3,3.79,D
30.34582,75.34748,341.94,0.33,0.56,2025-11-06,0724,N21,VIIRS,n,2.0NRT,305.41,3.3,D
30.22238,74.574,339.6,0.37,0.58,2025-11-06,0724,N21,VIIRS,n,2.0NRT,300.03,4.04,D
30.2717,74.66252,341.34,0.37,0.58,2025-11-06,0724,N21,VIIRS,n,2.0NRT,302.38,3.72,D
30.23003,74.4214,345.02,0.38,0.59,2025-11-06,0724,N21,VIIRS,n,2.0NRT,302.26,4.08,D
30.7104,76.45556,335.61,0.57,0.52,2025-11-06,0724,N21,VIIRS,n,2.0NRT,299.03,6.31,D
30.25858,74.46972,338.59,0.38,0.59,2025-11-06,0724,N21,VIIRS,n,2.0NRT,303.14,5.17,D
30.26471,74.47188,349.97,0.38,0.59,2025-11-06,0724,N21,VIIRS,n,2.0NRT,311.35,22.32,D
30.44684,75.14729,339.34,0.34,0.56,2025-11-06,0724,N21,VIIRS,n,2.0NRT,304.79,2.81,D
30.27095,74.4045,336.77,0.38,0.59,2025-11-06,0724,N21,VIIRS,n,2.0NRT,301.29,2.57,D
30.45505,75.15951,344.35,0.34,0.56,2025-11-06,0724,N21,VIIRS,n,2.0NRT,303.51,3.25,D
30.6025,75.77723,348.73,0.62,0.54,2025-11-06,0724,N21,VIIRS,n,2.0NRT,304.73,13.92,D
29.14538,73.44448,333.04,0.46,0.64,2025-11-06,0724,N21,VIIRS,n,2.0NRT,300.36,2.55,D
29.31268,74.21946,337.69,0.41,0.61,2025-11-06,0724,N21,VIIRS,n,2.0NRT,303.78,3.96,D
29.31549,74.39642,348.34,0.4,0.6,2025-11-06,0724,N21,VIIRS,n,2.0NRT,304.67,5.87,D
29.75805,77.01506,330.41,0.55,0.51,2025-11-06,0724,N21,VIIRS,n,2.0NRT,301.72,3.66,D
29.37723,75.98387,350.64,0.32,0.55,2025-11-06,0724,N21,VIIRS,n,2.0NRT,301.13,3.75,D
29.41143,76.39457,336.75,0.61,0.53,2025-11-06,0724,N21,VIIRS,n,2.0NRT,300.81,3.79,D
29.21354,76.04736,331.63,0.32,0.55,2025-11-06,0724,N21,VIIRS,n,2.0NRT,302.6,5.15,D
29.21278,76.04416,367,0.32,0.55,2025-11-06,0724,N21,VIIRS,h,2.0NRT,304.02,5.15,D
29.21164,76.04317,330.06,0.32,0.55,2025-11-06,0724,N21,VIIRS,n,2.0NRT,304.46,6.42,D
29.21237,76.04639,367,0.32,0.55,2025-11-06,0724,N21,VIIRS,h,2.0NRT,305.57,9.07,D
29.16168,76.03022,343.84,0.32,0.55,2025-11-06,0724,N21,VIIRS,n,2.0NRT,302.97,3.67,D
29.19297,76.51893,344.65,0.61,0.53,2025-11-06,0724,N21,VIIRS,n,2.0NRT,302.44,10.09,D
29.3296,77.35603,335.62,0.54,0.51,2025-11-06,0724,N21,VIIRS,n,2.0NRT,300.84,6.03,D
28.97982,76.49172,338.98,0.61,0.54,2025-11-06,0724,N21,VIIRS,n,2.0NRT,301.49,5.19,D
28.98063,76.48766,336.7,0.61,0.54,2025-11-06,0724,N21,VIIRS,n,2.0NRT,301.87,7.79,D
29.24153,79.03313,339.27,0.43,0.46,2025-11-06,0724,N21,VIIRS,n,2.0NRT,304.5,4.96,D
29.13033,79.17459,333.88,0.43,0.46,2025-11-06,0724,N21,VIIRS,n,2.0NRT,302.42,5.02,D
29.05574,79.20154,329.62,0.43,0.46,2025-11-06,0724,N21,VIIRS,l,2.0NRT,301.71,4.25,D
29.04394,79.36847,338.12,0.42,0.45,2025-11-06,0724,N21,VIIRS,n,2.0NRT,301.18,3.96,D
29.02096,79.63371,334.86,0.4,0.44,2025-11-06,0724,N21,VIIRS,n,2.0NRT,301.93,4.49,D
29.01295,79.63573,338.75,0.4,0.44,2025-11-06,0724,N21,VIIRS,n,2.0NRT,300.78,4.76,D
28.97074,79.47021,336.04,0.41,0.45,2025-11-06,0724,N21,VIIRS,n,2.0NRT,302.08,2.78,D
28.97546,79.76753,332.62,0.4,0.44,2025-11-06,0724,N21,VIIRS,n,2.0NRT,303.83,3.08,D
29.00522,79.91756,327.5,0.39,0.44,2025-11-06,0724,N21,VIIRS,n,2.0NRT,301.2,1.66,D
28.88337,79.70982,330.3,0.4,0.44,2025-11-06,0724,N21,VIIRS,l,2.0NRT,301.7,3.98,D
28.85222,79.84763,336,0.4,0.44,2025-11-06,0724,N21,VIIRS,n,2.0NRT,304.44,2.87,D
28.47625,80.04478,334.46,0.39,0.44,2025-11-06,0724,N21,VIIRS,n,2.0NRT,302.89,3.13,D
27.91845,77.43961,339.11,0.57,0.52,2025-11-06,0724,N21,VIIRS,n,2.0NRT,303.73,9.64,D
28.47288,80.09059,330.5,0.39,0.44,2025-11-06,0724,N21,VIIRS,n,2.0NRT,303.26,2.29,D
28.31602,79.79229,333.88,0.41,0.45,2025-11-06,0724,N21,VIIRS,n,2.0NRT,303.22,3.8,D
28.36162,80.14718,330.42,0.39,0.44,2025-11-06,0724,N21,VIIRS,n,2.0NRT,301.93,3.17,D
28.08065,79.67334,340.12,0.42,0.45,2025-11-06,0724,N21,VIIRS,n,2.0NRT,305.26,8.46,D
27.9521,79.33958,351.34,0.44,0.46,2025-11-06,0724,N21,VIIRS,n,2.0NRT,305.09,15.53,D
27.95134,79.33897,342.45,0.44,0.46,2025-11-06,0724,N21,VIIRS,n,2.0NRT,303.49,9.18,D
27.7534,79.46474,339.2,0.43,0.46,2025-11-06,0724,N21,VIIRS,n,2.0NRT,301.94,3.76,D
27.75639,79.46346,339.55,0.44,0.46,2025-11-06,0724,N21,VIIRS,n,2.0NRT,302.86,4.8,D
27.75725,79.46777,336,0.43,0.46,2025-11-06,0724,N21,VIIRS,n,2.0NRT,304.25,6.66,D
27.92321,80.33543,330.39,0.39,0.44,2025-11-06,0724,N21,VIIRS,n,2.0NRT,301.21,2.28,D
28.0546,81.1311,331.01,0.52,0.42,2025-11-06,0724,N21,VIIRS,n,2.0NRT,301.23,5.66,D
30.61801,75.4062,338.2,0.33,0.55,2025-11-06,0724,N21,VIIRS,n,2.0NRT,303.68,2.86,D
30.29629,74.04974,333.38,0.4,0.6,2025-11-06,0724,N21,VIIRS,n,2.0NRT,299.8,5.51,D
30.61798,75.40639,338.42,0.33,0.55,2025-11-06,0724,N21,VIIRS,n,2.0NRT,303.82,2.69,D
30.28279,74.08847,332,0.4,0.6,2025-11-06,0724,N21,VIIRS,n,2.0NRT,301.3,3.11,D
30.41626,74.68665,351.6,0.36,0.58,2025-11-06,0724,N21,VIIRS,n,2.0NRT,303.46,6.14,D
30.52038,75.17012,337.38,0.34,0.56,2025-11-06,0724,N21,VIIRS,n,2.0NRT,303.71,3.6,D
30.69641,75.97118,333.83,0.6,0.53,2025-11-06,0724,N21,VIIRS,n,2.0NRT,302.37,4.33,D
30.6046,75.77371,340.46,0.62,0.54,2025-11-06,0724,N21,VIIRS,n,2.0NRT,306.19,8.05,D
30.44562,75.17094,331.93,0.34,0.56,2025-11-06,0724,N21,VIIRS,n,2.0NRT,303.16,2.06,D
30.44567,75.14887,332.7,0.34,0.56,2025-11-06,0724,N21,VIIRS,n,2.0NRT,304.54,3.17,D
30.45397,75.16106,331.79,0.34,0.56,2025-11-06,0724,N21,VIIRS,n,2.0NRT,301.84,3.49,D
30.60607,75.78,330.28,0.62,0.54,2025-11-06,0724,N21,VIIRS,n,2.0NRT,304.46,8.05,D
15.02639,75.76199,329.35,0.57,0.69,2025-11-06,0900,N21,VIIRS,n,2.0NRT,293.99,5.13,D
21.10466,72.64709,346.62,0.41,0.61,2025-11-06,0902,N21,VIIRS,n,2.0NRT,302.25,11.59,D
21.83905,76.18797,337.27,0.72,0.76,2025-11-06,0902,N21,VIIRS,n,2.0NRT,302.64,9.42,D
19.16619,73.00398,347.13,0.41,0.61,2025-11-06,0902,N21,VIIRS,n,2.0NRT,295.61,5.15,D
22.96813,72.45779,353.76,0.42,0.61,2025-11-06,0902,N21,VIIRS,n,2.0NRT,302.56,8.94,D
23.33099,69.4666,337.78,0.55,0.51,2025-11-06,0902,N21,VIIRS,n,2.0NRT,308.1,4.44,D
21.83852,76.18097,334.25,0.72,0.76,2025-11-06,0902,N21,VIIRS,n,2.0NRT,302.95,9.42,D
21.10356,72.64708,343.24,0.41,0.61,2025-11-06,0902,N21,VIIRS,n,2.0NRT,301.32,7.54,D
21.83871,76.18636,350.12,0.72,0.76,2025-11-06,0902,N21,VIIRS,n,2.0NRT,303.47,17.96,D
29.44317,73.80172,339.65,0.6,0.7,2025-11-06,0904,N21,VIIRS,n,2.0NRT,301.59,8.71,D
29.50187,74.58751,346.1,0.67,0.74,2025-11-06,0904,N21,VIIRS,n,2.0NRT,301.27,16.91,D
29.51409,74.55913,355.21,0.67,0.73,2025-11-06,0904,N21,VIIRS,n,2.0NRT,300.17,12.54,D
29.52084,74.5587,344.73,0.67,0.73,2025-11-06,0904,N21,VIIRS,n,2.0NRT,301.65,6.56,D
29.48372,73.82979,331.63,0.6,0.71,2025-11-06,0904,N21,VIIRS,n,2.0NRT,301.05,5.31,D
29.5167,74.56181,352.18,0.67,0.73,2025-11-06,0904,N21,VIIRS,n,2.0NRT,302.76,12.39,D
29.51641,74.55495,339.73,0.67,0.73,2025-11-06,0904,N21,VIIRS,n,2.0NRT,300.84,12.39,D
29.48398,73.83162,334.34,0.6,0.71,2025-11-06,0904,N21,VIIRS,n,2.0NRT,301.67,4.16,D
29.801,75.72794,342.28,0.79,0.78,2025-11-06,0904,N21,VIIRS,n,2.0NRT,301.01,19.87,D
29.79583,75.59872,331.07,0.77,0.78,2025-11-06,0904,N21,VIIRS,n,2.0NRT,298.81,5.2,D
29.80375,75.72791,346.06,0.79,0.78,2025-11-06,0904,N21,VIIRS,n,2.0NRT,301.59,13.28,D
29.91562,75.54747,332.09,0.77,0.77,2025-11-06,0904,N21,VIIRS,n,2.0NRT,298.75,9.1,D
29.91617,75.00879,350.58,0.71,0.75,2025-11-06,0904,N21,VIIRS,n,2.0NRT,302.12,11.37,D
29.89675,73.60828,344.02,0.59,0.7,2025-11-06,0904,N21,VIIRS,n,2.0NRT,301.28,5.92,D
29.89785,73.60697,345.95,0.59,0.7,2025-11-06,0904,N21,VIIRS,n,2.0NRT,302.29,7.76,D
29.99127,74.48883,367,0.67,0.73,2025-11-06,0904,N21,VIIRS,h,2.0NRT,308.78,41.87,D
30.03168,75.30547,338.52,0.75,0.77,2025-11-06,0904,N21,VIIRS,n,2.0NRT,301.01,6.31,D
30.0078,74.40538,333.67,0.66,0.73,2025-11-06,0904,N21,VIIRS,n,2.0NRT,298.97,5.42,D
30.19478,75.24537,341.43,0.74,0.76,2025-11-06,0904,N21,VIIRS,n,2.0NRT,302.33,7.53,D
30.29045,75.53188,367,0.77,0.78,2025-11-06,0904,N21,VIIRS,h,2.0NRT,302.08,26.73,D
30.25733,74.56418,337.29,0.68,0.74,2025-11-06,0904,N21,VIIRS,n,2.0NRT,300.07,6.76,D
30.2689,74.37614,339.51,0.66,0.73,2025-11-06,0904,N21,VIIRS,n,2.0NRT,299.72,13.07,D
30.28682,75.53157,367,0.77,0.78,2025-11-06,0904,N21,VIIRS,h,2.0NRT,303.63,25.67,D
30.25926,74.56261,351.49,0.68,0.74,2025-11-06,0904,N21,VIIRS,n,2.0NRT,302.69,12.06,D
30.2719,74.37425,351.9,0.66,0.73,2025-11-06,0904,N21,VIIRS,n,2.0NRT,300.04,11.3,D
30.31538,74.60144,346.82,0.68,0.74,2025-11-06,0904,N21,VIIRS,n,2.0NRT,301.19,12.96,D
30.31509,74.59438,344.04,0.68,0.74,2025-11-06,0904,N21,VIIRS,n,2.0NRT,299.49,12.96,D
30.37116,74.33381,342.37,0.66,0.73,2025-11-06,0904,N21,VIIRS,n,2.0NRT,301.2,11.57,D
30.39546,74.71095,347.05,0.69,0.74,2025-11-06,0904,N21,VIIRS,n,2.0NRT,302.78,10.88,D
30.39514,74.70376,335.14,0.69,0.74,2025-11-06,0904,N21,VIIRS,n,2.0NRT,301.46,10.88,D
30.39481,74.69659,339.08,0.69,0.74,2025-11-06,0904,N21,VIIRS,n,2.0NRT,301.84,11.94,D
30.37964,74.23154,331.33,0.65,0.73,2025-11-06,0904,N21,VIIRS,n,2.0NRT,298.12,4.17,D
30.40751,74.67435,335.04,0.69,0.74,2025-11-06,0904,N21,VIIRS,n,2.0NRT,299.55,10.52,D
30.36757,74.3331,349.23,0.66,0.73,2025-11-06,0904,N21,VIIRS,n,2.0NRT,301.25,11.67,D
30.39644,74.71026,346.08,0.69,0.74,2025-11-06,0904,N21,VIIRS,n,2.0NRT,302.97,10.58,D
30.37667,74.23067,331.69,0.65,0.73,2025-11-06,0904,N21,VIIRS,n,2.0NRT,298.03,3.65,D
30.41816,74.73785,348.05,0.69,0.75,2025-11-06,0904,N21,VIIRS,n,2.0NRT,300.97,23.84,D
30.44729,74.61411,335.25,0.68,0.74,2025-11-06,0904,N21,VIIRS,n,2.0NRT,299.82,5.1,D
30.47647,74.81458,335.38,0.7,0.75,2025-11-06,0904,N21,VIIRS,n,2.0NRT,300.27,5.03,D
30.50378,74.65369,367,0.69,0.74,2025-11-06,0904,N21,VIIRS,h,2.0NRT,302.73,26.72,D
30.51091,74.81262,353.17,0.7,0.75,2025-11-06,0904,N21,VIIRS,n,2.0NRT,300.65,12.04,D
30.5028,74.63225,350.43,0.68,0.74,2025-11-06,0904,N21,VIIRS,n,2.0NRT,301.1,14.98,D
30.50963,74.63188,334.36,0.68,0.74,2025-11-06,0904,N21,VIIRS,n,2.0NRT,300.42,14.98,D
30.50536,74.65627,367,0.69,0.74,2025-11-06,0904,N21,VIIRS,h,2.0NRT,300.66,21.61,D
30.50451,74.6348,367,0.69,0.74,2025-11-06,0904,N21,VIIRS,h,2.0NRT,304.6,26.39,D
30.51159,74.81557,336.92,0.7,0.75,2025-11-06,0904,N21,VIIRS,n,2.0NRT,300.11,8.23,D
30.50508,74.64912,330.21,0.69,0.74,2025-11-06,0904,N21,VIIRS,n,2.0NRT,297.98,24.94,D
30.54957,74.26277,346.44,0.65,0.73,2025-11-06,0904,N21,VIIRS,n,2.0NRT,300.73,8.58,D
30.61341,75.46253,340.04,0.77,0.77,2025-11-06,0904,N21,VIIRS,n,2.0NRT,301.2,7.55,D
30.55288,74.26175,341.86,0.65,0.73,2025-11-06,0904,N21,VIIRS,n,2.0NRT,300.34,9.95,D
30.60984,75.46301,337.63,0.77,0.77,2025-11-06,0904,N21,VIIRS,n,2.0NRT,300.94,6.57,D
30.61491,74.45791,331.42,0.67,0.74,2025-11-06,0904,N21,VIIRS,n,2.0NRT,299.06,5.94,D
30.60354,74.1907,341.73,0.65,0.73,2025-11-06,0904,N21,VIIRS,n,2.0NRT,298.51,7.85,D
30.64289,74.47725,352.03,0.67,0.74,2025-11-06,0904,N21,VIIRS,n,2.0NRT,302.98,12.31,D
30.71155,74.98138,340.87,0.72,0.76,2025-11-06,0904,N21,VIIRS,n,2.0NRT,298.99,10.27,D
30.74356,75.09377,350.42,0.73,0.76,2025-11-06,0904,N21,VIIRS,n,2.0NRT,301.98,15.28,D
30.80419,74.38912,346.58,0.67,0.73,2025-11-06,0904,N21,VIIRS,n,2.0NRT,301.7,9.28,D
30.80015,74.39168,346.88,0.67,0.73,2025-11-06,0904,N21,VIIRS,n,2.0NRT,302.78,9.41,D
30.8818,75.07445,346.9,0.73,0.76,2025-11-06,0904,N21,VIIRS,n,2.0NRT,300.4,11.67,D
30.88361,74.59916,337.32,0.69,0.74,2025-11-06,0904,N21,VIIRS,n,2.0NRT,299.35,7.04,D
30.88498,74.59808,340.29,0.69,0.74,2025-11-06,0904,N21,VIIRS,n,2.0NRT,298.96,7.77,D
30.99558,74.78878,335.48,0.71,0.75,2025-11-06,0904,N21,VIIRS,n,2.0NRT,301.31,10.17,D
31.11899,74.9498,340.82,0.72,0.76,2025-11-06,0904,N21,VIIRS,n,2.0NRT,297.49,9.45,D
31.17947,74.88592,348.24,0.72,0.75,2025-11-06,0904,N21,VIIRS,n,2.0NRT,299.71,10.36,D
31.35628,74.96703,351.55,0.73,0.76,2025-11-06,0904,N21,VIIRS,n,2.0NRT,300.92,12.58,D
31.35512,74.96613,351.17,0.73,0.76,2025-11-06,0904,N21,VIIRS,n,2.0NRT,300.45,12.03,D
31.3704,74.80614,352.55,0.71,0.75,2025-11-06,0904,N21,VIIRS,n,2.0NRT,300.23,11.27,D
31.36849,74.75398,341.47,0.71,0.75,2025-11-06,0904,N21,VIIRS,n,2.0NRT,301.96,6.14,D
25.20273,76.18902,329.82,0.77,0.78,2025-11-06,0904,N21,VIIRS,n,2.0NRT,298.16,6.4,D
24.91565,71.51324,338.74,0.39,0.59,2025-11-06,0904,N21,VIIRS,n,2.0NRT,305.88,2.94,D
24.91202,71.51379,341.75,0.39,0.59,2025-11-06,0904,N21,VIIRS,n,2.0NRT,305.29,3.1,D
29.18249,73.48752,367,0.57,0.69,2025-11-06,0904,N21,VIIRS,h,2.0NRT,302.76,20.88,D
29.18512,73.48766,367,0.57,0.69,2025-11-06,0904,N21,VIIRS,h,2.0NRT,304.3,15.3,D
29.19988,73.18225,336.81,0.54,0.68,2025-11-06,0904,N21,VIIRS,n,2.0NRT,300.21,9.42,D
29.24652,73.12267,337.51,0.54,0.68,2025-11-06,0904,N21,VIIRS,n,2.0NRT,302,4.74,D
29.24473,73.12056,354.02,0.54,0.68,2025-11-06,0904,N21,VIIRS,n,2.0NRT,302.28,7.62,D
29.32267,74.28384,334.27,0.64,0.72,2025-11-06,0904,N21,VIIRS,n,2.0NRT,299.19,13.14,D
29.333,74.36247,343.29,0.65,0.73,2025-11-06,0904,N21,VIIRS,n,2.0NRT,300.77,7.09,D
29.30486,73.6551,351.49,0.58,0.7,2025-11-06,0904,N21,VIIRS,n,2.0NRT,301.04,15.32,D
29.34894,74.27531,367,0.64,0.72,2025-11-06,0904,N21,VIIRS,h,2.0NRT,300.17,24.74,D
29.34863,74.26881,352.18,0.64,0.72,2025-11-06,0904,N21,VIIRS,n,2.0NRT,303.21,24.74,D
29.39781,73.93753,337,0.61,0.71,2025-11-06,0904,N21,VIIRS,n,2.0NRT,300.17,3.83,D
29.44222,74.40196,336.6,0.65,0.73,2025-11-06,0904,N21,VIIRS,n,2.0NRT,300.26,5.59,D
29.3252,74.28508,344.29,0.64,0.72,2025-11-06,0904,N21,VIIRS,n,2.0NRT,301.25,8.8,D
29.336,74.36371,338.51,0.65,0.73,2025-11-06,0904,N21,VIIRS,n,2.0NRT,300.9,9.36,D
29.3036,73.65717,367,0.58,0.7,2025-11-06,0904,N21,VIIRS,h,2.0NRT,301.56,13.2,D
32.5168,74.71871,330.26,0.72,0.75,2025-11-06,0906,N21,VIIRS,n,2.0NRT,296.57,6.01,D
31.2328,74.95525,295.69,0.68,0.74,2025-11-06,1949,N21,VIIRS,n,2.0NRT,282.55,1.16,N
27.60568,95.40096,311.78,0.44,0.46,2025-11-06,1949,N21,VIIRS,n,2.0NRT,289.51,1.3,N
27.46206,95.47749,301.14,0.45,0.47,2025-11-06,1949,N21,VIIRS,n,2.0NRT,287.57,0.87,N
27.46896,95.42315,303.15,0.45,0.47,2025-11-06,1949,N21,VIIRS,n,2.0NRT,289.18,1.46,N
27.22065,95.34647,304.29,0.45,0.47,2025-11-06,1949,N21,VIIRS,n,2.0NRT,289.54,0.6,N
29.55602,76.37981,299,0.54,0.68,2025-11-06,1949,N21,VIIRS,n,2.0NRT,284.98,2.05,N
28.77744,76.79615,296.08,0.5,0.66,2025-11-06,1949,N21,VIIRS,n,2.0NRT,285.71,0.72,N
29.21678,76.76119,295.51,0.5,0.66,2025-11-06,1949,N21,VIIRS,n,2.0NRT,283.66,0.6,N
29.5352,76.63392,295,0.52,0.67,2025-11-06,1949,N21,VIIRS,n,2.0NRT,284.28,1.1,N
29.55672,76.38182,305.85,0.53,0.67,2025-11-06,1949,N21,VIIRS,n,2.0NRT,284.74,1.31,N
21.75722,83.84018,306.45,0.47,0.39,2025-11-06,1951,N21,VIIRS,n,2.0NRT,293.48,1.13,N
21.75889,83.84247,310.18,0.47,0.39,2025-11-06,1951,N21,VIIRS,n,2.0NRT,294.09,2.24,N
21.75836,83.81966,314.85,0.47,0.4,2025-11-06,1951,N21,VIIRS,n,2.0NRT,293.12,2.02,N
21.73624,83.97932,304.31,0.46,0.39,2025-11-06,1951,N21,VIIRS,n,2.0NRT,292.08,1.27,N
21.73603,83.84816,302.28,0.47,0.39,2025-11-06,1951,N21,VIIRS,n,2.0NRT,292.25,1.49,N
21.73242,83.84761,318.42,0.47,0.39,2025-11-06,1951,N21,VIIRS,n,2.0NRT,294.13,1.49,N
21.6801,84.0423,308.59,0.46,0.39,2025-11-06,1951,N21,VIIRS,n,2.0NRT,293.95,1.52,N
21.67713,84.03738,318.11,0.46,0.39,2025-11-06,1951,N21,VIIRS,n,2.0NRT,294.39,3.56,N
21.67297,84.0412,307.34,0.46,0.39,2025-11-06,1951,N21,VIIRS,n,2.0NRT,293.59,1.35,N
21.67241,82.08176,317.53,0.38,0.43,2025-11-06,1951,N21,VIIRS,n,2.0NRT,296.08,2.29,N
21.78948,80.01792,302.78,0.52,0.5,2025-11-06,1951,N21,VIIRS,n,2.0NRT,290.95,0.73,N
21.00072,86.028,307.12,0.39,0.36,2025-11-06,1951,N21,VIIRS,n,2.0NRT,293.68,1.38,N
20.99634,86.01196,303.95,0.39,0.36,2025-11-06,1951,N21,VIIRS,n,2.0NRT,292.71,1.07,N
20.99578,86.01569,313.79,0.39,0.36,2025-11-06,1951,N21,VIIRS,n,2.0NRT,292.52,1.01,N
22.26519,75.13078,303.22,0.54,0.68,2025-11-06,1951,N21,VIIRS,n,2.0NRT,292.58,2.33,N
20.97368,86.00429,317.04,0.39,0.36,2025-11-06,1951,N21,VIIRS,n,2.0NRT,295.36,1.84,N
20.97036,86.00372,315.33,0.39,0.36,2025-11-06,1951,N21,VIIRS,n,2.0NRT,296.05,2.73,N
20.96363,86.04846,308.12,0.39,0.36,2025-11-06,1951,N21,VIIRS,n,2.0NRT,294.6,1.69,N
20.96592,86.01063,316.59,0.39,0.36,2025-11-06,1951,N21,VIIRS,n,2.0NRT,296.1,1.66,N
20.96536,86.01435,306.1,0.39,0.36,2025-11-06,1951,N21,VIIRS,n,2.0NRT,295.21,1.66,N
20.96316,86.00634,330.35,0.39,0.36,2025-11-06,1951,N21,VIIRS,n,2.0NRT,295.68,3.53,N
20.94981,86.04993,328.98,0.39,0.36,2025-11-06,1951,N21,VIIRS,n,2.0NRT,295.67,1.95,N
22.3667,73.10921,307.12,0.74,0.76,2025-11-06,1951,N21,VIIRS,n,2.0NRT,291.17,3.55,N
20.95037,86.04622,303.8,0.39,0.36,2025-11-06,1951,N21,VIIRS,n,2.0NRT,293.65,1.95,N
20.9415,86.05995,306.44,0.39,0.36,2025-11-06,1951,N21,VIIRS,n,2.0NRT,295.92,1.29,N
21.07856,85.03348,330.1,0.41,0.37,2025-11-06,1951,N21,VIIRS,n,2.0NRT,297.11,3.36,N
21.078,85.03743,320.79,0.41,0.37,2025-11-06,1951,N21,VIIRS,n,2.0NRT,298.68,3.36,N
21.07743,85.04138,306.8,0.41,0.37,2025-11-06,1951,N21,VIIRS,n,2.0NRT,294.17,2.1,N
21.48647,81.77,310.51,0.4,0.44,2025-11-06,1951,N21,VIIRS,n,2.0NRT,294.25,1.23,N
21.48552,81.77043,309.14,0.4,0.44,2025-11-06,1951,N21,VIIRS,n,2.0NRT,294.11,1.38,N
21.45697,81.80134,306.69,0.4,0.44,2025-11-06,1951,N21,VIIRS,n,2.0NRT,293.16,0.73,N
20.97798,85.17059,308.6,0.41,0.37,2025-11-06,1951,N21,VIIRS,n,2.0NRT,293.78,2.05,N
20.97006,85.17731,337.81,0.41,0.37,2025-11-06,1951,N21,VIIRS,n,2.0NRT,297.76,5.68,N
20.96781,85.16895,320.06,0.41,0.37,2025-11-06,1951,N21,VIIRS,n,2.0NRT,295.96,2.32,N
20.96724,85.17286,309.39,0.41,0.37,2025-11-06,1951,N21,VIIRS,n,2.0NRT,294.09,2.32,N
20.96668,85.15278,322,0.41,0.37,2025-11-06,1951,N21,VIIRS,n,2.0NRT,296.01,2.53,N
20.96385,85.17233,329.42,0.41,0.37,2025-11-06,1951,N21,VIIRS,n,2.0NRT,296.79,2.09,N
20.96159,85.1879,327.67,0.41,0.37,2025-11-06,1951,N21,VIIRS,n,2.0NRT,296.87,3.24,N
20.96442,85.16841,306.32,0.41,0.37,2025-11-06,1951,N21,VIIRS,n,2.0NRT,295.42,2.09,N
20.96272,85.18012,313.22,0.41,0.37,2025-11-06,1951,N21,VIIRS,n,2.0NRT,296.2,3.75,N
20.96215,85.18401,318.48,0.41,0.37,2025-11-06,1951,N21,VIIRS,n,2.0NRT,296.63,3.24,N
20.96103,85.19176,309.8,0.41,0.37,2025-11-06,1951,N21,VIIRS,n,2.0NRT,295.8,1.56,N
20.95819,85.11541,311.72,0.41,0.37,2025-11-06,1951,N21,VIIRS,n,2.0NRT,293.6,1.25,N
20.95585,85.0105,304.05,0.41,0.37,2025-11-06,1951,N21,VIIRS,n,2.0NRT,293.61,1.43,N
21.38932,81.6478,304.22,0.4,0.44,2025-11-06,1951,N21,VIIRS,n,2.0NRT,293.26,1.08,N
21.3764,81.68217,315.38,0.4,0.44,2025-11-06,1951,N21,VIIRS,n,2.0NRT,294.42,3.18,N
21.37719,81.64305,305.99,0.4,0.44,2025-11-06,1951,N21,VIIRS,n,2.0NRT,293.92,2.06,N
21.37185,81.68547,304.92,0.4,0.44,2025-11-06,1951,N21,VIIRS,n,2.0NRT,294.27,1.22,N
21.3647,81.6767,309.11,0.4,0.44,2025-11-06,1951,N21,VIIRS,n,2.0NRT,293.88,1.91,N
21.36374,81.68439,304.9,0.4,0.44,2025-11-06,1951,N21,VIIRS,n,2.0NRT,293.61,1.43,N
21.34538,81.66613,314.93,0.4,0.44,2025-11-06,1951,N21,VIIRS,n,2.0NRT,292.89,2.18,N
20.88978,84.98074,317.1,0.41,0.37,2025-11-06,1951,N21,VIIRS,n,2.0NRT,293.23,1.63,N
20.88638,84.98019,312.87,0.41,0.37,2025-11-06,1951,N21,VIIRS,n,2.0NRT,294.78,1.63,N
20.88581,84.98414,311.25,0.41,0.37,2025-11-06,1951,N21,VIIRS,n,2.0NRT,295.19,1.63,N
20.87388,84.99432,337.55,0.41,0.37,2025-11-06,1951,N21,VIIRS,n,2.0NRT,294.55,17.83,N
20.86763,84.98932,313.74,0.41,0.37,2025-11-06,1951,N21,VIIRS,n,2.0NRT,296.76,2.22,N
20.86367,84.99265,307.02,0.41,0.37,2025-11-06,1951,N21,VIIRS,n,2.0NRT,295.38,1.57,N
20.8631,84.99657,304.17,0.41,0.37,2025-11-06,1951,N21,VIIRS,n,2.0NRT,294.03,1.57,N
21.30914,81.59039,306.82,0.41,0.45,2025-11-06,1951,N21,VIIRS,n,2.0NRT,292.92,1.6,N
21.29864,81.6087,302.87,0.4,0.45,2025-11-06,1951,N21,VIIRS,n,2.0NRT,291.79,1.4,N
20.80852,85.25507,318.22,0.41,0.37,2025-11-06,1951,N21,VIIRS,n,2.0NRT,295.78,2.76,N
20.80458,85.25838,321.03,0.41,0.37,2025-11-06,1951,N21,VIIRS,n,2.0NRT,296.04,2.76,N
20.79783,85.25729,320.51,0.41,0.37,2025-11-06,1951,N21,VIIRS,n,2.0NRT,293.93,1.9,N
20.79358,85.25258,329.66,0.41,0.37,2025-11-06,1951,N21,VIIRS,n,2.0NRT,297.27,8.13,N
20.78907,85.25973,305.57,0.41,0.37,2025-11-06,1951,N21,VIIRS,n,2.0NRT,294.64,2.77,N
20.78513,85.26303,331.52,0.41,0.37,2025-11-06,1951,N21,VIIRS,n,2.0NRT,295.72,2.77,N
20.77375,85.34009,305.64,0.4,0.37,2025-11-06,1951,N21,VIIRS,n,2.0NRT,293.76,0.91,N
20.7592,85.29832,323.27,0.4,0.37,2025-11-06,1951,N21,VIIRS,n,2.0NRT,296.24,2.27,N
20.76035,85.29058,307.62,0.4,0.37,2025-11-06,1951,N21,VIIRS,n,2.0NRT,294.1,1.03,N
20.75978,85.29445,309.29,0.4,0.37,2025-11-06,1951,N21,VIIRS,n,2.0NRT,294.88,2.27,N
21.19303,81.39171,308.3,0.42,0.45,2025-11-06,1951,N21,VIIRS,n,2.0NRT,293.46,2.05,N
21.18891,81.39115,317.99,0.42,0.45,2025-11-06,1951,N21,VIIRS,n,2.0NRT,294.29,2.05,N
20.53234,85.90816,311.28,0.39,0.36,2025-11-06,1951,N21,VIIRS,n,2.0NRT,293.55,1.16,N
20.51533,85.7254,306.65,0.39,0.37,2025-11-06,1951,N21,VIIRS,n,2.0NRT,294.52,1.05,N
21.2352,79.63161,310.17,0.54,0.51,2025-11-06,1951,N21,VIIRS,n,2.0NRT,291.34,2.39,N
21.56614,72.91624,308.3,0.75,0.77,2025-11-06,1951,N21,VIIRS,n,2.0NRT,289.66,2.3,N
20.72364,77.37733,300.38,0.37,0.58,2025-11-06,1951,N21,VIIRS,n,2.0NRT,288.72,0.75,N
21.11181,72.635,306.48,0.77,0.77,2025-11-06,1951,N21,VIIRS,n,2.0NRT,293.53,1.72,N
21.1047,72.63445,328.18,0.77,0.77,2025-11-06,1951,N21,VIIRS,n,2.0NRT,293.39,6.76,N
21.10419,72.64184,311.37,0.77,0.77,2025-11-06,1951,N21,VIIRS,n,2.0NRT,292.95,8.35,N
21.10709,72.64241,312.18,0.77,0.77,2025-11-06,1951,N21,VIIRS,n,2.0NRT,293.25,6.15,N
21.10054,72.63453,327.74,0.77,0.77,2025-11-06,1951,N21,VIIRS,n,2.0NRT,293.06,5.92,N
20.31152,76.26613,298.07,0.44,0.62,2025-11-06,1951,N21,VIIRS,n,2.0NRT,287.19,0.63,N
19.96326,79.3341,309.72,0.54,0.51,2025-11-06,1951,N21,VIIRS,n,2.0NRT,292.22,1.82,N
19.10157,82.16929,307.45,0.53,0.42,2025-11-06,1951,N21,VIIRS,n,2.0NRT,293.15,2.07,N
19.09775,82.16875,304.95,0.53,0.42,2025-11-06,1951,N21,VIIRS,n,2.0NRT,289.54,2.07,N
19.93909,73.71182,316.07,0.64,0.72,2025-11-06,1951,N21,VIIRS,n,2.0NRT,288.99,3.44,N
26.64378,79.47869,345.07,0.32,0.55,2025-11-06,1951,N21,VIIRS,n,2.0NRT,286.74,3.74,N
26.64409,79.47549,295.61,0.32,0.55,2025-11-06,1951,N21,VIIRS,n,2.0NRT,284.9,1.49,N
25.59542,86.62154,307.17,0.4,0.37,2025-11-06,1951,N21,VIIRS,n,2.0NRT,292.64,0.84,N
25.43703,86.06982,310.82,0.41,0.37,2025-11-06,1951,N21,VIIRS,n,2.0NRT,293.41,0.72,N
25.03468,87.36961,324.4,0.39,0.36,2025-11-06,1951,N21,VIIRS,n,2.0NRT,294.22,2.41,N
25.03411,87.37339,311.44,0.39,0.36,2025-11-06,1951,N21,VIIRS,n,2.0NRT,293.95,0.96,N
25.03353,87.37719,304.18,0.39,0.36,2025-11-06,1951,N21,VIIRS,n,2.0NRT,293.47,0.96,N
24.93004,84.14825,302.14,0.49,0.4,2025-11-06,1951,N21,VIIRS,n,2.0NRT,291.47,0.86,N
23.9372,88.42113,304.19,0.39,0.36,2025-11-06,1951,N21,VIIRS,n,2.0NRT,293.19,0.56,N
24.11481,86.85765,302.87,0.39,0.36,2025-11-06,1951,N21,VIIRS,n,2.0NRT,292.84,0.8,N
24.11424,86.86146,313.13,0.39,0.36,2025-11-06,1951,N21,VIIRS,n,2.0NRT,295.4,1.36,N
24.13436,86.35643,302.78,0.4,0.37,2025-11-06,1951,N21,VIIRS,n,2.0NRT,291.06,0.71,N
23.69413,87.12116,311.14,0.39,0.36,2025-11-06,1951,N21,VIIRS,n,2.0NRT,296.44,1.49,N
23.69356,87.12492,306.79,0.39,0.36,2025-11-06,1951,N21,VIIRS,n,2.0NRT,294.22,1.49,N
23.69482,87.09431,307.87,0.39,0.36,2025-11-06,1951,N21,VIIRS,n,2.0NRT,294.33,1,N
23.69311,87.10557,306.85,0.39,0.36,2025-11-06,1951,N21,VIIRS,n,2.0NRT,293.86,2.04,N
23.69197,87.11308,305.89,0.39,0.36,2025-11-06,1951,N21,VIIRS,n,2.0NRT,293.77,1.82,N
23.80531,86.32901,331.49,0.4,0.37,2025-11-06,1951,N21,VIIRS,n,2.0NRT,299.95,2.4,N
23.68754,87.11998,325.34,0.39,0.36,2025-11-06,1951,N21,VIIRS,n,2.0NRT,296.23,1.97,N
23.7974,86.38314,304.35,0.4,0.37,2025-11-06,1951,N21,VIIRS,n,2.0NRT,293.83,0.67,N
23.69096,87.09747,305.19,0.39,0.36,2025-11-06,1951,N21,VIIRS,n,2.0NRT,294.81,1.16,N
23.69039,87.10123,306.9,0.39,0.36,2025-11-06,1951,N21,VIIRS,n,2.0NRT,294.34,1.16,N
23.68697,87.12373,305.99,0.39,0.36,2025-11-06,1951,N21,VIIRS,n,2.0NRT,293.83,1.97,N
23.79859,86.35162,329.26,0.4,0.37,2025-11-06,1951,N21,VIIRS,n,2.0NRT,296.32,2.87,N
23.80197,86.32844,314.52,0.4,0.37,2025-11-06,1951,N21,VIIRS,n,2.0NRT,298.36,2.4,N
23.8014,86.33231,310.9,0.4,0.37,2025-11-06,1951,N21,VIIRS,n,2.0NRT,295.08,2.4,N
23.68254,87.13064,310.01,0.39,0.36,2025-11-06,1951,N21,VIIRS,n,2.0NRT,294.86,1.6,N
23.79525,86.35104,334.89,0.4,0.37,2025-11-06,1951,N21,VIIRS,n,2.0NRT,299.94,7.44,N
23.78285,86.39333,308.39,0.4,0.37,2025-11-06,1951,N21,VIIRS,n,2.0NRT,296.34,2.4,N
23.78008,86.38889,331.02,0.4,0.37,2025-11-06,1951,N21,VIIRS,n,2.0NRT,298.61,2.4,N
23.77951,86.39275,323.72,0.4,0.37,2025-11-06,1951,N21,VIIRS,n,2.0NRT,297.86,2.4,N
23.66394,87.15878,322.31,0.39,0.36,2025-11-06,1951,N21,VIIRS,n,2.0NRT,295.09,2.78,N
23.78238,86.37345,309.34,0.4,0.37,2025-11-06,1951,N21,VIIRS,n,2.0NRT,295.24,1.11,N
23.77675,86.38832,328.36,0.4,0.37,2025-11-06,1951,N21,VIIRS,n,2.0NRT,298.05,4.94,N
23.77904,86.37288,311.89,0.4,0.37,2025-11-06,1951,N21,VIIRS,n,2.0NRT,296.48,1.39,N
23.77914,86.34912,305.8,0.4,0.37,2025-11-06,1951,N21,VIIRS,n,2.0NRT,292.86,0.99,N
23.77685,86.36458,310.26,0.4,0.37,2025-11-06,1951,N21,VIIRS,n,2.0NRT,295.87,1.43,N
23.77398,86.38387,306.54,0.4,0.37,2025-11-06,1951,N21,VIIRS,n,2.0NRT,294.86,1.32,N
23.77351,86.364,339.46,0.4,0.37,2025-11-06,1951,N21,VIIRS,n,2.0NRT,298.3,4.45,N
23.76779,86.40256,320.15,0.4,0.37,2025-11-06,1951,N21,VIIRS,n,2.0NRT,297.09,2.07,N
23.76722,86.40642,322.48,0.4,0.37,2025-11-06,1951,N21,VIIRS,n,2.0NRT,296.21,2.07,N
23.76446,86.40198,326.31,0.4,0.37,2025-11-06,1951,N21,VIIRS,n,2.0NRT,296.85,2.07,N
23.7656,86.39426,308.71,0.4,0.37,2025-11-06,1951,N21,VIIRS,n,2.0NRT,298.18,2.8,N
23.76388,86.40584,311.08,0.4,0.37,2025-11-06,1951,N21,VIIRS,n,2.0NRT,296.7,2.07,N
23.76112,86.4014,331.01,0.4,0.37,2025-11-06,1951,N21,VIIRS,n,2.0NRT,298.13,2.82,N
23.75722,86.40467,325.52,0.4,0.37,2025-11-06,1951,N21,VIIRS,n,2.0NRT,297.94,2.82,N
23.75836,86.39696,311.47,0.4,0.37,2025-11-06,1951,N21,VIIRS,n,2.0NRT,295.12,3.08,N
23.75779,86.40081,318.46,0.4,0.37,2025-11-06,1951,N21,VIIRS,n,2.0NRT,297.81,2.82,N
23.75217,86.41565,321.56,0.4,0.37,2025-11-06,1951,N21,VIIRS,n,2.0NRT,296.63,1.85,N
23.78242,86.21062,312.79,0.4,0.37,2025-11-06,1951,N21,VIIRS,n,2.0NRT,295.54,2.29,N
23.75388,86.40409,305.08,0.4,0.37,2025-11-06,1951,N21,VIIRS,n,2.0NRT,294.88,1.55,N
23.77907,86.21003,317.8,0.4,0.37,2025-11-06,1951,N21,VIIRS,n,2.0NRT,295.95,2.29,N
23.74827,86.41891,307,0.4,0.37,2025-11-06,1951,N21,VIIRS,n,2.0NRT,296.54,1.85,N
23.67076,86.93624,308.51,0.39,0.36,2025-11-06,1951,N21,VIIRS,n,2.0NRT,293.86,1.11,N
23.77744,86.19777,306.31,0.4,0.37,2025-11-06,1951,N21,VIIRS,n,2.0NRT,294.96,1.34,N
22.82906,78.28519,298.21,0.34,0.56,2025-11-06,1951,N21,VIIRS,n,2.0NRT,287.5,0.42,N
22.82686,78.30848,297.78,0.34,0.56,2025-11-06,1951,N21,VIIRS,n,2.0NRT,287.1,0.33,N
21.98998,85.32704,301.63,0.41,0.37,2025-11-06,1951,N21,VIIRS,n,2.0NRT,290.07,1.1,N
22.83588,78.19441,298.8,0.35,0.57,2025-11-06,1951,N21,VIIRS,n,2.0NRT,287.57,0.52,N
22.82438,78.3082,298.19,0.34,0.56,2025-11-06,1951,N21,VIIRS,n,2.0NRT,287.06,0.25,N
22.33007,82.60747,315.38,0.55,0.42,2025-11-06,1951,N21,VIIRS,n,2.0NRT,293.47,2.94,N
22.35657,82.30509,311.54,0.57,0.43,2025-11-06,1951,N21,VIIRS,n,2.0NRT,294.76,2.48,N
22.3167,82.55722,304.67,0.55,0.43,2025-11-06,1951,N21,VIIRS,n,2.0NRT,294.06,1.65,N
22.77623,78.1606,305.97,0.35,0.57,2025-11-06,1951,N21,VIIRS,n,2.0NRT,287.82,0.72,N
21.93123,85.22118,317.76,0.41,0.37,2025-11-06,1951,N21,VIIRS,n,2.0NRT,292.13,1.77,N
21.92385,85.22401,317.14,0.41,0.37,2025-11-06,1951,N21,VIIRS,n,2.0NRT,292.11,1.85,N
22.74281,78.18089,331.92,0.35,0.57,2025-11-06,1951,N21,VIIRS,n,2.0NRT,289.62,2.41,N
22.74313,78.1775,304.26,0.35,0.57,2025-11-06,1951,N21,VIIRS,n,2.0NRT,287.74,2.41,N
22.73762,78.1803,318.92,0.35,0.57,2025-11-06,1951,N21,VIIRS,n,2.0NRT,289.23,2.01,N
22.74648,78.18092,309.68,0.35,0.57,2025-11-06,1951,N21,VIIRS,n,2.0NRT,288.65,2.54,N
22.7413,78.18035,332.51,0.35,0.57,2025-11-06,1951,N21,VIIRS,n,2.0NRT,290.04,2.54,N
22.73611,78.17976,309.92,0.35,0.57,2025-11-06,1951,N21,VIIRS,n,2.0NRT,288.53,1.36,N
22.06596,83.70435,306.5,0.48,0.4,2025-11-06,1951,N21,VIIRS,n,2.0NRT,291.26,1.33,N
22.72531,77.57584,367,0.38,0.59,2025-11-06,1951,N21,VIIRS,h,2.0NRT,296.09,13.8,N
21.764,85.57909,303.74,0.4,0.37,2025-11-06,1951,N21,VIIRS,n,2.0NRT,291.57,1.32,N
22.09031,83.11859,305.12,0.51,0.41,2025-11-06,1951,N21,VIIRS,n,2.0NRT,291.38,2.14,N
22.08656,83.11802,320.69,0.51,0.41,2025-11-06,1951,N21,VIIRS,n,2.0NRT,291.6,2.14,N
22.03744,83.35233,321.97,0.5,0.41,2025-11-06,1951,N21,VIIRS,n,2.0NRT,295.11,4.26,N
22.03191,83.36597,303.61,0.49,0.41,2025-11-06,1951,N21,VIIRS,n,2.0NRT,290.73,1.01,N
22.03922,83.34946,313.21,0.5,0.41,2025-11-06,1951,N21,VIIRS,n,2.0NRT,292.67,1.83,N
22.03858,83.35423,307.46,0.5,0.41,2025-11-06,1951,N21,VIIRS,n,2.0NRT,292.85,1.83,N
22.0336,83.3631,304.54,0.49,0.41,2025-11-06,1951,N21,VIIRS,n,2.0NRT,292.03,1.87,N
22.02926,83.36729,303.39,0.49,0.41,2025-11-06,1951,N21,VIIRS,n,2.0NRT,292.48,1,N
21.85948,83.96764,305.82,0.46,0.39,2025-11-06,1951,N21,VIIRS,n,2.0NRT,293.47,1.07,N
21.92739,83.33729,302.46,0.5,0.41,2025-11-06,1951,N21,VIIRS,n,2.0NRT,292.36,1.17,N
21.92677,83.34206,304.33,0.49,0.41,2025-11-06,1951,N21,VIIRS,n,2.0NRT,293.65,2.29,N
21.84035,83.98456,306.24,0.46,0.39,2025-11-06,1951,N21,VIIRS,n,2.0NRT,292.6,0.88,N
21.9248,83.3394,310.98,0.49,0.41,2025-11-06,1951,N21,VIIRS,n,2.0NRT,294.22,2.41,N
21.92352,83.3489,310.46,0.49,0.41,2025-11-06,1951,N21,VIIRS,n,2.0NRT,293.28,3.01,N
21.91981,83.34834,313.66,0.49,0.41,2025-11-06,1951,N21,VIIRS,n,2.0NRT,293.72,2.31,N
22.00567,82.6705,316.72,0.54,0.42,2025-11-06,1951,N21,VIIRS,n,2.0NRT,294.35,2.88,N
22.00182,82.66992,308.65,0.54,0.42,2025-11-06,1951,N21,VIIRS,n,2.0NRT,294.8,1.79,N
21.87669,83.55683,304.6,0.48,0.4,2025-11-06,1951,N21,VIIRS,n,2.0NRT,291.88,0.89,N
21.81704,83.99445,304.2,0.46,0.39,2025-11-06,1951,N21,VIIRS,n,2.0NRT,292.56,0.92,N
21.87749,83.49535,310.03,0.49,0.4,2025-11-06,1951,N21,VIIRS,n,2.0NRT,292.9,1.88,N
21.76991,84.01864,308.15,0.46,0.39,2025-11-06,1951,N21,VIIRS,n,2.0NRT,294.73,2.54,N
21.76633,84.01807,319.13,0.46,0.39,2025-11-06,1951,N21,VIIRS,n,2.0NRT,296.13,2.54,N
21.75442,84.02521,307.2,0.46,0.39,2025-11-06,1951,N21,VIIRS,n,2.0NRT,294.77,1.32,N
21.75378,83.97574,304.49,0.46,0.39,2025-11-06,1951,N21,VIIRS,n,2.0NRT,292.93,0.78,N
21.7502,83.97517,306.35,0.46,0.39,2025-11-06,1951,N21,VIIRS,n,2.0NRT,293.15,0.78,N
21.76023,83.8452,305.48,0.47,0.39,2025-11-06,1951,N21,VIIRS,n,2.0NRT,293.4,1.1,N
21.76018,83.81786,313.33,0.47,0.4,2025-11-06,1951,N21,VIIRS,n,2.0NRT,292.27,2.42,N
21.73471,83.98167,308.01,0.46,0.39,2025-11-06,1951,N21,VIIRS,n,2.0NRT,294.42,1.52,N
23.77629,86.20555,310.13,0.4,0.37,2025-11-06,1951,N21,VIIRS,n,2.0NRT,297.41,1.35,N
23.77572,86.20944,308.38,0.4,0.37,2025-11-06,1951,N21,VIIRS,n,2.0NRT,295.97,1.35,N
23.77409,86.19718,308.24,0.4,0.37,2025-11-06,1951,N21,VIIRS,n,2.0NRT,294.92,1.34,N
23.77295,86.20496,310.82,0.4,0.37,2025-11-06,1951,N21,VIIRS,n,2.0NRT,296.13,1.35,N
23.73932,86.43314,311.03,0.4,0.37,2025-11-06,1951,N21,VIIRS,n,2.0NRT,296.4,1.57,N
23.73599,86.43255,320.86,0.4,0.37,2025-11-06,1951,N21,VIIRS,n,2.0NRT,296.55,2.53,N
23.73542,86.43639,310.17,0.4,0.37,2025-11-06,1951,N21,VIIRS,n,2.0NRT,298.35,3.2,N
23.66314,86.9194,306.49,0.39,0.36,2025-11-06,1951,N21,VIIRS,n,2.0NRT,294.53,1.07,N
23.72486,86.4385,306.9,0.4,0.37,2025-11-06,1951,N21,VIIRS,n,2.0NRT,295.05,1.39,N
23.72429,86.44234,314.95,0.4,0.37,2025-11-06,1951,N21,VIIRS,n,2.0NRT,297.41,2.61,N
23.72153,86.43791,307.74,0.4,0.37,2025-11-06,1951,N21,VIIRS,n,2.0NRT,294.84,0.98,N
23.71763,86.44118,316.43,0.4,0.37,2025-11-06,1951,N21,VIIRS,n,2.0NRT,296.6,3.36,N
23.61185,87.14558,305.8,0.39,0.36,2025-11-06,1951,N21,VIIRS,n,2.0NRT,294.87,1.35,N
23.71259,86.45213,326.61,0.4,0.37,2025-11-06,1951,N21,VIIRS,n,2.0NRT,295.46,4.15,N
23.716,86.42905,315.96,0.4,0.37,2025-11-06,1951,N21,VIIRS,n,2.0NRT,295.67,1.75,N
23.71324,86.42463,311.72,0.4,0.37,2025-11-06,1951,N21,VIIRS,n,2.0NRT,297.75,1.75,N
23.60412,87.15189,307.81,0.39,0.36,2025-11-06,1951,N21,VIIRS,n,2.0NRT,294.14,1.25,N
23.77174,86.00021,307.39,0.41,0.37,2025-11-06,1951,N21,VIIRS,n,2.0NRT,291.95,1.21,N
23.77004,86.01202,303.48,0.4,0.37,2025-11-06,1951,N21,VIIRS,n,2.0NRT,292.47,0.82,N
24.20595,82.52569,302.37,0.39,0.44,2025-11-06,1951,N21,VIIRS,n,2.0NRT,290.85,0.94,N
23.82252,85.49658,308.46,0.42,0.38,2025-11-06,1951,N21,VIIRS,n,2.0NRT,295.78,2.21,N
23.81054,85.53211,305.57,0.42,0.38,2025-11-06,1951,N21,VIIRS,n,2.0NRT,289.97,0.8,N
23.6872,86.39249,312.57,0.4,0.37,2025-11-06,1951,N21,VIIRS,n,2.0NRT,295.13,2.3,N
23.56022,87.24008,308.51,0.39,0.36,2025-11-06,1951,N21,VIIRS,n,2.0NRT,293.13,1.49,N
23.6833,86.39576,322.96,0.4,0.37,2025-11-06,1951,N21,VIIRS,n,2.0NRT,296.41,2.34,N
23.76063,85.86065,318.68,0.41,0.37,2025-11-06,1951,N21,VIIRS,n,2.0NRT,293.57,1.93,N
23.75894,85.87251,305.04,0.41,0.37,2025-11-06,1951,N21,VIIRS,n,2.0NRT,294.24,1.36,N
23.68386,86.39189,319.98,0.4,0.37,2025-11-06,1951,N21,VIIRS,n,2.0NRT,297.84,2.3,N
23.61438,86.86043,303.72,0.39,0.36,2025-11-06,1951,N21,VIIRS,n,2.0NRT,293.11,0.78,N
23.55636,87.24323,314.6,0.39,0.36,2025-11-06,1951,N21,VIIRS,n,2.0NRT,293.1,1.54,N
23.55307,87.24264,336.78,0.39,0.36,2025-11-06,1951,N21,VIIRS,n,2.0NRT,295.21,2.88,N
23.80256,85.53909,305.48,0.42,0.38,2025-11-06,1951,N21,VIIRS,n,2.0NRT,292.94,1.34,N
23.75838,85.85214,310.3,0.41,0.37,2025-11-06,1951,N21,VIIRS,n,2.0NRT,293.45,1.28,N
23.75781,85.85612,308.42,0.41,0.37,2025-11-06,1951,N21,VIIRS,n,2.0NRT,295.69,2.16,N
23.75725,85.8601,311.17,0.41,0.37,2025-11-06,1951,N21,VIIRS,n,2.0NRT,292.65,2.16,N
23.68053,86.39132,317.25,0.4,0.37,2025-11-06,1951,N21,VIIRS,n,2.0NRT,294.66,1.96,N
23.67996,86.39517,309.71,0.4,0.37,2025-11-06,1951,N21,VIIRS,n,2.0NRT,298.29,1.5,N
23.6794,86.39902,310.07,0.4,0.37,2025-11-06,1951,N21,VIIRS,n,2.0NRT,296.24,1.5,N
23.755,85.85155,307.82,0.41,0.37,2025-11-06,1951,N21,VIIRS,n,2.0NRT,294.12,1.28,N
23.67663,86.39459,313.3,0.4,0.37,2025-11-06,1951,N21,VIIRS,n,2.0NRT,296.83,1.5,N
23.67607,86.39843,317.81,0.4,0.37,2025-11-06,1951,N21,VIIRS,n,2.0NRT,299.45,1.5,N
23.6755,86.40228,316.81,0.4,0.37,2025-11-06,1951,N21,VIIRS,n,2.0NRT,297.96,2.29,N
23.54921,87.24578,307.88,0.39,0.36,2025-11-06,1951,N21,VIIRS,n,2.0NRT,294.31,2.88,N
23.6733,86.39861,306.7,0.4,0.37,2025-11-06,1951,N21,VIIRS,n,2.0NRT,295.93,1.9,N
23.61439,86.79122,311.66,0.39,0.36,2025-11-06,1951,N21,VIIRS,n,2.0NRT,295.63,1.49,N
23.56533,87.0916,303.91,0.39,0.36,2025-11-06,1951,N21,VIIRS,n,2.0NRT,293.08,0.46,N
23.7898,85.55461,302.23,0.42,0.37,2025-11-06,1951,N21,VIIRS,n,2.0NRT,292.09,1.3,N
23.56318,87.08352,312.36,0.39,0.36,2025-11-06,1951,N21,VIIRS,n,2.0NRT,294.32,1.96,N
23.78123,85.56558,304.19,0.42,0.37,2025-11-06,1951,N21,VIIRS,n,2.0NRT,292.35,1.35,N
24.15795,82.66716,307.5,0.57,0.43,2025-11-06,1951,N21,VIIRS,n,2.0NRT,292.02,1.46,N
24.15784,82.56981,307.41,0.39,0.44,2025-11-06,1951,N21,VIIRS,n,2.0NRT,290.59,1.46,N
23.68049,86.09404,339.79,0.4,0.37,2025-11-06,1951,N21,VIIRS,n,2.0NRT,294.69,6.24,N
23.6822,86.08231,306.14,0.4,0.37,2025-11-06,1951,N21,VIIRS,n,2.0NRT,293.52,0.71,N
23.67992,86.09795,311.1,0.4,0.37,2025-11-06,1951,N21,VIIRS,n,2.0NRT,293.44,6.24,N
23.67827,86.08566,330.78,0.4,0.37,2025-11-06,1951,N21,VIIRS,n,2.0NRT,295.07,6.11,N
23.48612,87.36522,308.87,0.38,0.36,2025-11-06,1951,N21,VIIRS,n,2.0NRT,293.79,1.24,N
23.67491,86.08509,330.18,0.4,0.37,2025-11-06,1951,N21,VIIRS,n,2.0NRT,294.86,6.11,N
23.67149,86.10852,312.68,0.4,0.37,2025-11-06,1951,N21,VIIRS,n,2.0NRT,292.73,1.56,N
23.48341,87.3609,311.98,0.38,0.36,2025-11-06,1951,N21,VIIRS,n,2.0NRT,296.02,1.24,N
24.1316,82.619,305,0.38,0.43,2025-11-06,1951,N21,VIIRS,n,2.0NRT,290.75,0.6,N
23.66705,86.09176,311.44,0.4,0.37,2025-11-06,1951,N21,VIIRS,n,2.0NRT,293.83,1.79,N
23.63358,86.29695,304.04,0.4,0.37,2025-11-06,1951,N21,VIIRS,n,2.0NRT,292.65,1.26,N
23.74429,85.5055,319.51,0.42,0.38,2025-11-06,1951,N21,VIIRS,n,2.0NRT,292.07,2.09,N
23.81096,84.84566,304.56,0.44,0.39,2025-11-06,1951,N21,VIIRS,n,2.0NRT,290.25,1.84,N
23.82969,84.57192,319.59,0.45,0.39,2025-11-06,1951,N21,VIIRS,n,2.0NRT,291.06,3.33,N
23.54961,86.54221,304.42,0.39,0.36,2025-11-06,1951,N21,VIIRS,n,2.0NRT,292.73,0.75,N
23.54904,86.54603,306.05,0.39,0.36,2025-11-06,1951,N21,VIIRS,n,2.0NRT,293.41,1.24,N
23.82658,84.57252,302.17,0.45,0.39,2025-11-06,1951,N21,VIIRS,n,2.0NRT,290.29,0.91,N
23.71231,85.28678,301.54,0.43,0.38,2025-11-06,1951,N21,VIIRS,n,2.0NRT,290.96,1.5,N
23.69718,85.36852,304.55,0.42,0.38,2025-11-06,1951,N21,VIIRS,n,2.0NRT,291.05,0.84,N
23.69794,85.2886,302.83,0.43,0.38,2025-11-06,1951,N21,VIIRS,n,2.0NRT,291.78,1.43,N
23.69736,85.29272,306.64,0.42,0.38,2025-11-06,1951,N21,VIIRS,n,2.0NRT,293.11,1.44,N
23.73197,85.021,302.41,0.43,0.38,2025-11-06,1951,N21,VIIRS,n,2.0NRT,292.04,1.53,N
23.6563,85.50784,311.93,0.42,0.38,2025-11-06,1951,N21,VIIRS,n,2.0NRT,292.54,2.1,N
23.71919,85.01032,309.09,0.44,0.38,2025-11-06,1951,N21,VIIRS,n,2.0NRT,290.84,1.79,N
23.64899,85.43585,305.67,0.42,0.38,2025-11-06,1951,N21,VIIRS,n,2.0NRT,292.06,1.03,N
23.64841,85.43992,310.44,0.42,0.38,2025-11-06,1951,N21,VIIRS,n,2.0NRT,292.65,1.03,N
23.64499,85.43934,301.49,0.42,0.38,2025-11-06,1951,N21,VIIRS,n,2.0NRT,291.35,1.03,N
23.66747,84.99759,306.92,0.44,0.38,2025-11-06,1951,N21,VIIRS,n,2.0NRT,291.32,1.21,N
23.66341,85.00124,303.11,0.44,0.38,2025-11-06,1951,N21,VIIRS,n,2.0NRT,290.74,1.21,N
22.9639,85.99962,302.51,0.4,0.37,2025-11-06,1951,N21,VIIRS,n,2.0NRT,291.4,0.55,N
22.94104,85.96809,303.24,0.4,0.37,2025-11-06,1951,N21,VIIRS,n,2.0NRT,291.73,0.64,N
22.91176,86.07385,303.77,0.4,0.37,2025-11-06,1951,N21,VIIRS,n,2.0NRT,292.14,0.86,N
22.87552,86.06375,308.27,0.4,0.37,2025-11-06,1951,N21,VIIRS,n,2.0NRT,292.96,1.45,N
22.87217,86.06317,318.49,0.4,0.37,2025-11-06,1951,N21,VIIRS,n,2.0NRT,294.97,1.72,N
22.856,86.05649,305.76,0.4,0.37,2025-11-06,1951,N21,VIIRS,n,2.0NRT,292.9,0.88,N
22.79686,86.20818,327.42,0.4,0.37,2025-11-06,1951,N21,VIIRS,n,2.0NRT,295.14,3.13,N
22.79742,86.20438,308.05,0.4,0.37,2025-11-06,1951,N21,VIIRS,n,2.0NRT,293.91,1.6,N
22.79466,86.19999,321.05,0.4,0.37,2025-11-06,1951,N21,VIIRS,n,2.0NRT,295.14,1.6,N
22.81167,86.08511,306.44,0.4,0.37,2025-11-06,1951,N21,VIIRS,n,2.0NRT,295.32,1.26,N
22.79076,86.20325,309.54,0.4,0.37,2025-11-06,1951,N21,VIIRS,n,2.0NRT,295.45,1.31,N
22.79019,86.20706,306.12,0.4,0.37,2025-11-06,1951,N21,VIIRS,n,2.0NRT,296.03,1.52,N
22.78962,86.21088,315.68,0.4,0.37,2025-11-06,1951,N21,VIIRS,n,2.0NRT,295.37,1.52,N
22.78799,86.19886,308.09,0.4,0.37,2025-11-06,1951,N21,VIIRS,n,2.0NRT,296.08,1.31,N
22.80051,86.09106,311.2,0.4,0.37,2025-11-06,1951,N21,VIIRS,n,2.0NRT,296.1,1.69,N
23.16711,82.33649,327.92,0.39,0.44,2025-11-06,1951,N21,VIIRS,n,2.0NRT,291.67,3.14,N
23.16666,82.34021,336.9,0.39,0.44,2025-11-06,1951,N21,VIIRS,n,2.0NRT,294.14,3.14,N
23.16621,82.34394,304.86,0.39,0.44,2025-11-06,1951,N21,VIIRS,n,2.0NRT,290.48,1.52,N
23.16312,82.33591,331.46,0.39,0.44,2025-11-06,1951,N21,VIIRS,n,2.0NRT,293.02,3.14,N
22.38836,87.28421,304.5,0.38,0.36,2025-11-06,1951,N21,VIIRS,n,2.0NRT,293.48,0.57,N
22.58956,85.90613,316.82,0.4,0.37,2025-11-06,1951,N21,VIIRS,n,2.0NRT,293.97,2.51,N
22.38122,87.28672,312.13,0.38,0.36,2025-11-06,1951,N21,VIIRS,n,2.0NRT,293.76,1.31,N
22.37909,87.27876,328.4,0.38,0.36,2025-11-06,1951,N21,VIIRS,n,2.0NRT,296.15,2.07,N
22.37851,87.28244,311.7,0.38,0.36,2025-11-06,1951,N21,VIIRS,n,2.0NRT,295.37,2.07,N
22.3758,87.27817,305.66,0.38,0.36,2025-11-06,1951,N21,VIIRS,n,2.0NRT,295.39,1.36,N
22.36908,87.29971,314.25,0.38,0.36,2025-11-06,1951,N21,VIIRS,n,2.0NRT,295.59,1.2,N
22.3685,87.3034,311.66,0.38,0.36,2025-11-06,1951,N21,VIIRS,n,2.0NRT,294.96,1.2,N
22.3658,87.29912,321.03,0.38,0.36,2025-11-06,1951,N21,VIIRS,n,2.0NRT,297.52,2.9,N
22.36522,87.30281,327.26,0.38,0.36,2025-11-06,1951,N21,VIIRS,n,2.0NRT,297.3,2.9,N
22.57448,85.89172,311.84,0.4,0.37,2025-11-06,1951,N21,VIIRS,n,2.0NRT,295.46,1.87,N
22.57392,85.89558,314.6,0.4,0.37,2025-11-06,1951,N21,VIIRS,n,2.0NRT,295.65,2.82,N
22.3571,87.28998,313.46,0.38,0.36,2025-11-06,1951,N21,VIIRS,n,2.0NRT,296.04,2.38,N
22.36432,87.01866,312.75,0.39,0.36,2025-11-06,1951,N21,VIIRS,n,2.0NRT,295.62,1.92,N
22.36103,87.01808,325.97,0.39,0.36,2025-11-06,1951,N21,VIIRS,n,2.0NRT,297.67,2.74,N
22.0539,88.12473,312.5,0.39,0.36,2025-11-06,1951,N21,VIIRS,n,2.0NRT,297.78,2.2,N
22.05091,88.10121,318.69,0.39,0.36,2025-11-06,1951,N21,VIIRS,n,2.0NRT,294.39,1.2,N
22.05031,88.10493,308.39,0.39,0.36,2025-11-06,1951,N21,VIIRS,n,2.0NRT,295.46,1.2,N
22.39174,85.77158,301.3,0.4,0.37,2025-11-06,1951,N21,VIIRS,n,2.0NRT,291.18,0.61,N
23.21695,78.54166,300.21,0.33,0.56,2025-11-06,1951,N21,VIIRS,n,2.0NRT,286.38,0.74,N
23.18412,78.29398,309.66,0.35,0.56,2025-11-06,1951,N21,VIIRS,n,2.0NRT,287.03,0.92,N
22.21498,84.8763,304.32,0.43,0.38,2025-11-06,1951,N21,VIIRS,n,2.0NRT,292.64,2.93,N
22.13793,85.41565,306.71,0.41,0.37,2025-11-06,1951,N21,VIIRS,n,2.0NRT,290.24,0.99,N
22.21268,84.86752,328.8,0.43,0.38,2025-11-06,1951,N21,VIIRS,n,2.0NRT,292.88,2.41,N
22.2121,84.87164,332.15,0.43,0.38,2025-11-06,1951,N21,VIIRS,n,2.0NRT,294.28,2.93,N
22.21326,84.8634,306.03,0.43,0.38,2025-11-06,1951,N21,VIIRS,n,2.0NRT,294.71,2.41,N
22.2127,84.84223,323.24,0.43,0.38,2025-11-06,1951,N21,VIIRS,n,2.0NRT,293.71,2.87,N
22.2098,84.86285,324.13,0.43,0.38,2025-11-06,1951,N21,VIIRS,n,2.0NRT,295.02,3.05,N
22.21038,84.85873,305.37,0.43,0.38,2025-11-06,1951,N21,VIIRS,n,2.0NRT,291.98,1.7,N
22.13058,85.41851,303.47,0.41,0.37,2025-11-06,1951,N21,VIIRS,n,2.0NRT,290.17,0.62,N
22.22082,84.75901,311.14,0.43,0.38,2025-11-06,1951,N21,VIIRS,n,2.0NRT,293.62,2.07,N
22.13231,85.38243,304.26,0.41,0.37,2025-11-06,1951,N21,VIIRS,n,2.0NRT,290.75,0.91,N
22.21793,84.7543,310.89,0.43,0.38,2025-11-06,1951,N21,VIIRS,n,2.0NRT,294.07,2.04,N
22.20674,84.55141,311.06,0.44,0.38,2025-11-06,1951,N21,VIIRS,n,2.0NRT,293.89,1.7,N
22.20328,84.57668,305.29,0.44,0.38,2025-11-06,1951,N21,VIIRS,n,2.0NRT,292.31,0.6,N
22.05319,85.46603,306.12,0.41,0.37,2025-11-06,1951,N21,VIIRS,n,2.0NRT,291.01,1.18,N
22.87851,78.47036,298.81,0.33,0.56,2025-11-06,1951,N21,VIIRS,n,2.0NRT,287.21,0.47,N
22.85524,78.49729,297.55,0.33,0.56,2025-11-06,1951,N21,VIIRS,n,2.0NRT,287.15,0.61,N
22.08351,84.86381,302.3,0.43,0.38,2025-11-06,1951,N21,VIIRS,n,2.0NRT,292.11,0.7,N
22.83757,78.19451,299.52,0.35,0.57,2025-11-06,1951,N21,VIIRS,n,2.0NRT,287.67,0.6,N
15.01409,76.89806,301.37,0.34,0.56,2025-11-06,1953,N21,VIIRS,n,2.0NRT,289.3,1.45,N
18.72138,79.53596,304.97,0.5,0.49,2025-11-06,1953,N21,VIIRS,n,2.0NRT,294.94,3.48,N
17.62281,83.19369,310.18,0.45,0.39,2025-11-06,1953,N21,VIIRS,n,2.0NRT,294.28,1.49,N
17.61071,83.20624,313.32,0.45,0.39,2025-11-06,1953,N21,VIIRS,n,2.0NRT,294.16,1.8,N
17.60776,83.20145,307.31,0.45,0.39,2025-11-06,1953,N21,VIIRS,n,2.0NRT,293.75,2,N
17.60421,83.20093,309.27,0.45,0.39,2025-11-06,1953,N21,VIIRS,n,2.0NRT,293.77,1.73,N
18.68913,73.038,300.33,0.68,0.74,2025-11-06,1953,N21,VIIRS,n,2.0NRT,288.51,4.65,N
17.46202,80.65234,307.03,0.41,0.45,2025-11-06,1953,N21,VIIRS,n,2.0NRT,294.72,1.02,N
17.18028,80.77667,316,0.4,0.44,2025-11-06,1953,N21,VIIRS,n,2.0NRT,295.85,2.09,N
15.65824,73.98691,302.02,0.54,0.68,2025-11-06,1953,N21,VIIRS,n,2.0NRT,287.61,1.4,N
15.18412,76.67299,301.31,0.35,0.57,2025-11-06,1953,N21,VIIRS,n,2.0NRT,289.87,1.13,N
15.18374,76.67624,318.85,0.35,0.57,2025-11-06,1953,N21,VIIRS,n,2.0NRT,290.27,1.13,N
15.18274,76.63985,304.67,0.35,0.57,2025-11-06,1953,N21,VIIRS,n,2.0NRT,288.09,0.66,N
15.17891,76.67242,302.47,0.35,0.57,2025-11-06,1953,N21,VIIRS,n,2.0NRT,289.7,1.13,N
15.17853,76.67567,301.63,0.35,0.57,2025-11-06,1953,N21,VIIRS,n,2.0NRT,290.22,1.13,N
15.1756,76.6556,305.38,0.35,0.57,2025-11-06,1953,N21,VIIRS,n,2.0NRT,288.75,1.9,N
15.11088,76.8056,301.4,0.34,0.56,2025-11-06,1953,N21,VIIRS,n,2.0NRT,288.8,0.71,N
31.25927,76.92676,299.86,0.47,0.64,2025-11-06,2127,N21,VIIRS,n,2.0NRT,285.96,1.13,N
27.66605,76.13067,297.21,0.52,0.67,2025-11-06,2127,N21,VIIRS,n,2.0NRT,286.23,2.2,N
28.81991,76.95857,295.59,0.54,0.68,2025-11-06,2127,N21,VIIRS,n,2.0NRT,285.03,0.37,N
29.29396,75.9566,303.55,0.46,0.64,2025-11-06,2127,N21,VIIRS,n,2.0NRT,286.06,1.7,N
29.29504,75.95721,305.08,0.46,0.64,2025-11-06,2127,N21,VIIRS,n,2.0NRT,285.99,1.25,N
31.23284,74.95444,304.42,0.36,0.58,2025-11-06,2127,N21,VIIRS,n,2.0NRT,282.62,0.93,N
31.74901,74.92632,304.17,0.35,0.57,2025-11-06,2127,N21,VIIRS,n,2.0NRT,283.18,0.73,N
31.25883,76.92671,299.61,0.47,0.64,2025-11-06,2127,N21,VIIRS,n,2.0NRT,285.74,1.28,N
24.69016,73.00348,301.49,0.39,0.59,2025-11-06,2129,N21,VIIRS,n,2.0NRT,290.96,1.21,N
22.97842,72.56506,314.3,0.4,0.6,2025-11-06,2129,N21,VIIRS,n,2.0NRT,291.27,2.02,N
23.49658,68.57644,311.73,0.44,0.46,2025-11-06,2129,N21,VIIRS,n,2.0NRT,295.35,2.69,N
22.36629,73.12032,314.76,0.44,0.63,2025-11-06,2129,N21,VIIRS,n,2.0NRT,293.67,3.55,N
24.81874,73.09327,305.73,0.39,0.59,2025-11-06,2129,N21,VIIRS,n,2.0NRT,290.93,1.65,N
24.66181,74.6337,305.4,0.49,0.65,2025-11-06,2129,N21,VIIRS,n,2.0NRT,292.91,2.27,N
26.29772,74.12763,302.4,0.42,0.61,2025-11-06,2129,N21,VIIRS,n,2.0NRT,289.52,1.15,N
26.29729,74.12724,302.18,0.42,0.61,2025-11-06,2129,N21,VIIRS,n,2.0NRT,289.6,1.39,N
26.87459,73.51661,301.68,0.37,0.58,2025-11-06,2129,N21,VIIRS,n,2.0NRT,285.54,1.45,N
22.36399,73.11828,317.5,0.44,0.63,2025-11-06,2129,N21,VIIRS,n,2.0NRT,292.97,3.85,N
22.12585,72.76582,299.9,0.43,0.62,2025-11-06,2129,N21,VIIRS,n,2.0NRT,289.9,0.41,N
21.10559,72.63539,304.5,0.44,0.62,2025-11-06,2131,N21,VIIRS,n,2.0NRT,293.86,1.17,N
21.10376,72.64359,327.63,0.44,0.62,2025-11-06,2131,N21,VIIRS,n,2.0NRT,293.73,6.5,N
21.10284,72.6477,314.89,0.44,0.62,2025-11-06,2131,N21,VIIRS,n,2.0NRT,293.14,4.68,N
21.10003,72.63392,303.3,0.44,0.62,2025-11-06,2131,N21,VIIRS,n,2.0NRT,292.64,1.17,N
20.83389,70.69463,305.05,0.33,0.56,2025-11-06,2131,N21,VIIRS,n,2.0NRT,292.9,0.72,N
15.65698,73.98878,306.37,0.7,0.75,2025-11-06,2131,N21,VIIRS,n,2.0NRT,285.83,2.19,N
15.65523,73.98625,297.77,0.7,0.75,2025-11-06,2131,N21,VIIRS,n,2.0NRT,285.71,1.48,N
22.41682,69.04018,313.25,0.49,0.48,2025-11-06,2131,N21,VIIRS,n,2.0NRT,293.59,2,N
21.56057,72.9131,308.65,0.45,0.63,2025-11-06,2131,N21,VIIRS,n,2.0NRT,290.06,2.63,N
21.55962,72.91728,314.31,0.45,0.63,2025-11-06,2131,N21,VIIRS,n,2.0NRT,290.89,2.95,N
21.76015,71.95111,302.12,0.38,0.59,2025-11-06,2131,N21,VIIRS,n,2.0NRT,291.23,0.63,N
21.11116,72.63687,313.01,0.44,0.62,2025-11-06,2131,N21,VIIRS,n,2.0NRT,295.26,2.7,N
23.70942,86.42543,331.72,0.38,0.44,2025-11-07,0701,N21,VIIRS,n,2.0NRT,300.93,3.63,D
22.3033,79.87296,329.08,0.52,0.67,2025-11-07,0701,N21,VIIRS,l,2.0NRT,300.94,6.14,D
22.313,79.83394,329.92,0.53,0.67,2025-11-07,0701,N21,VIIRS,n,2.0NRT,301.46,2.35,D
22.33892,79.91557,328.88,0.52,0.67,2025-11-07,0701,N21,VIIRS,n,2.0NRT,300.79,2.81,D
23.68136,86.09388,335.74,0.4,0.44,2025-11-07,0701,N21,VIIRS,n,2.0NRT,302.46,3.83,D
23.68313,86.08138,328.6,0.4,0.44,2025-11-07,0701,N21,VIIRS,l,2.0NRT,302.08,3.42,D
22.35777,79.9415,332.02,0.52,0.67,2025-11-07,0701,N21,VIIRS,l,2.0NRT,302.73,4.01,D
22.32635,79.80981,328.57,0.53,0.67,2025-11-07,0701,N21,VIIRS,l,2.0NRT,301.33,3.63,D
22.31927,79.78026,330.19,0.53,0.67,2025-11-07,0701,N21,VIIRS,l,2.0NRT,301.9,3.43,D
22.26876,79.56987,331.63,0.55,0.68,2025-11-07,0701,N21,VIIRS,n,2.0NRT,299.76,7.32,D
22.26753,79.56477,327.63,0.55,0.68,2025-11-07,0701,N21,VIIRS,n,2.0NRT,298.82,8.85,D
22.2651,79.55468,329.02,0.55,0.68,2025-11-07,0701,N21,VIIRS,n,2.0NRT,300.11,4,D
23.75166,86.41685,331.32,0.38,0.44,2025-11-07,0701,N21,VIIRS,n,2.0NRT,304.14,2.32,D
22.32412,79.7738,344.53,0.53,0.67,2025-11-07,0701,N21,VIIRS,n,2.0NRT,303.27,6.53,D
22.37077,79.94301,330.91,0.52,0.67,2025-11-07,0701,N21,VIIRS,n,2.0NRT,300.11,3.69,D
23.76135,86.40316,344.61,0.38,0.44,2025-11-07,0701,N21,VIIRS,n,2.0NRT,306.71,11.12,D
22.34916,79.79852,327.27,0.53,0.67,2025-11-07,0701,N21,VIIRS,n,2.0NRT,301.68,1.39,D
23.766,86.40603,338.67,0.38,0.44,2025-11-07,0701,N21,VIIRS,n,2.0NRT,305.73,4.12,D
22.37489,79.88023,336.94,0.52,0.67,2025-11-07,0701,N21,VIIRS,n,2.0NRT,300.89,6.84,D
22.35164,79.78209,334.83,0.53,0.67,2025-11-07,0701,N21,VIIRS,n,2.0NRT,302.65,3.95,D
22.37392,79.8493,328.52,0.52,0.67,2025-11-07,0701,N21,VIIRS,l,2.0NRT,301.67,2.67,D
23.77966,86.39149,341.25,0.39,0.44,2025-11-07,0701,N21,VIIRS,n,2.0NRT,308.21,4.87,D
23.77896,86.38779,340.59,0.39,0.44,2025-11-07,0701,N21,VIIRS,n,2.0NRT,307.52,4.87,D
23.77473,86.36539,339.52,0.39,0.44,2025-11-07,0701,N21,VIIRS,n,2.0NRT,304.84,4.45,D
22.3921,79.81853,339.6,0.53,0.67,2025-11-07,0701,N21,VIIRS,n,2.0NRT,301.79,6.13,D
23.79701,86.35276,334.39,0.39,0.44,2025-11-07,0701,N21,VIIRS,l,2.0NRT,305.24,5.18,D
23.80538,86.33156,331.16,0.39,0.44,2025-11-07,0701,N21,VIIRS,l,2.0NRT,306.13,6.5,D
23.80392,86.33118,336.51,0.39,0.44,2025-11-07,0701,N21,VIIRS,l,2.0NRT,306.94,7.22,D
22.42359,79.83707,327.54,0.52,0.67,2025-11-07,0701,N21,VIIRS,l,2.0NRT,300.87,5.79,D
22.51987,80.08256,347.99,0.5,0.66,2025-11-07,0701,N21,VIIRS,n,2.0NRT,301.56,9.47,D
22.45259,79.79874,332.6,0.53,0.67,2025-11-07,0701,N21,VIIRS,n,2.0NRT,300.92,3.61,D
22.4435,79.65305,331.37,0.54,0.68,2025-11-07,0701,N21,VIIRS,l,2.0NRT,302.35,6.35,D
19.2023,82.57738,329.41,0.41,0.6,2025-11-07,0701,N21,VIIRS,n,2.0NRT,294.78,2.6,D
20.96396,86.00678,342.18,0.45,0.47,2025-11-07,0701,N21,VIIRS,n,2.0NRT,302.92,9.8,D
20.86564,84.99465,333.61,0.53,0.5,2025-11-07,0701,N21,VIIRS,l,2.0NRT,304.62,8.14,D
20.87471,84.99266,331.55,0.53,0.5,2025-11-07,0701,N21,VIIRS,l,2.0NRT,304.5,10.12,D
20.88633,84.97972,338.87,0.53,0.5,2025-11-07,0701,N21,VIIRS,n,2.0NRT,302.52,8.56,D
20.96246,85.18819,334.84,0.51,0.49,2025-11-07,0701,N21,VIIRS,l,2.0NRT,308.07,9.06,D
20.96403,85.17284,331.87,0.51,0.49,2025-11-07,0701,N21,VIIRS,l,2.0NRT,306.33,6.11,D
20.96946,85.17664,342.63,0.51,0.49,2025-11-07,0701,N21,VIIRS,n,2.0NRT,305.86,7.79,D
22.21309,84.86697,330.66,0.51,0.49,2025-11-07,0701,N21,VIIRS,l,2.0NRT,303.58,6.21,D
22.042,83.7317,335.63,0.6,0.53,2025-11-07,0701,N21,VIIRS,n,2.0NRT,302.16,16.14,D
22.92152,87.99398,328.38,0.49,0.4,2025-11-07,0701,N21,VIIRS,l,2.0NRT,300.46,5.23,D
21.98452,83.23249,329.68,0.32,0.55,2025-11-07,0701,N21,VIIRS,n,2.0NRT,301.02,3.65,D
22.57622,85.8946,332.97,0.43,0.46,2025-11-07,0701,N21,VIIRS,n,2.0NRT,300.34,5.44,D
22.08581,83.12039,327.24,0.33,0.55,2025-11-07,0701,N21,VIIRS,l,2.0NRT,299.43,4.11,D
22.00446,82.67084,329.53,0.35,0.57,2025-11-07,0701,N21,VIIRS,l,2.0NRT,300.9,4.03,D
21.8369,81.62568,336.64,0.42,0.61,2025-11-07,0701,N21,VIIRS,n,2.0NRT,300.58,4.26,D
17.43112,82.53384,328.61,0.45,0.63,2025-11-07,0701,N21,VIIRS,n,2.0NRT,295.5,4.36,D
21.9001,81.88773,327.76,0.4,0.6,2025-11-07,0701,N21,VIIRS,n,2.0NRT,298.79,2.56,D
21.83661,81.62498,334.03,0.41,0.61,2025-11-07,0701,N21,VIIRS,n,2.0NRT,300.35,3.55,D
21.84507,81.43199,329.57,0.43,0.62,2025-11-07,0701,N21,VIIRS,l,2.0NRT,300.67,4.42,D
21.8497,81.42664,338.01,0.43,0.62,2025-11-07,0701,N21,VIIRS,n,2.0NRT,302.69,4.42,D
22.87352,86.06177,327.79,0.42,0.45,2025-11-07,0701,N21,VIIRS,l,2.0NRT,302.13,3.41,D
22.0945,81.6428,328.85,0.41,0.61,2025-11-07,0701,N21,VIIRS,n,2.0NRT,299.2,2.12,D
23.49307,88.30268,328.86,0.47,0.39,2025-11-07,0701,N21,VIIRS,n,2.0NRT,302.98,4.13,D
23.55398,87.24061,332.3,0.52,0.42,2025-11-07,0701,N21,VIIRS,l,2.0NRT,302.59,4.79,D
21.90445,79.44832,329.46,0.57,0.69,2025-11-07,0701,N21,VIIRS,n,2.0NRT,299.34,3.13,D
22.21666,79.8085,340.68,0.53,0.67,2025-11-07,0701,N21,VIIRS,n,2.0NRT,299.22,6.64,D
22.24895,79.83688,326.94,0.53,0.67,2025-11-07,0701,N21,VIIRS,l,2.0NRT,300.13,6.33,D
16.96258,81.45029,337.1,0.54,0.68,2025-11-07,0701,N21,VIIRS,n,2.0NRT,296.05,5.05,D
22.25145,79.8205,334.75,0.53,0.67,2025-11-07,0701,N21,VIIRS,n,2.0NRT,300.28,6.22,D
22.28547,79.91068,329.41,0.52,0.67,2025-11-07,0701,N21,VIIRS,l,2.0NRT,301.36,4.74,D
22.26825,79.81062,327.95,0.53,0.67,2025-11-07,0701,N21,VIIRS,l,2.0NRT,301.3,3.76,D
22.30426,79.93674,328.48,0.52,0.67,2025-11-07,0701,N21,VIIRS,l,2.0NRT,300.78,6.95,D
23.68669,86.39169,332.13,0.39,0.44,2025-11-07,0701,N21,VIIRS,l,2.0NRT,305.51,5.14,D
22.33772,79.91743,330.79,0.52,0.67,2025-11-07,0701,N21,VIIRS,n,2.0NRT,301.44,3.54,D
23.71425,86.45141,332.36,0.38,0.43,2025-11-07,0701,N21,VIIRS,n,2.0NRT,306.67,5.78,D
19.10179,82.16332,327.07,0.44,0.62,2025-11-07,0701,N21,VIIRS,n,2.0NRT,292.48,3.69,D
25.5599,82.4946,328.79,0.61,0.53,2025-11-07,0703,N21,VIIRS,n,2.0NRT,300.77,2.18,D
24.52004,78.05302,344.06,0.61,0.71,2025-11-07,0703,N21,VIIRS,n,2.0NRT,302.89,7.54,D
24.52848,77.84538,344.88,0.62,0.72,2025-11-07,0703,N21,VIIRS,n,2.0NRT,305.37,10.7,D
24.50333,77.71899,332.27,0.64,0.72,2025-11-07,0703,N21,VIIRS,l,2.0NRT,304.78,5.89,D
24.50298,77.71821,333.13,0.64,0.72,2025-11-07,0703,N21,VIIRS,n,2.0NRT,304.64,5.15,D
24.62138,77.91216,348.65,0.61,0.71,2025-11-07,0703,N21,VIIRS,n,2.0NRT,306.05,9.53,D
25.46443,81.36452,335.52,0.36,0.57,2025-11-07,0703,N21,VIIRS,n,2.0NRT,302.72,2.08,D
25.49232,81.41573,350.24,0.36,0.57,2025-11-07,0703,N21,VIIRS,n,2.0NRT,302.84,8.09,D
24.68769,77.8242,338.96,0.62,0.71,2025-11-07,0703,N21,VIIRS,n,2.0NRT,306.66,8.46,D
25.53369,81.16177,331.5,0.37,0.58,2025-11-07,0703,N21,VIIRS,n,2.0NRT,303.11,2.14,D
26.44621,85.25002,327.8,0.4,0.44,2025-11-07,0703,N21,VIIRS,n,2.0NRT,300.61,1.9,D
25.84249,82.292,330.53,0.62,0.54,2025-11-07,0703,N21,VIIRS,n,2.0NRT,301.2,5.56,D
26.47507,85.24281,330.48,0.4,0.44,2025-11-07,0703,N21,VIIRS,n,2.0NRT,300.22,2.93,D
25.87877,82.16456,335.37,0.63,0.54,2025-11-07,0703,N21,VIIRS,n,2.0NRT,300.52,7.87,D
26.46569,84.69034,335.59,0.43,0.46,2025-11-07,0703,N21,VIIRS,n,2.0NRT,298.58,3.31,D
25.7167,81.1674,333.64,0.37,0.58,2025-11-07,0703,N21,VIIRS,n,2.0NRT,301.84,3.48,D
25.70465,81.01932,333.2,0.37,0.58,2025-11-07,0703,N21,VIIRS,n,2.0NRT,301.9,2.93,D
24.95844,77.78107,339.28,0.62,0.71,2025-11-07,0703,N21,VIIRS,n,2.0NRT,305.43,5.92,D
26.59574,84.95488,334.03,0.41,0.45,2025-11-07,0703,N21,VIIRS,n,2.0NRT,299.86,2.78,D
26.35258,83.74182,328.59,0.49,0.49,2025-11-07,0703,N21,VIIRS,n,2.0NRT,301.58,2.98,D
26.35696,83.74072,335.34,0.49,0.49,2025-11-07,0703,N21,VIIRS,n,2.0NRT,301.93,4.43,D
26.42395,84.00279,329.85,0.47,0.48,2025-11-07,0703,N21,VIIRS,n,2.0NRT,301.03,2.05,D
26.3567,83.74216,336.29,0.49,0.49,2025-11-07,0703,N21,VIIRS,n,2.0NRT,301.72,5.47,D
25.90045,81.62847,334.11,0.34,0.56,2025-11-07,0703,N21,VIIRS,n,2.0NRT,301.61,2.67,D
24.96005,77.78259,330.99,0.61,0.71,2025-11-07,0703,N21,VIIRS,n,2.0NRT,305.1,6.72,D
26.39579,83.75268,328.99,0.49,0.49,2025-11-07,0703,N21,VIIRS,n,2.0NRT,301.63,3.44,D
26.17372,82.60007,330.06,0.58,0.52,2025-11-07,0703,N21,VIIRS,n,2.0NRT,300.69,2.61,D
25.43196,79.37594,331.26,0.48,0.65,2025-11-07,0703,N21,VIIRS,n,2.0NRT,306.01,3.04,D
25.4772,79.43617,337.08,0.47,0.64,2025-11-07,0703,N21,VIIRS,n,2.0NRT,302.98,7.29,D
26.10176,82.01345,336.48,0.32,0.54,2025-11-07,0703,N21,VIIRS,n,2.0NRT,302.26,1.71,D
26.06154,81.66663,330.23,0.33,0.56,2025-11-07,0703,N21,VIIRS,n,2.0NRT,303.47,2.78,D
26.08272,81.61965,348.85,0.34,0.56,2025-11-07,0703,N21,VIIRS,n,2.0NRT,302.19,3.38,D
26.02611,80.85985,340.19,0.38,0.58,2025-11-07,0703,N21,VIIRS,n,2.0NRT,302.43,5.92,D
26.60465,83.41035,329.16,0.51,0.49,2025-11-07,0703,N21,VIIRS,n,2.0NRT,301.76,4.19,D
26.06134,80.84873,333.1,0.38,0.58,2025-11-07,0703,N21,VIIRS,n,2.0NRT,302.86,2.94,D
25.95657,80.26007,333.96,0.41,0.61,2025-11-07,0703,N21,VIIRS,n,2.0NRT,302.85,3.22,D
26.6161,82.98679,331.62,0.54,0.51,2025-11-07,0703,N21,VIIRS,n,2.0NRT,301.9,4.59,D
26.23263,81.11005,355.15,0.36,0.57,2025-11-07,0703,N21,VIIRS,n,2.0NRT,302.88,5.34,D
26.06368,80.27126,330.17,0.41,0.6,2025-11-07,0703,N21,VIIRS,n,2.0NRT,301.54,2.3,D
26.15227,80.45341,337.11,0.4,0.6,2025-11-07,0703,N21,VIIRS,n,2.0NRT,301.55,4.59,D
26.27431,80.93419,331.75,0.37,0.58,2025-11-07,0703,N21,VIIRS,n,2.0NRT,303.9,2.2,D
26.33005,81.13145,341.19,0.36,0.57,2025-11-07,0703,N21,VIIRS,n,2.0NRT,301.1,6.4,D
26.43549,81.55444,332.26,0.33,0.56,2025-11-07,0703,N21,VIIRS,n,2.0NRT,298.82,1.96,D
26.43466,81.55452,332.77,0.33,0.56,2025-11-07,0703,N21,VIIRS,n,2.0NRT,298.95,1.38,D
26.10785,80.04349,349.79,0.42,0.61,2025-11-07,0703,N21,VIIRS,n,2.0NRT,303.5,5.51,D
25.63584,77.95632,334.82,0.58,0.7,2025-11-07,0703,N21,VIIRS,n,2.0NRT,303.84,5.59,D
26.18228,80.08727,330.72,0.42,0.61,2025-11-07,0703,N21,VIIRS,n,2.0NRT,302.61,1.95,D
26.94178,83.37853,328.17,0.51,0.49,2025-11-07,0703,N21,VIIRS,l,2.0NRT,299.52,3,D
25.81864,78.42278,329.42,0.54,0.68,2025-11-07,0703,N21,VIIRS,n,2.0NRT,298.69,3.01,D
26.39521,80.74295,346.27,0.38,0.58,2025-11-07,0703,N21,VIIRS,n,2.0NRT,301.7,4.93,D
26.22005,80.00231,336.59,0.42,0.61,2025-11-07,0703,N21,VIIRS,n,2.0NRT,301.51,5.04,D
26.96251,83.26432,331.56,0.51,0.5,2025-11-07,0703,N21,VIIRS,n,2.0NRT,300.81,4.24,D
26.10366,79.49558,334.21,0.45,0.63,2025-11-07,0703,N21,VIIRS,n,2.0NRT,302.21,3.88,D
25.47958,77.03175,337.76,0.66,0.73,2025-11-07,0703,N21,VIIRS,n,2.0NRT,300.14,6.23,D
26.39474,80.6693,333.36,0.38,0.59,2025-11-07,0703,N21,VIIRS,n,2.0NRT,302.26,3.55,D
25.9693,78.82162,343.24,0.5,0.66,2025-11-07,0703,N21,VIIRS,n,2.0NRT,299.54,9.36,D
26.95178,83.03551,330.43,0.53,0.5,2025-11-07,0703,N21,VIIRS,n,2.0NRT,300.17,5.13,D
26.28238,80.01944,350.09,0.42,0.61,2025-11-07,0703,N21,VIIRS,n,2.0NRT,302.18,5.19,D
26.92526,82.82001,331.57,0.55,0.51,2025-11-07,0703,N21,VIIRS,n,2.0NRT,300.67,5.33,D
26.95461,82.91328,328.17,0.54,0.51,2025-11-07,0703,N21,VIIRS,n,2.0NRT,300.95,3.89,D
25.29211,75.92204,329.35,0.78,0.78,2025-11-07,0703,N21,VIIRS,n,2.0NRT,300.88,5.96,D
27.03074,82.93471,335.11,0.53,0.5,2025-11-07,0703,N21,VIIRS,n,2.0NRT,300.87,5.38,D
27.13066,83.38545,334.5,0.5,0.49,2025-11-07,0703,N21,VIIRS,n,2.0NRT,298.83,2.93,D
26.63194,81.07852,332.81,0.35,0.57,2025-11-07,0703,N21,VIIRS,n,2.0NRT,302.96,1.79,D
26.25654,79.42362,329.96,0.46,0.63,2025-11-07,0703,N21,VIIRS,n,2.0NRT,300.69,4.56,D
26.36397,79.75006,333.98,0.43,0.62,2025-11-07,0703,N21,VIIRS,n,2.0NRT,300.66,3.22,D
26.69146,81.11633,333.41,0.35,0.57,2025-11-07,0703,N21,VIIRS,n,2.0NRT,301.32,3.15,D
27.00486,82.4173,332.25,0.58,0.52,2025-11-07,0703,N21,VIIRS,n,2.0NRT,300.15,4.55,D
26.30518,79.16799,329.8,0.47,0.64,2025-11-07,0703,N21,VIIRS,n,2.0NRT,299.59,3.64,D
27.26696,83.33955,330.37,0.5,0.49,2025-11-07,0703,N21,VIIRS,n,2.0NRT,299.46,4.41,D
26.30531,79.16837,331.95,0.47,0.64,2025-11-07,0703,N21,VIIRS,n,2.0NRT,299.92,3.96,D
27.07724,82.42522,329.07,0.57,0.52,2025-11-07,0703,N21,VIIRS,n,2.0NRT,299.94,4.53,D
26.73594,80.02329,331.07,0.41,0.6,2025-11-07,0703,N21,VIIRS,n,2.0NRT,300.57,2.7,D
26.83732,79.69567,332.02,0.42,0.61,2025-11-07,0703,N21,VIIRS,n,2.0NRT,300.37,2.45,D
27.06613,80.07324,330.3,0.4,0.6,2025-11-07,0703,N21,VIIRS,n,2.0NRT,302.46,2.01,D
27.42773,81.00735,328.69,0.34,0.56,2025-11-07,0703,N21,VIIRS,n,2.0NRT,300.13,2.05,D
27.72895,81.56802,329.94,0.63,0.54,2025-11-07,0703,N21,VIIRS,n,2.0NRT,301.75,5.08,D
27.45371,80.36328,330.11,0.37,0.58,2025-11-07,0703,N21,VIIRS,n,2.0NRT,301.75,1.93,D
27.76642,81.50525,336.52,0.63,0.54,2025-11-07,0703,N21,VIIRS,n,2.0NRT,299.89,7.77,D
27.76317,81.50521,338.86,0.63,0.54,2025-11-07,0703,N21,VIIRS,n,2.0NRT,300.76,13.52,D
27.27437,79.36942,335.82,0.43,0.62,2025-11-07,0703,N21,VIIRS,n,2.0NRT,301.91,5.95,D
27.27333,79.36519,332.4,0.43,0.62,2025-11-07,0703,N21,VIIRS,n,2.0NRT,302.01,5.39,D
27.20368,79.00906,346.89,0.46,0.63,2025-11-07,0703,N21,VIIRS,n,2.0NRT,302.78,5.45,D
27.45104,79.90846,331.41,0.4,0.6,2025-11-07,0703,N21,VIIRS,n,2.0NRT,302.78,3.22,D
27.60746,79.878,335.96,0.4,0.6,2025-11-07,0703,N21,VIIRS,n,2.0NRT,303.37,3.46,D
27.92013,80.68156,330.86,0.35,0.57,2025-11-07,0703,N21,VIIRS,n,2.0NRT,300.5,2.18,D
27.39147,78.35879,330.31,0.5,0.66,2025-11-07,0703,N21,VIIRS,n,2.0NRT,302.32,3.26,D
28.59016,79.5687,331.61,0.39,0.6,2025-11-07,0703,N21,VIIRS,n,2.0NRT,300.96,2.4,D
28.62536,78.70672,333.9,0.44,0.63,2025-11-07,0703,N21,VIIRS,n,2.0NRT,300.58,4.56,D
28.62772,78.70547,334.77,0.44,0.63,2025-11-07,0703,N21,VIIRS,n,2.0NRT,300,4.84,D
28.96223,79.7621,333.08,0.38,0.58,2025-11-07,0703,N21,VIIRS,n,2.0NRT,301.56,2.2,D
29.04815,79.63463,328.87,0.38,0.59,2025-11-07,0703,N21,VIIRS,n,2.0NRT,299.06,2.64,D
29.05396,79.24738,333.36,0.4,0.6,2025-11-07,0703,N21,VIIRS,n,2.0NRT,300.71,3.08,D
29.0773,79.24889,331.81,0.4,0.6,2025-11-07,0703,N21,VIIRS,n,2.0NRT,299.65,3.85,D
29.06964,79.1696,333.88,0.41,0.6,2025-11-07,0703,N21,VIIRS,n,2.0NRT,298.62,2.32,D
29.0703,79.16833,332.29,0.41,0.6,2025-11-07,0703,N21,VIIRS,n,2.0NRT,298.72,2.88,D
29.18247,78.96346,332.16,0.42,0.61,2025-11-07,0703,N21,VIIRS,n,2.0NRT,299.18,2.59,D
29.2083,78.90237,352.35,0.42,0.61,2025-11-07,0703,N21,VIIRS,n,2.0NRT,302.47,8.8,D
29.28654,78.95898,326.19,0.41,0.61,2025-11-07,0703,N21,VIIRS,l,2.0NRT,300.52,2.34,D
29.35033,79.05351,325.35,0.41,0.6,2025-11-07,0703,N21,VIIRS,n,2.0NRT,300.01,2.44,D
29.34934,79.04945,329.15,0.41,0.6,2025-11-07,0703,N21,VIIRS,l,2.0NRT,299.89,2.44,D
28.79708,76.66848,340.07,0.58,0.7,2025-11-07,0703,N21,VIIRS,n,2.0NRT,299.26,5.54,D
22.42724,79.42098,342.28,0.56,0.69,2025-11-07,0703,N21,VIIRS,n,2.0NRT,301.63,10.42,D
22.42518,79.41762,343.84,0.56,0.69,2025-11-07,0703,N21,VIIRS,n,2.0NRT,300.62,7.76,D
23.16565,82.34073,330.32,0.35,0.57,2025-11-07,0703,N21,VIIRS,n,2.0NRT,300.58,5.3,D
23.16493,82.33743,332.16,0.35,0.57,2025-11-07,0703,N21,VIIRS,n,2.0NRT,299.88,4.98,D
23.16423,82.33424,338.66,0.35,0.57,2025-11-07,0703,N21,VIIRS,n,2.0NRT,300.23,4.98,D
22.37566,77.44719,335.29,0.74,0.76,2025-11-07,0703,N21,VIIRS,n,2.0NRT,302.9,7.75,D
22.37492,77.44473,334.04,0.74,0.76,2025-11-07,0703,N21,VIIRS,n,2.0NRT,302.07,8.87,D
22.40763,77.48702,330.12,0.73,0.76,2025-11-07,0703,N21,VIIRS,n,2.0NRT,301.31,3.65,D
22.75406,78.56146,341.83,0.62,0.71,2025-11-07,0703,N21,VIIRS,n,2.0NRT,299.35,7.72,D
22.75461,78.55983,330.19,0.62,0.71,2025-11-07,0703,N21,VIIRS,n,2.0NRT,298.62,10.79,D
22.57004,77.69318,336.37,0.71,0.75,2025-11-07,0703,N21,VIIRS,n,2.0NRT,301.25,8.7,D
22.6412,77.8613,339.36,0.69,0.74,2025-11-07,0703,N21,VIIRS,n,2.0NRT,302.56,8.72,D
22.65525,77.63373,337.93,0.71,0.75,2025-11-07,0703,N21,VIIRS,n,2.0NRT,301.71,14.17,D
22.6301,77.5332,328.95,0.72,0.76,2025-11-07,0703,N21,VIIRS,n,2.0NRT,300.59,9.03,D
22.62841,77.52646,339.63,0.72,0.76,2025-11-07,0703,N21,VIIRS,n,2.0NRT,300.31,9.03,D
22.66193,77.63179,334.1,0.71,0.75,2025-11-07,0703,N21,VIIRS,n,2.0NRT,302.73,13.49,D
22.65798,77.63706,337.18,0.71,0.75,2025-11-07,0703,N21,VIIRS,n,2.0NRT,301.88,9.98,D
22.65628,77.63043,329.57,0.71,0.75,2025-11-07,0703,N21,VIIRS,l,2.0NRT,301.54,17.66,D
22.63052,77.53012,350.87,0.72,0.76,2025-11-07,0703,N21,VIIRS,n,2.0NRT,301.84,12.4,D
22.66467,77.63518,336.64,0.71,0.75,2025-11-07,0703,N21,VIIRS,n,2.0NRT,302.97,9.98,D
22.78152,77.92794,330.14,0.68,0.74,2025-11-07,0703,N21,VIIRS,n,2.0NRT,301.64,4.61,D
23.37481,80.29868,330.2,0.47,0.64,2025-11-07,0703,N21,VIIRS,l,2.0NRT,300.55,3.65,D
23.40295,80.26299,340.91,0.47,0.64,2025-11-07,0703,N21,VIIRS,n,2.0NRT,302.5,6.42,D
23.07483,78.87051,333.56,0.58,0.7,2025-11-07,0703,N21,VIIRS,n,2.0NRT,301.52,5.57,D
23.40321,80.26238,334.95,0.47,0.64,2025-11-07,0703,N21,VIIRS,n,2.0NRT,301.93,5.43,D
23.4479,80.29731,328.73,0.46,0.64,2025-11-07,0703,N21,VIIRS,l,2.0NRT,299.97,7.24,D
23.3962,80.0782,347.15,0.48,0.65,2025-11-07,0703,N21,VIIRS,n,2.0NRT,301.97,7.1,D
22.98074,78.23113,330.2,0.64,0.72,2025-11-07,0703,N21,VIIRS,n,2.0NRT,299.2,6.02,D
25.03331,87.37041,335.81,0.49,0.4,2025-11-07,0703,N21,VIIRS,n,2.0NRT,303.31,3.64,D
23.41161,79.55122,332.79,0.52,0.67,2025-11-07,0703,N21,VIIRS,n,2.0NRT,301.04,4.41,D
23.45526,79.38142,329.91,0.53,0.67,2025-11-07,0703,N21,VIIRS,n,2.0NRT,301.57,5.7,D
23.5784,79.57825,332.15,0.51,0.66,2025-11-07,0703,N21,VIIRS,n,2.0NRT,301.23,5.93,D
23.57958,79.57326,330.51,0.51,0.66,2025-11-07,0703,N21,VIIRS,l,2.0NRT,302.93,7.89,D
26.23442,91.5445,332.22,0.39,0.36,2025-11-07,0703,N21,VIIRS,n,2.0NRT,300.56,2.32,D
23.47899,77.76399,335.36,0.67,0.73,2025-11-07,0703,N21,VIIRS,n,2.0NRT,299.76,9.27,D
23.56402,77.74019,336.35,0.67,0.73,2025-11-07,0703,N21,VIIRS,n,2.0NRT,303.86,9,D
26.2391,90.952,328.01,0.38,0.36,2025-11-07,0703,N21,VIIRS,n,2.0NRT,299.05,1.81,D
23.56153,77.74121,339.54,0.67,0.73,2025-11-07,0703,N21,VIIRS,n,2.0NRT,304.42,8.53,D
25.36514,85.39877,331.18,0.41,0.45,2025-11-07,0703,N21,VIIRS,l,2.0NRT,303.9,4.95,D
24.46585,81.11543,328.55,0.39,0.59,2025-11-07,0703,N21,VIIRS,n,2.0NRT,299.51,1.73,D
25.38758,85.3638,329.66,0.41,0.45,2025-11-07,0703,N21,VIIRS,n,2.0NRT,301.68,2.61,D
24.51259,81.24434,331.47,0.38,0.59,2025-11-07,0703,N21,VIIRS,n,2.0NRT,302.69,2.34,D
24.47396,81.07729,336.02,0.39,0.6,2025-11-07,0703,N21,VIIRS,n,2.0NRT,300.51,3.33,D
25.41361,85.34512,329.92,0.41,0.45,2025-11-07,0703,N21,VIIRS,l,2.0NRT,302.33,2.54,D
24.46556,80.86852,331.45,0.41,0.6,2025-11-07,0703,N21,VIIRS,n,2.0NRT,300.4,2.56,D
23.93103,78.60857,330.53,0.58,0.7,2025-11-07,0703,N21,VIIRS,n,2.0NRT,303.95,3.47,D
24.60234,81.15678,329.27,0.39,0.59,2025-11-07,0703,N21,VIIRS,l,2.0NRT,301.62,1.94,D
25.46914,85.13609,332.87,0.42,0.46,2025-11-07,0703,N21,VIIRS,n,2.0NRT,301.58,2.86,D
24.54096,80.79402,329.7,0.41,0.61,2025-11-07,0703,N21,VIIRS,l,2.0NRT,300.73,5.07,D
24.56448,80.72134,333.05,0.41,0.61,2025-11-07,0703,N21,VIIRS,n,2.0NRT,303.43,3.55,D
24.60248,80.7361,331.19,0.41,0.61,2025-11-07,0703,N21,VIIRS,n,2.0NRT,303.91,4.19,D
23.93421,77.93548,333.39,0.64,0.72,2025-11-07,0703,N21,VIIRS,n,2.0NRT,305.2,6.17,D
23.93372,77.93457,337.39,0.64,0.72,2025-11-07,0703,N21,VIIRS,n,2.0NRT,305.72,4.58,D
24.70347,80.99582,332.66,0.39,0.6,2025-11-07,0703,N21,VIIRS,n,2.0NRT,301.31,2.38,D
24.71917,81.03941,333.45,0.39,0.59,2025-11-07,0703,N21,VIIRS,n,2.0NRT,302.04,2.8,D
24.73931,80.95435,331.84,0.4,0.6,2025-11-07,0703,N21,VIIRS,l,2.0NRT,302.54,2.22,D
24.84135,81.09354,336.38,0.39,0.59,2025-11-07,0703,N21,VIIRS,n,2.0NRT,302.74,5.3,D
24.84665,81.09221,351.05,0.39,0.59,2025-11-07,0703,N21,VIIRS,n,2.0NRT,304.6,5.3,D
24.86922,81.04337,331.51,0.39,0.59,2025-11-07,0703,N21,VIIRS,n,2.0NRT,302.99,3.23,D
24.29886,77.99413,331,0.62,0.71,2025-11-07,0703,N21,VIIRS,l,2.0NRT,305.5,6.2,D
24.30705,77.97273,339.33,0.62,0.71,2025-11-07,0703,N21,VIIRS,n,2.0NRT,302.43,6.41,D
24.31725,77.93219,348.09,0.62,0.72,2025-11-07,0703,N21,VIIRS,n,2.0NRT,307.31,9.03,D
24.33341,77.915,330.11,0.62,0.72,2025-11-07,0703,N21,VIIRS,n,2.0NRT,303.31,3.8,D
24.33437,77.91646,333.38,0.62,0.72,2025-11-07,0703,N21,VIIRS,n,2.0NRT,304.29,5.25,D
24.35126,77.95542,330.86,0.62,0.71,2025-11-07,0703,N21,VIIRS,l,2.0NRT,304.23,5.79,D
24.4136,78.17181,332.46,0.6,0.7,2025-11-07,0703,N21,VIIRS,n,2.0NRT,305.26,6.85,D
24.37553,78.02326,331.96,0.61,0.71,2025-11-07,0703,N21,VIIRS,n,2.0NRT,303.04,2.33,D
24.51943,78.05669,331.36,0.61,0.71,2025-11-07,0703,N21,VIIRS,n,2.0NRT,301.29,3.76,D
30.40131,74.67405,334.74,0.69,0.74,2025-11-07,0705,N21,VIIRS,n,2.0NRT,300.29,11.18,D
29.73076,75.55479,343.93,0.64,0.72,2025-11-07,0705,N21,VIIRS,n,2.0NRT,304.64,7.38,D
29.93003,75.82421,333.41,0.61,0.71,2025-11-07,0705,N21,VIIRS,n,2.0NRT,302.4,4.93,D
29.6343,74.45349,332.24,0.74,0.76,2025-11-07,0705,N21,VIIRS,n,2.0NRT,301.1,7.47,D
30.11493,76.01996,339.34,0.59,0.7,2025-11-07,0705,N21,VIIRS,n,2.0NRT,304.21,4.32,D
30.20869,76.03159,367,0.58,0.7,2025-11-07,0705,N21,VIIRS,h,2.0NRT,305.83,12.8,D
30.20712,76.02584,340.21,0.58,0.7,2025-11-07,0705,N21,VIIRS,n,2.0NRT,305.03,12.8,D
30.07527,75.27106,333.78,0.65,0.73,2025-11-07,0705,N21,VIIRS,n,2.0NRT,301.24,3.95,D
30.23366,75.69093,346.82,0.61,0.71,2025-11-07,0705,N21,VIIRS,n,2.0NRT,305.93,10.23,D
30.41657,76.19146,367,0.56,0.69,2025-11-07,0705,N21,VIIRS,h,2.0NRT,303.28,13.94,D
29.98045,74.55273,334.48,0.72,0.75,2025-11-07,0705,N21,VIIRS,n,2.0NRT,299.46,4.79,D
30.4155,76.19412,350.24,0.56,0.69,2025-11-07,0705,N21,VIIRS,n,2.0NRT,302.18,9.52,D
29.98111,74.55,330.29,0.72,0.75,2025-11-07,0705,N21,VIIRS,n,2.0NRT,299.03,6.44,D
30.45465,75.9453,337.05,0.58,0.7,2025-11-07,0705,N21,VIIRS,n,2.0NRT,304.27,6.16,D
30.46079,75.94318,336.83,0.58,0.7,2025-11-07,0705,N21,VIIRS,n,2.0NRT,302.44,6.16,D
30.45753,75.94252,367,0.58,0.7,2025-11-07,0705,N21,VIIRS,h,2.0NRT,305.05,14.51,D
30.57243,75.7846,331.28,0.59,0.7,2025-11-07,0705,N21,VIIRS,n,2.0NRT,302.79,1.89,D
30.64677,75.62528,348.55,0.6,0.7,2025-11-07,0705,N21,VIIRS,n,2.0NRT,305.03,7.9,D
30.70503,75.68901,330.19,0.59,0.7,2025-11-07,0705,N21,VIIRS,n,2.0NRT,303.53,3.53,D
30.68656,75.44654,330.21,0.61,0.71,2025-11-07,0705,N21,VIIRS,n,2.0NRT,303.77,2.69,D
30.63003,75.0919,330.28,0.64,0.72,2025-11-07,0705,N21,VIIRS,n,2.0NRT,301.53,3.78,D
30.63332,74.97805,367,0.65,0.73,2025-11-07,0705,N21,VIIRS,h,2.0NRT,306.4,22.01,D
30.6328,74.98106,346.37,0.65,0.73,2025-11-07,0705,N21,VIIRS,n,2.0NRT,302.99,16.86,D
30.63096,74.97462,344.86,0.65,0.73,2025-11-07,0705,N21,VIIRS,n,2.0NRT,302.22,17.48,D
30.4727,74.32516,345.7,0.72,0.75,2025-11-07,0705,N21,VIIRS,n,2.0NRT,299.6,8.92,D
30.83892,75.19261,332.41,0.63,0.72,2025-11-07,0705,N21,VIIRS,n,2.0NRT,302.94,4.51,D
30.83998,75.19501,337.74,0.63,0.72,2025-11-07,0705,N21,VIIRS,n,2.0NRT,302.09,6.78,D
30.66764,74.48848,343.48,0.69,0.75,2025-11-07,0705,N21,VIIRS,n,2.0NRT,304.11,8.89,D
30.82245,74.9087,338.87,0.65,0.73,2025-11-07,0705,N21,VIIRS,n,2.0NRT,304.15,8.59,D
30.84424,74.93626,367,0.65,0.73,2025-11-07,0705,N21,VIIRS,h,2.0NRT,305.14,18.68,D
30.84308,74.93601,367,0.65,0.73,2025-11-07,0705,N21,VIIRS,h,2.0NRT,305.75,19.15,D
30.76824,74.2988,367,0.71,0.75,2025-11-07,0705,N21,VIIRS,h,2.0NRT,306.47,25.16,D
31.03202,75.11122,335.43,0.63,0.72,2025-11-07,0705,N21,VIIRS,n,2.0NRT,302.21,9.55,D
30.76274,74.29855,337,0.71,0.75,2025-11-07,0705,N21,VIIRS,n,2.0NRT,301.7,7.23,D
30.76932,74.29615,367,0.71,0.75,2025-11-07,0705,N21,VIIRS,h,2.0NRT,305.75,13.18,D
31.03306,75.11492,340.64,0.63,0.72,2025-11-07,0705,N21,VIIRS,n,2.0NRT,302.27,7.02,D
31.06995,74.92485,336.91,0.64,0.72,2025-11-07,0705,N21,VIIRS,n,2.0NRT,302.46,4.79,D
31.22284,74.59869,330.14,0.66,0.73,2025-11-07,0705,N21,VIIRS,n,2.0NRT,301.65,3.91,D
31.38558,75.00626,336.31,0.62,0.71,2025-11-07,0705,N21,VIIRS,n,2.0NRT,302.31,5.05,D
31.33082,74.56172,342.93,0.66,0.73,2025-11-07,0705,N21,VIIRS,n,2.0NRT,303.98,9.11,D
31.38742,74.81589,334.93,0.64,0.72,2025-11-07,0705,N21,VIIRS,n,2.0NRT,300.28,4.9,D
31.33648,74.56412,332.24,0.66,0.73,2025-11-07,0705,N21,VIIRS,l,2.0NRT,303.53,8.36,D
31.40081,74.59099,330.87,0.66,0.73,2025-11-07,0705,N21,VIIRS,n,2.0NRT,302.57,5.3,D
31.39956,74.59146,330.95,0.65,0.73,2025-11-07,0705,N21,VIIRS,n,2.0NRT,302.11,6.9,D
31.97275,74.86671,339.11,0.61,0.71,2025-11-07,0705,N21,VIIRS,n,2.0NRT,300.06,9.22,D
31.9731,74.86283,333.37,0.61,0.71,2025-11-07,0705,N21,VIIRS,n,2.0NRT,299.31,9.5,D
18.49622,77.82775,331.84,0.41,0.61,2025-11-07,0841,N21,VIIRS,l,2.0NRT,301.9,4.01,D
18.51589,77.90834,341.39,0.42,0.61,2025-11-07,0841,N21,VIIRS,n,2.0NRT,302.1,9.51,D
18.57695,78.38863,331.53,0.45,0.63,2025-11-07,0841,N21,VIIRS,n,2.0NRT,300.7,3.2,D
18.5269,77.85162,332.98,0.41,0.61,2025-11-07,0841,N21,VIIRS,n,2.0NRT,300.79,5.35,D
18.52022,77.90784,348.65,0.42,0.61,2025-11-07,0841,N21,VIIRS,n,2.0NRT,302.41,7.16,D
18.52602,77.85156,334.1,0.41,0.61,2025-11-07,0841,N21,VIIRS,n,2.0NRT,301.18,2.23,D
18.57094,77.9621,352.89,0.42,0.61,2025-11-07,0841,N21,VIIRS,n,2.0NRT,305.1,9.51,D
18.55252,77.77847,341.13,0.41,0.61,2025-11-07,0841,N21,VIIRS,n,2.0NRT,302.83,3.79,D
18.52782,77.42757,330.25,0.39,0.59,2025-11-07,0841,N21,VIIRS,n,2.0NRT,304.08,4.51,D
18.59062,77.93196,355.23,0.42,0.61,2025-11-07,0841,N21,VIIRS,n,2.0NRT,303.39,12.21,D
18.61104,77.90975,340.46,0.42,0.61,2025-11-07,0841,N21,VIIRS,n,2.0NRT,303.26,2.94,D
18.61341,77.87783,339.67,0.42,0.61,2025-11-07,0841,N21,VIIRS,n,2.0NRT,301.82,3.55,D
18.61493,77.83798,344.33,0.41,0.61,2025-11-07,0841,N21,VIIRS,n,2.0NRT,306.14,8.08,D
18.63004,77.82073,354.39,0.41,0.61,2025-11-07,0841,N21,VIIRS,n,2.0NRT,305.1,8.51,D
18.61922,77.83573,339.13,0.41,0.61,2025-11-07,0841,N21,VIIRS,n,2.0NRT,306.61,6.26,D
18.62925,77.82288,337.2,0.41,0.61,2025-11-07,0841,N21,VIIRS,n,2.0NRT,303.42,4.97,D
18.62887,77.81898,334.01,0.41,0.61,2025-11-07,0841,N21,VIIRS,n,2.0NRT,303.95,4.97,D
18.6402,77.87703,338.28,0.42,0.61,2025-11-07,0841,N21,VIIRS,n,2.0NRT,303.56,4.77,D
18.63025,77.77573,331.43,0.41,0.61,2025-11-07,0841,N21,VIIRS,l,2.0NRT,304.3,2.35,D
18.66858,77.87782,348.77,0.42,0.61,2025-11-07,0841,N21,VIIRS,n,2.0NRT,304.35,5.53,D
18.66504,77.84245,333.18,0.41,0.61,2025-11-07,0841,N21,VIIRS,n,2.0NRT,304.57,1.98,D
18.67504,77.82954,367,0.41,0.61,2025-11-07,0841,N21,VIIRS,h,2.0NRT,307.35,12.78,D
18.67465,77.82567,337.86,0.41,0.61,2025-11-07,0841,N21,VIIRS,n,2.0NRT,305.29,8.85,D
18.69898,77.89843,336.52,0.42,0.61,2025-11-07,0841,N21,VIIRS,n,2.0NRT,304.14,7.3,D
18.71889,77.81685,337.91,0.41,0.61,2025-11-07,0841,N21,VIIRS,n,2.0NRT,304.92,4.22,D
18.71806,77.81657,338.08,0.41,0.61,2025-11-07,0841,N21,VIIRS,n,2.0NRT,304.43,4.27,D
18.72998,77.82316,337.55,0.41,0.61,2025-11-07,0841,N21,VIIRS,n,2.0NRT,305.13,4.88,D
19.05046,77.67007,354.69,0.41,0.61,2025-11-07,0841,N21,VIIRS,n,2.0NRT,302.86,11.47,D
18.73623,74.51101,339.81,0.5,0.49,2025-11-07,0841,N21,VIIRS,n,2.0NRT,303.72,5.51,D
18.6831,73.04194,343.07,0.4,0.44,2025-11-07,0841,N21,VIIRS,n,2.0NRT,302.22,11.38,D
18.68215,73.03436,333.54,0.4,0.44,2025-11-07,0841,N21,VIIRS,l,2.0NRT,303.79,6.97,D
18.69123,73.0408,337.43,0.4,0.44,2025-11-07,0841,N21,VIIRS,n,2.0NRT,301.85,5.87,D
19.26498,75.77238,339.91,0.61,0.54,2025-11-07,0841,N21,VIIRS,n,2.0NRT,300.89,7.6,D
19.70053,77.40171,333.19,0.4,0.6,2025-11-07,0841,N21,VIIRS,n,2.0NRT,302.66,2.2,D
19.24581,73.03242,332.85,0.41,0.45,2025-11-07,0841,N21,VIIRS,l,2.0NRT,303.01,4.91,D
12.3317,76.98003,333.18,0.6,0.53,2025-11-07,0841,N21,VIIRS,n,2.0NRT,295.55,5.42,D
12.33589,76.98433,330.34,0.6,0.53,2025-11-07,0841,N21,VIIRS,n,2.0NRT,295.43,8.02,D
13.70547,76.54092,333.47,0.58,0.52,2025-11-07,0841,N21,VIIRS,n,2.0NRT,299.38,5.85,D
17.12076,80.75862,328.24,0.62,0.72,2025-11-07,0841,N21,VIIRS,n,2.0NRT,294.79,4.84,D
18.4245,77.99676,330.4,0.42,0.61,2025-11-07,0841,N21,VIIRS,n,2.0NRT,299.56,6.4,D
18.4227,77.99729,332.04,0.42,0.61,2025-11-07,0841,N21,VIIRS,n,2.0NRT,299.78,5.1,D
18.51841,78.21216,342.2,0.44,0.62,2025-11-07,0841,N21,VIIRS,n,2.0NRT,301.34,4.58,D
18.48867,77.80925,332.53,0.41,0.61,2025-11-07,0841,N21,VIIRS,l,2.0NRT,303.04,6.17,D
9.05782,78.24625,336.55,0.33,0.55,2025-11-07,0841,N21,VIIRS,n,2.0NRT,292.94,1.25,D
22.50714,80.02641,355.83,0.64,0.72,2025-11-07,0843,N21,VIIRS,n,2.0NRT,301.2,14.17,D
22.50388,79.43926,335.94,0.59,0.7,2025-11-07,0843,N21,VIIRS,n,2.0NRT,303.28,6.28,D
22.30158,76.94922,336.48,0.4,0.6,2025-11-07,0843,N21,VIIRS,l,2.0NRT,308.09,3.62,D
22.39452,77.4713,343.73,0.43,0.62,2025-11-07,0843,N21,VIIRS,n,2.0NRT,304.52,5.76,D
22.39906,77.45818,340.35,0.43,0.62,2025-11-07,0843,N21,VIIRS,n,2.0NRT,304.2,4.46,D
22.39695,77.472,346.82,0.43,0.62,2025-11-07,0843,N21,VIIRS,n,2.0NRT,305.76,6.1,D
22.40158,77.45884,355.16,0.43,0.62,2025-11-07,0843,N21,VIIRS,n,2.0NRT,304.25,5.31,D
22.43645,77.4637,336.32,0.43,0.62,2025-11-07,0843,N21,VIIRS,n,2.0NRT,303.35,5.18,D
21.72881,70.30663,336.06,0.47,0.4,2025-11-07,0843,N21,VIIRS,n,2.0NRT,305.65,4.21,D
22.51385,77.67393,331.49,0.45,0.63,2025-11-07,0843,N21,VIIRS,l,2.0NRT,305.94,5.35,D
22.5485,77.67046,340.94,0.45,0.63,2025-11-07,0843,N21,VIIRS,n,2.0NRT,303.62,4.13,D
22.53827,77.55002,335.04,0.44,0.62,2025-11-07,0843,N21,VIIRS,n,2.0NRT,302.99,6.17,D
22.53791,77.54577,351.49,0.44,0.62,2025-11-07,0843,N21,VIIRS,n,2.0NRT,304.77,6.17,D
22.54572,77.50215,339.99,0.44,0.62,2025-11-07,0843,N21,VIIRS,n,2.0NRT,304.1,4.71,D
22.56231,77.56042,337.24,0.44,0.62,2025-11-07,0843,N21,VIIRS,n,2.0NRT,303.37,5.37,D
22.56193,77.55613,347.55,0.44,0.62,2025-11-07,0843,N21,VIIRS,n,2.0NRT,304.27,6.63,D
22.55664,76.9908,332.05,0.41,0.6,2025-11-07,0843,N21,VIIRS,n,2.0NRT,306.76,2.23,D
22.64942,77.88816,367,0.46,0.64,2025-11-07,0843,N21,VIIRS,h,2.0NRT,304.57,11.08,D
22.61276,77.4782,350.86,0.44,0.62,2025-11-07,0843,N21,VIIRS,n,2.0NRT,302.82,7.18,D
22.65528,77.8876,342.83,0.46,0.64,2025-11-07,0843,N21,VIIRS,n,2.0NRT,304.4,11.08,D
22.63778,77.62665,335.33,0.45,0.63,2025-11-07,0843,N21,VIIRS,n,2.0NRT,302.11,6.82,D
22.64881,77.88939,367,0.47,0.64,2025-11-07,0843,N21,VIIRS,h,2.0NRT,304.04,7.1,D
22.61491,77.47869,349.49,0.44,0.62,2025-11-07,0843,N21,VIIRS,n,2.0NRT,304.98,6.61,D
22.65504,77.89332,342.5,0.47,0.64,2025-11-07,0843,N21,VIIRS,n,2.0NRT,301.84,7.1,D
22.65467,77.88882,341.82,0.47,0.64,2025-11-07,0843,N21,VIIRS,n,2.0NRT,303.1,7.1,D
22.6447,77.62674,331.29,0.45,0.63,2025-11-07,0843,N21,VIIRS,l,2.0NRT,303.39,6.95,D
22.62165,77.35513,337.54,0.43,0.62,2025-11-07,0843,N21,VIIRS,n,2.0NRT,305.45,3.1,D
22.65192,77.64342,337.08,0.45,0.63,2025-11-07,0843,N21,VIIRS,n,2.0NRT,303.05,8.96,D
22.65083,77.63044,339.88,0.45,0.63,2025-11-07,0843,N21,VIIRS,n,2.0NRT,302.95,6.58,D
22.65659,77.62984,340.54,0.45,0.63,2025-11-07,0843,N21,VIIRS,n,2.0NRT,305.71,6.58,D
22.68493,77.48846,331.92,0.44,0.62,2025-11-07,0843,N21,VIIRS,n,2.0NRT,301.65,4.18,D
22.71044,77.58074,341.36,0.44,0.63,2025-11-07,0843,N21,VIIRS,n,2.0NRT,303.39,5.02,D
22.71005,77.57643,330.97,0.44,0.63,2025-11-07,0843,N21,VIIRS,l,2.0NRT,302.27,7.49,D
22.70891,77.56352,332.48,0.44,0.63,2025-11-07,0843,N21,VIIRS,l,2.0NRT,304.66,6.42,D
22.71542,77.57153,339.65,0.44,0.63,2025-11-07,0843,N21,VIIRS,n,2.0NRT,303.65,5.52,D
22.74527,77.84337,330.21,0.46,0.64,2025-11-07,0843,N21,VIIRS,l,2.0NRT,302.16,4.31,D
22.77321,77.9593,344.16,0.47,0.64,2025-11-07,0843,N21,VIIRS,n,2.0NRT,302.23,4.63,D
22.77629,77.9269,333.65,0.47,0.64,2025-11-07,0843,N21,VIIRS,n,2.0NRT,303.15,5.3,D
22.78129,77.92727,345.45,0.47,0.64,2025-11-07,0843,N21,VIIRS,n,2.0NRT,304.51,10.96,D
22.74879,77.46898,336.79,0.44,0.62,2025-11-07,0843,N21,VIIRS,n,2.0NRT,304.58,4.29,D
22.87896,78.60903,331.94,0.52,0.67,2025-11-07,0843,N21,VIIRS,n,2.0NRT,300.37,9.77,D
22.84351,78.10255,349.78,0.48,0.65,2025-11-07,0843,N21,VIIRS,n,2.0NRT,301.05,6.92,D
22.36544,73.11867,336.96,0.45,0.47,2025-11-07,0843,N21,VIIRS,n,2.0NRT,305.59,5.7,D
22.9591,77.52173,341.67,0.44,0.63,2025-11-07,0843,N21,VIIRS,n,2.0NRT,302.33,5.33,D
22.97253,77.6127,353.7,0.45,0.63,2025-11-07,0843,N21,VIIRS,n,2.0NRT,304.86,7.89,D
22.98395,77.54128,330.45,0.45,0.63,2025-11-07,0843,N21,VIIRS,n,2.0NRT,301.91,2.7,D
23.00585,77.52595,331.63,0.44,0.63,2025-11-07,0843,N21,VIIRS,n,2.0NRT,301.57,4.5,D
23.0116,77.52538,340.87,0.44,0.63,2025-11-07,0843,N21,VIIRS,n,2.0NRT,301.02,4.5,D
23.06938,77.71855,332.69,0.46,0.63,2025-11-07,0843,N21,VIIRS,n,2.0NRT,302.47,5.64,D
23.06951,77.71986,334.34,0.46,0.63,2025-11-07,0843,N21,VIIRS,n,2.0NRT,301.99,5.98,D
23.33599,80.24536,328.37,0.67,0.74,2025-11-07,0843,N21,VIIRS,n,2.0NRT,300.38,3.99,D
22.21195,69.33173,333.99,0.43,0.38,2025-11-07,0843,N21,VIIRS,n,2.0NRT,306.09,4.75,D
23.33178,80.24702,330.27,0.67,0.74,2025-11-07,0843,N21,VIIRS,n,2.0NRT,299.5,5.9,D
23.39533,80.07954,349.73,0.66,0.73,2025-11-07,0843,N21,VIIRS,n,2.0NRT,300.88,12.37,D
23.49579,80.43333,335.13,0.69,0.75,2025-11-07,0843,N21,VIIRS,n,2.0NRT,299.34,6.5,D
22.88173,72.02654,333.48,0.4,0.44,2025-11-07,0843,N21,VIIRS,n,2.0NRT,306.15,2.42,D
23.65094,80.12138,334.35,0.67,0.73,2025-11-07,0843,N21,VIIRS,n,2.0NRT,298.1,3.75,D
23.5963,78.35274,354.48,0.51,0.66,2025-11-07,0843,N21,VIIRS,n,2.0NRT,304.45,9.64,D
23.02314,72.34335,347.11,0.41,0.45,2025-11-07,0843,N21,VIIRS,n,2.0NRT,307.46,8.52,D
23.7471,79.94486,333.73,0.65,0.73,2025-11-07,0843,N21,VIIRS,n,2.0NRT,298.45,3.78,D
23.6589,77.6754,335.47,0.46,0.64,2025-11-07,0843,N21,VIIRS,n,2.0NRT,306.71,3.9,D
23.70486,77.79988,336.04,0.47,0.64,2025-11-07,0843,N21,VIIRS,n,2.0NRT,304.12,5.74,D
23.13347,72.19058,335.39,0.41,0.45,2025-11-07,0843,N21,VIIRS,n,2.0NRT,305.25,3.29,D
22.98361,70.98212,332.17,0.52,0.42,2025-11-07,0843,N21,VIIRS,n,2.0NRT,306.94,3.19,D
23.04531,71.23716,343.43,0.54,0.42,2025-11-07,0843,N21,VIIRS,n,2.0NRT,305.61,5.41,D
23.69571,77.47926,332.76,0.45,0.63,2025-11-07,0843,N21,VIIRS,n,2.0NRT,307.72,1.34,D
23.80922,77.50214,347.26,0.45,0.63,2025-11-07,0843,N21,VIIRS,n,2.0NRT,304.43,3.09,D
24.04676,78.17756,336.91,0.5,0.66,2025-11-07,0843,N21,VIIRS,n,2.0NRT,306.42,4.4,D
23.11824,69.45927,333.82,0.44,0.39,2025-11-07,0843,N21,VIIRS,l,2.0NRT,307.88,7.67,D
24.28494,77.95176,336.28,0.49,0.65,2025-11-07,0843,N21,VIIRS,n,2.0NRT,304.02,4.05,D
24.30065,77.99868,334.88,0.49,0.65,2025-11-07,0843,N21,VIIRS,n,2.0NRT,306.02,8.24,D
24.30665,77.99813,367,0.49,0.65,2025-11-07,0843,N21,VIIRS,h,2.0NRT,306.65,8.24,D
24.27324,77.43436,333.96,0.45,0.63,2025-11-07,0843,N21,VIIRS,l,2.0NRT,307.09,2.86,D
24.35808,78.11197,367,0.5,0.66,2025-11-07,0843,N21,VIIRS,h,2.0NRT,306.54,9.93,D
24.3578,78.03286,339.61,0.5,0.65,2025-11-07,0843,N21,VIIRS,n,2.0NRT,301.86,1.73,D
24.35505,77.9988,336.56,0.49,0.65,2025-11-07,0843,N21,VIIRS,n,2.0NRT,304.14,17.15,D
24.35465,77.99395,354.35,0.49,0.65,2025-11-07,0843,N21,VIIRS,n,2.0NRT,307.55,18.58,D
24.35828,77.96431,333.96,0.49,0.65,2025-11-07,0843,N21,VIIRS,l,2.0NRT,304.68,6.65,D
24.36943,78.02685,339.07,0.5,0.65,2025-11-07,0843,N21,VIIRS,n,2.0NRT,306.12,6.19,D
24.36466,77.96854,339.76,0.49,0.65,2025-11-07,0843,N21,VIIRS,n,2.0NRT,305.83,8.51,D
24.34576,78.08551,351.53,0.5,0.66,2025-11-07,0843,N21,VIIRS,n,2.0NRT,305.55,9.56,D
24.35964,78.10905,339.08,0.5,0.66,2025-11-07,0843,N21,VIIRS,n,2.0NRT,304.94,11.03,D
24.35133,77.99636,345.2,0.49,0.65,2025-11-07,0843,N21,VIIRS,n,2.0NRT,304.92,5.1,D
24.35733,77.99575,367,0.49,0.65,2025-11-07,0843,N21,VIIRS,h,2.0NRT,310.11,17.94,D
24.36386,78.08383,349.86,0.5,0.66,2025-11-07,0843,N21,VIIRS,n,2.0NRT,306.99,5.64,D
24.35516,77.96661,352.93,0.49,0.65,2025-11-07,0843,N21,VIIRS,n,2.0NRT,307.14,7.31,D
24.36661,78.03908,335.95,0.5,0.66,2025-11-07,0843,N21,VIIRS,n,2.0NRT,305.56,4.93,D
24.36552,78.02441,331.79,0.5,0.65,2025-11-07,0843,N21,VIIRS,l,2.0NRT,306.47,3.1,D
24.38695,77.98784,344.35,0.49,0.65,2025-11-07,0843,N21,VIIRS,n,2.0NRT,305.93,5.67,D
24.47565,77.69034,334.24,0.47,0.64,2025-11-07,0843,N21,VIIRS,n,2.0NRT,304.35,5.17,D
24.55659,77.95605,334.46,0.49,0.65,2025-11-07,0843,N21,VIIRS,n,2.0NRT,304.39,5.56,D
24.58083,78.10752,336.83,0.5,0.66,2025-11-07,0843,N21,VIIRS,n,2.0NRT,306.18,7.13,D
24.5595,77.95785,348.6,0.49,0.65,2025-11-07,0843,N21,VIIRS,n,2.0NRT,305.67,3.21,D
24.57635,78.10515,338,0.5,0.66,2025-11-07,0843,N21,VIIRS,n,2.0NRT,304.09,5.07,D
24.59373,77.85225,334.27,0.49,0.65,2025-11-07,0843,N21,VIIRS,n,2.0NRT,303.83,1.63,D
24.59128,77.44544,336.33,0.46,0.63,2025-11-07,0843,N21,VIIRS,n,2.0NRT,304.89,2.72,D
24.66438,77.78911,335.15,0.48,0.65,2025-11-07,0843,N21,VIIRS,n,2.0NRT,303.56,3.05,D
24.66144,77.5174,348.84,0.46,0.64,2025-11-07,0843,N21,VIIRS,n,2.0NRT,305.81,5.96,D
24.6925,77.46372,367,0.46,0.64,2025-11-07,0843,N21,VIIRS,h,2.0NRT,309.78,11.36,D
24.86532,76.98799,340.01,0.43,0.62,2025-11-07,0843,N21,VIIRS,n,2.0NRT,307.24,5.34,D
24.9647,77.73429,336.58,0.48,0.65,2025-11-07,0843,N21,VIIRS,n,2.0NRT,305.2,3.7,D
24.93781,76.15013,332.06,0.38,0.59,2025-11-07,0843,N21,VIIRS,l,2.0NRT,306.78,5.66,D
24.96088,76.13222,353.24,0.38,0.59,2025-11-07,0843,N21,VIIRS,n,2.0NRT,306.46,6.86,D
25.04001,76.1048,330.28,0.38,0.59,2025-11-07,0843,N21,VIIRS,n,2.0NRT,303.55,1.79,D
25.12603,76.92378,330.81,0.43,0.62,2025-11-07,0843,N21,VIIRS,n,2.0NRT,303.98,2.76,D
25.20185,76.94186,338.19,0.43,0.62,2025-11-07,0843,N21,VIIRS,n,2.0NRT,304.25,2.8,D
25.27665,77.75682,331.17,0.49,0.65,2025-11-07,0843,N21,VIIRS,n,2.0NRT,299.11,3.54,D
25.16456,76.03204,341.94,0.38,0.58,2025-11-07,0843,N21,VIIRS,n,2.0NRT,302.89,2.03,D
25.24476,76.02,345.99,0.38,0.58,2025-11-07,0843,N21,VIIRS,n,2.0NRT,304.61,3.95,D
25.24442,75.95649,334.29,0.37,0.58,2025-11-07,0843,N21,VIIRS,l,2.0NRT,305.28,2.12,D
25.24783,76.01964,343.69,0.38,0.58,2025-11-07,0843,N21,VIIRS,n,2.0NRT,304.52,4.85,D
25.24256,75.95656,342.36,0.37,0.58,2025-11-07,0843,N21,VIIRS,n,2.0NRT,305.98,3.35,D
24.82851,71.74654,341.63,0.4,0.44,2025-11-07,0843,N21,VIIRS,n,2.0NRT,309.84,2.01,D
25.30024,76.52589,338.21,0.41,0.6,2025-11-07,0843,N21,VIIRS,n,2.0NRT,303.84,5.12,D
25.3061,76.52934,367,0.41,0.6,2025-11-07,0843,N21,VIIRS,h,2.0NRT,306.02,10.7,D
25.38363,76.65276,352.84,0.41,0.61,2025-11-07,0843,N21,VIIRS,n,2.0NRT,302.83,6.33,D
25.32007,75.73899,336.57,0.36,0.57,2025-11-07,0843,N21,VIIRS,n,2.0NRT,304.17,6.96,D
25.31974,75.73541,345.16,0.36,0.57,2025-11-07,0843,N21,VIIRS,n,2.0NRT,304.62,5.7,D
25.31969,75.73658,367,0.36,0.58,2025-11-07,0843,N21,VIIRS,h,2.0NRT,306.9,7.03,D
25.34212,75.62629,335.94,0.36,0.57,2025-11-07,0843,N21,VIIRS,n,2.0NRT,304.72,3.5,D
25.38329,76.04459,345.35,0.38,0.59,2025-11-07,0843,N21,VIIRS,n,2.0NRT,303.34,3.31,D
25.47464,77.0306,330.82,0.44,0.62,2025-11-07,0843,N21,VIIRS,n,2.0NRT,300.49,6.34,D
25.5314,76.8116,339.16,0.43,0.62,2025-11-07,0843,N21,VIIRS,n,2.0NRT,303.4,8.76,D
25.6467,78.65495,341.87,0.56,0.69,2025-11-07,0843,N21,VIIRS,n,2.0NRT,300.02,6.45,D
25.52863,76.80842,343.01,0.43,0.62,2025-11-07,0843,N21,VIIRS,n,2.0NRT,303.56,7.32,D
25.52421,76.67886,346.42,0.42,0.61,2025-11-07,0843,N21,VIIRS,n,2.0NRT,303.04,4.5,D
25.58632,77.03387,336.97,0.44,0.62,2025-11-07,0843,N21,VIIRS,n,2.0NRT,301.94,3.63,D
25.10665,71.71728,338.83,0.4,0.45,2025-11-07,0843,N21,VIIRS,n,2.0NRT,311.19,2.89,D
26.02014,79.71192,351.13,0.66,0.73,2025-11-07,0843,N21,VIIRS,n,2.0NRT,300.85,10.74,D
26.02336,79.71037,351.87,0.66,0.73,2025-11-07,0843,N21,VIIRS,n,2.0NRT,300.95,10.5,D
26.03979,79.0842,367,0.6,0.71,2025-11-07,0843,N21,VIIRS,h,2.0NRT,301.81,12.88,D
25.87467,76.52634,346.37,0.41,0.61,2025-11-07,0843,N21,VIIRS,n,2.0NRT,302.17,5.15,D
26.06092,78.71239,330.31,0.57,0.69,2025-11-07,0843,N21,VIIRS,n,2.0NRT,297.96,3.61,D
25.92758,76.62122,331.98,0.42,0.61,2025-11-07,0843,N21,VIIRS,n,2.0NRT,301.37,2.09,D
25.9416,76.58614,344.87,0.42,0.61,2025-11-07,0843,N21,VIIRS,n,2.0NRT,306.13,10.45,D
25.94571,76.58664,346.24,0.42,0.61,2025-11-07,0843,N21,VIIRS,n,2.0NRT,305.05,8.18,D
26.17491,79.36848,350.63,0.63,0.72,2025-11-07,0843,N21,VIIRS,n,2.0NRT,300.85,9.75,D
26.02593,76.7394,335.84,0.43,0.62,2025-11-07,0843,N21,VIIRS,n,2.0NRT,300.7,4.73,D
26.22715,79.25175,348.67,0.62,0.71,2025-11-07,0843,N21,VIIRS,n,2.0NRT,301.63,8.8,D
26.2264,79.25245,346.78,0.62,0.71,2025-11-07,0843,N21,VIIRS,n,2.0NRT,301.56,8.85,D
27.28857,78.527,339.38,0.57,0.69,2025-11-07,0843,N21,VIIRS,n,2.0NRT,299.54,5.48,D
14.14102,75.11199,337.23,0.47,0.48,2025-11-07,0843,N21,VIIRS,n,2.0NRT,297.07,6.64,D
14.14208,75.114,335.11,0.48,0.48,2025-11-07,0843,N21,VIIRS,n,2.0NRT,296.6,6.76,D
14.77356,76.98492,352.64,0.32,0.55,2025-11-07,0843,N21,VIIRS,n,2.0NRT,295.05,6.78,D
20.22854,76.1122,333.06,0.33,0.55,2025-11-07,0843,N21,VIIRS,n,2.0NRT,307.63,2.37,D
20.52401,77.18626,334.94,0.4,0.6,2025-11-07,0843,N21,VIIRS,n,2.0NRT,304.78,4.21,D
20.81831,75.37305,331.96,0.6,0.53,2025-11-07,0843,N21,VIIRS,n,2.0NRT,302.79,2.05,D
20.86951,75.6294,332.37,0.63,0.54,2025-11-07,0843,N21,VIIRS,n,2.0NRT,302.17,3.96,D
21.60326,81.47749,327.16,0.78,0.78,2025-11-07,0843,N21,VIIRS,n,2.0NRT,295.25,4.2,D
21.35484,77.3465,331.19,0.41,0.61,2025-11-07,0843,N21,VIIRS,n,2.0NRT,301.61,2.77,D
21.23106,75.40189,337.93,0.61,0.54,2025-11-07,0843,N21,VIIRS,n,2.0NRT,305.57,3.9,D
21.51237,77.99428,330.66,0.46,0.63,2025-11-07,0843,N21,VIIRS,n,2.0NRT,303.41,3.31,D
21.2364,75.0001,334.31,0.58,0.52,2025-11-07,0843,N21,VIIRS,n,2.0NRT,306.8,3.36,D
21.24373,74.93218,333.39,0.57,0.52,2025-11-07,0843,N21,VIIRS,n,2.0NRT,307.89,6.23,D
21.61814,77.79109,330.12,0.45,0.63,2025-11-07,0843,N21,VIIRS,n,2.0NRT,302.1,2.71,D
21.63848,77.82374,332.12,0.45,0.63,2025-11-07,0843,N21,VIIRS,n,2.0NRT,304.02,3.16,D
21.10447,72.64544,342.67,0.41,0.45,2025-11-07,0843,N21,VIIRS,n,2.0NRT,307.04,7.22,D
21.10352,72.6376,338.32,0.41,0.45,2025-11-07,0843,N21,VIIRS,n,2.0NRT,306.29,4.68,D
21.10305,72.6337,336.1,0.41,0.45,2025-11-07,0843,N21,VIIRS,n,2.0NRT,305.81,4.73,D
21.6833,76.42504,354.67,0.36,0.58,2025-11-07,0843,N21,VIIRS,n,2.0NRT,308.83,7.45,D
22.02969,79.28313,327.81,0.56,0.69,2025-11-07,0843,N21,VIIRS,n,2.0NRT,301.56,3.26,D
21.79587,76.64293,336.34,0.38,0.58,2025-11-07,0843,N21,VIIRS,n,2.0NRT,306.2,5.51,D
21.79399,76.64434,350.26,0.38,0.59,2025-11-07,0843,N21,VIIRS,n,2.0NRT,307.13,4.77,D
21.56317,72.91642,337.22,0.43,0.46,2025-11-07,0843,N21,VIIRS,n,2.0NRT,303.81,3.7,D
21.89069,75.82878,330.99,0.33,0.56,2025-11-07,0843,N21,VIIRS,l,2.0NRT,305.68,1,D
22.28398,79.9135,334.14,0.62,0.72,2025-11-07,0843,N21,VIIRS,n,2.0NRT,300.43,6.56,D
22.25707,79.57072,332.41,0.59,0.7,2025-11-07,0843,N21,VIIRS,n,2.0NRT,299.87,5.77,D
22.30414,79.83349,327.78,0.62,0.71,2025-11-07,0843,N21,VIIRS,l,2.0NRT,300.85,3.2,D
22.28274,79.91128,329.95,0.63,0.72,2025-11-07,0843,N21,VIIRS,l,2.0NRT,300.09,5.56,D
22.26993,79.73214,343.48,0.61,0.71,2025-11-07,0843,N21,VIIRS,n,2.0NRT,302.97,9.03,D
21.4556,71.43892,338,0.53,0.42,2025-11-07,0843,N21,VIIRS,n,2.0NRT,302.41,8.31,D
22.2816,79.80299,337.28,0.61,0.71,2025-11-07,0843,N21,VIIRS,n,2.0NRT,301.22,5.28,D
22.32736,79.7986,367,0.61,0.71,2025-11-07,0843,N21,VIIRS,h,2.0NRT,304.04,10.94,D
22.32691,79.79261,339.42,0.61,0.71,2025-11-07,0843,N21,VIIRS,n,2.0NRT,302.27,10.94,D
22.35824,79.77202,339.4,0.61,0.71,2025-11-07,0843,N21,VIIRS,n,2.0NRT,302.46,7.61,D
22.38668,79.88441,345.4,0.62,0.72,2025-11-07,0843,N21,VIIRS,n,2.0NRT,302.08,8.6,D
22.41826,80.03507,335.88,0.64,0.72,2025-11-07,0843,N21,VIIRS,n,2.0NRT,299.62,6.75,D
22.41199,79.86964,329.82,0.62,0.72,2025-11-07,0843,N21,VIIRS,l,2.0NRT,301.33,6.3,D
22.35788,79.77303,337.98,0.61,0.71,2025-11-07,0843,N21,VIIRS,n,2.0NRT,302.52,8,D
22.3856,79.88554,337.45,0.62,0.72,2025-11-07,0843,N21,VIIRS,n,2.0NRT,301.58,10.4,D
22.41622,80.03644,340.82,0.64,0.72,2025-11-07,0843,N21,VIIRS,n,2.0NRT,300,9.02,D
22.24721,77.20927,342.4,0.42,0.61,2025-11-07,0843,N21,VIIRS,n,2.0NRT,306.64,3.57,D
22.50911,80.02836,345.23,0.64,0.72,2025-11-07,0843,N21,VIIRS,n,2.0NRT,301.5,10.76,D
22.48679,80.02174,329.16,0.64,0.72,2025-11-07,0843,N21,VIIRS,l,2.0NRT,299.67,4.19,D
30.72093,75.06107,347.83,0.38,0.58,2025-11-07,0845,N21,VIIRS,n,2.0NRT,305.39,6.88,D
27.92454,75.15343,337.29,0.36,0.57,2025-11-07,0845,N21,VIIRS,n,2.0NRT,305.09,2.23,D
27.92479,75.15315,337.89,0.36,0.57,2025-11-07,0845,N21,VIIRS,n,2.0NRT,305.19,2.06,D
28.10107,77.59737,341.94,0.51,0.66,2025-11-07,0845,N21,VIIRS,n,2.0NRT,302.93,5.32,D
27.92687,74.7302,336.73,0.33,0.56,2025-11-07,0845,N21,VIIRS,n,2.0NRT,308.48,1.7,D
28.4041,75.96762,353.48,0.4,0.6,2025-11-07,0845,N21,VIIRS,n,2.0NRT,309.3,8.41,D
28.68987,76.73286,367,0.45,0.63,2025-11-07,0845,N21,VIIRS,h,2.0NRT,304.09,10.14,D
28.87263,79.4611,336.37,0.67,0.74,2025-11-07,0845,N21,VIIRS,n,2.0NRT,300.55,11.22,D
28.6897,76.72978,338.48,0.45,0.63,2025-11-07,0845,N21,VIIRS,n,2.0NRT,301.97,9.95,D
28.87459,79.45981,341.77,0.67,0.74,2025-11-07,0845,N21,VIIRS,n,2.0NRT,301.27,9.01,D
28.92067,79.42907,342.52,0.67,0.74,2025-11-07,0845,N21,VIIRS,n,2.0NRT,299.35,15.7,D
28.92327,79.43448,343.32,0.67,0.74,2025-11-07,0845,N21,VIIRS,n,2.0NRT,299.55,16.87,D
28.92297,79.42761,336.79,0.67,0.74,2025-11-07,0845,N21,VIIRS,n,2.0NRT,298.82,14.23,D
29.03289,79.31714,332.48,0.66,0.73,2025-11-07,0845,N21,VIIRS,n,2.0NRT,298.09,5.96,D
29.036,79.31974,328.09,0.66,0.73,2025-11-07,0845,N21,VIIRS,n,2.0NRT,297.76,5.61,D
28.99825,76.43644,330.34,0.44,0.62,2025-11-07,0845,N21,VIIRS,n,2.0NRT,301.21,3.38,D
29.00581,76.21318,350.37,0.42,0.61,2025-11-07,0845,N21,VIIRS,n,2.0NRT,302.7,7.17,D
29.03029,76.08048,337.85,0.42,0.61,2025-11-07,0845,N21,VIIRS,n,2.0NRT,304.02,6.94,D
29.05387,76.24812,331.18,0.43,0.62,2025-11-07,0845,N21,VIIRS,n,2.0NRT,299.33,5.2,D
29.04531,76.13089,331.86,0.42,0.61,2025-11-07,0845,N21,VIIRS,n,2.0NRT,300.97,3.68,D
29.09513,76.3119,335.9,0.43,0.62,2025-11-07,0845,N21,VIIRS,n,2.0NRT,301.12,9.18,D
29.14788,76.09177,341.15,0.42,0.61,2025-11-07,0845,N21,VIIRS,n,2.0NRT,301.56,5.5,D
29.17788,76.26853,352.32,0.43,0.62,2025-11-07,0845,N21,VIIRS,n,2.0NRT,301.31,6.17,D
29.18056,76.2667,330.99,0.43,0.62,2025-11-07,0845,N21,VIIRS,n,2.0NRT,300.68,3.04,D
29.22744,76.53866,336.67,0.45,0.63,2025-11-07,0845,N21,VIIRS,n,2.0NRT,301.11,7.04,D
29.20443,76.19809,349.94,0.43,0.62,2025-11-07,0845,N21,VIIRS,n,2.0NRT,305.1,5.02,D
29.17782,75.81948,346.35,0.4,0.6,2025-11-07,0845,N21,VIIRS,n,2.0NRT,302.38,5.56,D
29.36556,76.42218,351.36,0.44,0.62,2025-11-07,0845,N21,VIIRS,n,2.0NRT,303.05,7.2,D
29.38561,76.0642,344.33,0.42,0.61,2025-11-07,0845,N21,VIIRS,n,2.0NRT,302.63,4.08,D
29.24745,73.54865,342.49,0.58,0.52,2025-11-07,0845,N21,VIIRS,n,2.0NRT,302.73,12.65,D
29.25982,73.57754,340.79,0.59,0.53,2025-11-07,0845,N21,VIIRS,n,2.0NRT,302.21,10.83,D
29.33594,74.32475,330.52,0.33,0.55,2025-11-07,0845,N21,VIIRS,n,2.0NRT,303.65,1.34,D
29.3009,73.65228,340.46,0.59,0.53,2025-11-07,0845,N21,VIIRS,n,2.0NRT,303.84,22.93,D
29.31028,73.70062,340.43,0.6,0.53,2025-11-07,0845,N21,VIIRS,n,2.0NRT,302.67,10.47,D
29.30688,73.66393,340.47,0.59,0.53,2025-11-07,0845,N21,VIIRS,n,2.0NRT,302.88,12.18,D
29.47904,76.08134,339.65,0.42,0.61,2025-11-07,0845,N21,VIIRS,n,2.0NRT,300.79,4.22,D
29.45347,75.70527,341.55,0.4,0.6,2025-11-07,0845,N21,VIIRS,n,2.0NRT,303.44,4.63,D
29.30866,73.7009,342.64,0.6,0.53,2025-11-07,0845,N21,VIIRS,n,2.0NRT,302.86,8.65,D
29.30551,73.66415,340.15,0.6,0.53,2025-11-07,0845,N21,VIIRS,n,2.0NRT,302.44,11.56,D
29.30499,73.65804,338.51,0.59,0.53,2025-11-07,0845,N21,VIIRS,n,2.0NRT,300.86,11.56,D
29.30446,73.65194,340.02,0.59,0.53,2025-11-07,0845,N21,VIIRS,n,2.0NRT,302.11,9.98,D
29.32475,73.77394,332.04,0.6,0.53,2025-11-07,0845,N21,VIIRS,n,2.0NRT,301.5,2.5,D
29.3986,74.54283,337.18,0.34,0.56,2025-11-07,0845,N21,VIIRS,n,2.0NRT,304.83,2.14,D
29.37707,74.03665,341.03,0.63,0.54,2025-11-07,0845,N21,VIIRS,n,2.0NRT,303.72,12.1,D
29.37486,74.01081,332.23,0.63,0.54,2025-11-07,0845,N21,VIIRS,n,2.0NRT,303.1,4.36,D
29.38148,74.02961,342.09,0.63,0.54,2025-11-07,0845,N21,VIIRS,n,2.0NRT,303.91,9.3,D
29.37982,74.01025,335.24,0.63,0.54,2025-11-07,0845,N21,VIIRS,n,2.0NRT,302.65,5.84,D
29.53633,75.85209,346.67,0.41,0.6,2025-11-07,0845,N21,VIIRS,n,2.0NRT,300.26,9.27,D
29.39296,73.93118,341.54,0.62,0.54,2025-11-07,0845,N21,VIIRS,n,2.0NRT,305.21,7.12,D
29.41525,74.07141,340.24,0.63,0.54,2025-11-07,0845,N21,VIIRS,n,2.0NRT,305.64,7.05,D
29.41839,73.99285,341.56,0.63,0.54,2025-11-07,0845,N21,VIIRS,n,2.0NRT,306.75,18.26,D
29.41518,73.99812,339.25,0.63,0.54,2025-11-07,0845,N21,VIIRS,n,2.0NRT,300.53,9.85,D
29.41466,73.99168,334.78,0.63,0.54,2025-11-07,0845,N21,VIIRS,n,2.0NRT,302.12,9.85,D
29.41962,73.9911,332.02,0.63,0.54,2025-11-07,0845,N21,VIIRS,n,2.0NRT,301.49,9.85,D
29.56187,75.42994,335.54,0.38,0.59,2025-11-07,0845,N21,VIIRS,n,2.0NRT,302.11,3.55,D
29.52298,74.5739,343.66,0.34,0.56,2025-11-07,0845,N21,VIIRS,n,2.0NRT,301.58,5.65,D
29.52983,74.59442,367,0.34,0.56,2025-11-07,0845,N21,VIIRS,h,2.0NRT,309.22,28.48,D
29.52954,74.59091,343.55,0.34,0.56,2025-11-07,0845,N21,VIIRS,n,2.0NRT,303.79,21.91,D
29.5347,74.59035,336.75,0.34,0.56,2025-11-07,0845,N21,VIIRS,n,2.0NRT,302.27,3.55,D
29.47201,73.84356,336.19,0.61,0.54,2025-11-07,0845,N21,VIIRS,n,2.0NRT,301.65,6.78,D
29.53813,74.5687,367,0.34,0.56,2025-11-07,0845,N21,VIIRS,h,2.0NRT,305.15,6.45,D
29.65206,76.06966,331.85,0.42,0.61,2025-11-07,0845,N21,VIIRS,n,2.0NRT,298.26,2.75,D
29.47748,73.84929,341.32,0.61,0.54,2025-11-07,0845,N21,VIIRS,n,2.0NRT,301.45,6.78,D
29.51458,74.2232,367,0.32,0.55,2025-11-07,0845,N21,VIIRS,h,2.0NRT,311.52,25.59,D
29.54012,74.52972,331.1,0.34,0.56,2025-11-07,0845,N21,VIIRS,l,2.0NRT,305.65,1.76,D
29.54871,74.57112,367,0.34,0.56,2025-11-07,0845,N21,VIIRS,h,2.0NRT,306.78,7.01,D
29.54859,74.44496,367,0.33,0.56,2025-11-07,0845,N21,VIIRS,h,2.0NRT,305.07,5.31,D
29.65261,75.76497,353.18,0.4,0.6,2025-11-07,0845,N21,VIIRS,n,2.0NRT,300.02,25.9,D
29.6523,75.7608,341.28,0.4,0.6,2025-11-07,0845,N21,VIIRS,n,2.0NRT,308.02,25.9,D
29.56566,74.46398,367,0.34,0.56,2025-11-07,0845,N21,VIIRS,h,2.0NRT,309.66,14.66,D
29.6988,76.16689,333.16,0.43,0.62,2025-11-07,0845,N21,VIIRS,n,2.0NRT,300.1,4.4,D
29.57019,74.45653,367,0.34,0.56,2025-11-07,0845,N21,VIIRS,h,2.0NRT,302.39,110.42,D
29.57282,74.48762,341.47,0.34,0.56,2025-11-07,0845,N21,VIIRS,n,2.0NRT,304.83,2.5,D
29.56463,74.3913,345.85,0.33,0.55,2025-11-07,0845,N21,VIIRS,n,2.0NRT,303.22,3.11,D
29.55185,74.24262,351.5,0.32,0.55,2025-11-07,0845,N21,VIIRS,n,2.0NRT,306.48,4.56,D
29.56989,74.45308,367,0.33,0.56,2025-11-07,0845,N21,VIIRS,l,2.0NRT,371.77,264.1,D
29.57736,74.48016,367,0.34,0.56,2025-11-07,0845,N21,VIIRS,h,2.0NRT,301.36,54.83,D
29.57501,74.45253,367,0.33,0.56,2025-11-07,0845,N21,VIIRS,h,2.0NRT,303.74,7.5,D
29.57706,74.4767,367,0.34,0.56,2025-11-07,0845,N21,VIIRS,l,2.0NRT,327.41,54.83,D
29.56794,74.45609,367,0.34,0.56,2025-11-07,0845,N21,VIIRS,h,2.0NRT,302.66,69.36,D
29.57037,74.48725,339.15,0.34,0.56,2025-11-07,0845,N21,VIIRS,n,2.0NRT,302.96,3.39,D
29.5674,74.44918,339.24,0.34,0.56,2025-11-07,0845,N21,VIIRS,n,2.0NRT,302.12,63.61,D
29.55105,74.24178,342.99,0.33,0.55,2025-11-07,0845,N21,VIIRS,n,2.0NRT,304.94,4.08,D
29.56767,74.45264,367,0.34,0.56,2025-11-07,0845,N21,VIIRS,l,2.0NRT,339.07,63.61,D
29.57305,74.45552,367,0.34,0.56,2025-11-07,0845,N21,VIIRS,h,2.0NRT,303.26,69.36,D
29.57252,74.44862,336,0.34,0.56,2025-11-07,0845,N21,VIIRS,n,2.0NRT,301.53,63.61,D
29.56792,74.39017,346.02,0.33,0.55,2025-11-07,0845,N21,VIIRS,n,2.0NRT,304.12,4.68,D
29.57278,74.45207,367,0.34,0.56,2025-11-07,0845,N21,VIIRS,l,2.0NRT,342.1,63.61,D
29.58007,74.4792,367,0.34,0.56,2025-11-07,0845,N21,VIIRS,h,2.0NRT,306.49,52.62,D
29.70152,76.16788,334.56,0.43,0.62,2025-11-07,0845,N21,VIIRS,n,2.0NRT,300.37,4.91,D
29.5798,74.47573,207.38,0.34,0.56,2025-11-07,0845,N21,VIIRS,l,2.0NRT,318.73,52.62,D
29.65114,75.35358,335.16,0.38,0.59,2025-11-07,0845,N21,VIIRS,n,2.0NRT,299.4,2.85,D
29.5643,74.21667,342.26,0.32,0.55,2025-11-07,0845,N21,VIIRS,n,2.0NRT,302.19,5.53,D
29.5565,74.12052,342.64,0.32,0.55,2025-11-07,0845,N21,VIIRS,n,2.0NRT,303.41,2.78,D
29.68871,75.80859,340.05,0.41,0.6,2025-11-07,0845,N21,VIIRS,n,2.0NRT,300.45,2.88,D
29.58624,74.29896,332.9,0.33,0.55,2025-11-07,0845,N21,VIIRS,n,2.0NRT,300.36,2.57,D
29.58597,74.29559,334.76,0.33,0.55,2025-11-07,0845,N21,VIIRS,n,2.0NRT,299.81,2.57,D
29.60401,74.45558,349.47,0.34,0.56,2025-11-07,0845,N21,VIIRS,n,2.0NRT,312.48,25.84,D
29.60317,74.44521,332.44,0.34,0.56,2025-11-07,0845,N21,VIIRS,n,2.0NRT,304.97,2.61,D
29.60162,74.36231,367,0.33,0.55,2025-11-07,0845,N21,VIIRS,h,2.0NRT,303.55,41.44,D
29.60699,74.36516,367,0.33,0.55,2025-11-07,0845,N21,VIIRS,h,2.0NRT,301.68,41.44,D
29.60671,74.36176,367,0.33,0.55,2025-11-07,0845,N21,VIIRS,h,2.0NRT,333.26,41.44,D
29.7538,76.18083,341.32,0.43,0.62,2025-11-07,0845,N21,VIIRS,n,2.0NRT,300.18,8.11,D
29.7535,76.17641,353.04,0.43,0.62,2025-11-07,0845,N21,VIIRS,n,2.0NRT,302.11,8.11,D
29.94452,79.03512,325.42,0.65,0.73,2025-11-07,0845,N21,VIIRS,l,2.0NRT,299.04,9.45,D
29.82251,76.14213,342.83,0.43,0.62,2025-11-07,0845,N21,VIIRS,n,2.0NRT,304.38,7.69,D
29.81853,75.59808,331.28,0.4,0.6,2025-11-07,0845,N21,VIIRS,l,2.0NRT,302.79,3.42,D
29.78564,75.15385,344.16,0.37,0.58,2025-11-07,0845,N21,VIIRS,n,2.0NRT,302.81,4.34,D
29.84932,75.64053,343.23,0.4,0.6,2025-11-07,0845,N21,VIIRS,n,2.0NRT,301.9,4.1,D
29.85086,75.5128,339.43,0.39,0.59,2025-11-07,0845,N21,VIIRS,n,2.0NRT,301.38,4.86,D
29.89314,76.01175,354.42,0.42,0.61,2025-11-07,0845,N21,VIIRS,n,2.0NRT,304.3,7.5,D
29.89283,76.00739,341.59,0.42,0.61,2025-11-07,0845,N21,VIIRS,n,2.0NRT,302.46,7.5,D
29.88408,75.80965,346.5,0.41,0.61,2025-11-07,0845,N21,VIIRS,n,2.0NRT,302.86,5.07,D
29.89644,76.00845,367,0.42,0.61,2025-11-07,0845,N21,VIIRS,h,2.0NRT,305.13,15.4,D
29.88306,75.80662,353.01,0.41,0.61,2025-11-07,0845,N21,VIIRS,n,2.0NRT,303.84,6.34,D
29.90504,75.56152,346.99,0.4,0.6,2025-11-07,0845,N21,VIIRS,n,2.0NRT,301.62,4.57,D
29.961,75.95856,367,0.42,0.61,2025-11-07,0845,N21,VIIRS,h,2.0NRT,313.21,23.08,D
29.94365,75.63642,336.43,0.4,0.6,2025-11-07,0845,N21,VIIRS,n,2.0NRT,303.62,2.88,D
29.97975,75.5997,367,0.4,0.6,2025-11-07,0845,N21,VIIRS,h,2.0NRT,304.68,25.95,D
29.97944,75.59558,343.86,0.4,0.6,2025-11-07,0845,N21,VIIRS,n,2.0NRT,308.7,26.5,D
30.00149,75.81661,346,0.41,0.61,2025-11-07,0845,N21,VIIRS,n,2.0NRT,306.92,10.09,D
29.98031,75.59985,353.25,0.4,0.6,2025-11-07,0845,N21,VIIRS,n,2.0NRT,303.02,21.31,D
29.98003,75.59573,346.22,0.4,0.6,2025-11-07,0845,N21,VIIRS,n,2.0NRT,309.66,25.21,D
30.00065,75.8171,354.44,0.41,0.61,2025-11-07,0845,N21,VIIRS,n,2.0NRT,307.87,9.21,D
29.95954,75.00526,367,0.37,0.58,2025-11-07,0845,N21,VIIRS,h,2.0NRT,307.85,12.15,D
29.98042,75.14175,339.89,0.37,0.58,2025-11-07,0845,N21,VIIRS,n,2.0NRT,304.51,3.43,D
30.01147,75.26816,336,0.38,0.59,2025-11-07,0845,N21,VIIRS,n,2.0NRT,303.91,3.62,D
30.06226,75.81541,351.93,0.41,0.61,2025-11-07,0845,N21,VIIRS,n,2.0NRT,307.48,7.15,D
30.04873,75.62641,336.56,0.4,0.6,2025-11-07,0845,N21,VIIRS,n,2.0NRT,305.73,5.44,D
30.04843,75.62227,339,0.4,0.6,2025-11-07,0845,N21,VIIRS,n,2.0NRT,305.78,5.44,D
29.95861,74.14447,336.4,0.32,0.55,2025-11-07,0845,N21,VIIRS,n,2.0NRT,303.51,1.98,D
30.12291,76.193,330.55,0.43,0.62,2025-11-07,0845,N21,VIIRS,l,2.0NRT,302.17,3.28,D
29.95424,74.03439,336.23,0.32,0.54,2025-11-07,0845,N21,VIIRS,n,2.0NRT,305.09,3.5,D
30.01778,74.72367,343.25,0.35,0.57,2025-11-07,0845,N21,VIIRS,n,2.0NRT,302.77,5.19,D
30.12479,76.19178,330.51,0.43,0.62,2025-11-07,0845,N21,VIIRS,l,2.0NRT,302.88,2.9,D
30.09634,75.51237,367,0.39,0.6,2025-11-07,0845,N21,VIIRS,h,2.0NRT,308.55,14.98,D
30.06771,75.11145,336.72,0.37,0.58,2025-11-07,0845,N21,VIIRS,n,2.0NRT,304.11,7.4,D
30.06743,75.10758,350.73,0.37,0.58,2025-11-07,0845,N21,VIIRS,n,2.0NRT,302.48,7.37,D
30.07306,75.1109,367,0.37,0.58,2025-11-07,0845,N21,VIIRS,h,2.0NRT,306,15.66,D
30.07278,75.10703,351.97,0.37,0.58,2025-11-07,0845,N21,VIIRS,n,2.0NRT,307.59,15.7,D
30.10211,75.43806,336.96,0.39,0.59,2025-11-07,0845,N21,VIIRS,n,2.0NRT,304.59,3.61,D
30.06306,74.83376,342.37,0.36,0.57,2025-11-07,0845,N21,VIIRS,n,2.0NRT,304.41,3.6,D
30.16088,75.96084,367,0.42,0.61,2025-11-07,0845,N21,VIIRS,h,2.0NRT,307.84,17.22,D
30.1105,75.10706,336.06,0.37,0.58,2025-11-07,0845,N21,VIIRS,n,2.0NRT,304.42,2.59,D
30.07873,74.69516,343.72,0.35,0.57,2025-11-07,0845,N21,VIIRS,n,2.0NRT,300.5,8.21,D
30.17975,75.90662,337.72,0.42,0.61,2025-11-07,0845,N21,VIIRS,n,2.0NRT,306.09,34.89,D
30.16886,75.75245,341.61,0.41,0.61,2025-11-07,0845,N21,VIIRS,n,2.0NRT,307.75,3.63,D
30.17745,75.79436,341.93,0.41,0.61,2025-11-07,0845,N21,VIIRS,n,2.0NRT,308.57,3.93,D
30.06581,74.15689,353.4,0.33,0.55,2025-11-07,0845,N21,VIIRS,n,2.0NRT,301.5,5.78,D
30.06553,74.15354,343.58,0.32,0.55,2025-11-07,0845,N21,VIIRS,n,2.0NRT,301.1,5.78,D
30.13828,74.9124,342.16,0.36,0.58,2025-11-07,0845,N21,VIIRS,n,2.0NRT,303.93,6.05,D
30.23383,76.10948,348.16,0.43,0.62,2025-11-07,0845,N21,VIIRS,n,2.0NRT,307.74,5.19,D
30.13781,74.91209,338.23,0.36,0.58,2025-11-07,0845,N21,VIIRS,n,2.0NRT,303.73,5.75,D
30.23665,76.11015,346.25,0.43,0.62,2025-11-07,0845,N21,VIIRS,n,2.0NRT,308.22,6.08,D
30.23101,75.68745,367,0.41,0.6,2025-11-07,0845,N21,VIIRS,h,2.0NRT,307.84,10.56,D
30.12773,74.30014,367,0.33,0.55,2025-11-07,0845,N21,VIIRS,h,2.0NRT,300.84,6.01,D
30.12869,74.2481,367,0.33,0.55,2025-11-07,0845,N21,VIIRS,h,2.0NRT,302.35,6.91,D
30.20719,75.19897,343.11,0.38,0.59,2025-11-07,0845,N21,VIIRS,n,2.0NRT,307.77,4.15,D
30.16683,74.59763,367,0.35,0.56,2025-11-07,0845,N21,VIIRS,h,2.0NRT,300.14,7.7,D
30.22157,75.32111,342.27,0.38,0.59,2025-11-07,0845,N21,VIIRS,n,2.0NRT,303.49,3.82,D
30.17202,74.59707,354.77,0.35,0.56,2025-11-07,0845,N21,VIIRS,n,2.0NRT,301.36,5.17,D
30.31561,76.26212,367,0.44,0.62,2025-11-07,0845,N21,VIIRS,h,2.0NRT,309.19,18.48,D
30.28394,75.72482,367,0.41,0.6,2025-11-07,0845,N21,VIIRS,h,2.0NRT,307.34,14.04,D
30.4735,78.63471,327.16,0.62,0.71,2025-11-07,0845,N21,VIIRS,n,2.0NRT,299.55,6.87,D
30.32331,75.82107,335.97,0.41,0.61,2025-11-07,0845,N21,VIIRS,n,2.0NRT,303.86,3.17,D
30.23656,74.60098,354.98,0.35,0.57,2025-11-07,0845,N21,VIIRS,n,2.0NRT,313.08,27.62,D
30.23484,74.44278,353.87,0.34,0.56,2025-11-07,0845,N21,VIIRS,n,2.0NRT,308.44,15.82,D
30.24778,74.4094,367,0.34,0.56,2025-11-07,0845,N21,VIIRS,h,2.0NRT,304.37,5.52,D
30.32586,75.29932,341.23,0.38,0.59,2025-11-07,0845,N21,VIIRS,n,2.0NRT,304.21,3.56,D
30.33128,75.29877,340.8,0.38,0.59,2025-11-07,0845,N21,VIIRS,n,2.0NRT,304.98,3.18,D
30.40837,76.07345,367,0.43,0.62,2025-11-07,0845,N21,VIIRS,h,2.0NRT,306.31,7.37,D
30.38731,75.61429,348.1,0.4,0.6,2025-11-07,0845,N21,VIIRS,n,2.0NRT,304.71,11.57,D
30.3246,74.57108,342.6,0.35,0.57,2025-11-07,0845,N21,VIIRS,n,2.0NRT,304.06,3.11,D
30.35907,74.61118,351.81,0.35,0.57,2025-11-07,0845,N21,VIIRS,n,2.0NRT,304.7,4.74,D
30.39712,75.04879,337.7,0.37,0.58,2025-11-07,0845,N21,VIIRS,n,2.0NRT,304.43,3.21,D
30.44567,75.19349,367,0.38,0.59,2025-11-07,0845,N21,VIIRS,h,2.0NRT,308,11.21,D
30.50079,75.96535,336.66,0.42,0.61,2025-11-07,0845,N21,VIIRS,n,2.0NRT,304.52,3.42,D
30.44538,75.18954,337.07,0.38,0.59,2025-11-07,0845,N21,VIIRS,n,2.0NRT,305.88,6.4,D
30.37262,74.13217,349.52,0.33,0.55,2025-11-07,0845,N21,VIIRS,n,2.0NRT,305.5,6.33,D
30.43929,74.69482,335.9,0.35,0.57,2025-11-07,0845,N21,VIIRS,n,2.0NRT,302.06,3.99,D
30.43029,74.29473,351.39,0.33,0.56,2025-11-07,0845,N21,VIIRS,n,2.0NRT,301.32,5.59,D
30.44844,74.39527,335.57,0.34,0.56,2025-11-07,0845,N21,VIIRS,n,2.0NRT,300.89,2.68,D
30.41317,73.95078,338.22,0.32,0.54,2025-11-07,0845,N21,VIIRS,n,2.0NRT,302.47,2.84,D
30.52,75.21014,337.61,0.38,0.59,2025-11-07,0845,N21,VIIRS,n,2.0NRT,304.62,3.06,D
30.56099,75.71594,344.52,0.41,0.61,2025-11-07,0845,N21,VIIRS,n,2.0NRT,305.2,3.72,D
30.52025,75.13851,336.16,0.38,0.59,2025-11-07,0845,N21,VIIRS,n,2.0NRT,305.04,6.4,D
30.51996,75.13458,344.42,0.38,0.59,2025-11-07,0845,N21,VIIRS,n,2.0NRT,306.37,7.24,D
30.51988,75.05977,344.96,0.37,0.58,2025-11-07,0845,N21,VIIRS,n,2.0NRT,303.53,7.23,D
30.60542,75.78951,345.24,0.41,0.61,2025-11-07,0845,N21,VIIRS,n,2.0NRT,304.71,5.32,D
30.61284,75.81497,338.69,0.42,0.61,2025-11-07,0845,N21,VIIRS,n,2.0NRT,304.66,1.67,D
30.55649,75.04432,344.5,0.37,0.58,2025-11-07,0845,N21,VIIRS,n,2.0NRT,302.92,3.29,D
30.50983,74.32137,367,0.34,0.56,2025-11-07,0845,N21,VIIRS,h,2.0NRT,303.1,6.42,D
30.57495,75.07382,346.1,0.37,0.58,2025-11-07,0845,N21,VIIRS,n,2.0NRT,305.4,6.73,D
30.49448,74.01567,367,0.32,0.55,2025-11-07,0845,N21,VIIRS,h,2.0NRT,303.47,8.64,D
30.5896,75.12365,367,0.38,0.59,2025-11-07,0845,N21,VIIRS,h,2.0NRT,304.99,8.45,D
30.50352,74.06215,341.57,0.32,0.55,2025-11-07,0845,N21,VIIRS,n,2.0NRT,304.64,3.81,D
30.49425,74.01436,367,0.32,0.55,2025-11-07,0845,N21,VIIRS,h,2.0NRT,301.68,9.8,D
30.57315,75.07757,341.29,0.38,0.58,2025-11-07,0845,N21,VIIRS,n,2.0NRT,304.1,6.7,D
30.57287,75.07367,345.39,0.38,0.58,2025-11-07,0845,N21,VIIRS,n,2.0NRT,305.06,6.9,D
30.50297,74.06091,349.57,0.32,0.55,2025-11-07,0845,N21,VIIRS,n,2.0NRT,305.27,4.2,D
30.5872,75.12355,367,0.38,0.59,2025-11-07,0845,N21,VIIRS,h,2.0NRT,305.36,7.72,D
30.60707,75.33061,340.56,0.39,0.59,2025-11-07,0845,N21,VIIRS,n,2.0NRT,303.94,4.59,D
30.59786,75.19815,352.37,0.38,0.59,2025-11-07,0845,N21,VIIRS,n,2.0NRT,302.86,5.12,D
30.51676,74.04236,367,0.32,0.55,2025-11-07,0845,N21,VIIRS,h,2.0NRT,307.06,14.86,D
30.61871,75.41979,353.08,0.39,0.6,2025-11-07,0845,N21,VIIRS,n,2.0NRT,307.54,5.98,D
30.53648,74.09814,367,0.33,0.55,2025-11-07,0845,N21,VIIRS,h,2.0NRT,308.84,13.25,D
30.54819,74.2458,335.76,0.33,0.56,2025-11-07,0845,N21,VIIRS,n,2.0NRT,302.47,6.71,D
30.61692,75.08492,367,0.38,0.58,2025-11-07,0845,N21,VIIRS,h,2.0NRT,305.78,8.95,D
30.55329,74.24524,367,0.33,0.56,2025-11-07,0845,N21,VIIRS,h,2.0NRT,305.57,6.71,D
30.64925,75.54193,343.44,0.4,0.6,2025-11-07,0845,N21,VIIRS,n,2.0NRT,304.57,6.24,D
30.63202,75.29554,337.06,0.39,0.59,2025-11-07,0845,N21,VIIRS,n,2.0NRT,304.52,5.64,D
30.56999,74.26095,338.76,0.33,0.56,2025-11-07,0845,N21,VIIRS,n,2.0NRT,304,3.73,D
30.65049,74.95641,340.57,0.37,0.58,2025-11-07,0845,N21,VIIRS,n,2.0NRT,304.45,2.82,D
30.62238,74.52712,367,0.35,0.57,2025-11-07,0845,N21,VIIRS,h,2.0NRT,304.61,10.97,D
30.63102,74.50436,367,0.35,0.56,2025-11-07,0845,N21,VIIRS,h,2.0NRT,303.12,15.76,D
30.673,74.96967,339.42,0.37,0.58,2025-11-07,0845,N21,VIIRS,n,2.0NRT,302.38,3.86,D
30.68104,75.00391,339.8,0.37,0.58,2025-11-07,0845,N21,VIIRS,n,2.0NRT,303.68,5.59,D
30.63251,74.50587,367,0.35,0.56,2025-11-07,0845,N21,VIIRS,h,2.0NRT,304.02,12.4,D
30.67752,75.1368,330.68,0.38,0.59,2025-11-07,0845,N21,VIIRS,n,2.0NRT,304.41,1.96,D
30.63224,74.50225,343.7,0.35,0.56,2025-11-07,0845,N21,VIIRS,n,2.0NRT,300.63,8.62,D
30.67199,74.97987,336.2,0.37,0.58,2025-11-07,0845,N21,VIIRS,n,2.0NRT,302.44,3.35,D
30.67145,74.97213,348.23,0.37,0.58,2025-11-07,0845,N21,VIIRS,n,2.0NRT,304.07,5.69,D
30.67925,75.00643,334.24,0.37,0.58,2025-11-07,0845,N21,VIIRS,l,2.0NRT,304.26,3.13,D
30.64989,74.59934,335.78,0.35,0.57,2025-11-07,0845,N21,VIIRS,n,2.0NRT,300.14,2.1,D
30.72378,75.41244,337.03,0.39,0.6,2025-11-07,0845,N21,VIIRS,n,2.0NRT,304.02,3.99,D
30.70308,75.11433,339.83,0.38,0.59,2025-11-07,0845,N21,VIIRS,n,2.0NRT,302.91,3.71,D
30.66309,74.49529,367,0.35,0.56,2025-11-07,0845,N21,VIIRS,h,2.0NRT,307.5,22.36,D
30.70846,75.11378,342.27,0.38,0.59,2025-11-07,0845,N21,VIIRS,n,2.0NRT,304.57,2.98,D
30.65899,74.44138,347.7,0.34,0.56,2025-11-07,0845,N21,VIIRS,n,2.0NRT,303.66,4.02,D
30.7046,74.98437,343.24,0.37,0.58,2025-11-07,0845,N21,VIIRS,n,2.0NRT,304.81,5.64,D
30.72121,75.06499,338.11,0.38,0.58,2025-11-07,0845,N21,VIIRS,n,2.0NRT,305.06,6.62,D
30.70964,74.9062,339.39,0.37,0.58,2025-11-07,0845,N21,VIIRS,n,2.0NRT,304.57,4.53,D
30.68344,74.42069,346.11,0.34,0.56,2025-11-07,0845,N21,VIIRS,n,2.0NRT,301.27,3.75,D
30.75444,75.14901,367,0.38,0.59,2025-11-07,0845,N21,VIIRS,h,2.0NRT,305.96,13.97,D
30.76728,75.17574,367,0.38,0.59,2025-11-07,0845,N21,VIIRS,h,2.0NRT,303.97,18.57,D
30.76699,75.17175,345.48,0.38,0.59,2025-11-07,0845,N21,VIIRS,n,2.0NRT,308.5,18.57,D
30.79313,75.45567,367,0.4,0.6,2025-11-07,0845,N21,VIIRS,h,2.0NRT,308.71,11.69,D
30.76989,74.99332,330.92,0.37,0.58,2025-11-07,0845,N21,VIIRS,n,2.0NRT,304.9,1.57,D
30.72818,74.39434,367,0.34,0.56,2025-11-07,0845,N21,VIIRS,h,2.0NRT,303.33,10.6,D
30.73102,74.36534,339.23,0.34,0.56,2025-11-07,0845,N21,VIIRS,n,2.0NRT,302.3,3.12,D
30.73928,74.33945,336.74,0.34,0.56,2025-11-07,0845,N21,VIIRS,n,2.0NRT,301.87,5.5,D
30.7303,74.39364,367,0.34,0.56,2025-11-07,0845,N21,VIIRS,h,2.0NRT,302.74,10.28,D
30.72818,74.36514,339.71,0.34,0.56,2025-11-07,0845,N21,VIIRS,n,2.0NRT,303.41,3.11,D
30.74176,74.33861,337.59,0.34,0.56,2025-11-07,0845,N21,VIIRS,n,2.0NRT,302.39,5.07,D
30.79237,74.95604,336.67,0.37,0.58,2025-11-07,0845,N21,VIIRS,n,2.0NRT,303.79,2.35,D
30.80546,75.06457,343.17,0.38,0.58,2025-11-07,0845,N21,VIIRS,n,2.0NRT,305.36,6.08,D
30.75555,74.31573,343.38,0.34,0.56,2025-11-07,0845,N21,VIIRS,n,2.0NRT,303.17,4.09,D
30.76915,74.42551,367,0.34,0.56,2025-11-07,0845,N21,VIIRS,h,2.0NRT,301.62,5.93,D
30.81663,74.70461,343.22,0.36,0.57,2025-11-07,0845,N21,VIIRS,n,2.0NRT,301.08,3.12,D
30.81919,74.5997,352.08,0.35,0.57,2025-11-07,0845,N21,VIIRS,n,2.0NRT,306.34,8.91,D
30.86808,75.10603,345.71,0.38,0.59,2025-11-07,0845,N21,VIIRS,n,2.0NRT,302.48,4.84,D
30.84619,74.54143,349.11,0.35,0.57,2025-11-07,0845,N21,VIIRS,n,2.0NRT,302.27,3.95,D
30.86012,74.58429,346.14,0.35,0.57,2025-11-07,0845,N21,VIIRS,n,2.0NRT,302.45,4.39,D
30.86211,74.54344,345.42,0.35,0.57,2025-11-07,0845,N21,VIIRS,n,2.0NRT,300.67,6.28,D
30.8472,74.54114,346.62,0.35,0.57,2025-11-07,0845,N21,VIIRS,n,2.0NRT,301.2,3.84,D
30.85562,74.58461,341.17,0.35,0.57,2025-11-07,0845,N21,VIIRS,n,2.0NRT,302.52,3.28,D
30.8631,74.54313,342.4,0.35,0.57,2025-11-07,0845,N21,VIIRS,n,2.0NRT,299.77,6.13,D
30.89559,74.91856,367,0.37,0.58,2025-11-07,0845,N21,VIIRS,h,2.0NRT,319.13,38.24,D
30.90838,75.02305,367,0.38,0.58,2025-11-07,0845,N21,VIIRS,h,2.0NRT,317.01,28.56,D
30.88531,74.6299,367,0.35,0.57,2025-11-07,0845,N21,VIIRS,h,2.0NRT,310.8,13.12,D
30.90321,74.87509,331.97,0.37,0.58,2025-11-07,0845,N21,VIIRS,l,2.0NRT,306.39,2.31,D
30.87871,74.40257,367,0.34,0.56,2025-11-07,0845,N21,VIIRS,h,2.0NRT,307.21,11.06,D
30.91692,74.91637,342.29,0.37,0.58,2025-11-07,0845,N21,VIIRS,n,2.0NRT,307.29,2.61,D
30.90878,74.66116,346.93,0.36,0.57,2025-11-07,0845,N21,VIIRS,n,2.0NRT,302.29,5.92,D
30.9085,74.65744,338.92,0.36,0.57,2025-11-07,0845,N21,VIIRS,n,2.0NRT,305.09,5.36,D
30.9632,75.03336,354.38,0.38,0.58,2025-11-07,0845,N21,VIIRS,n,2.0NRT,306.23,7.44,D
31.0479,75.04057,334.97,0.38,0.59,2025-11-07,0845,N21,VIIRS,n,2.0NRT,302.19,2.73,D
31.05614,75.07961,367,0.38,0.59,2025-11-07,0845,N21,VIIRS,h,2.0NRT,309.65,15.36,D
31.05642,75.08358,340.07,0.38,0.59,2025-11-07,0845,N21,VIIRS,n,2.0NRT,301.88,15.36,D
31.07333,75.24379,353.41,0.39,0.59,2025-11-07,0845,N21,VIIRS,n,2.0NRT,306.61,5.96,D
31.05465,74.98443,346.2,0.37,0.58,2025-11-07,0845,N21,VIIRS,n,2.0NRT,304.04,7.59,D
31.10482,75.22442,341.18,0.39,0.59,2025-11-07,0845,N21,VIIRS,n,2.0NRT,300.71,2.77,D
31.15452,75.60566,335.51,0.41,0.61,2025-11-07,0845,N21,VIIRS,n,2.0NRT,303.5,3.08,D
31.12132,74.9681,348.11,0.37,0.58,2025-11-07,0845,N21,VIIRS,n,2.0NRT,305.13,8.54,D
31.14554,75.08111,348.3,0.38,0.59,2025-11-07,0845,N21,VIIRS,n,2.0NRT,301.32,3.97,D
31.13445,74.63496,335.22,0.36,0.57,2025-11-07,0845,N21,VIIRS,n,2.0NRT,300.13,5.73,D
31.19919,74.72286,347.38,0.36,0.58,2025-11-07,0845,N21,VIIRS,n,2.0NRT,299.35,5.01,D
31.20448,74.72231,340.05,0.36,0.58,2025-11-07,0845,N21,VIIRS,n,2.0NRT,298.01,5.01,D
31.21868,74.69787,338.27,0.36,0.57,2025-11-07,0845,N21,VIIRS,n,2.0NRT,301.81,2.95,D
31.24233,74.72989,338.19,0.36,0.58,2025-11-07,0845,N21,VIIRS,n,2.0NRT,300.75,2.94,D
31.28842,74.99082,337.8,0.38,0.58,2025-11-07,0845,N21,VIIRS,n,2.0NRT,299.62,8.62,D
31.28813,74.98686,355.16,0.38,0.58,2025-11-07,0845,N21,VIIRS,n,2.0NRT,305.02,8.62,D
31.29375,74.77465,337.34,0.37,0.58,2025-11-07,0845,N21,VIIRS,n,2.0NRT,304.91,4.46,D
31.29906,74.77411,367,0.37,0.58,2025-11-07,0845,N21,VIIRS,h,2.0NRT,304.54,9.71,D
31.29802,74.77467,367,0.37,0.58,2025-11-07,0845,N21,VIIRS,h,2.0NRT,309.15,12.48,D
31.33153,74.79447,331.11,0.37,0.58,2025-11-07,0845,N21,VIIRS,n,2.0NRT,302.38,2.23,D
31.3357,74.56106,333.21,0.36,0.57,2025-11-07,0845,N21,VIIRS,n,2.0NRT,305.5,2.86,D
31.42232,75.15181,342.88,0.39,0.59,2025-11-07,0845,N21,VIIRS,n,2.0NRT,301.83,7,D
31.40555,74.92417,352.78,0.37,0.58,2025-11-07,0845,N21,VIIRS,n,2.0NRT,306.38,8,D
31.40318,74.92245,350.09,0.37,0.58,2025-11-07,0845,N21,VIIRS,n,2.0NRT,305.49,8.78,D
31.42387,75.14984,352.27,0.39,0.59,2025-11-07,0845,N21,VIIRS,n,2.0NRT,303.21,6.06,D
31.40837,74.68803,367,0.36,0.58,2025-11-07,0845,N21,VIIRS,h,2.0NRT,308.1,13.95,D
31.4081,74.68422,347.23,0.36,0.58,2025-11-07,0845,N21,VIIRS,n,2.0NRT,303.62,9.54,D
31.52347,75.16463,335.03,0.39,0.59,2025-11-07,0845,N21,VIIRS,n,2.0NRT,300.27,2.46,D
31.58894,75.5524,333.87,0.41,0.61,2025-11-07,0845,N21,VIIRS,n,2.0NRT,301.06,3.64,D
31.63484,74.59525,333.71,0.36,0.57,2025-11-07,0845,N21,VIIRS,n,2.0NRT,303.73,2.28,D
31.78378,75.38663,330.16,0.4,0.6,2025-11-07,0845,N21,VIIRS,n,2.0NRT,300.55,1.79,D
31.73185,74.62197,336.97,0.36,0.58,2025-11-07,0845,N21,VIIRS,n,2.0NRT,301.95,2.1,D
31.8165,75.2942,333.2,0.4,0.6,2025-11-07,0845,N21,VIIRS,n,2.0NRT,301.52,2.5,D
31.82022,74.95544,337.41,0.38,0.59,2025-11-07,0845,N21,VIIRS,n,2.0NRT,302.32,2.64,D
31.94217,75.68353,351.18,0.42,0.61,2025-11-07,0845,N21,VIIRS,n,2.0NRT,299.59,12.57,D
31.89727,74.85599,330.59,0.38,0.58,2025-11-07,0845,N21,VIIRS,l,2.0NRT,301.71,3.77,D
31.9846,74.98071,367,0.38,0.59,2025-11-07,0845,N21,VIIRS,h,2.0NRT,305.88,8.47,D
32.49274,74.75753,333.04,0.38,0.58,2025-11-07,0845,N21,VIIRS,n,2.0NRT,300.13,5.62,D
32.49811,74.757,367,0.38,0.58,2025-11-07,0845,N21,VIIRS,h,2.0NRT,301.77,5.62,D
32.75473,74.57513,328.95,0.37,0.58,2025-11-07,0845,N21,VIIRS,n,2.0NRT,299.4,2.75,D
32.87799,74.43655,345.32,0.36,0.58,2025-11-07,0845,N21,VIIRS,n,2.0NRT,300.71,6.48,D
34.31034,74.66289,337.01,0.39,0.59,2025-11-07,0845,N21,VIIRS,n,2.0NRT,290.56,3.24,D
23.75896,86.40089,332.24,0.43,0.46,2025-11-07,1929,N21,VIIRS,n,2.0NRT,297.36,3.56,N
23.78079,86.20921,309.92,0.44,0.46,2025-11-07,1929,N21,VIIRS,n,2.0NRT,294.36,4.61,N
23.76089,86.38403,300.61,0.43,0.46,2025-11-07,1929,N21,VIIRS,n,2.0NRT,290.16,0.74,N
23.75945,86.39664,303.72,0.43,0.46,2025-11-07,1929,N21,VIIRS,n,2.0NRT,292.89,1.26,N
23.75847,86.40514,309.51,0.43,0.46,2025-11-07,1929,N21,VIIRS,n,2.0NRT,293.19,3.56,N
23.75525,86.39604,304.93,0.43,0.46,2025-11-07,1929,N21,VIIRS,n,2.0NRT,293.02,1.26,N
23.75284,86.41717,319.18,0.43,0.46,2025-11-07,1929,N21,VIIRS,n,2.0NRT,294.98,3.09,N
24.13173,82.62027,310.78,0.38,0.59,2025-11-07,1929,N21,VIIRS,n,2.0NRT,289.58,1.31,N
23.77329,86.19928,303.57,0.44,0.46,2025-11-07,1929,N21,VIIRS,n,2.0NRT,292.9,2.04,N
23.7728,86.20357,303.18,0.44,0.46,2025-11-07,1929,N21,VIIRS,n,2.0NRT,293.12,1.78,N
23.73837,86.43211,314.62,0.43,0.46,2025-11-07,1929,N21,VIIRS,n,2.0NRT,294.85,4.5,N
23.72487,86.43873,313.11,0.43,0.46,2025-11-07,1929,N21,VIIRS,n,2.0NRT,294.41,3.71,N
23.7761,85.99556,301.44,0.46,0.47,2025-11-07,1929,N21,VIIRS,n,2.0NRT,291.07,1.26,N
23.72358,86.43872,317.4,0.43,0.46,2025-11-07,1929,N21,VIIRS,n,2.0NRT,295.53,2.43,N
23.66533,86.91809,303.56,0.4,0.44,2025-11-07,1929,N21,VIIRS,n,2.0NRT,293.05,1.3,N
23.66484,86.92202,303.33,0.4,0.44,2025-11-07,1929,N21,VIIRS,n,2.0NRT,291.38,0.7,N
24.12886,82.6183,304.62,0.38,0.59,2025-11-07,1929,N21,VIIRS,n,2.0NRT,288.81,1.08,N
23.71889,86.44233,312.51,0.43,0.46,2025-11-07,1929,N21,VIIRS,n,2.0NRT,295.8,2.43,N
23.82456,85.49767,305.29,0.49,0.49,2025-11-07,1929,N21,VIIRS,n,2.0NRT,293.55,2.76,N
23.76751,85.99428,302.6,0.46,0.47,2025-11-07,1929,N21,VIIRS,n,2.0NRT,289.5,1.23,N
23.71721,86.42081,302.92,0.43,0.46,2025-11-07,1929,N21,VIIRS,n,2.0NRT,292,1.41,N
23.71622,86.42913,310.33,0.43,0.46,2025-11-07,1929,N21,VIIRS,n,2.0NRT,293.22,1.9,N
23.71371,86.4501,315.16,0.43,0.46,2025-11-07,1929,N21,VIIRS,n,2.0NRT,294.79,3.15,N
23.71253,86.42439,307.88,0.43,0.46,2025-11-07,1929,N21,VIIRS,n,2.0NRT,295.51,1.41,N
23.7609,85.86137,307.13,0.47,0.47,2025-11-07,1929,N21,VIIRS,n,2.0NRT,291.46,1.69,N
23.75759,85.85177,305.27,0.47,0.47,2025-11-07,1929,N21,VIIRS,n,2.0NRT,291.78,2.16,N
23.75707,85.85634,307.09,0.47,0.47,2025-11-07,1929,N21,VIIRS,n,2.0NRT,293.99,2.16,N
23.75654,85.86094,303.24,0.47,0.47,2025-11-07,1929,N21,VIIRS,n,2.0NRT,291.24,2.37,N
23.78108,85.56418,300.34,0.49,0.48,2025-11-07,1929,N21,VIIRS,n,2.0NRT,290.1,1.23,N
23.68668,86.39096,317.57,0.43,0.46,2025-11-07,1929,N21,VIIRS,n,2.0NRT,293.93,1.73,N
23.68618,86.39523,303.23,0.43,0.46,2025-11-07,1929,N21,VIIRS,n,2.0NRT,290.9,1.73,N
23.68249,86.39036,311.79,0.43,0.46,2025-11-07,1929,N21,VIIRS,n,2.0NRT,292.73,1.73,N
23.682,86.39462,315.92,0.43,0.46,2025-11-07,1929,N21,VIIRS,n,2.0NRT,296.17,1.73,N
23.83891,84.94969,300.45,0.53,0.5,2025-11-07,1929,N21,VIIRS,n,2.0NRT,289.61,1.62,N
23.67781,86.394,315.35,0.43,0.46,2025-11-07,1929,N21,VIIRS,n,2.0NRT,293.47,2.71,N
23.67732,86.3982,316.36,0.43,0.46,2025-11-07,1929,N21,VIIRS,n,2.0NRT,298.01,2.69,N
23.67683,86.40237,306.17,0.43,0.46,2025-11-07,1929,N21,VIIRS,n,2.0NRT,293.61,2.69,N
23.6146,86.85934,302.34,0.4,0.44,2025-11-07,1929,N21,VIIRS,n,2.0NRT,291.78,0.84,N
23.61439,86.79132,307.6,0.41,0.45,2025-11-07,1929,N21,VIIRS,n,2.0NRT,294.48,2.6,N
23.56065,87.24027,318.86,0.38,0.43,2025-11-07,1929,N21,VIIRS,n,2.0NRT,292.18,1.13,N
27.53459,95.39919,302.26,0.41,0.37,2025-11-07,1929,N21,VIIRS,n,2.0NRT,291.28,0.34,N
27.46222,95.47629,303.4,0.41,0.37,2025-11-07,1929,N21,VIIRS,n,2.0NRT,291.57,0.4,N
27.46794,95.42269,312.62,0.41,0.37,2025-11-07,1929,N21,VIIRS,n,2.0NRT,292.63,0.97,N
27.31732,95.26675,304.35,0.4,0.37,2025-11-07,1929,N21,VIIRS,n,2.0NRT,292.17,0.57,N
27.22264,95.34412,305.48,0.41,0.37,2025-11-07,1929,N21,VIIRS,n,2.0NRT,291.81,0.43,N
26.77105,94.50607,302.32,0.39,0.36,2025-11-07,1929,N21,VIIRS,n,2.0NRT,292.05,0.34,N
23.55667,87.23971,303.08,0.38,0.43,2025-11-07,1929,N21,VIIRS,n,2.0NRT,291.99,1.13,N
23.55622,87.24344,309.57,0.38,0.43,2025-11-07,1929,N21,VIIRS,n,2.0NRT,291.59,1.13,N
23.55225,87.24287,336.66,0.38,0.43,2025-11-07,1929,N21,VIIRS,n,2.0NRT,295.44,3.66,N
23.68343,86.08184,317.75,0.45,0.47,2025-11-07,1929,N21,VIIRS,n,2.0NRT,291.83,1.61,N
23.68195,86.09499,301.68,0.45,0.47,2025-11-07,1929,N21,VIIRS,n,2.0NRT,291.21,1.58,N
23.67866,86.08569,325.15,0.45,0.47,2025-11-07,1929,N21,VIIRS,n,2.0NRT,292.33,2.79,N
23.74245,85.50642,309.45,0.49,0.49,2025-11-07,1929,N21,VIIRS,n,2.0NRT,289.26,1.46,N
23.56323,87.0837,315.37,0.39,0.44,2025-11-07,1929,N21,VIIRS,n,2.0NRT,293.61,2.57,N
23.8077,84.84518,307.24,0.54,0.51,2025-11-07,1929,N21,VIIRS,n,2.0NRT,288.79,2.63,N
23.67438,86.08514,309.66,0.45,0.47,2025-11-07,1929,N21,VIIRS,n,2.0NRT,292.72,2.79,N
23.67095,86.11575,312.55,0.45,0.47,2025-11-07,1929,N21,VIIRS,n,2.0NRT,291.4,1.65,N
23.83059,84.57458,314.86,0.56,0.52,2025-11-07,1929,N21,VIIRS,n,2.0NRT,289.28,3.85,N
23.66912,86.09334,308.29,0.45,0.47,2025-11-07,1929,N21,VIIRS,n,2.0NRT,292.78,1.2,N
23.72262,85.52338,301.35,0.49,0.48,2025-11-07,1929,N21,VIIRS,n,2.0NRT,289.4,0.78,N
23.80888,84.84364,308.93,0.54,0.51,2025-11-07,1929,N21,VIIRS,n,2.0NRT,288.09,2.45,N
23.829,84.57292,312.54,0.56,0.52,2025-11-07,1929,N21,VIIRS,n,2.0NRT,289,3.13,N
23.72295,85.52599,300.92,0.49,0.48,2025-11-07,1929,N21,VIIRS,n,2.0NRT,289.32,1.04,N
23.48554,87.36591,324.72,0.56,0.43,2025-11-07,1929,N21,VIIRS,n,2.0NRT,293.12,2.65,N
23.48229,87.35986,305.23,0.56,0.43,2025-11-07,1929,N21,VIIRS,n,2.0NRT,294.65,2.35,N
23.48161,87.36534,307.51,0.56,0.43,2025-11-07,1929,N21,VIIRS,n,2.0NRT,292.55,2.65,N
23.72567,85.00666,299.62,0.53,0.5,2025-11-07,1929,N21,VIIRS,n,2.0NRT,289.19,1.42,N
23.69479,85.29166,304.16,0.5,0.49,2025-11-07,1929,N21,VIIRS,n,2.0NRT,290.21,1.28,N
23.66172,85.55103,298.69,0.49,0.48,2025-11-07,1929,N21,VIIRS,n,2.0NRT,288.65,0.72,N
23.5486,86.54215,302.17,0.42,0.45,2025-11-07,1929,N21,VIIRS,n,2.0NRT,291.03,1.8,N
23.65756,85.50728,312.54,0.49,0.48,2025-11-07,1929,N21,VIIRS,n,2.0NRT,290.64,2.04,N
23.64709,85.43802,312.16,0.49,0.49,2025-11-07,1929,N21,VIIRS,n,2.0NRT,291.78,2.37,N
23.60769,85.67681,305.85,0.48,0.48,2025-11-07,1929,N21,VIIRS,n,2.0NRT,291.33,1.11,N
23.67118,84.9945,308.23,0.53,0.5,2025-11-07,1929,N21,VIIRS,n,2.0NRT,289.61,2,N
23.66606,84.99899,307.84,0.53,0.5,2025-11-07,1929,N21,VIIRS,n,2.0NRT,289.84,2,N
23.60743,85.67427,304.15,0.48,0.48,2025-11-07,1929,N21,VIIRS,n,2.0NRT,290.1,0.95,N
23.67067,84.99754,309.06,0.53,0.5,2025-11-07,1929,N21,VIIRS,n,2.0NRT,290.08,1.51,N
23.66608,84.997,301.05,0.53,0.5,2025-11-07,1929,N21,VIIRS,n,2.0NRT,288.92,2.58,N
23.98676,79.39034,297.74,0.61,0.71,2025-11-07,1929,N21,VIIRS,n,2.0NRT,287.02,1.27,N
25.54262,91.23643,301.63,0.4,0.37,2025-11-07,1929,N21,VIIRS,n,2.0NRT,285.31,0.78,N
23.63593,79.07172,301.64,0.63,0.72,2025-11-07,1929,N21,VIIRS,n,2.0NRT,285.32,2.8,N
22.96207,85.99937,302.23,0.45,0.47,2025-11-07,1929,N21,VIIRS,n,2.0NRT,290.45,0.48,N
26.63945,79.47539,310.45,0.64,0.72,2025-11-07,1929,N21,VIIRS,n,2.0NRT,286.96,1.92,N
25.03359,87.36915,325.51,0.39,0.44,2025-11-07,1929,N21,VIIRS,n,2.0NRT,293.73,2.03,N
25.03313,87.37303,310.39,0.39,0.44,2025-11-07,1929,N21,VIIRS,n,2.0NRT,292.77,2.03,N
25.03268,87.37687,303.68,0.39,0.44,2025-11-07,1929,N21,VIIRS,n,2.0NRT,292.03,1.04,N
25.30848,83.01426,302.75,0.37,0.58,2025-11-07,1929,N21,VIIRS,n,2.0NRT,292.43,0.84,N
25.0609,82.88134,301.03,0.37,0.58,2025-11-07,1929,N21,VIIRS,n,2.0NRT,289.48,0.66,N
24.11562,86.85855,308.38,0.41,0.45,2025-11-07,1929,N21,VIIRS,n,2.0NRT,292.62,1.9,N
24.45057,83.03906,305.04,0.36,0.57,2025-11-07,1929,N21,VIIRS,n,2.0NRT,290.63,0.88,N
24.20552,82.52606,298.7,0.38,0.59,2025-11-07,1929,N21,VIIRS,n,2.0NRT,287.8,0.71,N
23.80559,86.33001,321.14,0.44,0.46,2025-11-07,1929,N21,VIIRS,n,2.0NRT,295.65,2.98,N
24.1875,82.66341,297.31,0.38,0.59,2025-11-07,1929,N21,VIIRS,n,2.0NRT,287.24,0.55,N
23.79892,86.3506,323.95,0.43,0.46,2025-11-07,1929,N21,VIIRS,n,2.0NRT,293.65,3.66,N
23.80137,86.32945,311.89,0.44,0.46,2025-11-07,1929,N21,VIIRS,n,2.0NRT,295.51,2.13,N
23.79471,86.35001,325.41,0.43,0.46,2025-11-07,1929,N21,VIIRS,n,2.0NRT,297.56,3.66,N
23.79421,86.35429,306.85,0.43,0.46,2025-11-07,1929,N21,VIIRS,n,2.0NRT,295.6,2.65,N
23.78138,86.39128,326.96,0.43,0.46,2025-11-07,1929,N21,VIIRS,n,2.0NRT,296.62,4.15,N
23.69486,87.12226,309.53,0.39,0.44,2025-11-07,1929,N21,VIIRS,n,2.0NRT,293.74,1.75,N
23.77719,86.39067,330.08,0.43,0.46,2025-11-07,1929,N21,VIIRS,n,2.0NRT,296.54,2.83,N
24.16003,82.66776,307.36,0.38,0.58,2025-11-07,1929,N21,VIIRS,n,2.0NRT,290.43,1.17,N
24.15969,82.67159,304.03,0.38,0.58,2025-11-07,1929,N21,VIIRS,n,2.0NRT,289.13,1.8,N
23.77914,86.37374,306.74,0.43,0.46,2025-11-07,1929,N21,VIIRS,n,2.0NRT,293.43,2.04,N
23.77767,86.38648,313.51,0.43,0.46,2025-11-07,1929,N21,VIIRS,n,2.0NRT,293.22,2.83,N
23.69268,87.10651,306.03,0.39,0.44,2025-11-07,1929,N21,VIIRS,n,2.0NRT,292.52,1.08,N
23.69222,87.11031,307.97,0.39,0.44,2025-11-07,1929,N21,VIIRS,n,2.0NRT,293.04,1.08,N
23.69086,87.12167,309.76,0.39,0.44,2025-11-07,1929,N21,VIIRS,n,2.0NRT,294.46,2.3,N
23.77592,86.36465,330.37,0.43,0.46,2025-11-07,1929,N21,VIIRS,n,2.0NRT,295.97,4.42,N
23.68685,87.1211,320.49,0.39,0.44,2025-11-07,1929,N21,VIIRS,n,2.0NRT,295.15,2.3,N
23.77348,86.38586,311.15,0.43,0.46,2025-11-07,1929,N21,VIIRS,n,2.0NRT,295.02,2.83,N
23.68958,87.09834,307.89,0.39,0.44,2025-11-07,1929,N21,VIIRS,n,2.0NRT,294.94,2.41,N
23.76735,86.40206,320.83,0.43,0.46,2025-11-07,1929,N21,VIIRS,n,2.0NRT,294.94,2.42,N
23.76686,86.40631,327.93,0.43,0.46,2025-11-07,1929,N21,VIIRS,n,2.0NRT,295.5,2.42,N
23.77171,86.3641,303.04,0.43,0.46,2025-11-07,1929,N21,VIIRS,n,2.0NRT,291.62,1.09,N
23.68192,87.12814,305.08,0.39,0.44,2025-11-07,1929,N21,VIIRS,n,2.0NRT,293.33,1.53,N
24.14687,82.63318,299.85,0.38,0.59,2025-11-07,1929,N21,VIIRS,n,2.0NRT,289.15,0.67,N
23.76653,86.37201,304.19,0.43,0.46,2025-11-07,1929,N21,VIIRS,n,2.0NRT,293.36,1.64,N
23.76605,86.37621,306.91,0.43,0.46,2025-11-07,1929,N21,VIIRS,n,2.0NRT,295.3,2.15,N
23.76315,86.4015,318.79,0.43,0.46,2025-11-07,1929,N21,VIIRS,n,2.0NRT,293.88,2.42,N
23.76266,86.40576,303.25,0.43,0.46,2025-11-07,1929,N21,VIIRS,n,2.0NRT,292.78,2.42,N
20.96982,85.17779,338.56,0.47,0.48,2025-11-07,1932,N21,VIIRS,n,2.0NRT,296.34,8.99,N
20.96817,85.15452,305.05,0.47,0.48,2025-11-07,1932,N21,VIIRS,n,2.0NRT,293.92,1.74,N
20.96653,85.16817,309.83,0.47,0.48,2025-11-07,1932,N21,VIIRS,n,2.0NRT,294.76,2.73,N
20.9649,85.18177,307.58,0.47,0.48,2025-11-07,1932,N21,VIIRS,n,2.0NRT,294.58,2.83,N
20.96382,85.19071,317.48,0.47,0.48,2025-11-07,1932,N21,VIIRS,n,2.0NRT,296.22,2.51,N
21.34604,81.66344,308.54,0.41,0.6,2025-11-07,1932,N21,VIIRS,n,2.0NRT,292.51,1.45,N
20.96269,85.1631,308.35,0.47,0.48,2025-11-07,1932,N21,VIIRS,n,2.0NRT,294.3,2.24,N
20.96161,85.17218,316.81,0.47,0.48,2025-11-07,1932,N21,VIIRS,n,2.0NRT,295.01,3.79,N
20.95998,85.18571,307.58,0.47,0.48,2025-11-07,1932,N21,VIIRS,n,2.0NRT,295.41,2.39,N
21.3011,81.60751,301.87,0.41,0.61,2025-11-07,1932,N21,VIIRS,n,2.0NRT,291.49,1.17,N
20.8899,84.98199,307.56,0.49,0.48,2025-11-07,1932,N21,VIIRS,n,2.0NRT,292.76,1.5,N
20.88547,84.98147,308.92,0.49,0.48,2025-11-07,1932,N21,VIIRS,n,2.0NRT,293.92,2.1,N
20.89025,84.98302,305.42,0.49,0.48,2025-11-07,1932,N21,VIIRS,n,2.0NRT,292.56,1.38,N
20.88582,84.98248,307.09,0.49,0.48,2025-11-07,1932,N21,VIIRS,n,2.0NRT,293.82,2.42,N
20.87532,84.99516,301.61,0.48,0.48,2025-11-07,1932,N21,VIIRS,n,2.0NRT,291.13,2.25,N
20.867,84.98963,310.42,0.48,0.48,2025-11-07,1932,N21,VIIRS,n,2.0NRT,294.87,2.57,N
20.86647,84.99411,307.29,0.48,0.48,2025-11-07,1932,N21,VIIRS,n,2.0NRT,295.34,2.67,N
20.80857,85.25718,314.63,0.47,0.47,2025-11-07,1932,N21,VIIRS,n,2.0NRT,294.96,2.34,N
20.80422,85.25665,311.76,0.47,0.47,2025-11-07,1932,N21,VIIRS,n,2.0NRT,294.21,2.34,N
20.79552,85.25559,335.33,0.47,0.47,2025-11-07,1932,N21,VIIRS,n,2.0NRT,293.93,6.79,N
20.78581,85.2632,306.86,0.46,0.47,2025-11-07,1932,N21,VIIRS,n,2.0NRT,295.41,4.05,N
21.18206,81.38552,311.01,0.42,0.61,2025-11-07,1932,N21,VIIRS,n,2.0NRT,294.62,2.88,N
20.76052,85.29142,310.82,0.46,0.47,2025-11-07,1932,N21,VIIRS,n,2.0NRT,294.21,2.31,N
20.75999,85.29592,318.87,0.46,0.47,2025-11-07,1932,N21,VIIRS,n,2.0NRT,295.75,2.31,N
20.52046,85.72113,318.07,0.43,0.46,2025-11-07,1932,N21,VIIRS,n,2.0NRT,293.42,3.11,N
20.0794,79.04253,301.15,0.58,0.7,2025-11-07,1932,N21,VIIRS,n,2.0NRT,291.14,1.09,N
17.60938,83.20553,312.91,0.58,0.52,2025-11-07,1932,N21,VIIRS,n,2.0NRT,293.63,2,N
17.60525,83.19951,308.55,0.58,0.52,2025-11-07,1932,N21,VIIRS,n,2.0NRT,292.93,2.65,N
17.17802,80.77416,308.45,0.41,0.61,2025-11-07,1932,N21,VIIRS,n,2.0NRT,291.85,1.1,N
17.17865,80.7752,311.94,0.41,0.61,2025-11-07,1932,N21,VIIRS,n,2.0NRT,292,1.64,N
16.87096,80.01968,303.09,0.46,0.64,2025-11-07,1932,N21,VIIRS,n,2.0NRT,292.54,1.14,N
15.96077,80.93745,296.21,0.39,0.59,2025-11-07,1932,N21,VIIRS,n,2.0NRT,284.57,1.65,N
21.37805,81.68169,314.88,0.41,0.6,2025-11-07,1932,N21,VIIRS,n,2.0NRT,293.4,2.63,N
22.87304,86.06313,321.41,0.44,0.46,2025-11-07,1932,N21,VIIRS,n,2.0NRT,294.23,3.03,N
22.79634,86.20705,336.8,0.43,0.46,2025-11-07,1932,N21,VIIRS,n,2.0NRT,293.75,6.06,N
22.7973,86.19872,307.77,0.43,0.46,2025-11-07,1932,N21,VIIRS,n,2.0NRT,293.93,1.62,N
22.7931,86.19819,315.48,0.43,0.46,2025-11-07,1932,N21,VIIRS,n,2.0NRT,293.98,1.62,N
22.79167,86.21069,303.2,0.43,0.46,2025-11-07,1932,N21,VIIRS,n,2.0NRT,292.86,1.87,N
22.7889,86.19762,332.1,0.43,0.46,2025-11-07,1932,N21,VIIRS,n,2.0NRT,296.13,2.99,N
22.78939,86.1934,306.18,0.43,0.46,2025-11-07,1932,N21,VIIRS,n,2.0NRT,293.21,2.99,N
22.78423,86.20126,304.85,0.43,0.46,2025-11-07,1932,N21,VIIRS,n,2.0NRT,294.02,2.56,N
22.79235,86.19522,337.55,0.43,0.46,2025-11-07,1932,N21,VIIRS,n,2.0NRT,294.25,6.94,N
22.79083,86.20774,305.41,0.43,0.46,2025-11-07,1932,N21,VIIRS,n,2.0NRT,293.85,2.41,N
22.79032,86.21191,302.93,0.43,0.46,2025-11-07,1932,N21,VIIRS,n,2.0NRT,292.61,1.04,N
22.80089,86.08956,311.19,0.44,0.46,2025-11-07,1932,N21,VIIRS,n,2.0NRT,293.61,1.95,N
22.78294,86.20251,307.24,0.43,0.46,2025-11-07,1932,N21,VIIRS,n,2.0NRT,294.35,1.5,N
23.16635,82.33405,324.62,0.39,0.59,2025-11-07,1932,N21,VIIRS,n,2.0NRT,289.58,3.75,N
23.166,82.33768,325.35,0.39,0.59,2025-11-07,1932,N21,VIIRS,n,2.0NRT,290.89,3.42,N
23.16566,82.34137,320.43,0.39,0.59,2025-11-07,1932,N21,VIIRS,n,2.0NRT,291.38,3.42,N
22.59033,85.90719,304.8,0.45,0.47,2025-11-07,1932,N21,VIIRS,n,2.0NRT,291.27,2.1,N
22.5748,85.89202,305.76,0.45,0.47,2025-11-07,1932,N21,VIIRS,n,2.0NRT,293.57,1.36,N
22.57429,85.89636,308.32,0.45,0.47,2025-11-07,1932,N21,VIIRS,n,2.0NRT,293.08,1.36,N
22.37696,87.28072,320.11,0.55,0.43,2025-11-07,1932,N21,VIIRS,n,2.0NRT,297.07,3.15,N
22.37763,87.2754,315.42,0.55,0.43,2025-11-07,1932,N21,VIIRS,n,2.0NRT,295.53,3.15,N
22.3704,87.30144,304.39,0.55,0.43,2025-11-07,1932,N21,VIIRS,n,2.0NRT,293.54,1.19,N
22.3665,87.30087,323.19,0.55,0.43,2025-11-07,1932,N21,VIIRS,n,2.0NRT,297.08,3.03,N
22.3626,87.30032,310.81,0.55,0.43,2025-11-07,1932,N21,VIIRS,n,2.0NRT,295.51,3.03,N
22.36567,87.01456,307.24,0.57,0.43,2025-11-07,1932,N21,VIIRS,n,2.0NRT,293.76,1.71,N
22.365,87.02007,306.96,0.57,0.43,2025-11-07,1932,N21,VIIRS,n,2.0NRT,294.1,1.81,N
22.36104,87.01949,311.49,0.57,0.43,2025-11-07,1932,N21,VIIRS,n,2.0NRT,295.19,2.26,N
22.3663,87.01862,316.95,0.57,0.43,2025-11-07,1932,N21,VIIRS,n,2.0NRT,295.58,2.78,N
22.36234,87.01803,315.04,0.57,0.43,2025-11-07,1932,N21,VIIRS,n,2.0NRT,295.5,2.78,N
22.08855,88.10985,302.78,0.5,0.41,2025-11-07,1932,N21,VIIRS,n,2.0NRT,290.13,0.87,N
22.05637,88.12444,308.77,0.49,0.41,2025-11-07,1932,N21,VIIRS,n,2.0NRT,296.14,1.83,N
22.05266,88.12389,328.42,0.49,0.41,2025-11-07,1932,N21,VIIRS,n,2.0NRT,298.45,5.02,N
22.05145,88.10431,322.27,0.5,0.41,2025-11-07,1932,N21,VIIRS,n,2.0NRT,294.7,2.23,N
22.21323,84.86272,303.01,0.51,0.5,2025-11-07,1932,N21,VIIRS,n,2.0NRT,292.85,1.4,N
22.21214,84.87265,310.81,0.51,0.5,2025-11-07,1932,N21,VIIRS,n,2.0NRT,292.58,4.29,N
22.21086,84.84222,311.18,0.52,0.5,2025-11-07,1932,N21,VIIRS,n,2.0NRT,290.95,1.89,N
22.20868,84.86216,305.53,0.51,0.5,2025-11-07,1932,N21,VIIRS,n,2.0NRT,293,1.4,N
22.13849,85.41496,299.66,0.47,0.48,2025-11-07,1932,N21,VIIRS,n,2.0NRT,288.42,0.48,N
22.13331,85.38182,302.52,0.48,0.48,2025-11-07,1932,N21,VIIRS,n,2.0NRT,289.72,1.31,N
22.13268,85.38251,300.59,0.48,0.48,2025-11-07,1932,N21,VIIRS,n,2.0NRT,289.02,1.18,N
22.33164,82.60796,309.97,0.36,0.57,2025-11-07,1932,N21,VIIRS,n,2.0NRT,291.99,1.65,N
22.32138,82.54679,300.97,0.36,0.58,2025-11-07,1932,N21,VIIRS,n,2.0NRT,290.95,1.01,N
22.31708,82.53558,302.2,0.37,0.58,2025-11-07,1932,N21,VIIRS,n,2.0NRT,291.91,1.26,N
22.31479,82.56028,303.32,0.36,0.58,2025-11-07,1932,N21,VIIRS,n,2.0NRT,293.15,1.69,N
22.3228,82.5897,302.39,0.36,0.58,2025-11-07,1932,N21,VIIRS,n,2.0NRT,292.09,1.07,N
22.32174,82.54719,303.6,0.36,0.58,2025-11-07,1932,N21,VIIRS,n,2.0NRT,291.08,1.04,N
22.31752,82.536,302.6,0.37,0.58,2025-11-07,1932,N21,VIIRS,n,2.0NRT,291.85,1.08,N
21.99172,85.32561,299.64,0.48,0.48,2025-11-07,1932,N21,VIIRS,n,2.0NRT,289.14,0.62,N
21.96641,85.31307,299.19,0.48,0.48,2025-11-07,1932,N21,VIIRS,n,2.0NRT,288.33,0.7,N
21.93223,85.2195,302.36,0.48,0.48,2025-11-07,1932,N21,VIIRS,n,2.0NRT,288.84,1.26,N
21.93173,85.22405,301.77,0.48,0.48,2025-11-07,1932,N21,VIIRS,n,2.0NRT,288.39,1.26,N
21.92732,85.22342,300.33,0.48,0.48,2025-11-07,1932,N21,VIIRS,n,2.0NRT,289.1,1.26,N
21.93222,85.22163,307.11,0.48,0.48,2025-11-07,1932,N21,VIIRS,n,2.0NRT,289.37,1.54,N
21.92781,85.22098,305.31,0.48,0.48,2025-11-07,1932,N21,VIIRS,n,2.0NRT,290.13,1.54,N
22.06457,83.70502,303.38,0.61,0.53,2025-11-07,1932,N21,VIIRS,n,2.0NRT,290.78,1.56,N
22.04195,83.73189,336.29,0.61,0.53,2025-11-07,1932,N21,VIIRS,n,2.0NRT,296.48,6.26,N
22.04134,83.73771,323.36,0.6,0.53,2025-11-07,1932,N21,VIIRS,n,2.0NRT,296.52,2.98,N
22.04255,83.72608,304.13,0.61,0.53,2025-11-07,1932,N21,VIIRS,n,2.0NRT,291.15,6.26,N
22.04073,83.74348,303.24,0.6,0.53,2025-11-07,1932,N21,VIIRS,n,2.0NRT,292.96,2.98,N
22.03645,83.73722,304.74,0.6,0.53,2025-11-07,1932,N21,VIIRS,n,2.0NRT,291.51,2.98,N
22.08953,83.12059,327.24,0.33,0.55,2025-11-07,1932,N21,VIIRS,n,2.0NRT,292.17,1.65,N
22.08985,83.11736,302.9,0.33,0.55,2025-11-07,1932,N21,VIIRS,n,2.0NRT,290.55,1.65,N
22.08477,83.11673,302.87,0.33,0.55,2025-11-07,1932,N21,VIIRS,n,2.0NRT,291.04,0.98,N
22.15583,82.09595,300.26,0.39,0.59,2025-11-07,1932,N21,VIIRS,n,2.0NRT,289.89,0.64,N
22.03598,83.35023,316.01,0.32,0.55,2025-11-07,1932,N21,VIIRS,n,2.0NRT,293,2.6,N
22.03568,83.35331,306.43,0.32,0.55,2025-11-07,1932,N21,VIIRS,n,2.0NRT,292.51,2.44,N
22.02946,83.3649,308.88,0.32,0.55,2025-11-07,1932,N21,VIIRS,n,2.0NRT,293,1.68,N
22.03475,83.35715,302.21,0.32,0.55,2025-11-07,1932,N21,VIIRS,n,2.0NRT,292.2,0.83,N
22.03442,83.36019,303.7,0.32,0.55,2025-11-07,1932,N21,VIIRS,n,2.0NRT,292.15,0.83,N
22.0341,83.36322,302.25,0.32,0.55,2025-11-07,1932,N21,VIIRS,n,2.0NRT,291.38,1.28,N
22.02878,83.3657,310.18,0.32,0.55,2025-11-07,1932,N21,VIIRS,n,2.0NRT,293.03,1.28,N
22.1539,82.09463,307.05,0.39,0.59,2025-11-07,1932,N21,VIIRS,n,2.0NRT,291.82,0.99,N
21.98692,83.23156,305.22,0.33,0.55,2025-11-07,1932,N21,VIIRS,n,2.0NRT,292.76,1.16,N
21.98188,83.23096,302.86,0.33,0.55,2025-11-07,1932,N21,VIIRS,n,2.0NRT,291.96,1.16,N
21.89864,83.98284,303.55,0.58,0.52,2025-11-07,1932,N21,VIIRS,n,2.0NRT,291.83,1.4,N
22.0062,82.67104,317.9,0.35,0.57,2025-11-07,1932,N21,VIIRS,n,2.0NRT,293.04,2.02,N
21.92418,83.35009,313.03,0.32,0.55,2025-11-07,1932,N21,VIIRS,n,2.0NRT,293.17,2.17,N
21.91918,83.34948,334.5,0.32,0.55,2025-11-07,1932,N21,VIIRS,n,2.0NRT,296.55,2.17,N
21.91888,83.35255,310.97,0.32,0.55,2025-11-07,1932,N21,VIIRS,n,2.0NRT,294.45,2.17,N
21.92484,83.33975,322.29,0.32,0.55,2025-11-07,1932,N21,VIIRS,n,2.0NRT,294.89,3.33,N
21.92385,83.34899,310.32,0.32,0.55,2025-11-07,1932,N21,VIIRS,n,2.0NRT,293.14,1.29,N
21.92352,83.35206,305.96,0.32,0.55,2025-11-07,1932,N21,VIIRS,n,2.0NRT,292.82,1.29,N
21.91853,83.35147,327.64,0.32,0.55,2025-11-07,1932,N21,VIIRS,n,2.0NRT,295.97,2.3,N
21.91886,83.3484,316.31,0.32,0.55,2025-11-07,1932,N21,VIIRS,n,2.0NRT,293.36,2.3,N
21.87694,83.55309,304.21,0.62,0.54,2025-11-07,1932,N21,VIIRS,n,2.0NRT,291.19,1.57,N
21.77305,84.02242,302.51,0.58,0.52,2025-11-07,1932,N21,VIIRS,n,2.0NRT,291.69,0.71,N
21.76887,84.01629,305.52,0.58,0.52,2025-11-07,1932,N21,VIIRS,n,2.0NRT,293.78,2.96,N
21.7635,84.02129,304.12,0.58,0.52,2025-11-07,1932,N21,VIIRS,n,2.0NRT,293.85,3.15,N
21.75338,84.02567,304.23,0.57,0.52,2025-11-07,1932,N21,VIIRS,n,2.0NRT,292.85,4.6,N
21.75752,84.02487,310.18,0.57,0.52,2025-11-07,1932,N21,VIIRS,n,2.0NRT,293.42,2.96,N
21.76071,83.82104,307.05,0.59,0.53,2025-11-07,1932,N21,VIIRS,n,2.0NRT,291.9,1.62,N
21.75824,83.84356,304.58,0.59,0.53,2025-11-07,1932,N21,VIIRS,n,2.0NRT,293.26,1.8,N
21.7332,83.9825,308.93,0.58,0.52,2025-11-07,1932,N21,VIIRS,n,2.0NRT,294.44,2.74,N
21.73346,83.84657,309.68,0.59,0.53,2025-11-07,1932,N21,VIIRS,n,2.0NRT,292.55,1.74,N
21.67887,84.03747,312.9,0.57,0.52,2025-11-07,1932,N21,VIIRS,n,2.0NRT,293.01,4.25,N
21.67526,82.08081,311.85,0.38,0.59,2025-11-07,1932,N21,VIIRS,n,2.0NRT,292.87,2.14,N
21.79297,80.01711,299.5,0.53,0.67,2025-11-07,1932,N21,VIIRS,n,2.0NRT,288.71,0.65,N
21.49422,81.81041,301.28,0.4,0.6,2025-11-07,1932,N21,VIIRS,n,2.0NRT,291.09,0.54,N
20.99834,86.01286,310.23,0.42,0.45,2025-11-07,1932,N21,VIIRS,n,2.0NRT,294.4,1.36,N
20.97211,86.00206,306.94,0.42,0.45,2025-11-07,1932,N21,VIIRS,n,2.0NRT,296.44,2.31,N
20.97061,86.01403,311.01,0.42,0.45,2025-11-07,1932,N21,VIIRS,n,2.0NRT,295.34,2.02,N
20.96961,86.02203,305.32,0.42,0.45,2025-11-07,1932,N21,VIIRS,n,2.0NRT,293.82,1.55,N
20.96198,86.04945,305.37,0.42,0.45,2025-11-07,1932,N21,VIIRS,n,2.0NRT,294.28,1.2,N
20.96331,86.00497,337.69,0.42,0.45,2025-11-07,1932,N21,VIIRS,n,2.0NRT,295.16,5.89,N
21.08096,85.03667,311.27,0.48,0.48,2025-11-07,1932,N21,VIIRS,n,2.0NRT,294.96,2.3,N
20.96231,86.01298,305.89,0.42,0.45,2025-11-07,1932,N21,VIIRS,n,2.0NRT,293.31,4.66,N
21.07653,85.03613,307.98,0.48,0.48,2025-11-07,1932,N21,VIIRS,n,2.0NRT,295.72,2.47,N
21.07598,85.04076,308.28,0.48,0.48,2025-11-07,1932,N21,VIIRS,n,2.0NRT,293.67,2.47,N
20.94957,86.04778,312.19,0.42,0.45,2025-11-07,1932,N21,VIIRS,n,2.0NRT,294.35,3.11,N
20.93936,86.06238,326.05,0.42,0.45,2025-11-07,1932,N21,VIIRS,n,2.0NRT,293.85,2.64,N
21.38691,81.64706,301.67,0.41,0.6,2025-11-07,1932,N21,VIIRS,n,2.0NRT,291.31,1.71,N
21.37619,81.64195,304.09,0.41,0.6,2025-11-07,1932,N21,VIIRS,n,2.0NRT,292.97,2.24,N
21.36735,81.67671,303.83,0.41,0.6,2025-11-07,1932,N21,VIIRS,n,2.0NRT,292.07,1.7,N
21.36662,81.68449,302.8,0.41,0.6,2025-11-07,1932,N21,VIIRS,n,2.0NRT,291.98,3.14,N
21.34632,81.66253,302.12,0.41,0.6,2025-11-07,1932,N21,VIIRS,n,2.0NRT,291.66,1.46,N
20.97104,85.17588,338.75,0.47,0.48,2025-11-07,1932,N21,VIIRS,n,2.0NRT,297.79,4.19,N
20.96923,85.15257,307.35,0.48,0.48,2025-11-07,1932,N21,VIIRS,n,2.0NRT,294.72,1.95,N
20.96717,85.17079,315.82,0.47,0.48,2025-11-07,1932,N21,VIIRS,n,2.0NRT,294.63,4.19,N
20.96513,85.18884,308.65,0.47,0.48,2025-11-07,1932,N21,VIIRS,n,2.0NRT,293.59,2.35,N
15.17646,77.1006,304.43,0.69,0.75,2025-11-07,1934,N21,VIIRS,n,2.0NRT,289.32,1.89,N
15.18331,76.6679,308.71,0.74,0.76,2025-11-07,1934,N21,VIIRS,n,2.0NRT,288.97,5.92,N
15.18267,76.67472,312.44,0.74,0.76,2025-11-07,1934,N21,VIIRS,n,2.0NRT,289.7,5.12,N
15.17758,76.65376,303.11,0.74,0.76,2025-11-07,1934,N21,VIIRS,n,2.0NRT,289.62,3.64,N
15.13685,76.71202,300.12,0.74,0.76,2025-11-07,1934,N21,VIIRS,n,2.0NRT,288.05,0.96,N
15.18458,76.66785,307.33,0.74,0.76,2025-11-07,1934,N21,VIIRS,n,2.0NRT,288.27,4.24,N
15.1839,76.67464,310.48,0.74,0.76,2025-11-07,1934,N21,VIIRS,n,2.0NRT,289.67,4.24,N
15.17893,76.65373,301.06,0.74,0.76,2025-11-07,1934,N21,VIIRS,n,2.0NRT,289.09,5.71,N
15.02505,78.01257,303.88,0.6,0.7,2025-11-07,1934,N21,VIIRS,n,2.0NRT,290.68,1.09,N
15.17064,76.3774,299.17,0.78,0.78,2025-11-07,1934,N21,VIIRS,n,2.0NRT,287.68,3.5,N
15.1378,76.71207,300.12,0.74,0.76,2025-11-07,1934,N21,VIIRS,n,2.0NRT,288,2.25,N
15.00405,76.99877,299.55,0.7,0.75,2025-11-07,1934,N21,VIIRS,n,2.0NRT,289.04,1.35,N
12.97697,80.09501,307.3,0.41,0.6,2025-11-07,1934,N21,VIIRS,n,2.0NRT,290.89,0.89,N
11.80997,77.92197,303.92,0.55,0.68,2025-11-07,1934,N21,VIIRS,n,2.0NRT,288.45,1.85,N
28.12918,77.96059,302.55,0.34,0.56,2025-11-07,2110,N21,VIIRS,n,2.0NRT,285.02,0.44,N
32.63956,75.48208,297.87,0.39,0.44,2025-11-07,2110,N21,VIIRS,n,2.0NRT,285.15,0.64,N
31.2574,76.92728,295.44,0.5,0.49,2025-11-07,2110,N21,VIIRS,n,2.0NRT,284.81,0.69,N
31.24761,76.92944,295.02,0.5,0.49,2025-11-07,2110,N21,VIIRS,n,2.0NRT,283.4,0.7,N
31.25896,76.92525,298.78,0.5,0.49,2025-11-07,2110,N21,VIIRS,n,2.0NRT,286.04,1.15,N
31.61403,74.85395,296.71,0.57,0.43,2025-11-07,2110,N21,VIIRS,n,2.0NRT,285.55,0.84,N
31.22946,74.95345,295.1,0.39,0.44,2025-11-07,2110,N21,VIIRS,n,2.0NRT,283.47,0.41,N
30.82983,75.4666,299.79,0.42,0.45,2025-11-07,2110,N21,VIIRS,n,2.0NRT,281.72,0.59,N
29.92468,75.82542,300.62,0.46,0.47,2025-11-07,2110,N21,VIIRS,n,2.0NRT,281.83,0.84,N
29.55252,77.04617,333.28,0.55,0.51,2025-11-07,2110,N21,VIIRS,n,2.0NRT,284.97,6.7,N
29.09119,78.62441,317.33,0.35,0.57,2025-11-07,2110,N21,VIIRS,n,2.0NRT,287.64,1.27,N
28.53996,80.02781,298.99,0.44,0.62,2025-11-07,2110,N21,VIIRS,n,2.0NRT,287.41,0.92,N
29.56188,74.80631,296.74,0.41,0.45,2025-11-07,2110,N21,VIIRS,n,2.0NRT,281.11,0.29,N
29.4321,74.94482,297.44,0.42,0.45,2025-11-07,2110,N21,VIIRS,n,2.0NRT,281.89,0.52,N
28.75939,77.05078,299.9,0.57,0.52,2025-11-07,2110,N21,VIIRS,n,2.0NRT,285.3,0.52,N
28.04771,80.09736,300.44,0.45,0.63,2025-11-07,2110,N21,VIIRS,n,2.0NRT,286.45,0.59,N
28.71749,77.1055,317.02,0.58,0.52,2025-11-07,2110,N21,VIIRS,n,2.0NRT,290.25,2.73,N
28.32005,77.19833,302.66,0.6,0.53,2025-11-07,2110,N21,VIIRS,n,2.0NRT,285.95,0.72,N
28.32583,77.17445,302.88,0.6,0.53,2025-11-07,2110,N21,VIIRS,n,2.0NRT,289.35,1.2,N
28.32056,77.19837,301.7,0.6,0.53,2025-11-07,2110,N21,VIIRS,n,2.0NRT,285.93,1.08,N
28.0682,77.85793,299.43,0.33,0.55,2025-11-07,2110,N21,VIIRS,n,2.0NRT,286.17,0.41,N
28.06854,77.85745,300.14,0.33,0.55,2025-11-07,2110,N21,VIIRS,n,2.0NRT,285.96,0.43,N
27.66976,76.1337,297.66,0.53,0.5,2025-11-07,2110,N21,VIIRS,n,2.0NRT,286.08,2.1,N
27.6689,76.13656,297.28,0.53,0.5,2025-11-07,2110,N21,VIIRS,n,2.0NRT,284.89,0.89,N
27.66551,76.13002,298.73,0.53,0.5,2025-11-07,2110,N21,VIIRS,n,2.0NRT,285.39,1.6,N
26.64177,79.47864,315.37,0.45,0.63,2025-11-07,2110,N21,VIIRS,n,2.0NRT,286.59,1.37,N
26.64072,79.48296,299.75,0.45,0.63,2025-11-07,2110,N21,VIIRS,n,2.0NRT,287.94,1.37,N
26.92637,73.46817,300.68,0.39,0.44,2025-11-07,2110,N21,VIIRS,n,2.0NRT,285.37,1.02,N
26.87716,73.5163,305.48,0.39,0.44,2025-11-07,2110,N21,VIIRS,n,2.0NRT,286.48,1.04,N
26.87322,73.51534,295.7,0.39,0.44,2025-11-07,2110,N21,VIIRS,n,2.0NRT,285.41,1.04,N
26.86779,73.52202,295.3,0.39,0.44,2025-11-07,2110,N21,VIIRS,n,2.0NRT,285.06,0.9,N
26.60389,73.68391,299.42,0.4,0.44,2025-11-07,2110,N21,VIIRS,n,2.0NRT,287,1.21,N
26.29595,74.12785,298.94,0.43,0.46,2025-11-07,2110,N21,VIIRS,n,2.0NRT,288.46,1.65,N
26.25897,74.09648,302.81,0.43,0.46,2025-11-07,2110,N21,VIIRS,n,2.0NRT,288.69,1.25,N
24.20616,82.52506,296.81,0.79,0.78,2025-11-07,2110,N21,VIIRS,n,2.0NRT,286.6,1.22,N
24.15845,82.564,300.24,0.79,0.78,2025-11-07,2110,N21,VIIRS,n,2.0NRT,287.5,1.56,N
22.76785,78.48328,300.87,0.48,0.64,2025-11-07,2112,N21,VIIRS,n,2.0NRT,286.29,1.09,N
22.33998,69.85502,310.91,0.45,0.39,2025-11-07,2112,N21,VIIRS,n,2.0NRT,297.87,3.73,N
22.32912,69.74869,306.94,0.44,0.39,2025-11-07,2112,N21,VIIRS,n,2.0NRT,296.58,1.41,N
22.4179,69.04188,319.54,0.42,0.38,2025-11-07,2112,N21,VIIRS,n,2.0NRT,294.87,1.56,N
22.41517,69.03719,308.29,0.42,0.38,2025-11-07,2112,N21,VIIRS,n,2.0NRT,293.99,0.78,N
21.5621,72.91543,325.54,0.45,0.47,2025-11-07,2112,N21,VIIRS,n,2.0NRT,291.15,3.17,N
19.78667,79.1487,302.3,0.61,0.71,2025-11-07,2112,N21,VIIRS,n,2.0NRT,291.61,1.39,N
21.11224,72.63571,310.49,0.44,0.46,2025-11-07,2112,N21,VIIRS,n,2.0NRT,296.08,1.95,N
21.1057,72.64717,339.29,0.44,0.46,2025-11-07,2112,N21,VIIRS,n,2.0NRT,299.11,9.15,N
21.10808,72.63477,306.79,0.44,0.46,2025-11-07,2112,N21,VIIRS,n,2.0NRT,295.77,3.18,N
21.10392,72.63383,320.89,0.44,0.46,2025-11-07,2112,N21,VIIRS,n,2.0NRT,293.42,3.18,N
21.10312,72.63795,337.28,0.44,0.46,2025-11-07,2112,N21,VIIRS,n,2.0NRT,294.33,10.65,N
20.83506,70.69636,303.94,0.51,0.41,2025-11-07,2112,N21,VIIRS,n,2.0NRT,292.93,0.77,N
23.40956,72.41615,299.67,0.39,0.44,2025-11-07,2112,N21,VIIRS,n,2.0NRT,286.88,0.88,N
23.68875,68.83272,300.35,0.4,0.37,2025-11-07,2112,N21,VIIRS,n,2.0NRT,289.69,0.45,N
24.63738,77.04379,298.64,0.35,0.57,2025-11-07,2112,N21,VIIRS,n,2.0NRT,285.32,0.61,N
24.93459,74.63228,302.67,0.49,0.49,2025-11-07,2112,N21,VIIRS,n,2.0NRT,287.62,1.88,N
24.66027,74.63201,308.21,0.5,0.49,2025-11-07,2112,N21,VIIRS,n,2.0NRT,291.45,3.16,N
24.82247,73.09608,300.96,0.4,0.44,2025-11-07,2112,N21,VIIRS,n,2.0NRT,287.56,1.34,N
24.65917,73.87421,297.58,0.45,0.47,2025-11-07,2112,N21,VIIRS,n,2.0NRT,286.61,0.72,N
24.6896,73.0013,303.65,0.4,0.44,2025-11-07,2112,N21,VIIRS,n,2.0NRT,289.71,1.57,N
22.97942,72.56637,306.73,0.4,0.44,2025-11-07,2112,N21,VIIRS,n,2.0NRT,290.5,0.9,N
22.97541,72.56545,303.34,0.4,0.44,2025-11-07,2112,N21,VIIRS,n,2.0NRT,289.67,0.61,N
23.31484,70.4879,305.91,0.46,0.39,2025-11-07,2112,N21,VIIRS,n,2.0NRT,294.05,1.36,N
23.31164,70.20108,306.97,0.45,0.39,2025-11-07,2112,N21,VIIRS,n,2.0NRT,294.19,1.06,N
23.49666,68.5769,317.23,0.4,0.37,2025-11-07,2112,N21,VIIRS,n,2.0NRT,296.44,1.71,N
22.26278,75.1339,308.04,0.6,0.53,2025-11-07,2112,N21,VIIRS,n,2.0NRT,290.64,2.03,N
23.42943,68.71162,307.52,0.4,0.37,2025-11-07,2112,N21,VIIRS,n,2.0NRT,293.3,1.29,N
21.24931,79.2063,306.37,0.57,0.69,2025-11-07,2112,N21,VIIRS,n,2.0NRT,290.38,1.67,N
23.10584,70.189,303.96,0.45,0.39,2025-11-07,2112,N21,VIIRS,n,2.0NRT,292.76,1.15,N
21.2515,79.20697,307.24,0.57,0.69,2025-11-07,2112,N21,VIIRS,n,2.0NRT,290.18,2.11,N
22.3648,73.11605,324.09,0.44,0.46,2025-11-07,2112,N21,VIIRS,n,2.0NRT,292.79,3.56,N
22.36449,73.1171,324.65,0.44,0.46,2025-11-07,2112,N21,VIIRS,n,2.0NRT,292.78,3.16,N
22.92517,69.82518,305.29,0.44,0.38,2025-11-07,2112,N21,VIIRS,n,2.0NRT,294.28,1.01,N
22.65384,70.98248,303.76,0.5,0.41,2025-11-07,2112,N21,VIIRS,n,2.0NRT,291.58,1.27,N
22.12708,72.76389,301.98,0.43,0.46,2025-11-07,2112,N21,VIIRS,n,2.0NRT,290.02,0.49,N
15.65738,73.98849,304.83,0.34,0.56,2025-11-07,2114,N21,VIIRS,n,2.0NRT,287.31,0.34,N
10.9639,76.25262,304.38,0.59,0.7,2025-11-07,2114,N21,VIIRS,n,2.0NRT,288.52,1.95,N
10.96747,76.25414,304.67,0.59,0.7,2025-11-07,2114,N21,VIIRS,n,2.0NRT,288.39,0.71,N
15.18128,76.66752,308.71,0.52,0.67,2025-11-07,2114,N21,VIIRS,n,2.0NRT,289.37,2.77,N
15.17727,76.65653,298.54,0.52,0.67,2025-11-07,2114,N21,VIIRS,n,2.0NRT,287.87,1.94,N
15.13451,76.71063,310.69,0.53,0.67,2025-11-07,2114,N21,VIIRS,n,2.0NRT,288.81,3.22,N
15.33249,76.28376,304.76,0.49,0.65,2025-11-07,2114,N21,VIIRS,n,2.0NRT,289.65,1.12,N
15.18349,76.66584,305.9,0.52,0.67,2025-11-07,2114,N21,VIIRS,n,2.0NRT,289.14,1.34,N
15.18247,76.67057,300.58,0.52,0.67,2025-11-07,2114,N21,VIIRS,n,2.0NRT,289.63,1.34,N
15.17568,76.78589,299.87,0.53,0.67,2025-11-07,2114,N21,VIIRS,n,2.0NRT,289.57,1.71,N
15.18626,76.67378,301.56,0.52,0.67,2025-11-07,2114,N21,VIIRS,n,2.0NRT,289.21,1.31,N
15.06966,76.86736,301.42,0.54,0.68,2025-11-07,2114,N21,VIIRS,n,2.0NRT,289.46,1.81,N
