cluster_id,centroid_lat,centroid_lon,detection_count,unique_detection_days,observation_window_days,spatial_spread_km,temporal_recurrence,duration_score,detection_frequency,spatial_consistency,persistence_score,mean_frp,max_frp,mean_brightness,max_brightness,mean_confidence,satellite_count,fire_class,industrial_distance_km,forest_distance_km,farmland_distance_km,population_distance_km,industrial_feature_count,forest_feature_count,farmland_feature_count,population_feature_count,land_cover_type
2,21.71673144736842,84.44593750000001,76,22,827.5513888888889,471.7680720291142,0.0265844517879889,1.0,0.0918371970857801,0.0021152020602999,26.069430587560117,3.2442105263157894,10.34,318.32394736842105,367.0,48.55263157894737,2,INDUSTRIAL,,,,,0.0,0.0,0.0,0.0,unknown
6,21.774256842105263,84.00547605263158,38,22,828.5375,687.0700175539149,0.0265528114297783,1.0,0.0458639470150717,0.0014533404660691,25.940311019752414,3.6994736842105262,12.66,317.4986842105264,349.44,49.473684210526315,2,INDUSTRIAL,,,,,0.0,0.0,0.0,0.0,unknown
8,21.528289178082193,84.89126520547946,73,23,828.5375,729.5755858593233,0.0277597574038592,1.0,0.0881070561079009,0.0013687837635906,26.08043603765734,3.405479452054794,12.06,316.817397260274,347.94,49.178082191780824,2,INDUSTRIAL,,,,,0.0,0.0,0.0,0.0,unknown
9,22.20721163636364,85.31751636363636,55,25,822.0263888888888,820.8657982339693,0.0304126489586202,1.0,0.0669078277089644,0.001216743660764,26.1039839112463,4.344727272727272,39.29,321.7605454545455,367.0,48.0,2,INDUSTRIAL,,,,,0.0,0.0,0.0,0.0,unknown
12,21.45678341269841,83.63112325396825,126,25,827.5513888888889,529.4090351252225,0.0302096043045329,1.0,0.152256405694846,0.0018853374165542,26.32463589170419,6.201825396825397,23.16,328.20444444444445,356.0,49.04761904761905,2,INDUSTRIAL,6.978,4.835,,1.436,17.0,2.0,0.0,63.0,population
13,21.97730257142857,82.159786,35,15,785.0208333333334,622.5099223324988,0.019107773148271,1.0,0.0445848040126323,0.0016038237150406,25.716771678780525,5.1242857142857146,11.32,328.96742857142857,345.71,47.142857142857146,2,INDUSTRIAL,,,,,0.0,0.0,0.0,0.0,unknown
14,20.982009,83.9123085,40,18,826.5645833333333,674.1801212306518,0.0217768827299742,1.0,0.048393072733276,0.0014810862591411,25.803910888915237,2.631,6.65,314.462,339.49,47.5,2,INDUSTRIAL,,,,,0.0,0.0,0.0,0.0,unknown
17,22.223775813953488,86.67841883720929,86,33,828.0180555555555,542.2490748268517,0.0398542033939812,1.0,0.1038624694509815,0.0018407762596166,26.492097800639225,3.5209302325581397,9.71,316.84627906976743,367.0,49.41860465116279,2,INDUSTRIAL,,,,,0.0,0.0,0.0,0.0,unknown
18,21.718730925925932,83.66004833333336,54,20,785.0208333333334,312.89122941027,0.0254770308643613,1.0,0.0687879833337756,0.0031858169528303,25.999997223321884,3.6864814814814815,9.82,319.11759259259264,347.49,47.03703703703704,2,INDUSTRIAL,,14.714,14.895,,0.0,1.0,1.0,0.0,forest
19,21.022616363636363,82.86737909090908,66,18,827.5513888888889,266.2928143528192,0.0217509150992637,1.0,0.0797533553639669,0.0037412154248188,25.926735149884205,14.272121212121217,63.61,332.5739393939394,367.0,49.84848484848485,2,INDUSTRIAL,,,,,0.0,0.0,0.0,0.0,unknown
22,19.761339999999997,82.07109200000001,10,6,767.0472222222222,291.1828772494395,0.0078222041957434,1.0,0.0130370069929056,0.0034225140412533,25.33570892417963,6.686,25.71,332.45099999999996,343.74,48.0,2,INDUSTRIAL,,,,,0.0,0.0,0.0,0.0,unknown
26,19.95296552631579,83.32848684210526,38,19,828.5368055555556,434.5191803274216,0.0229319927281444,1.0,0.0458639854562888,0.0022961101259609,25.84854194800427,3.5702631578947357,12.17,317.828947368421,348.65,47.89473684210526,2,INDUSTRIAL,,,,,0.0,0.0,0.0,0.0,unknown
32,20.71257301886792,84.74443528301884,53,21,820.5027777777777,432.6219070992908,0.0255940632606701,1.0,0.0645945406102626,0.0023061565470469,25.9754313802867,3.225471698113208,12.44,317.44660377358497,367.0,49.81132075471698,2,INDUSTRIAL,,,,,0.0,0.0,0.0,0.0,unknown
34,21.01456138211382,85.05466967479674,123,31,822.0256944444444,1425.9743610855555,0.0377117165673889,1.0,0.1496303592835111,0.0007007834389114,26.519443064008673,4.1361788617886175,24.74,317.67821138211383,367.0,49.43089430894309,2,INDUSTRIAL,,,,,0.0,0.0,0.0,0.0,unknown
39,21.003445202492212,85.06834473520249,321,32,826.5638888888889,845.6265046338883,0.038714490712891,1.0,0.3883547349636884,0.0011811583910102,27.155944726616156,3.655576323987539,11.28,320.218722741433,367.0,49.59501557632399,2,INDUSTRIAL,,,,,0.0,0.0,0.0,0.0,unknown
40,21.55349037037037,83.60819259259259,27,14,826.5638888888889,924.87850823935,0.0169375896868898,1.0,0.0326653515390018,0.0010800553108221,25.611392175670645,3.3925925925925933,8.44,321.05518518518517,340.71,46.2962962962963,2,INDUSTRIAL,8.501,4.814,8.035,3.56,10.0,7.0,21.0,61.0,population
41,21.13523372093023,83.65372860465116,43,19,828.0173611111111,933.0307208598916,0.0229463787745996,1.0,0.051931278279357,0.0010706285967546,25.839632130871475,3.530697674418605,8.13,320.4144186046512,367.0,50.23255813953488,2,INDUSTRIAL,,,,,0.0,0.0,0.0,0.0,unknown
42,20.600186517857143,83.99924535714285,112,24,826.5638888888889,787.7645661085725,0.0290358680346682,1.0,0.1355007174951187,0.0012678054301216,26.23518394338027,4.542410714285714,12.9,327.1919642857143,367.0,48.660714285714285,2,INDUSTRIAL,,,,,0.0,0.0,0.0,0.0,unknown
45,21.4119443902439,84.44607243902439,41,16,820.5027777777777,1339.3849750193606,0.0195002386747962,1.0,0.0499693616041654,0.000746054319197,25.724851650638243,4.270731707317074,15.28,324.9692682926829,367.0,48.292682926829265,2,INDUSTRIAL,,,,,0.0,0.0,0.0,0.0,unknown
48,22.830771555555557,83.98460777777777,45,15,818.5298611111111,1334.7425332632213,0.0183255379096839,1.0,0.0549766137290518,0.0007486472692884,25.70218061699892,3.854,13.0,318.9964444444444,350.08,47.333333333333336,2,INDUSTRIAL,,,,,0.0,0.0,0.0,0.0,unknown
49,21.108514615384617,80.84859615384616,13,9,827.5520833333334,297.73411181939633,0.0108754484234375,1.0,0.0157089810560765,0.0033474583599095,25.432485072541517,3.0415384615384613,7.18,318.3023076923077,338.0,45.38461538461539,2,INDUSTRIAL,,,,,0.0,0.0,0.0,0.0,unknown
50,21.216654,84.96630783333332,60,20,790.0243055555555,209.880467432543,0.0253156768207729,1.0,0.0759470304623187,0.0047420228728385,26.044178338235753,4.546833333333335,10.5,322.7611666666666,367.0,50.166666666666664,2,INDUSTRIAL,,,,,0.0,0.0,0.0,0.0,unknown
51,21.274155555555556,84.7254502777778,36,15,785.0201388888889,91.69131967270164,0.0191077900513875,1.0,0.0458586961233301,0.0107884967387567,25.903650376625087,4.995,45.4,315.40777777777777,351.09,48.888888888888886,2,INDUSTRIAL,,,,,0.0,0.0,0.0,0.0,unknown
52,26.408221333333337,79.845532,15,5,764.6055555555556,768.5233560857662,0.0065393194748199,1.0,0.0196179584244599,0.0012995057162222,25.2712145946302,2.483333333333334,5.2,316.31800000000004,342.55,46.0,2,INDUSTRIAL,,,,,0.0,0.0,0.0,0.0,unknown
57,23.679649673913044,84.31686206521739,92,30,818.5284722222223,210.18472512989612,0.0366511380093511,1.0,0.1123968232286767,0.004735190953725,26.475230017426732,3.406304347826087,14.1,320.9713043478261,350.49,48.04347826086956,2,INDUSTRIAL,,,,,0.0,0.0,0.0,0.0,unknown
58,24.390949818181824,82.4524690909091,55,24,827.5506944444444,415.2996384790258,0.0290012444689105,1.0,0.0664611852412532,0.0024021159462293,26.084232616095036,3.368909090909091,12.19,316.38963636363644,345.07,48.18181818181818,2,INDUSTRIAL,,1.525,6.772,9.315,0.0,12.0,7.0,5.0,forest
60,23.476608484848487,85.53296075757576,66,29,828.5368055555556,192.1086123813759,0.0350014625850625,1.0,0.0796585010556595,0.0051784329433483,26.35275878905799,3.177727272727273,10.23,317.8949999999999,349.1,48.48484848484848,2,INDUSTRIAL,2.54,2.126,10.055,0.465,22.0,26.0,4.0,95.0,population
61,28.135848275862067,79.57649379310345,29,7,780.01875,840.0142082566508,0.0089741432497616,1.0,0.0371785934632981,0.0011890405538723,25.38595159222854,3.736206896551724,11.04,323.50310344827585,367.0,47.58620689655172,2,INDUSTRIAL,,,,,0.0,0.0,0.0,0.0,unknown
62,23.264391111111113,83.257475,90,26,813.5236111111111,349.19766972631527,0.0319597361955963,1.0,0.1106298560616795,0.0028555301375406,26.2924773287729,4.009111111111111,12.01,318.79555555555555,353.01,49.333333333333336,2,INDUSTRIAL,,,,,0.0,0.0,0.0,0.0,unknown
64,23.676613214285716,86.66915678571426,28,21,828.5368055555556,113.46697102235032,0.025345886699528,1.0,0.0337945155993707,0.0087361445058657,26.01958578010158,2.2975,4.14,313.37321428571425,344.07,48.57142857142857,2,INDUSTRIAL,,,,,0.0,0.0,0.0,0.0,unknown
65,23.426633833333327,77.28481733333336,60,29,807.0833333333334,1003.7904928993736,0.0359318533815178,1.0,0.0743417656169334,0.0009952323465108,26.283714662418088,4.8023333333333325,13.8,322.16066666666666,349.4,46.666666666666664,2,INDUSTRIAL,,,,,0.0,0.0,0.0,0.0,unknown
66,21.265647873563218,73.25521045977013,174,38,827.5513888888889,1452.9363269923267,0.04591859854289,1.0,0.2102588459595493,0.0006877880285642,26.91696083175686,6.882701149425287,29.98,326.3909195402299,367.0,49.88505747126437,2,INDUSTRIAL,,,,,0.0,0.0,0.0,0.0,unknown
67,26.141420857142855,78.10198542857142,35,8,785.0916666666667,871.6281755705718,0.0101898928999798,1.0,0.0445807814374117,0.0011459634561377,25.440068009715677,9.31885714285714,18.2,337.62028571428567,354.88,49.42857142857143,2,INDUSTRIAL,,,,,0.0,0.0,0.0,0.0,unknown
68,29.08665,77.46769346153846,26,6,766.0625,1056.3010687908195,0.0078322591172391,1.0,0.0339397895080362,0.0009458043971748,25.338733335230767,8.168846153846154,29.04,326.8442307692308,367.0,51.53846153846154,2,INDUSTRIAL,,,,,0.0,0.0,0.0,0.0,unknown
70,31.047849111111105,77.40859377777778,45,10,779.5479166666667,1293.5648391571308,0.0128279478223222,1.0,0.05772576520045,0.0007724603432386,25.54460205453556,4.0504444444444445,27.79,321.38266666666664,367.0,48.44444444444444,2,INDUSTRIAL,,,,,0.0,0.0,0.0,0.0,unknown
71,29.827102857142854,77.16571095238096,21,7,770.5958333333333,1070.33702510789,0.0090838798981307,1.0,0.0272516396943923,0.0009334130871648,25.359313757923204,4.8152380952380955,13.49,323.1633333333333,367.0,51.42857142857143,2,INDUSTRIAL,,,,,0.0,0.0,0.0,0.0,unknown
73,28.197799000000003,80.937537,10,6,765.0756944444445,751.2868787473406,0.0078423612768889,1.0,0.0130706021281481,0.0013292801300285,25.294532946227612,4.046,8.5,323.1460000000001,348.01,50.0,2,INDUSTRIAL,,,,,0.0,0.0,0.0,0.0,unknown
74,28.219936111111114,78.84051333333335,18,6,765.0756944444445,591.5308589870713,0.0078423612768889,1.0,0.0235270838306667,0.0016876758144031,25.327842064171403,6.481111111111111,20.78,324.165,367.0,49.44444444444444,2,INDUSTRIAL,,,,,0.0,0.0,0.0,0.0,unknown
76,23.858747500000003,84.8607725,20,13,828.5361111111112,625.1184232480643,0.0156903239649582,1.0,0.0241389599460896,0.0015971419508986,25.562999957831945,2.6975,18.82,315.77599999999995,367.0,50.5,2,INDUSTRIAL,,,,,0.0,0.0,0.0,0.0,unknown
79,27.649399166666665,81.8542925,12,5,764.6048611111111,715.8025280303091,0.0065393254140891,1.0,0.0156943809938139,0.0013950843654916,25.263317402217044,6.425833333333333,29.98,319.21333333333337,350.92,48.333333333333336,2,INDUSTRIAL,,,,,0.0,0.0,0.0,0.0,unknown
80,24.330746206896556,83.34438103448277,29,16,817.5409722222222,276.7411983940652,0.0195708845717042,1.0,0.0354722282862139,0.0036004741312492,25.747816590491645,4.386551724137932,40.23,317.11206896551727,347.74,47.93103448275862,2,INDUSTRIAL,,,,,0.0,0.0,0.0,0.0,unknown
81,23.91614956521739,84.35439173913045,23,15,828.5361111111112,617.0252107723242,0.0181042199595672,1.0,0.0277598039380031,0.0016180569701199,25.644887248034426,3.492608695652174,9.02,318.0447826086957,345.31,47.391304347826086,2,INDUSTRIAL,,,,,0.0,0.0,0.0,0.0,unknown
82,25.40686,74.50531192307692,26,17,827.03125,1199.3432029042733,0.0205554505951256,1.0,0.0314377479690156,0.0008330950661281,25.711919789098875,4.2361538461538455,15.03,321.98653846153843,367.0,52.30769230769231,2,INDUSTRIAL,,,,,0.0,0.0,0.0,0.0,unknown
83,24.59286824561403,86.56090666666665,57,24,826.5618055555556,724.6660704536706,0.0290359412190222,1.0,0.0689603603951778,0.0013780443108974,26.07104002377656,3.257017543859649,9.77,317.41964912280696,344.37,48.59649122807018,2,INDUSTRIAL,,,,,0.0,0.0,0.0,0.0,unknown
89,27.620746428571422,80.96272857142857,14,6,773.0402777777778,633.8524903535024,0.0077615619424746,1.0,0.0181103111991074,0.0015751690592615,25.309626017457237,4.531428571428571,21.15,327.8971428571428,352.14,44.285714285714285,2,INDUSTRIAL,,,,,0.0,0.0,0.0,0.0,unknown
90,21.94186047619047,79.84206238095237,63,26,820.5701388888889,604.3354800444622,0.0316852865681974,1.0,0.0767758866844783,0.0016519765204024,26.17553784416517,2.923650793650793,16.26,314.45301587301583,367.0,49.84126984126984,2,INDUSTRIAL,,,,,0.0,0.0,0.0,0.0,unknown
91,23.179265,79.416504,10,6,765.5944444444444,573.7451289056005,0.0078370474649328,1.0,0.013061745774888,0.0017399016532843,25.302563821450892,5.813000000000001,16.94,325.092,367.0,56.0,2,INDUSTRIAL,,,,,0.0,0.0,0.0,0.0,unknown
92,22.688225,81.10156566666667,30,19,819.5138888888889,494.6837026491856,0.0231844758918735,1.0,0.0366070671976951,0.0020174155306206,25.82740025536286,2.2703333333333333,6.67,309.49966666666666,350.2,50.0,2,INDUSTRIAL,,,,,0.0,0.0,0.0,0.0,unknown
93,19.828689615384615,82.32795634615385,52,21,821.5583333333333,770.2134711713991,0.0255611794658525,1.0,0.0632943491535395,0.0012966578481585,25.95100441382259,4.547115384615385,18.91,322.5730769230769,367.0,48.26923076923077,2,INDUSTRIAL,,,,,0.0,0.0,0.0,0.0,unknown
94,22.42261565217391,81.78351913043477,23,18,820.5701388888889,502.0461815058389,0.0219359676241366,1.0,0.0280292919641746,0.0019878890582303,25.767910039799148,5.963478260869565,30.04,313.4826086956522,367.0,51.30434782608695,2,INDUSTRIAL,,,,,0.0,0.0,0.0,0.0,unknown
95,18.2027488,82.2594484,25,16,827.5513888888889,968.1712949119468,0.019334146754901,1.0,0.0302096043045329,0.001031809346036,25.676184600329083,3.048,6.6,320.1912,348.03,46.0,2,INDUSTRIAL,,,,,0.0,0.0,0.0,0.0,unknown
98,26.610382352941176,76.42533470588235,17,9,768.0368055555556,1244.0334328192223,0.0117181884187046,1.0,0.0221343559019976,0.0008031912827719,25.42294536797157,3.7235294117647055,11.31,321.4064705882353,353.42,47.64705882352941,2,INDUSTRIAL,,,,,0.0,0.0,0.0,0.0,unknown
99,27.930620000000005,75.41945588235295,17,7,768.0368055555556,813.6520030303877,0.0091141465478813,1.0,0.0221343559019976,0.0012275180031229,25.35331064625389,4.265882352941176,11.44,323.68823529411765,350.45,46.47058823529411,2,INDUSTRIAL,,,,,0.0,0.0,0.0,0.0,unknown
100,30.701935862068968,74.37896586206897,29,8,767.0493055555555,1063.2219009416974,0.0104295772671429,1.0,0.0378072175933931,0.0009396536559857,25.426198435117485,4.707241379310345,14.83,327.7717241379311,367.0,48.96551724137931,2,INDUSTRIAL,,,,,0.0,0.0,0.0,0.0,unknown
101,28.338448947368427,78.19023421052631,19,10,768.0368055555556,858.5407509019494,0.0130202093541162,1.0,0.0247383977728208,0.0011634119719753,25.47572051449504,2.4626315789473683,8.32,316.7184210526315,342.15,46.8421052631579,2,INDUSTRIAL,,,,,0.0,0.0,0.0,0.0,unknown
104,27.341029999999993,79.64555727272726,11,5,765.5909722222223,684.9947813568821,0.0065309025072316,1.0,0.0143679855159095,0.0014577370370398,25.26100177974752,2.1318181818181814,4.07,316.9836363636363,343.78,44.54545454545455,2,INDUSTRIAL,,,,,0.0,0.0,0.0,0.0,unknown
109,22.147405670103097,86.7754981443299,97,34,828.0166666666667,692.7808791971939,0.0410619754030716,1.0,0.1171474004146454,0.0014413772849392,26.553555308827548,2.9937113402061852,9.8,313.7377319587629,346.69,48.96907216494845,2,INDUSTRIAL,,,,,0.0,0.0,0.0,0.0,unknown
111,21.431880967741932,82.71823387096772,31,6,767.0458333333333,1094.2029983627692,0.0078222183593983,1.0,0.0404147948568914,0.0009130727376522,25.35396499267722,4.21,14.88,331.6632258064515,367.0,50.645161290322584,2,INDUSTRIAL,,14.32,,9.025,0.0,1.0,0.0,12.0,population
113,22.850162,80.45661799999999,25,7,772.0520833333334,550.7209394093359,0.0090667458207968,1.0,0.0323812350742744,0.0018125105077044,25.38920567246368,6.994000000000001,28.96,338.1796,367.0,51.6,2,INDUSTRIAL,,,,,0.0,0.0,0.0,0.0,unknown
115,22.432412777777778,82.66042722222222,18,5,765.9909722222222,371.6821805389303,0.0065274920740834,1.0,0.0234989714667002,0.0026832514464574,25.3082372198184,5.602222222222221,13.02,332.5238888888889,344.33,47.77777777777778,2,INDUSTRIAL,,,,,0.0,0.0,0.0,0.0,unknown
120,24.02302541666667,85.59537513888888,72,26,827.0298611111111,776.1033003468351,0.031437800764617,1.0,0.087058525194324,0.0012868302059117,26.18651694004256,5.984999999999999,27.83,323.29569444444445,352.06,45.833333333333336,2,INDUSTRIAL,,,,,0.0,0.0,0.0,0.0,unknown
121,23.84389104651163,85.88386744186046,86,29,828.0180555555555,593.5256753757307,0.0350233908613774,1.0,0.1038624694509815,0.001682013143281,26.3439981623344,4.816162790697675,16.18,321.0983720930233,354.1,46.97674418604651,2,INDUSTRIAL,,,,,0.0,0.0,0.0,0.0,unknown
122,24.03571351851852,85.8424438888889,54,24,827.0298611111111,717.770597500219,0.029019508398108,1.0,0.065293893895743,0.0013912644778151,26.061645276238902,3.953518518518519,9.59,321.2912962962962,350.11,45.55555555555556,2,INDUSTRIAL,,,,,0.0,0.0,0.0,0.0,unknown
124,23.70613431034483,85.98273620689655,58,24,827.55,388.74578765398707,0.0290012688055102,1.0,0.0700863996133164,0.0025657750043158,26.096569563284916,3.0744827586206895,10.29,316.2148275862069,348.52,48.96551724137931,2,INDUSTRIAL,,,,,0.0,0.0,0.0,0.0,unknown
125,23.352431764705884,85.05603058823529,34,18,828.5361111111112,719.0580324294618,0.0217250639514806,1.0,0.0410362319083524,0.0013887769526381,25.78211803736806,3.331470588235294,13.79,315.5185294117647,367.0,49.705882352941174,2,INDUSTRIAL,,,,,0.0,0.0,0.0,0.0,unknown
126,24.1623735,87.22442525000001,40,22,828.5361111111112,700.6632310047154,0.0265528559406986,1.0,0.0482779198921793,0.001425185125588,25.945784180463168,3.5504999999999995,11.17,319.09625,341.15,48.0,2,INDUSTRIAL,,,,,0.0,0.0,0.0,0.0,unknown
127,23.701669158878502,86.69105028037383,107,24,828.5361111111112,905.5765649258803,0.0289667519353075,1.0,0.1291434357115796,0.0011030507942611,26.2139221632234,2.8216822429906543,9.4,312.5035514018692,348.44,47.94392523364486,2,INDUSTRIAL,,,,,0.0,0.0,0.0,0.0,unknown
128,23.706804718309854,86.14523542253521,142,28,827.55,892.7482177920651,0.0338348136064286,1.0,0.1715908404326022,0.0011188833500226,26.46639917627482,4.071197183098592,14.73,319.511338028169,367.0,46.83098591549296,2,INDUSTRIAL,,,,,0.0,0.0,0.0,0.0,unknown
129,23.783183544303796,85.94964164556961,79,26,825.5055555555556,882.532672983024,0.0314958510273165,1.0,0.0956989319676158,0.0011318200566638,26.206759261871817,4.628481012658227,17.62,320.33696202531644,367.0,48.35443037974684,2,INDUSTRIAL,,,,,0.0,0.0,0.0,0.0,unknown
135,30.60890181818182,77.12038727272727,11,4,765.075,265.0945545694914,0.0052282455968369,1.0,0.0143776753913015,0.0037580626240844,25.267952808865047,6.307272727272727,15.31,341.12545454545455,367.0,47.27272727272727,2,INDUSTRIAL,,,,,0.0,0.0,0.0,0.0,unknown
137,21.420203135593223,73.81773381355934,118,27,828.5354166666667,1060.9765447470984,0.0325876232408089,1.0,0.1424199830524243,0.0009416403826867,26.352511462509064,5.900677966101694,32.54,324.2951694915254,367.0,48.813559322033896,2,INDUSTRIAL,,,,,0.0,0.0,0.0,0.0,unknown
145,26.165712272727273,83.26582954545455,22,16,826.5611111111111,961.4441218444337,0.0193573104092592,1.0,0.0266163018127314,0.0010390213595814,25.668040494001236,4.295,11.94,321.8622727272728,349.27,48.18181818181818,2,INDUSTRIAL,,,,,0.0,0.0,0.0,0.0,unknown
146,27.766252307692305,83.05040692307692,13,8,811.5493055555555,872.8571793910734,0.0098576881838664,1.0,0.0160187432987829,0.0011443517585983,25.358664538934917,2.5961538461538463,8.69,312.46999999999997,345.29,46.92307692307692,2,INDUSTRIAL,,,,,0.0,0.0,0.0,0.0,unknown
148,23.823410085470087,86.19145367521367,117,33,827.5493055555555,932.7696795283464,0.0398767780704573,1.0,0.1413813040679852,0.0010709278978785,26.57117516024125,3.5604273504273505,13.01,316.32367521367524,367.0,49.05982905982906,2,INDUSTRIAL,,,,,0.0,0.0,0.0,0.0,unknown
149,23.86277826923077,86.17003544871794,156,29,827.5493055555555,897.4828982513618,0.0350432292134322,1.0,0.1885084054239802,0.0011129872387623,26.54482763473817,3.3558333333333334,16.26,316.02416666666664,367.0,49.1025641025641,2,INDUSTRIAL,,,,,0.0,0.0,0.0,0.0,unknown
150,24.563032142857143,80.8191638095238,42,19,827.5493055555555,794.6040099163149,0.0229593570708693,1.0,0.0507522629987639,0.0012569066866633,25.840799503356255,4.231190476190475,13.69,321.5133333333333,367.0,46.42857142857143,2,INDUSTRIAL,,,,,0.0,0.0,0.0,0.0,unknown
153,25.443145,82.168585,12,8,798.5090277777778,651.6132800083593,0.0100186719519799,1.0,0.0150280079279699,0.0015323010282401,25.36877619894413,3.049166666666667,8.23,318.12416666666667,349.32,48.333333333333336,2,INDUSTRIAL,,,,,0.0,0.0,0.0,0.0,unknown
155,29.210205199999997,76.42090400000001,25,5,767.0486111111111,741.0083672229896,0.0065184916934498,1.0,0.0325924584672491,0.0013476936975017,25.303989770921653,5.9896,16.02,328.18080000000003,367.0,54.0,2,INDUSTRIAL,,,,,0.0,0.0,0.0,0.0,unknown
157,29.18069826086957,75.82821869565218,23,6,768.5506944444444,1559.6070471160372,0.0078069020604257,1.0,0.0299264578982988,0.0006407762939735,25.321838732437996,2.7182608695652175,9.31,316.93826086956517,343.62,45.65217391304348,2,INDUSTRIAL,,,,,0.0,0.0,0.0,0.0,unknown
166,30.04736777777778,75.97442555555556,18,6,766.5770833333333,669.656424524606,0.0078270015246346,1.0,0.023481004573904,0.001491076449031,25.323334086154425,13.08388888888889,39.25,338.6655555555555,367.0,46.111111111111114,2,INDUSTRIAL,,,,,0.0,0.0,0.0,0.0,unknown
170,25.0224555,71.90415300000002,20,5,774.5444444444445,748.8455201688681,0.0064554074796654,1.0,0.0258216299186618,0.0013336080207224,25.284888459601063,6.033499999999999,14.6,326.0105,344.98,48.0,2,INDUSTRIAL,,,,,0.0,0.0,0.0,0.0,unknown
171,24.940528333333333,72.14049166666666,36,21,803.5847222222222,901.2624384630856,0.0261329010112672,1.0,0.044799258876458,0.001108324981037,25.918151677149904,5.1705555555555565,22.01,319.7616666666667,367.0,50.833333333333336,2,INDUSTRIAL,,,,,0.0,0.0,0.0,0.0,unknown
173,22.93002227272727,72.64279636363636,22,14,826.5625,1162.077880415605,0.016937618147448,1.0,0.0266162570888468,0.0008597876520897,25.591864940187353,3.4349999999999996,8.51,319.2972727272727,354.39,50.0,2,INDUSTRIAL,,,,,0.0,0.0,0.0,0.0,unknown
174,24.870026153846148,75.95313153846155,13,6,782.5784722222222,751.8279441163576,0.0076669627557761,1.0,0.016611752637515,0.0013283247624047,25.29810475951516,7.643076923076923,18.58,332.96153846153845,367.0,50.76923076923077,2,INDUSTRIAL,,,,,0.0,0.0,0.0,0.0,unknown
175,22.929649999999995,76.63560120000001,25,16,812.5354166666667,799.7808728421195,0.0196914493470797,1.0,0.030767889604812,0.001248781075965,25.692638825943725,4.0164,11.08,322.098,367.0,51.6,2,INDUSTRIAL,,,,,0.0,0.0,0.0,0.0,unknown
177,22.22848,74.24185,23,16,805.5576388888888,1038.0545624199951,0.0198620175982303,1.0,0.0285516502974561,0.0009624133670814,25.686487921032185,3.806086956521739,11.83,319.7526086956522,354.55,48.26086956521739,2,INDUSTRIAL,,,,,0.0,0.0,0.0,0.0,unknown
178,26.321861875,87.7490775,16,4,765.9902777777778,1006.9871573917268,0.0052219983935102,1.0,0.0208879935740408,0.0009920761317908,25.228721458376224,13.708125,36.05,352.45875,367.0,45.625,2,INDUSTRIAL,,,,,0.0,0.0,0.0,0.0,unknown
181,23.108305909090912,82.92258522727272,44,16,827.5493055555555,1152.296850375175,0.0193341954281005,1.0,0.0531690374272764,0.0008670794511184,25.730290045433573,4.121818181818181,13.18,319.4472727272727,354.05,49.09090909090909,2,INDUSTRIAL,,,,,0.0,0.0,0.0,0.0,unknown
185,15.264506666666666,77.74316900000001,30,17,827.5506944444444,1619.2840234027717,0.0205425481654782,1.0,0.0362515555861381,0.0006171757454596,25.719248848838884,5.591666666666667,28.48,318.28666666666675,367.0,50.333333333333336,2,INDUSTRIAL,,,,,0.0,0.0,0.0,0.0,unknown
191,27.094394,74.43716299999998,10,5,781.0736111111111,645.6375230131247,0.0064014453040953,1.0,0.0128028906081906,0.001546461447737,25.254979814598077,13.893,49.89,346.08599999999996,367.0,47.0,2,INDUSTRIAL,,,,,0.0,0.0,0.0,0.0,unknown
192,26.557861538461545,74.21434384615385,13,4,782.0604166666667,570.8003452396057,0.0051146943570536,1.0,0.0166227566604242,0.0017488621829722,25.229974966022116,14.059230769230767,41.44,348.0023076923076,367.0,55.38461538461539,2,INDUSTRIAL,,,,,0.0,0.0,0.0,0.0,unknown
193,24.773726,73.909488,15,4,782.0597222222223,1110.9706551481283,0.0051146988987413,1.0,0.0191801208702802,0.0008993043075105,25.21937735528816,7.696666666666667,20.85,337.22266666666667,367.0,50.666666666666664,2,INDUSTRIAL,,,,,0.0,0.0,0.0,0.0,unknown
194,27.775086666666667,73.21316666666667,6,2,766.0597222222223,370.5176084222048,0.0026107625058243,1.0,0.007832287517473,0.0026916624604871,25.151736843178156,4.626666666666666,7.76,339.2666666666667,343.72,43.333333333333336,2,INDUSTRIAL,,,,,0.0,0.0,0.0,0.0,unknown
195,27.92459142857143,76.69079999999998,7,3,766.0597222222223,380.2245994056156,0.0039161437587365,1.0,0.0091376687703852,0.0026231255841284,25.19279099637063,4.728571428571429,5.52,341.90142857142854,351.13,44.285714285714285,2,INDUSTRIAL,,,,,0.0,0.0,0.0,0.0,unknown
196,23.372235000000003,77.66856,10,5,774.0222222222222,794.4939627725549,0.006459762854928,1.0,0.0129195257098561,0.0012570805647784,25.25123331121805,5.965000000000001,9.35,340.44300000000004,350.53,50.0,2,INDUSTRIAL,,,,,0.0,0.0,0.0,0.0,unknown
197,26.08047375,79.48920437499999,16,5,769.5395833333333,620.666266673608,0.00649739156801,1.0,0.0207916530176322,0.0016085801234652,25.279072482053692,11.1725,28.77,333.45125,367.0,45.625,2,INDUSTRIAL,,,,,0.0,0.0,0.0,0.0,unknown
198,23.455178333333336,72.7953975,12,3,782.0597222222223,771.5536897728854,0.003836024174056,1.0,0.0153440966962241,0.0012944084187779,25.1793291353378,3.24,6.06,340.6666666666667,346.5,48.333333333333336,2,INDUSTRIAL,,,,,0.0,0.0,0.0,0.0,unknown
199,25.047113000000003,72.407521,10,3,771.0625,693.7081464106107,0.0038907351868363,1.0,0.0129691172894544,0.0014394533951656,25.177933916732037,7.255,10.55,346.796,367.0,56.0,2,INDUSTRIAL,,,,,0.0,0.0,0.0,0.0,unknown
200,22.59198276923077,83.13640984615385,65,18,816.5513888888889,1252.94039107446,0.0220439279694242,1.0,0.0796030732229209,0.0007974860743923,25.876275243627873,3.9338461538461535,13.75,314.64338461538466,350.7,47.84615384615385,2,INDUSTRIAL,,,,,0.0,0.0,0.0,0.0,unknown
202,22.64237606060606,72.42726303030304,66,6,798.0597222222223,905.1639940929596,0.0075182343287452,1.0,0.0827005776161976,0.0011035530064301,25.45436953403145,6.383181818181819,12.89,347.3518181818182,355.94,43.63636363636363,2,INDUSTRIAL,,,,,0.0,0.0,0.0,0.0,unknown
203,26.657911666666667,76.39068833333333,6,4,768.5513888888889,450.51438162950984,0.0052045966708652,1.0,0.0078068950062979,0.0022147688771086,25.219950515183875,8.226666666666667,15.33,337.19166666666666,347.33,36.666666666666664,2,INDUSTRIAL,,,,,0.0,0.0,0.0,0.0,unknown
204,26.3656025,74.13625124999999,8,4,782.0597222222223,545.2579703148446,0.0051146988987413,1.0,0.0102293977974827,0.0018306369048009,25.21562719955197,5.4075,14.06,343.5175,354.83,37.5,2,INDUSTRIAL,,,,,0.0,0.0,0.0,0.0,unknown
205,26.585205,73.16216999999999,6,3,782.0597222222223,449.5542867536637,0.003836024174056,1.0,0.007672048348112,0.0022194883711021,25.17865061351401,8.426666666666668,12.57,342.65333333333336,354.78,46.666666666666664,2,INDUSTRIAL,,,,,0.0,0.0,0.0,0.0,unknown
207,25.98344857142857,73.47682142857143,7,3,782.0597222222223,522.4977143466598,0.003836024174056,1.0,0.0089507230727974,0.0019102280155091,25.175662093213862,9.038571428571428,14.78,347.52428571428567,355.7,50.0,2,INDUSTRIAL,,,,,0.0,0.0,0.0,0.0,unknown
208,26.67501833333333,73.38649666666667,6,3,769.0888888888888,396.2121691260221,0.0039007194660348,1.0,0.0078014389320696,0.002517546232786,25.18687610596694,6.641666666666667,9.36,344.0116666666667,355.44,46.666666666666664,2,INDUSTRIAL,,,,,0.0,0.0,0.0,0.0,unknown
209,25.85671625,72.5627825,8,5,787.0625,561.806147717948,0.0063527356467878,1.0,0.0101643770348606,0.001776810726135,25.25152922651349,4.015,8.99,338.51875,343.54,42.5,2,INDUSTRIAL,,,,,0.0,0.0,0.0,0.0,unknown
212,30.90334375,76.081475,8,3,767.0479166666667,85.12560012689912,0.0039110985569675,1.0,0.0104295961519135,0.0116109495727934,25.375625938544676,8.317499999999999,13.87,345.12750000000005,352.7,45.0,2,INDUSTRIAL,,,,,0.0,0.0,0.0,0.0,unknown
213,31.188059285714292,76.31877357142857,14,4,767.0479166666667,134.8708456235099,0.0052147980759567,1.0,0.0182517932658487,0.0073599306415663,25.349272038274655,5.403571428571429,13.21,334.7885714285714,353.03,41.42857142857143,2,INDUSTRIAL,,,,,0.0,0.0,0.0,0.0,unknown
214,31.0625,76.1786257142857,7,3,779.0298611111111,79.10004119530264,0.0038509435257349,1.0,0.0089855348933814,0.0124843880861654,25.38767990472881,6.240000000000001,10.03,342.31142857142856,356.03,47.142857142857146,2,INDUSTRIAL,,,,,0.0,0.0,0.0,0.0,unknown
215,31.07850125,76.38467625,8,4,767.0479166666667,89.60827627236299,0.0052147980759567,1.0,0.0104295961519135,0.0110365194123554,25.403248320905597,4.07375,8.82,326.82875,349.41,47.5,2,INDUSTRIAL,,,,,0.0,0.0,0.0,0.0,unknown
216,31.572546666666668,75.12353,6,4,766.0611111111111,177.1616108348086,0.0052215155448869,1.0,0.0078322733173303,0.0056128814468746,25.288483778577422,7.075,20.11,338.855,346.88,40.0,2,INDUSTRIAL,,,,,0.0,0.0,0.0,0.0,unknown
217,29.12344,77.79992333333333,6,2,766.0611111111111,261.61729167366786,0.0026107577724434,1.0,0.0078322733173303,0.0038078223776773,25.174059864020172,8.283333333333333,16.69,342.7583333333334,352.22,50.0,2,INDUSTRIAL,,,,,0.0,0.0,0.0,0.0,unknown
220,30.450185,76.97058375,8,2,766.0611111111111,56.60869460398847,0.0026107577724434,1.0,0.0104430310897738,0.017358490881874,25.45160012853522,6.58,8.6,345.125,367.0,51.25,2,INDUSTRIAL,,,,,0.0,0.0,0.0,0.0,unknown
223,32.68019111111111,74.26236833333334,18,4,768.55,221.4683265876822,0.0052046060763775,1.0,0.0234207273436991,0.0044950218996944,25.304590438644464,12.846666666666666,53.83,341.55444444444436,367.0,51.111111111111114,2,INDUSTRIAL,,,,,0.0,0.0,0.0,0.0,unknown
224,20.649670238095236,81.3312080952381,42,13,822.54375,1150.5856292871556,0.0158046304527874,1.0,0.0510611137705441,0.0008683679047115,25.61915905610421,2.573571428571429,13.32,311.4516666666666,355.29,49.04761904761905,2,INDUSTRIAL,,,,,0.0,0.0,0.0,0.0,unknown
225,23.172883846153844,80.07059846153847,13,10,817.5395833333333,858.7212816867373,0.0122318236374895,1.0,0.0159013707287363,0.0011631676699197,25.42997148934492,7.357692307692308,18.11,333.5730769230769,367.0,49.23076923076923,2,INDUSTRIAL,,,,,0.0,0.0,0.0,0.0,unknown
226,23.920820135135138,85.62448743243243,74,25,827.5486111111111,1262.0153620726978,0.0302097057071169,1.0,0.089420728893066,0.0007917560071153,26.145678113588477,2.857297297297298,11.05,312.87864864864866,345.52,48.648648648648646,2,INDUSTRIAL,,,,,0.0,0.0,0.0,0.0,unknown
227,25.436974,82.876262,10,6,789.5555555555555,914.8320928414896,0.0075992119335772,1.0,0.0126653532226287,0.001091903207822,25.281477805220337,3.699,15.0,322.02700000000004,367.0,53.0,2,INDUSTRIAL,,,,,0.0,0.0,0.0,0.0,unknown
228,24.61406083333333,82.15057416666666,12,8,819.5125,858.7226999442777,0.0097619011302451,1.0,0.0146428516953676,0.0011631657510785,25.352727478167346,2.353333333333333,5.13,315.67750000000007,341.57,43.333333333333336,2,INDUSTRIAL,,,,,0.0,0.0,0.0,0.0,unknown
229,24.03327,81.31911173913043,23,13,819.5125,816.6446086426079,0.0158630893366483,1.0,0.0280654657494547,0.0012230252476808,25.5705168494267,3.1973913043478257,7.66,317.884347826087,349.47,44.78260869565217,2,INDUSTRIAL,,,,,0.0,0.0,0.0,0.0,unknown
230,24.039266153846157,82.83944384615384,13,6,816.5513888888889,924.0522471732494,0.007347975989808,1.0,0.0159206146445841,0.0010810200213617,25.28186121673294,3.3938461538461544,12.89,316.4184615384615,367.0,52.30769230769231,2,INDUSTRIAL,,,,,0.0,0.0,0.0,0.0,unknown
231,22.78098740740741,86.4006848148148,54,26,828.5347222222222,1308.232194953414,0.0313807005339077,1.0,0.0651753011088853,0.0007638064537784,26.119635397865014,2.7972222222222225,27.58,310.5918518518519,352.33,48.51851851851852,2,INDUSTRIAL,,,,,0.0,0.0,0.0,0.0,unknown
232,23.70806458333333,84.64611166666667,24,16,828.5347222222222,1179.9005224192388,0.0193112003285586,1.0,0.0289668004928379,0.0008468113791256,25.66868923867137,2.5062499999999996,8.78,314.25375,367.0,49.583333333333336,2,INDUSTRIAL,,,,,0.0,0.0,0.0,0.0,unknown
234,24.708529,83.600074,20,10,819.5125,1019.8307032788048,0.0122023764128063,1.0,0.0244047528256127,0.0009795943605419,25.446675061659064,2.218,9.88,312.8255,355.07,48.0,2,INDUSTRIAL,,,,,0.0,0.0,0.0,0.0,unknown
235,24.226455,79.6598275,8,4,780.5347222222222,823.3097602775686,0.0051246919401763,1.0,0.0102493838803526,0.0012131361876186,25.20362694165854,5.67375,19.8,328.47625000000005,367.0,43.75,2,INDUSTRIAL,,,,,0.0,0.0,0.0,0.0,unknown
236,31.811373333333336,75.01564333333333,6,3,766.5763888888889,154.3358163994177,0.0039135043075724,1.0,0.0078270086151448,0.0064376653316623,25.26572595739828,8.193333333333333,18.18,333.38,367.0,60.0,2,INDUSTRIAL,,,,,0.0,0.0,0.0,0.0,unknown
237,32.002335714285714,74.64028,7,3,768.55,184.76653103029665,0.0039034545572831,1.0,0.0091080606336607,0.0053831010056214,25.24753580841508,2.807142857142857,3.97,327.66857142857145,342.64,41.42857142857143,2,INDUSTRIAL,,,,,0.0,0.0,0.0,0.0,unknown
238,32.04523428571429,74.54544142857142,7,5,768.0354166666667,164.5787705166565,0.0065101164497079,1.0,0.0091141630295911,0.006039421580917,25.338877332683555,5.235714285714286,13.19,328.6471428571429,345.92,44.285714285714285,2,INDUSTRIAL,,,,,0.0,0.0,0.0,0.0,unknown
240,32.063669999999995,74.62872,7,5,768.55,150.75378993579403,0.0065057575954719,1.0,0.0091080606336607,0.0065896212570578,25.349735304589473,2.902857142857143,6.71,326.63,347.59,41.42857142857143,2,INDUSTRIAL,,,,,0.0,0.0,0.0,0.0,unknown
242,31.948279999999993,75.405928,10,3,767.5631944444444,211.88216526594996,0.003908472972276,1.0,0.0130282432409202,0.0046974343705623,25.243773484681824,15.346999999999998,31.65,326.464,345.86,48.0,2,INDUSTRIAL,,,,,0.0,0.0,0.0,0.0,unknown
244,31.70759428571429,76.52687285714286,7,2,766.5763888888889,260.9354386457331,0.0026090028717149,1.0,0.0091315100510023,0.0038177346493098,25.17745355426515,2.717142857142857,4.0,323.09714285714284,340.78,50.0,2,INDUSTRIAL,,,,,0.0,0.0,0.0,0.0,unknown
246,32.44575733333333,75.07053400000001,15,5,768.0354166666667,416.3894802998613,0.0065101164497079,1.0,0.0195303493491239,0.002395843803446,25.29204624293297,5.351999999999999,16.21,336.168,355.6,46.0,2,INDUSTRIAL,,,,,0.0,0.0,0.0,0.0,unknown
250,32.86610090909091,74.9280490909091,33,5,769.0208333333334,500.0744153979262,0.0065017744426082,1.0,0.0429117113212147,0.001995711553554,25.342246742652364,4.4421212121212115,22.39,327.65363636363634,351.4,46.96969696969697,2,INDUSTRIAL,,,,,0.0,0.0,0.0,0.0,unknown
252,31.766618181818185,75.77741999999999,11,3,767.5631944444444,269.61780263526987,0.003908472972276,1.0,0.0143310675650122,0.0036952483918723,25.226986825918257,6.756363636363637,16.23,341.7245454545454,367.0,50.0,2,INDUSTRIAL,,,,,0.0,0.0,0.0,0.0,unknown
255,30.36680125,78.12587875,8,3,767.5645833333333,82.92022814320916,0.0039084658999921,1.0,0.0104225757333123,0.0119160781866978,25.38163198006701,1.70125,2.95,307.73875,332.13,50.0,2,INDUSTRIAL,,,,,0.0,0.0,0.0,0.0,unknown
256,28.166498333333337,76.19398722222223,18,15,820.56875,145.34664674040098,0.0182800039606675,1.0,0.021936004752801,0.0068330913093886,25.7399019568898,2.6999999999999997,9.19,317.3322222222222,349.53,45.55555555555556,2,INDUSTRIAL,,,,,0.0,0.0,0.0,0.0,unknown
257,26.84075600000001,74.80136150000001,20,19,824.5868055555555,536.5697907535468,0.0230418433474677,1.0,0.0242545719447029,0.0018602235787807,25.789096201861405,3.1559999999999997,21.18,314.767,353.38,50.0,2,INDUSTRIAL,,,,,0.0,0.0,0.0,0.0,unknown
258,23.921345833333337,74.30116916666667,12,9,784.0326388888889,863.1003693522117,0.0114791139470348,1.0,0.0153054852627131,0.0011572729690529,25.40578259094889,3.19,12.02,324.8633333333333,342.58,46.666666666666664,2,INDUSTRIAL,,,,,0.0,0.0,0.0,0.0,unknown
259,22.416797377049186,83.39479278688523,61,17,818.5277777777778,1041.2197142147186,0.020768995825839,1.0,0.0745240438456578,0.0009594905818428,25.828569796026173,4.417868852459017,11.97,321.24540983606545,349.71,47.049180327868854,2,INDUSTRIAL,,,,,0.0,0.0,0.0,0.0,unknown
261,24.789984583333336,80.64973458333334,24,13,827.5486111111111,665.6076148463826,0.0157090469677007,1.0,0.0290013174788322,0.0015001328783657,25.573777360295413,4.1275,9.49,318.84083333333336,347.3,45.833333333333336,2,INDUSTRIAL,,,,,0.0,0.0,0.0,0.0,unknown
265,21.25802333333333,77.99955666666666,6,3,767.0430555555556,943.6112572021408,0.003911123343431,1.0,0.007822246686862,0.0010586365474427,25.158062047968937,7.93,10.97,343.98333333333335,355.84,50.0,2,INDUSTRIAL,,,,,0.0,0.0,0.0,0.0,unknown
266,18.709932941176472,79.24590941176471,17,6,796.5368055555556,1287.9517847506036,0.0075326086103644,1.0,0.0213423910626993,0.0007758242098974,25.29485072016563,4.299411764705883,7.89,326.6029411764706,345.89,50.0,2,INDUSTRIAL,,,,,0.0,0.0,0.0,0.0,unknown
267,24.947779166666667,80.97569333333334,12,3,770.00625,616.6459035314961,0.0038960722721406,1.0,0.0155842890885625,0.0016190506474378,25.188223903834377,9.59,14.92,346.1325,367.0,52.5,2,INDUSTRIAL,,,,,0.0,0.0,0.0,0.0,unknown
269,24.370659259259263,80.5002974074074,27,11,827.5486111111111,621.077088700702,0.0132922705111314,1.0,0.0326264821636862,0.0016075178111584,25.51248467696633,3.8807407407407406,13.22,317.65185185185186,347.76,49.25925925925926,2,INDUSTRIAL,,,,,0.0,0.0,0.0,0.0,unknown
271,24.37247913043478,78.1779991304348,23,5,783.0444444444445,626.6199090572677,0.0063853335982064,1.0,0.0293725345517495,0.0015933210300834,25.29685776492724,4.215652173913044,8.73,336.9308695652174,354.81,50.0,2,INDUSTRIAL,,,,,0.0,0.0,0.0,0.0,unknown
274,24.777050625,81.13577312500001,16,7,784.5513888888889,669.7016006373758,0.0089222963583222,1.0,0.0203938202475937,0.0014909760153392,25.348472961675434,5.883125,12.55,330.964375,355.92,47.5,2,INDUSTRIAL,,,,,0.0,0.0,0.0,0.0,unknown
276,23.74939125,79.06436124999999,8,3,774.0222222222222,680.5407599262693,0.0038758577129568,1.0,0.0103356205678849,0.0014672636748947,25.171460056306312,6.3325000000000005,11.5,340.56125000000003,349.72,50.0,2,INDUSTRIAL,,,,,0.0,0.0,0.0,0.0,unknown
277,23.955188333333336,80.18745666666666,6,4,781.0,718.5363256494066,0.0051216389244558,1.0,0.0076824583866837,0.0013897838988149,25.20065099167669,6.923333333333335,16.41,341.7366666666667,351.11,43.333333333333336,2,INDUSTRIAL,,,,,0.0,0.0,0.0,0.0,unknown
278,23.27935666666667,77.68753666666667,6,4,799.0444444444445,683.9446465788307,0.0050059793642406,1.0,0.0075089690463609,0.0014599719918898,25.198151243380916,6.498333333333332,13.32,343.24,350.25,46.666666666666664,2,INDUSTRIAL,,,,,0.0,0.0,0.0,0.0,unknown
279,20.51783736842105,79.71372578947368,19,6,780.5347222222222,1038.2234813988791,0.0076870379102645,1.0,0.0243422867158376,0.0009622569330842,25.31071199275921,8.01578947368421,22.13,334.4542105263158,354.8,48.94736842105263,2,INDUSTRIAL,,,,,0.0,0.0,0.0,0.0,unknown
281,20.314525,79.126541,20,10,800.5527777777778,1034.1364264160843,0.0124913688111339,1.0,0.0249827376222679,0.0009660562361448,25.456519033112585,4.3625,12.78,322.251,367.0,52.0,2,INDUSTRIAL,,,,,0.0,0.0,0.0,0.0,unknown
285,23.92120833333333,77.66889333333333,6,3,769.0180555555555,669.2760208523495,0.0039010787566395,1.0,0.007802157513279,0.001491922683924,25.16637621016087,5.22,7.86,341.79333333333335,349.37,46.666666666666664,2,INDUSTRIAL,,,,,0.0,0.0,0.0,0.0,unknown
286,21.48536111111111,78.04048277777777,18,4,799.0444444444445,934.1109326218692,0.0050059793642406,1.0,0.0225269071390827,0.001069391839101,25.227884485556945,4.933888888888889,10.79,342.4505555555555,353.67,47.77777777777778,2,INDUSTRIAL,,,,,0.0,0.0,0.0,0.0,unknown
288,23.132035454545456,77.00983409090908,22,3,783.0458333333333,812.6570182556875,0.0038311933635217,1.0,0.0280954179991592,0.001229019079985,25.209754727503253,7.053636363636364,18.11,341.52090909090913,355.55,43.63636363636363,2,INDUSTRIAL,,,,,0.0,0.0,0.0,0.0,unknown
289,22.923358428571422,82.02094085714285,70,23,822.0236111111111,893.8737173167807,0.02797973159057,1.0,0.0851557048408652,0.0011174761093648,26.07463073200656,5.9278571428571425,17.22,330.9578571428571,367.0,47.0,2,INDUSTRIAL,,,,,0.0,0.0,0.0,0.0,unknown
293,32.6482016,74.6242992,25,4,768.55,317.04095758926513,0.0052046060763775,1.0,0.0325287879773599,0.0031442491167802,25.30034513457033,4.6864,16.14,330.1864,367.0,48.0,2,INDUSTRIAL,,,,,0.0,0.0,0.0,0.0,unknown
294,30.6354225,75.586755,12,4,785.0208333333334,108.52040835012326,0.0050954061728722,1.0,0.0152862185186168,0.0091307183297118,25.37369209807695,5.323333333333333,12.95,340.89333333333326,367.0,44.166666666666664,2,INDUSTRIAL,,,,,0.0,0.0,0.0,0.0,unknown
295,30.65368125,75.495595,8,2,767.0479166666667,124.99298518584024,0.0026073990379783,1.0,0.0104295961519135,0.0079369498113327,25.263034957745788,13.93875,44.65,344.67875000000004,354.97,37.5,2,INDUSTRIAL,,,,,0.0,0.0,0.0,0.0,unknown
297,30.794145555555556,77.08054777777778,9,2,767.0479166666667,111.22695151335324,0.0026073990379783,1.0,0.0117332956709027,0.0089105155803952,25.285765521924517,9.05,12.59,344.3688888888889,356.13,47.77777777777778,2,INDUSTRIAL,,,,,0.0,0.0,0.0,0.0,unknown
300,31.746461111111117,76.83693111111113,9,3,768.0354166666667,276.09538675798206,0.0039060698698247,1.0,0.0117182096094743,0.003608865566836,25.21865493145515,4.045555555555556,6.97,328.31444444444446,367.0,51.111111111111114,2,INDUSTRIAL,,,,,0.0,0.0,0.0,0.0,unknown
303,31.503431428571425,76.18209,7,2,767.5631944444444,199.13671124223785,0.002605648648184,1.0,0.0091197702686441,0.0049965845535936,25.200900576189007,9.982857142857144,16.38,343.9428571428572,367.0,58.57142857142857,2,INDUSTRIAL,,,,,0.0,0.0,0.0,0.0,unknown
304,32.65651319148936,75.11571021276595,47,6,770.5944444444444,454.117711346673,0.0077861968033336,1.0,0.0609918749594468,0.0021972337596817,25.43001026669226,4.800212765957446,25.87,326.856170212766,367.0,49.57446808510638,2,INDUSTRIAL,,,,,0.0,0.0,0.0,0.0,unknown
308,32.28828625,75.92609375,8,3,768.0354166666667,345.27786545207607,0.0039060698698247,1.0,0.0104161863195327,0.0028878542343284,25.200979646580144,3.60875,5.46,328.39375,355.61,45.0,2,INDUSTRIAL,,,,,0.0,0.0,0.0,0.0,unknown
309,31.36143833333333,75.44375333333333,6,4,768.0354166666667,206.3178219675264,0.0052080931597663,1.0,0.0078121397396495,0.0048235119899949,25.272243383942016,6.560000000000001,13.35,344.8183333333333,367.0,56.666666666666664,2,INDUSTRIAL,,,,,0.0,0.0,0.0,0.0,unknown
310,31.38002125,75.69369375,8,2,767.5631944444444,199.93785258016533,0.002605648648184,1.0,0.0104225945927362,0.0049766631182695,25.20375920829275,3.85,6.85,325.5725,348.79,47.5,2,INDUSTRIAL,,,,,0.0,0.0,0.0,0.0,unknown
314,21.551636666666667,77.79852333333334,6,3,767.9680555555556,1128.4214361727834,0.0039064124846049,1.0,0.0078128249692098,0.0008854090846625,25.154432618654425,4.7299999999999995,7.76,333.2216666666667,354.78,46.666666666666664,2,INDUSTRIAL,,,,,0.0,0.0,0.0,0.0,unknown
315,26.387830000000005,76.70503272727272,11,3,767.9680555555556,1541.859935688028,0.0039064124846049,1.0,0.0143235124435514,0.0006481469748931,25.165964095144886,2.8745454545454554,7.23,328.72727272727275,343.28,48.18181818181818,2,INDUSTRIAL,,,,,0.0,0.0,0.0,0.0,unknown
316,22.090092222222225,77.91934444444445,9,2,767.4986111111111,1267.7221272004035,0.0026058679078319,1.0,0.0117264055852435,0.0007881946555205,25.123255944308475,4.395555555555556,6.81,334.4644444444445,367.0,51.111111111111114,2,INDUSTRIAL,,,,,0.0,0.0,0.0,0.0,unknown
317,21.24206875,75.79399000000001,16,11,805.4895833333334,1235.013122425313,0.0136562908169203,1.0,0.0198636957337023,0.0008090528990807,25.47552902182348,2.975625,5.6,317.24125000000004,340.82,50.0,2,INDUSTRIAL,,,,,0.0,0.0,0.0,0.0,unknown
318,21.479851521739132,87.32065478260868,46,20,827.4819444444445,1113.9328823649616,0.0241697116586968,1.0,0.0555903368150026,0.000896914976513,25.882005491328673,3.4813043478260868,8.78,315.2291304347826,351.49,50.0,2,INDUSTRIAL,,,,,0.0,0.0,0.0,0.0,unknown
319,23.437714999999997,75.32036500000001,8,4,767.9673611111111,929.0031913325485,0.0052085546893721,1.0,0.0104171093787442,0.0010752651273886,25.20380471667579,3.1775,6.74,329.55875000000003,343.65,50.0,2,INDUSTRIAL,,,,,0.0,0.0,0.0,0.0,unknown
323,21.976253333333332,77.90542833333335,6,4,827.4798611111111,769.7869398977513,0.0048339545020817,1.0,0.0072509317531225,0.0012973753812339,25.189093472069935,4.456666666666667,9.57,332.1066666666667,367.0,60.0,2,INDUSTRIAL,,,,,0.0,0.0,0.0,0.0,unknown
324,22.35598,77.660745,6,3,767.9673611111111,930.8918152295232,0.003906416017029,1.0,0.0078128320340581,0.0010730859351454,25.158186279298928,4.661666666666666,5.83,341.0033333333334,367.0,55.0,2,INDUSTRIAL,,,,,0.0,0.0,0.0,0.0,unknown
325,23.478813333333335,77.69910499999999,6,2,767.4979166666667,806.2672166654839,0.002605870265663,1.0,0.0078176107969891,0.0012387471946781,25.122495078855927,6.123333333333334,16.21,336.50333333333333,367.0,55.0,2,INDUSTRIAL,,,,,0.0,0.0,0.0,0.0,unknown
326,23.118061612903222,82.2190277419355,31,18,827.48125,425.4621767153169,0.02175275874831,1.0,0.0374630845109783,0.0023448738354762,25.793137950436268,3.410322580645161,14.95,312.1051612903226,355.92,49.354838709677416,2,INDUSTRIAL,,,,,0.0,0.0,0.0,0.0,unknown
328,21.468334,82.528176,10,6,785.4722222222222,362.6653018058173,0.007638716978463,1.0,0.0127311949641051,0.0027497811725077,25.315985120214307,8.033000000000001,22.39,326.453,367.0,53.0,2,INDUSTRIAL,,10.399,,0.803,0.0,5.0,0.0,59.0,population
329,22.792185,84.04923633333334,30,14,819.4451388888889,474.71770655609254,0.017084731284126,1.0,0.0366101384659843,0.0021020869860812,25.646109024410368,3.1253333333333324,9.67,314.313,348.64,49.333333333333336,2,INDUSTRIAL,,,,,0.0,0.0,0.0,0.0,unknown
330,22.883876875,84.77196062499999,16,10,784.4840277777778,540.2145934191881,0.0127472321244413,1.0,0.0203955713991061,0.0018476959271966,25.470359810774937,2.5925,5.98,316.11875,335.33,50.0,2,INDUSTRIAL,,,,,0.0,0.0,0.0,0.0,unknown
331,21.834160909090908,81.07308818181818,11,7,784.4840277777778,543.8602522607598,0.0089230624871089,1.0,0.0140219553368854,0.0018353329974993,25.339453422905468,4.861818181818181,10.53,324.56,367.0,52.72727272727273,2,INDUSTRIAL,,,,,0.0,0.0,0.0,0.0,unknown
332,22.408508695652177,83.81440652173914,23,12,828.4673611111111,779.3435650619443,0.0144845778642456,1.0,0.0277621075731374,0.001281486828075,25.529572341421712,2.5495652173913044,6.94,317.7721739130435,367.0,50.43478260869565,2,INDUSTRIAL,,,,,0.0,0.0,0.0,0.0,unknown
334,22.679976363636364,74.46158727272727,11,9,798.5104166666666,608.9069744300858,0.0112709863417561,1.0,0.0137756499732574,0.0016395943019579,25.405360601224984,4.298181818181818,12.07,322.5463636363636,367.0,46.36363636363637,2,INDUSTRIAL,,,,,0.0,0.0,0.0,0.0,unknown
335,19.65829411764706,74.44294764705882,17,12,826.4944444444444,386.6683347167109,0.014519153855978,1.0,0.0205688012959689,0.0025795245844124,25.53858711060751,1.5341176470588236,4.45,313.92,339.77,46.47058823529411,2,INDUSTRIAL,,,,,0.0,0.0,0.0,0.0,unknown
336,20.87019125,75.7280975,8,4,776.5201388888889,515.5267447904708,0.0051511864273392,1.0,0.0103023728546784,0.0019360081739923,25.219011688436716,5.55875,11.72,326.53999999999996,355.32,47.5,2,INDUSTRIAL,,,,,0.0,0.0,0.0,0.0,unknown
337,20.461867,75.921245,10,6,782.5111111111111,582.8426324187805,0.0076676227529605,1.0,0.0127793712549342,0.0017127903042248,25.296232916810652,5.962999999999999,21.14,321.893,367.0,53.0,2,INDUSTRIAL,,,,,0.0,0.0,0.0,0.0,unknown
338,21.268682222222225,78.99210444444445,9,6,813.4534722222222,599.168319364233,0.0073759596644279,1.0,0.0110639394966419,0.0016661992440042,25.28226262355453,4.004444444444444,6.75,322.95,349.56,45.55555555555556,2,INDUSTRIAL,,,,,0.0,0.0,0.0,0.0,unknown
340,15.267336683168317,76.70612712871286,202,31,827.4805555555556,723.8763188065897,0.0374631159510293,1.0,0.2441144974873528,0.0013795456880787,26.761770636010834,2.7377227722772277,35.77,315.06024752475247,367.0,49.9009900990099,2,INDUSTRIAL,,,,,0.0,0.0,0.0,0.0,unknown
341,17.365946470588234,77.25534235294117,17,9,800.4847222222222,847.4638570830856,0.0112431877213285,1.0,0.0212371323625095,0.0011786005869924,25.41396047428598,3.426470588235294,9.26,316.67411764705884,367.0,50.588235294117645,2,INDUSTRIAL,,,,,0.0,0.0,0.0,0.0,unknown
342,18.5346675,76.30005083333333,12,9,827.4805555555556,540.6215395852886,0.0108763885019117,1.0,0.0145018513358823,0.0018463076648792,25.39947243669464,3.481666666666667,16.12,315.81666666666666,346.45,48.333333333333336,2,INDUSTRIAL,,,,,0.0,0.0,0.0,0.0,unknown
343,18.4264625,77.73592124999999,8,7,827.4805555555556,628.5183137249633,0.0084594132792647,1.0,0.0096679008905882,0.0015885161371761,25.309722473347936,4.232500000000001,12.63,319.85375,353.58,50.0,2,INDUSTRIAL,,,,,0.0,0.0,0.0,0.0,unknown
344,16.33315303030303,76.47203424242423,33,20,827.4805555555556,818.4714518747618,0.0241697522264705,1.0,0.0398800911736764,0.0012202987641756,25.84919877001182,3.997575757575758,37.25,313.579696969697,367.0,51.81818181818182,2,INDUSTRIAL,,,,,0.0,0.0,0.0,0.0,unknown
345,25.44804466666666,89.37722466666668,15,10,825.4361111111111,963.2616896251328,0.0121148079971193,1.0,0.018172211995679,0.0010370628749014,25.429616027400808,13.472,42.09,337.03600000000006,367.0,51.333333333333336,2,INDUSTRIAL,,,,,0.0,0.0,0.0,0.0,unknown
346,20.30358,80.04947166666666,6,2,767.9631944444444,465.9089547601771,0.002604291474472,1.0,0.0078128744234161,0.0021417451728113,25.140495833748933,22.42833333333333,58.42,350.75666666666666,367.0,51.666666666666664,2,INDUSTRIAL,,,,,0.0,0.0,0.0,0.0,unknown
347,22.592494444444444,80.96598666666667,9,6,785.4715277777777,441.57433850842784,0.0076387237319409,1.0,0.0114580855979113,0.0022595074160201,25.302997074273403,6.263333333333334,22.74,328.46666666666664,367.0,54.44444444444444,2,INDUSTRIAL,,,,,0.0,0.0,0.0,0.0,unknown
349,21.2290625,73.671055,8,3,767.9645833333333,287.1165168109719,0.0039064301467895,1.0,0.0104171470581054,0.0034708180255284,25.21265213255952,7.3775,14.67,342.72625,354.47,42.5,2,INDUSTRIAL,,,,,0.0,0.0,0.0,0.0,unknown
350,21.813024285714285,79.67330571428572,7,3,783.9645833333333,294.6445650613909,0.0038267034809714,1.0,0.0089289747889333,0.0033824399910492,25.20477234122246,5.128571428571429,8.7,345.9700000000001,351.21,50.0,2,INDUSTRIAL,,,,,0.0,0.0,0.0,0.0,unknown
351,22.63588375,80.912109375,16,3,783.9638888888888,340.7987207272888,0.0038267068707104,1.0,0.0204091033104557,0.0029256984867356,25.22433793413216,7.431875,26.9,349.43,367.0,49.375,2,INDUSTRIAL,,,,,0.0,0.0,0.0,0.0,unknown
352,23.62419,80.85109125,8,6,783.4972222222223,343.91428575053277,0.0076579722682133,1.0,0.0102106296909511,0.0028992710401194,25.313251163076167,7.41375,20.78,327.865,367.0,53.75,2,INDUSTRIAL,,,,,0.0,0.0,0.0,0.0,unknown
353,22.75517875,80.77172375,8,2,767.9638888888888,418.1432546336753,0.002604289119497,1.0,0.0104171564779883,0.0023858191416535,25.151887947612963,10.94875,23.82,347.16749999999996,367.0,57.5,2,INDUSTRIAL,,,,,0.0,0.0,0.0,0.0,unknown
355,24.245625714285715,74.69886428571428,7,3,767.9638888888888,421.1078619016218,0.0039064336792456,1.0,0.0091150119182397,0.0023690627213028,25.187361794599028,7.254285714285715,10.79,342.5799999999999,350.15,44.285714285714285,2,INDUSTRIAL,,,,,0.0,0.0,0.0,0.0,unknown
356,23.515063333333337,81.29866,6,4,772.96875,373.8131140993782,0.0051748534465332,1.0,0.0077622801697998,0.0026679962957082,25.228011229734665,7.321666666666666,15.52,341.0083333333333,354.31,50.0,2,INDUSTRIAL,,,,,0.0,0.0,0.0,0.0,unknown
359,23.2514325,81.69106625,8,4,770.4576388888889,456.90376362030406,0.0051917195678254,1.0,0.0103834391356508,0.0021838649940191,25.225387484754275,6.94375,9.58,333.75625,355.39,47.5,2,INDUSTRIAL,,,,,0.0,0.0,0.0,0.0,unknown
361,29.456673333333335,77.50128833333333,6,3,767.9652777777778,175.8696729666265,0.0039064266143398,1.0,0.0078128532286796,0.0056538805281145,25.24980254206418,9.55,18.28,343.865,367.0,51.666666666666664,2,INDUSTRIAL,,,,,0.0,0.0,0.0,0.0,unknown
363,30.361633333333337,78.13109333333334,6,3,784.9513888888889,101.59905257778748,0.0038218927215945,1.0,0.0076437854431891,0.0097466786961003,25.328699819177817,6.916666666666667,9.51,338.74333333333334,347.2,46.666666666666664,2,INDUSTRIAL,,,,,0.0,0.0,0.0,0.0,unknown
365,31.597584285714284,75.82583571428572,7,2,768.4805555555556,272.3698082512473,0.00260253819767,1.0,0.009108883691845,0.0036580484377445,25.174009323914603,3.8242857142857143,9.6,333.1485714285714,367.0,45.714285714285715,2,INDUSTRIAL,,,,,0.0,0.0,0.0,0.0,unknown
367,29.82699388888888,75.4222288888889,18,3,818.5263888888888,122.38002733864208,0.0036651231294721,1.0,0.021990738776833,0.0081050395397894,25.327031331622035,8.712777777777779,35.31,321.90055555555557,367.0,51.666666666666664,2,INDUSTRIAL,,,,,0.0,0.0,0.0,0.0,unknown
368,31.72182818181818,76.09401272727273,11,3,771.0652777777777,228.02655957627653,0.0038907211703865,1.0,0.0142659776247507,0.0043663058199455,25.239712695572383,5.520909090909091,9.27,337.6645454545454,367.0,52.72727272727273,2,INDUSTRIAL,,,,,0.0,0.0,0.0,0.0,unknown
369,31.46579142857143,75.34336428571429,7,2,768.4805555555556,224.5654303811833,0.00260253819767,1.0,0.009108883691845,0.0044333034468539,25.189514424096792,4.425714285714286,6.41,332.30571428571426,350.68,47.142857142857146,2,INDUSTRIAL,,,,,0.0,0.0,0.0,0.0,unknown
370,31.50257,75.27496666666667,9,5,780.9354166666667,217.31006337322037,0.0064025781047835,1.0,0.0115246405886103,0.0045806408763228,25.31250176214148,5.2333333333333325,14.83,329.12666666666667,367.0,53.333333333333336,2,INDUSTRIAL,,,,,0.0,0.0,0.0,0.0,unknown
375,26.933808936170216,79.49155872340427,47,28,827.4791666666666,273.69493920952914,0.0338377099121327,1.0,0.0567990130667942,0.0036404019778363,26.229936869587693,3.5600000000000005,25.64,313.97468085106385,367.0,50.638297872340424,2,INDUSTRIAL,,,,,0.0,0.0,0.0,0.0,unknown
376,24.817185624999997,84.658364375,48,18,828.4652777777778,724.3828243752498,0.0217269214327027,1.0,0.0579384571538738,0.0013785824069673,25.824225434005115,2.8277083333333337,10.12,312.34291666666667,350.99,48.333333333333336,2,INDUSTRIAL,,,,,0.0,0.0,0.0,0.0,unknown
378,24.40799692307692,79.30331000000001,13,7,811.4791666666666,560.0014599059735,0.0086262226900464,1.0,0.0160201278529434,0.0017825265555772,25.334487531445298,3.7492307692307696,11.98,313.32384615384615,339.96,50.0,2,INDUSTRIAL,,,,,0.0,0.0,0.0,0.0,unknown
379,26.349665,73.35457333333333,6,4,768.4819444444445,501.2997708036308,0.0052050669881277,1.0,0.0078076004821916,0.0019908430346286,25.215487871541892,4.115,7.68,321.41833333333335,344.71,46.666666666666664,2,INDUSTRIAL,,,,,0.0,0.0,0.0,0.0,unknown
380,20.948972499999996,76.0369375,8,6,801.4715277777777,959.3266148991456,0.0074862297562036,1.0,0.0099816396749382,0.0010413123873537,25.270367239620526,2.4012499999999997,5.93,321.8275,367.0,53.75,2,INDUSTRIAL,,,,,0.0,0.0,0.0,0.0,unknown
381,22.32481428571429,76.11161142857142,7,5,827.4791666666666,788.811374583218,0.0060424481985951,1.0,0.0084594274780331,0.0012661250928776,25.22774451651049,4.704285714285715,13.54,323.46000000000004,343.01,41.42857142857143,2,INDUSTRIAL,,,,,0.0,0.0,0.0,0.0,unknown
383,16.602117,77.05064166666668,30,19,827.4791666666666,1428.0355264719483,0.0229613031546614,1.0,0.0362546891915707,0.0006997726658824,25.79347127093642,1.7019999999999995,7.8,309.36033333333336,352.02,49.333333333333336,2,INDUSTRIAL,,,,,0.0,0.0,0.0,0.0,unknown
385,18.19328823529412,74.57050352941177,17,11,801.4715277777777,1344.2023057577558,0.01372475455304,1.0,0.0212109843092436,0.0007433826092326,25.47963774954896,2.4023529411764706,8.42,316.93176470588236,367.0,50.588235294117645,2,INDUSTRIAL,,,,,0.0,0.0,0.0,0.0,unknown
388,24.05702090909091,73.37672454545455,11,8,783.4965277777778,724.0692258335906,0.0102106387410424,1.0,0.0140396282689333,0.0013791786554591,25.369001806012793,3.238181818181818,6.03,320.08181818181816,343.76,50.0,2,INDUSTRIAL,,,,,0.0,0.0,0.0,0.0,unknown
389,22.33539133333333,73.42818933333334,15,6,772.4993055555556,916.1008078500756,0.0077669972734603,1.0,0.0194174931836508,0.001090392671602,25.303361504594974,5.026666666666667,10.3,322.7286666666667,341.64,50.0,2,INDUSTRIAL,,,,,0.0,0.0,0.0,0.0,unknown
390,19.37007090909091,76.46562363636362,11,7,827.4791666666666,1256.889510096455,0.0084594274780331,1.0,0.0132933860369092,0.0007949823827716,25.302915937088702,3.840909090909091,14.41,317.1454545454546,367.0,52.72727272727273,2,INDUSTRIAL,,,,,0.0,0.0,0.0,0.0,unknown
391,16.794854285714283,78.04884357142858,14,11,810.49375,1583.173354350216,0.0135719738739502,1.0,0.0172734212941185,0.0006312440474105,25.462967650402017,3.8528571428571423,13.19,320.95428571428573,367.0,54.285714285714285,2,INDUSTRIAL,,,,,0.0,0.0,0.0,0.0,unknown
392,24.35777333333333,78.78528333333333,6,4,776.9840277777778,648.4078626820727,0.0051481109739671,1.0,0.0077221664609507,0.0015398643248173,25.204546031867743,4.745,9.78,330.07666666666665,339.6,50.0,2,INDUSTRIAL,,,,,0.0,0.0,0.0,0.0,unknown
394,23.96574,76.96782499999999,6,2,768.9486111111111,681.9421587030329,0.0026009540443932,1.0,0.0078028621331796,0.0014642528466819,25.126820833598384,9.281666666666668,20.84,346.79833333333335,367.0,55.0,2,INDUSTRIAL,,,,,0.0,0.0,0.0,0.0,unknown
396,25.24790125,78.36288875,8,2,768.9486111111111,555.6782794654146,0.0026009540443932,1.0,0.0104038161775729,0.0017963697109941,25.139965555995612,5.282500000000001,8.74,346.97125,367.0,52.5,2,INDUSTRIAL,,,,,0.0,0.0,0.0,0.0,unknown
399,26.08488,83.37340624999999,16,8,828.4652777777778,558.9213949678439,0.0096564095256456,1.0,0.0193128190512912,0.001785964974704,25.37369363289168,3.1868749999999997,8.15,311.481875,334.44,47.5,2,INDUSTRIAL,,,,,0.0,0.0,0.0,0.0,unknown
400,26.505220000000005,78.87995499999998,6,2,768.95,372.986555777127,0.0026009493465114,1.0,0.0078028480395344,0.0026738929101931,25.15101345869804,5.671666666666667,7.41,328.27500000000003,349.82,46.666666666666664,2,INDUSTRIAL,,,,,0.0,0.0,0.0,0.0,unknown
402,24.12196807017544,86.4866050877193,57,22,828.4652777777778,1013.5889692741332,0.0265551261955255,1.0,0.0688019178702252,0.0009856208083115,25.98837099670756,3.3003508771929826,10.77,318.4019298245614,349.44,48.94736842105263,2,INDUSTRIAL,,,,,0.0,0.0,0.0,0.0,unknown
404,27.395995263157896,81.72668052631577,19,16,825.5736111111111,601.7950238081346,0.0193804644245667,1.0,0.023014301504173,0.0016589387113426,25.672128460724288,3.2268421052631573,7.29,316.52,367.0,50.526315789473685,2,INDUSTRIAL,,,,,0.0,0.0,0.0,0.0,unknown
405,25.0129572,84.8193892,25,15,827.4791666666666,812.6243601756901,0.0181273445957853,1.0,0.0302122409929756,0.0012290684115997,25.643932308587996,3.4976,24.1,314.072,348.03,46.8,2,INDUSTRIAL,,,,,0.0,0.0,0.0,0.0,unknown
409,25.855291538461543,80.52528615384615,13,5,782.4388888888889,657.7122151775023,0.0063902754208706,1.0,0.0166147160942636,0.0015181136419802,25.263607325701383,4.516923076923076,7.69,324.09999999999997,355.02,50.0,2,INDUSTRIAL,,,,,0.0,0.0,0.0,0.0,unknown
410,24.784792500000005,81.29101833333334,12,9,818.4583333333334,779.289573185423,0.0109962836633915,1.0,0.0146617115511887,0.0012815755001282,25.392174298782283,5.466666666666666,13.89,323.5591666666666,367.0,55.0,2,INDUSTRIAL,,,,,0.0,0.0,0.0,0.0,unknown
411,25.211497179487186,80.32163769230769,39,13,827.4791666666666,643.9262728937083,0.0157103653163473,1.0,0.047131095949042,0.0015505648351293,25.620149996065617,4.872820512820515,25.69,318.77128205128207,367.0,51.02564102564103,2,INDUSTRIAL,,,,,0.0,0.0,0.0,0.0,unknown
412,25.828044666666663,79.24135466666665,15,8,813.4520833333333,616.9141670181866,0.0098346296775317,1.0,0.0184399306453719,0.0016183477469461,25.3735056718783,6.389333333333336,14.65,329.65466666666657,367.0,54.0,2,INDUSTRIAL,,,,,0.0,0.0,0.0,0.0,unknown
413,25.62123555555556,79.49315777777778,9,6,827.4791666666666,635.818032051064,0.0072509378383141,1.0,0.0108764067574712,0.0015703072929313,25.27612529790173,4.246666666666666,10.36,321.9766666666667,354.67,47.77777777777778,2,INDUSTRIAL,,,,,0.0,0.0,0.0,0.0,unknown
414,26.08466125,79.98237125,8,4,782.4388888888889,632.5695245689077,0.0051122203366965,1.0,0.010224440673393,0.0015783587455227,25.21049488669483,4.96,8.77,332.8925,367.0,57.5,2,INDUSTRIAL,,,,,0.0,0.0,0.0,0.0,unknown
415,24.53469857142857,85.30199476190477,21,14,827.4791666666666,1237.9726339649485,0.0169188549560663,1.0,0.0253782824340995,0.0008071203290421,25.58715376134808,2.698095238095238,7.2,317.37285714285713,345.68,47.142857142857146,2,INDUSTRIAL,,,,,0.0,0.0,0.0,0.0,unknown
416,25.781254545454544,83.13605545454544,11,7,828.4652777777778,846.4820492699356,0.0084493583349399,1.0,0.0132775630977627,0.0011799659955764,25.310273977704128,3.325454545454545,10.34,317.6463636363636,367.0,52.72727272727273,2,INDUSTRIAL,,,,,0.0,0.0,0.0,0.0,unknown
417,25.962556000000003,83.56393133333334,15,10,827.4791666666666,925.4031900320252,0.0120848963971902,1.0,0.0181273445957853,0.0010794436059373,25.42945412552392,3.540666666666666,7.87,323.14000000000004,344.52,50.0,2,INDUSTRIAL,,,,,0.0,0.0,0.0,0.0,unknown
418,25.88399888888889,82.58909666666666,9,6,791.4597222222222,958.6314130542949,0.0075809290498744,1.0,0.0113713935748116,0.0010420667627138,25.276697690687545,2.22,8.35,318.02666666666664,367.0,51.111111111111114,2,INDUSTRIAL,,,,,0.0,0.0,0.0,0.0,unknown
419,26.3364225,82.21756125,8,5,827.4791666666666,806.2745938430468,0.0060424481985951,1.0,0.0096679171177522,0.0012387358745423,25.230217956243084,4.2425,10.88,322.83125,355.58,50.0,2,INDUSTRIAL,,,,,0.0,0.0,0.0,0.0,unknown
420,25.317780625,83.92007,16,8,826.4909722222222,1042.860267610183,0.0096794765688608,1.0,0.0193589531377216,0.0009579826256721,25.35794133242357,5.336250000000001,17.68,325.651875,367.0,52.5,2,INDUSTRIAL,,,,,0.0,0.0,0.0,0.0,unknown
421,25.713971538461543,83.59106923076924,13,9,825.4347222222223,802.4778237623718,0.0109033455435099,1.0,0.0157492768961809,0.0012445894216686,25.39136534697913,6.137692307692307,15.76,326.15769230769234,367.0,51.53846153846154,2,INDUSTRIAL,,,,,0.0,0.0,0.0,0.0,unknown
422,27.0925958,80.59373459999999,50,19,827.4791666666666,421.09707645207766,0.0229613031546614,1.0,0.0604244819859513,0.0023691232557341,25.887282764719405,3.3983999999999996,14.14,318.4664,367.0,51.4,2,INDUSTRIAL,,,,,0.0,0.0,0.0,0.0,unknown
423,25.19714375,82.83274875000001,8,5,784.4819444444445,705.3879483175598,0.0063736329885079,1.0,0.0101978127816127,0.0014156526911051,25.24501657543138,5.8100000000000005,15.15,318.39750000000004,340.93,50.0,2,INDUSTRIAL,,,,,0.0,0.0,0.0,0.0,unknown
425,24.116984166666665,82.51342166666667,12,8,827.4791666666666,770.5744083742056,0.0096679171177522,1.0,0.0145018756766283,0.0012960512805331,25.3522132283348,3.4975,9.17,316.13166666666666,334.07,48.333333333333336,2,INDUSTRIAL,,,,,0.0,0.0,0.0,0.0,unknown
426,25.30470384615385,82.42648384615384,13,8,828.4652777777778,669.8687257577216,0.0096564095256456,1.0,0.0156916654791741,0.001490604587165,25.358733541210604,5.855384615384614,17.77,320.75538461538457,367.0,52.30769230769231,2,INDUSTRIAL,,,,,0.0,0.0,0.0,0.0,unknown
427,24.46340111111111,84.88521999999999,18,14,827.9458333333333,908.1305927468431,0.0169093187456908,1.0,0.0217405526730311,0.0010999519848722,25.58362998375075,2.29,7.22,311.93833333333333,333.61,48.888888888888886,2,INDUSTRIAL,,,,,0.0,0.0,0.0,0.0,unknown
429,26.587307142857146,82.39855714285714,7,6,828.4652777777778,578.4293636611152,0.0072423071442342,1.0,0.0084493583349399,0.0017258359046243,25.272909328256866,4.194285714285714,19.07,325.35857142857145,367.0,54.285714285714285,2,INDUSTRIAL,,,,,0.0,0.0,0.0,0.0,unknown
430,27.016480714285713,82.29895714285713,14,8,828.4652777777778,493.7360995149603,0.0096564095256456,1.0,0.0168987166698798,0.0020212796296457,25.372364670036983,6.227857142857142,25.52,324.73285714285714,352.17,50.0,2,INDUSTRIAL,,,,,0.0,0.0,0.0,0.0,unknown
431,23.74393,79.77270363636363,11,8,827.4791666666666,869.9375535728302,0.0096679171177522,1.0,0.0132933860369092,0.0011481879451606,25.34623473752805,4.097272727272728,9.14,322.62272727272733,367.0,52.72727272727273,2,INDUSTRIAL,,,,,0.0,0.0,0.0,0.0,unknown
435,24.83431666666667,80.43658619047618,21,4,772.9680555555556,579.8677891338389,0.0051748580956881,1.0,0.0271680050023628,0.0017215621501256,25.257596998379068,8.704285714285716,19.71,342.98571428571427,367.0,49.523809523809526,2,INDUSTRIAL,,,,,0.0,0.0,0.0,0.0,unknown
437,23.91063625,81.18107624999999,8,3,769.9368055555556,691.2736621196442,0.0038964236783502,1.0,0.0103904631422672,0.0014445154491912,25.17175917719,6.0325,9.58,335.82499999999993,346.86,50.0,2,INDUSTRIAL,,,,,0.0,0.0,0.0,0.0,unknown
441,25.339235405405407,81.23046108108107,37,16,826.4909722222222,595.2675835841452,0.0193589531377216,1.0,0.0447675791309813,0.0016770993888163,25.726229529735427,3.780540540540541,9.6,320.69648648648644,354.75,49.45945945945946,2,INDUSTRIAL,,,,,0.0,0.0,0.0,0.0,unknown
442,26.215828333333334,81.1821,6,5,828.4652777777778,537.8575985233332,0.0060352559535285,1.0,0.0072423071442342,0.0018557778580841,25.236279003628127,5.866666666666667,13.11,327.46500000000003,350.96,50.0,2,INDUSTRIAL,,,,,0.0,0.0,0.0,0.0,unknown
443,32.20465923076923,75.23079230769233,13,3,771.5118055555556,524.4338374731466,0.0038884693382491,1.0,0.0168500337990795,0.0019031891908771,25.19684294846271,2.487692307692308,8.23,313.88615384615383,338.64,50.0,2,INDUSTRIAL,,,,,0.0,0.0,0.0,0.0,unknown
444,28.36723363636364,79.11700545454545,11,5,783.9645833333333,290.44953004281984,0.0063778391349524,1.0,0.0140312460968953,0.0034311257933854,25.295035805158523,8.43272727272727,14.52,337.6245454545454,347.7,44.54545454545455,2,INDUSTRIAL,,,,,0.0,0.0,0.0,0.0,unknown
445,17.511365714285713,78.57153857142858,7,3,805.9513888888889,1230.5528183550027,0.0037223088654712,1.0,0.0086853873527663,0.0008119830388888,25.14962239512383,11.115714285714285,16.41,339.40714285714284,353.66,50.0,2,INDUSTRIAL,,,,,0.0,0.0,0.0,0.0,unknown
446,25.69417954545455,73.24756590909091,22,6,802.9944444444444,743.183902092002,0.0074720317699721,1.0,0.0273974498232311,0.0013437538721126,25.319529655099497,7.174090909090908,13.99,343.4336363636364,355.91,49.09090909090909,2,INDUSTRIAL,,,,,0.0,0.0,0.0,0.0,unknown
447,25.22258454545455,72.67205181818183,11,4,786.9930555555555,529.3466148908805,0.0050826369708895,1.0,0.0139772516699462,0.0018855593152145,25.22513342460584,8.434545454545454,11.84,344.45000000000005,354.34,48.18181818181818,2,INDUSTRIAL,,,,,0.0,0.0,0.0,0.0,unknown
448,24.74347142857143,71.38307514285715,35,4,786.9930555555555,958.7622460665234,0.0050826369708895,1.0,0.0444730734952835,0.0010419247101023,25.28450028706694,5.686,10.63,340.0448571428572,349.19,50.0,2,INDUSTRIAL,,,,,0.0,0.0,0.0,0.0,unknown
450,24.737116666666665,77.00642833333333,6,4,770.9930555555555,508.1766443493234,0.0051881141745404,1.0,0.0077821712618106,0.0019639549674905,25.214377952740545,8.603333333333333,19.64,344.85833333333335,367.0,55.0,2,INDUSTRIAL,,,,,0.0,0.0,0.0,0.0,unknown
452,25.10898833333333,75.30314499999999,6,3,802.9930555555555,618.3133637383758,0.0037360223469484,1.0,0.0074720446938969,0.0016146914608198,25.16305461135959,6.825,10.56,339.2366666666667,347.34,50.0,2,INDUSTRIAL,,,,,0.0,0.0,0.0,0.0,unknown
453,23.775135333333335,73.07130200000002,15,2,770.9930555555555,635.5052131608741,0.0025940570872702,1.0,0.0194554281545265,0.0015710790411817,25.15788186382806,10.527333333333337,14.59,345.5373333333334,367.0,40.0,2,INDUSTRIAL,,,,,0.0,0.0,0.0,0.0,unknown
462,28.726015714285715,86.13419285714285,7,5,828.4631944444444,1112.401109819462,0.0060352711303643,1.0,0.0084493795825101,0.0008981489161279,25.22014456118977,3.9642857142857144,7.66,325.9571428571429,367.0,54.285714285714285,2,INDUSTRIAL,,,,,0.0,0.0,0.0,0.0,unknown
464,17.593786315789476,77.74245842105265,19,15,827.4784722222222,1532.1599270645138,0.0181273598087899,1.0,0.0229613224244672,0.0006522476764147,25.61426905385316,2.136842105263158,4.5,312.9526315789473,339.06,48.94736842105263,2,INDUSTRIAL,,,,,0.0,0.0,0.0,0.0,unknown
466,32.50517571428572,74.69492,7,2,771.5111111111111,132.0518884443906,0.0025923152255314,1.0,0.0090731032893599,0.0075158647629263,25.25076951024787,3.135714285714286,4.99,325.5142857142858,349.48,47.142857142857146,2,INDUSTRIAL,,,,,0.0,0.0,0.0,0.0,unknown
469,18.62154428571429,76.85347714285714,7,3,816.9465277777778,1434.1015490422164,0.0036722109685201,1.0,0.0085684922598803,0.0006968148007835,25.145523855720977,4.03,7.24,342.07000000000005,367.0,54.285714285714285,2,INDUSTRIAL,,,,,0.0,0.0,0.0,0.0,unknown
470,21.789240000000003,76.14636666666667,6,4,807.9951388888888,1090.6760565544955,0.0049505248329842,1.0,0.0074257872494763,0.0009160226552519,25.18540066621825,4.425000000000001,7.42,337.7783333333333,347.18,43.333333333333336,2,INDUSTRIAL,,,,,0.0,0.0,0.0,0.0,unknown
472,22.08258625,77.4389775,8,2,772.0479166666667,921.9446617899296,0.0025905127866092,1.0,0.0103620511464368,0.0010834885788933,25.12529028304224,4.41375,7.9,323.58625,339.07,47.5,2,INDUSTRIAL,,,,,0.0,0.0,0.0,0.0,unknown
476,26.59563923076923,76.43697307692308,13,3,787.5347222222222,483.34338765077194,0.0038093558485075,1.0,0.0165072086768661,0.00206465087683,25.19684171468399,4.065384615384615,13.53,328.073076923077,341.26,50.0,2,INDUSTRIAL,,,,,0.0,0.0,0.0,0.0,unknown
478,25.29134074074074,77.21923111111111,27,4,787.5347222222222,579.127038002926,0.0050791411313434,1.0,0.034284202636568,0.0017237603740078,25.272559948011875,9.271111111111113,27.92,343.21740740740745,367.0,49.25925925925926,2,INDUSTRIAL,,,,,0.0,0.0,0.0,0.0,unknown
487,27.56845,75.43903624999999,16,11,817.0236111111111,416.0563845877576,0.013463503196732,1.0,0.0195832773770647,0.0023977573224024,25.50081843579267,3.196875,5.45,310.02937499999996,343.95,50.0,2,INDUSTRIAL,,,,,0.0,0.0,0.0,0.0,unknown
488,28.342244705882347,75.46195941176471,17,10,819.0666666666667,356.52630652397283,0.012209018394921,1.0,0.0207553312713657,0.0027969969810681,25.47409881964741,1.9123529411764708,3.71,305.6205882352942,310.79,50.0,2,INDUSTRIAL,,,,,0.0,0.0,0.0,0.0,unknown
492,27.88281428571429,79.65364571428572,7,6,816.0347222222222,329.5935774752715,0.0073526283093209,1.0,0.0085780663608744,0.0030248621513973,25.30252125820976,1.547142857142857,4.81,306.64,311.88,50.0,2,INDUSTRIAL,,,,,0.0,0.0,0.0,0.0,unknown
493,28.210806,79.40732600000001,10,6,811.0298611111111,371.7144200630341,0.0073980013408877,1.0,0.0123300022348129,0.0026830193471743,25.306425432757152,1.477,4.01,309.106,330.67,48.0,2,INDUSTRIAL,,,,,0.0,0.0,0.0,0.0,unknown
494,25.305134166666665,80.53762166666667,12,7,827.0319444444444,457.3677215155283,0.0084640019614988,1.0,0.0145097176482837,0.0021816544949841,25.333827442865353,2.1691666666666665,3.31,313.94250000000005,338.0,48.333333333333336,2,INDUSTRIAL,,,,,0.0,0.0,0.0,0.0,unknown
497,24.870444285714285,80.90218857142858,7,6,778.0451388888889,513.8682197940732,0.0077116348398095,1.0,0.0089969073131111,0.001942244561919,25.29268620471544,2.565714285714286,5.9,307.9028571428571,334.0,50.0,2,INDUSTRIAL,,,,,0.0,0.0,0.0,0.0,unknown
498,30.927072222222225,78.04113333333333,9,4,773.5090277777778,242.24268050825344,0.0051712389336833,1.0,0.0116352876007875,0.0041111206220491,25.266447799453456,2.657777777777778,6.73,318.64333333333326,346.53,50.0,2,INDUSTRIAL,,,,,0.0,0.0,0.0,0.0,unknown
499,26.38396,75.59979818181817,11,9,803.0659722222222,528.4259399810484,0.0112070493724138,1.0,0.0136975047885058,0.0018888383142612,25.408232009428904,2.1318181818181823,4.35,311.579090909091,332.97,50.0,2,INDUSTRIAL,,,,,0.0,0.0,0.0,0.0,unknown
500,18.005710999999998,80.035543,10,5,803.53125,1244.6912747534843,0.0062225333488896,1.0,0.0124450666977793,0.0008027671223737,25.23384400965861,4.284000000000001,13.11,323.946,349.39,50.0,2,INDUSTRIAL,,,,,0.0,0.0,0.0,0.0,unknown
503,21.6621975,82.15725125,8,4,797.5409722222222,560.6533589219164,0.0050154163100293,1.0,0.0100308326200587,0.0017804576152085,25.2111487231552,4.2425,8.35,327.195,367.0,53.75,2,INDUSTRIAL,,,,,0.0,0.0,0.0,0.0,unknown
505,21.506435714285715,77.63633714285713,7,2,772.5208333333334,808.5904305753326,0.0025889269437178,1.0,0.0090612443030123,0.0012351924655153,25.125024768379372,4.878571428571428,9.28,327.7942857142857,353.81,50.0,2,INDUSTRIAL,,,,,0.0,0.0,0.0,0.0,unknown
509,27.061248333333335,82.02840333333333,6,2,772.5222222222222,86.34422714251397,0.0025889222891826,1.0,0.0077667668675478,0.0114489535566942,25.32606365697823,3.5283333333333338,9.71,319.60333333333335,338.19,50.0,2,INDUSTRIAL,,,,,0.0,0.0,0.0,0.0,unknown
510,24.845306666666666,76.41533166666666,6,2,773.0388888888889,710.5158044304485,0.0025871919624569,1.0,0.0077615758873709,0.0014054501583425,25.125128701758985,3.26,6.59,311.74,343.71,50.0,2,INDUSTRIAL,,,,,0.0,0.0,0.0,0.0,unknown
511,30.75049875,77.0402725,8,5,782.53125,276.67693074707245,0.0063895211852561,1.0,0.0102232338964098,0.0036013074521875,25.289269869342466,4.28,8.43,324.75249999999994,342.71,47.5,2,INDUSTRIAL,,,,,0.0,0.0,0.0,0.0,unknown
512,30.33631375,78.73183125,8,5,776.5395833333333,134.69336146228935,0.0064388218029237,1.0,0.010302114884678,0.0073695572813848,25.3663110869271,2.89125,9.58,309.57000000000005,337.31,47.5,2,INDUSTRIAL,,,,,0.0,0.0,0.0,0.0,unknown
527,25.691504285714284,83.17243428571429,7,5,818.0097222222222,583.3241776967128,0.0061123967896333,1.0,0.0085573555054867,0.0017113787828218,25.23899286810916,1.5,4.02,302.76142857142855,309.3,50.0,2,INDUSTRIAL,,,,,0.0,0.0,0.0,0.0,unknown
532,28.382596,81.12823999999999,10,3,780.4868055555555,160.4630721951209,0.0038437549214744,1.0,0.0128125164049146,0.0061933666094965,25.27121127084645,4.028,10.68,320.558,342.49,48.0,2,INDUSTRIAL,,,,,0.0,0.0,0.0,0.0,unknown
535,30.4896,77.75739500000002,6,4,777.5263888888888,258.3391192382407,0.0051445199251901,1.0,0.0077167798877851,0.0038559551020968,25.250746649517108,3.693333333333334,5.78,331.8883333333333,341.09,50.0,2,INDUSTRIAL,,,,,0.0,0.0,0.0,0.0,unknown
536,30.222805,77.84773875,8,6,780.55625,175.22724792008268,0.0076868259014004,1.0,0.0102491012018672,0.005674491384292,25.36971735773253,2.1725,7.26,319.13250000000005,343.85,47.5,2,INDUSTRIAL,,,,,0.0,0.0,0.0,0.0,unknown
537,25.99158625,73.93478625,8,5,786.5458333333333,686.9127914182392,0.0063569086353306,1.0,0.010171053816529,0.0014536726347802,25.24520834629685,5.760000000000001,8.88,334.4475,344.1,50.0,2,INDUSTRIAL,,,,,0.0,0.0,0.0,0.0,unknown
539,25.141414666666662,81.89650933333336,15,7,776.5375,351.82754937557314,0.0090143747082401,1.0,0.019316517231943,0.0028342458001643,25.375407450330343,5.102000000000001,15.71,323.6226666666666,343.03,48.666666666666664,2,INDUSTRIAL,,,,,0.0,0.0,0.0,0.0,unknown
540,22.227088333333334,86.19764166666668,6,4,784.5006944444444,184.7564127386591,0.0050987845241267,1.0,0.00764817678619,0.0053833942271855,25.279751862232985,1.961666666666667,3.57,311.3383333333333,332.01,50.0,2,INDUSTRIAL,,,,,0.0,0.0,0.0,0.0,unknown
541,22.236076666666666,84.68672,6,5,817.0222222222222,227.89301238771185,0.0061197845835826,1.0,0.0073437415002991,0.0043688533326921,25.28932995791207,2.971666666666667,6.43,313.2633333333333,335.74,46.666666666666664,2,INDUSTRIAL,,,,,0.0,0.0,0.0,0.0,unknown
543,25.74198857142857,78.48769714285713,7,6,788.0513888888889,666.6108637417669,0.0076137166745682,1.0,0.0088826694536629,0.0014978785611655,25.280575745094513,2.5157142857142856,4.69,317.8771428571428,345.66,50.0,2,INDUSTRIAL,,,,,0.0,0.0,0.0,0.0,unknown
544,25.33976,82.78187166666667,6,2,775.48125,324.59027759262455,0.0025790436583734,1.0,0.0077371309751202,0.0030713447815268,25.158141032819543,4.863333333333333,11.34,331.115,367.0,55.0,2,INDUSTRIAL,,,,,0.0,0.0,0.0,0.0,unknown
549,29.297110666666665,78.67110133333333,15,6,777.05625,870.9628745622208,0.0077214487368192,1.0,0.0193036218420481,0.0011468378174954,25.302839273059607,3.523999999999999,11.3,323.19200000000006,352.92,47.333333333333336,2,INDUSTRIAL,,,,,0.0,0.0,0.0,0.0,unknown
551,15.42778,81.15853333333334,9,4,776.5347222222222,1038.4653505817207,0.0051510896879834,1.0,0.0115899517979628,0.0009620330292302,25.202748230719017,8.200000000000001,38.21,330.5044444444445,350.54,45.55555555555556,2,INDUSTRIAL,,,,,0.0,0.0,0.0,0.0,unknown
552,16.109038333333334,81.03480166666667,6,4,810.5083333333333,897.8021459613296,0.0049351744275711,1.0,0.0074027616413567,0.0011125919141308,25.188813975213147,2.72,6.33,319.7633333333333,338.28,46.666666666666664,2,INDUSTRIAL,,,,,0.0,0.0,0.0,0.0,unknown
553,15.68321,81.54627166666666,6,3,781.5388888888889,879.9395782581252,0.0038385805782039,1.0,0.0076771611564079,0.0011351516320532,25.1570533528782,4.748333333333332,8.01,327.645,348.0,50.0,2,INDUSTRIAL,,,,,0.0,0.0,0.0,0.0,unknown
555,28.10881625,77.39240625,8,6,803.5347222222222,657.3830059856612,0.0074670077522059,1.0,0.0099560103362746,0.0015188727395885,25.279277713198635,3.69125,6.19,326.72625,340.26,47.5,2,INDUSTRIAL,,,,,0.0,0.0,0.0,0.0,unknown
556,26.792826249999997,80.33449875,8,5,777.5256944444444,702.5296615836992,0.0064306556500008,1.0,0.0102890490400013,0.0014214041775423,25.247070375650875,6.9975000000000005,13.29,332.1775,343.51,47.5,2,INDUSTRIAL,,,,,0.0,0.0,0.0,0.0,unknown
560,26.33897782608696,75.84499521739131,23,4,776.5388888888889,1107.8708260321691,0.0051510620488349,1.0,0.0296186067808008,0.0009018182970673,25.246614744358396,4.488695652173915,8.74,334.5152173913043,347.85,50.0,2,INDUSTRIAL,,,,,0.0,0.0,0.0,0.0,unknown
561,26.10588555555556,76.80646555555556,9,2,776.5388888888889,937.6954946775004,0.0025755310244174,1.0,0.0115898896098785,0.0010653081917087,25.12754681859139,3.06,4.11,331.13000000000005,343.91,50.0,2,INDUSTRIAL,,,,,0.0,0.0,0.0,0.0,unknown
562,25.51528375,78.11905125000001,8,3,776.5388888888889,664.9828285829448,0.0038632965366261,1.0,0.0103021240976698,0.0015015402155754,25.17168501065447,3.96125,8.24,331.15125,344.1,45.0,2,INDUSTRIAL,,,,,0.0,0.0,0.0,0.0,unknown
564,20.640183333333336,80.00141833333335,6,6,826.0444444444445,680.8817393039446,0.0072635316905197,1.0,0.0072635316905197,0.0014665299601963,25.265395379145815,1.3116666666666663,2.12,306.88166666666666,311.89,50.0,2,INDUSTRIAL,,,,,0.0,0.0,0.0,0.0,unknown
565,18.72388777777778,78.23007444444445,9,7,826.0458333333333,935.6966232610588,0.0084741060574725,1.0,0.0108952792167504,0.001067581514833,25.302813010062714,1.6011111111111112,2.53,311.23333333333335,319.13,50.0,2,INDUSTRIAL,,,,,0.0,0.0,0.0,0.0,unknown
570,28.01948333333333,77.30795666666667,6,3,777.5243055555555,307.4776326813163,0.0038584002822348,1.0,0.0077168005644696,0.0032417261222731,25.199878532323684,2.923333333333334,6.61,317.5933333333333,339.12,43.333333333333336,2,INDUSTRIAL,,,,,0.0,0.0,0.0,0.0,unknown
571,26.404638333333335,82.04878,6,2,777.5243055555555,208.0451323685758,0.0025722668548232,1.0,0.0077168005644696,0.0047836559917446,25.192133126890763,6.050000000000001,16.39,326.1983333333333,341.49,50.0,2,INDUSTRIAL,,,,,0.0,0.0,0.0,0.0,unknown
574,28.42643166666667,79.93085833333333,6,4,779.4993055555556,557.8456152211764,0.0051314991193599,1.0,0.0076972486790398,0.0017894029634718,25.20897615454783,3.473333333333333,5.96,328.66499999999996,348.05,46.666666666666664,2,INDUSTRIAL,,,,,0.0,0.0,0.0,0.0,unknown
575,27.511793333333333,80.774395,6,4,782.5305555555556,694.2285237386769,0.005111621484429,1.0,0.0076674322266436,0.0014383759668294,25.20128474443607,2.8166666666666664,5.18,323.92,336.49,46.666666666666664,2,INDUSTRIAL,,,,,0.0,0.0,0.0,0.0,unknown
576,27.560816666666668,81.30121000000001,6,3,791.5506944444444,725.0155211129719,0.003790028890197,1.0,0.0075800577803941,0.0013773810213685,25.16019863158427,4.584999999999999,7.93,326.39666666666665,343.3,50.0,2,INDUSTRIAL,,,,,0.0,0.0,0.0,0.0,unknown
579,27.721364999999995,79.26018833333333,6,4,777.5256944444444,540.6907910733527,0.0051445245200006,1.0,0.007716786780001,0.0018460716269857,25.21054913508974,6.671666666666667,11.83,339.0683333333333,347.39,46.666666666666664,2,INDUSTRIAL,,,,,0.0,0.0,0.0,0.0,unknown
582,27.649643333333337,80.07802499999998,6,4,781.54375,605.7171589021905,0.005118075603573,1.0,0.0076771134053595,0.001648214469176,25.205699341004113,3.6333333333333337,8.3,328.31166666666667,343.95,46.666666666666664,2,INDUSTRIAL,,,,,0.0,0.0,0.0,0.0,unknown
583,29.528876666666665,77.71411600000002,15,7,804.5229166666667,788.9070454013471,0.0087008087090951,1.0,0.0186445900909182,0.0012659717441713,25.33295517138358,6.944666666666665,22.8,334.61,354.3,47.333333333333336,2,INDUSTRIAL,,,,,0.0,0.0,0.0,0.0,unknown
584,28.172595,78.59078000000001,6,5,780.5569444444444,459.8427183627715,0.0064056825521662,1.0,0.0076868190625995,0.0021699377252887,25.254786278727263,11.088333333333331,44.21,333.92333333333335,367.0,51.666666666666664,2,INDUSTRIAL,,,,,0.0,0.0,0.0,0.0,unknown
585,27.264019285714287,79.94243285714285,14,7,812.0159722222222,440.1467595045798,0.0086205200876077,1.0,0.0172410401752154,0.0022668193258928,25.34705458958413,3.015,12.12,317.09928571428566,352.14,45.714285714285715,2,INDUSTRIAL,,,,,0.0,0.0,0.0,0.0,unknown
586,27.174216,79.025848,10,7,816.0340277777777,522.8233792897844,0.0085780736608035,1.0,0.012254390944005,0.0019090404123539,25.326158995431197,1.4360000000000002,3.36,309.593,315.57,50.0,2,INDUSTRIAL,,,,,0.0,0.0,0.0,0.0,unknown
588,22.956769999999995,82.76589833333334,6,4,827.03125,210.46882928073217,0.0048365766106177,1.0,0.0072548649159266,0.0047288293192017,25.25781104699239,1.8799999999999997,3.3,306.5083333333334,311.94,50.0,2,INDUSTRIAL,,,,,0.0,0.0,0.0,0.0,unknown
589,25.980123333333335,82.29241999999999,6,3,778.5111111111111,219.5325042746104,0.0038535095481403,1.0,0.0077070190962806,0.0045344789571463,25.22556241332784,8.770000000000001,14.56,327.75666666666666,345.95,40.0,2,INDUSTRIAL,,,,,0.0,0.0,0.0,0.0,unknown
590,24.32791333333333,77.97618666666666,6,3,778.5111111111111,359.0127744090094,0.0038535095481403,1.0,0.0077070190962806,0.0027776792133045,25.190426418451,11.803333333333336,17.17,338.695,351.67,46.666666666666664,2,INDUSTRIAL,,,,,0.0,0.0,0.0,0.0,unknown
591,24.528722857142856,83.34649142857144,7,4,778.5118055555556,432.3706206984463,0.0051380081476677,1.0,0.0089915142584186,0.0023074937530106,25.222768905136295,4.807142857142857,8.38,325.0128571428572,343.84,50.0,2,INDUSTRIAL,,,,,0.0,0.0,0.0,0.0,unknown
593,27.23282,80.54076625,8,3,779.4986111111111,839.8334514433528,0.0038486277682057,1.0,0.0102630073818818,0.0011892961659451,25.164902274819777,12.2025,35.54,324.245,340.12,50.0,2,INDUSTRIAL,,,,,0.0,0.0,0.0,0.0,unknown
594,27.438595000000003,77.69906166666668,6,3,779.0284722222223,789.6716241047993,0.0038509503913795,1.0,0.0077019007827591,0.0012647475507069,25.16007821471242,3.379999999999999,11.76,318.65500000000003,346.6,50.0,2,INDUSTRIAL,,,,,0.0,0.0,0.0,0.0,unknown
596,17.417483333333333,81.18316333333333,6,5,813.00625,483.1878647264056,0.0061500142219078,1.0,0.0073800170662894,0.0020653140502913,25.244256750328788,2.0983333333333336,4.83,312.43833333333333,333.98,46.666666666666664,2,INDUSTRIAL,,,,,0.0,0.0,0.0,0.0,unknown
597,26.21777333333333,79.92531833333334,6,4,802.5458333333333,718.2901544906109,0.004984139015944,1.0,0.007476208523916,0.0013902595409611,25.196019882607334,4.57,8.28,324.71666666666664,352.21,50.0,2,INDUSTRIAL,,,,,0.0,0.0,0.0,0.0,unknown
598,26.001291666666663,80.02973333333334,6,3,782.5298611111111,725.9129493855547,0.0038337195154959,1.0,0.0076674390309918,0.0013756805417282,25.16169379387693,4.266666666666666,5.95,325.0383333333333,334.14,46.666666666666664,2,INDUSTRIAL,,,,,0.0,0.0,0.0,0.0,unknown
599,27.017828,80.39016799999999,10,5,780.0152777777778,856.0761765213857,0.006410130855699,1.0,0.0128202617113981,0.0011667574334625,25.247689728618717,4.986,10.24,323.741,344.82,48.0,2,INDUSTRIAL,,,,,0.0,0.0,0.0,0.0,unknown
600,27.207111,79.118685,10,4,782.5298611111111,903.1928180315464,0.0051116260206612,1.0,0.0127790650516531,0.0011059587955775,25.20741561916052,8.576000000000002,28.19,332.817,367.0,56.0,2,INDUSTRIAL,,,,,0.0,0.0,0.0,0.0,unknown
602,26.33615714285714,79.35835428571428,7,3,782.5298611111111,808.9158839780029,0.0038337195154959,1.0,0.0089453455361572,0.0012346961206494,25.16206887171826,3.724285714285714,8.94,326.40142857142865,345.56,50.0,2,INDUSTRIAL,,,,,0.0,0.0,0.0,0.0,unknown
603,25.228969999999993,79.53330833333332,6,4,781.5430555555556,671.4258604374567,0.0051180801512677,1.0,0.0076771202269015,0.0014871527983017,25.20247826107132,5.786666666666666,12.25,330.895,342.73,50.0,2,INDUSTRIAL,,,,,0.0,0.0,0.0,0.0,unknown
604,23.618741666666665,77.22821833333333,6,3,779.5680555555556,774.6494538883326,0.0038482849298667,1.0,0.0076965698597335,0.0012892421892222,25.16047481632978,4.913333333333334,5.94,331.635,351.16,50.0,2,INDUSTRIAL,,,,,0.0,0.0,0.0,0.0,unknown
605,27.548093333333338,79.24900444444444,9,3,780.4854166666667,917.8718965935432,0.0038437617615105,1.0,0.0115312852845317,0.0010882909834409,25.165906885725462,5.722222222222223,13.1,329.3566666666667,367.0,53.333333333333336,2,INDUSTRIAL,,,,,0.0,0.0,0.0,0.0,unknown
612,27.59302666666667,79.160575,6,3,780.4868055555555,640.2247598766472,0.0038437549214744,1.0,0.0076875098429488,0.0015595155748389,25.165721733748388,4.868333333333333,12.28,328.955,346.49,46.666666666666664,2,INDUSTRIAL,,,,,0.0,0.0,0.0,0.0,unknown
613,22.119898333333335,78.75251833333333,6,4,780.5534722222222,630.0892118679499,0.0051245688378171,1.0,0.0076868532567257,0.0015845620257714,25.20464543879176,7.873333333333332,19.65,326.8533333333333,352.65,50.0,2,INDUSTRIAL,,,,,0.0,0.0,0.0,0.0,unknown
615,26.726635,78.64897333333333,6,3,780.55625,664.3731865864479,0.0038434129507002,1.0,0.0076868259014004,0.0015029159878387,25.164577773031283,3.78,7.16,323.2,343.9,50.0,2,INDUSTRIAL,,,,14.372,0.0,0.0,0.0,2.0,population
617,21.780735,82.94239375000001,8,6,818.9944444444444,93.38913517114104,0.0073260570211438,1.0,0.0097680760281917,0.0105944396904035,25.456090694512863,2.73,4.92,308.40999999999997,318.89,50.0,2,INDUSTRIAL,,,,,0.0,0.0,0.0,0.0,unknown
619,16.43031,81.14259416666668,12,9,811.0319444444444,753.81147948369,0.0110969735059757,1.0,0.0147959646746343,0.0013248341171016,25.396395799207895,1.1891666666666667,2.22,310.29,332.57,48.333333333333336,2,INDUSTRIAL,,,,,0.0,0.0,0.0,0.0,unknown
620,21.665503333333337,83.70892666666667,6,4,783.5145833333333,52.80957106164745,0.0051052017219419,1.0,0.0076578025829129,0.0185840544771178,25.543981647657898,4.778333333333333,9.58,322.1766666666667,336.15,50.0,2,INDUSTRIAL,,13.576,,,0.0,1.0,0.0,0.0,forest
621,25.754984,92.499584,10,9,826.4409722222222,833.878917014008,0.0108900699535743,1.0,0.0121000777261937,0.0011977784797543,25.3809078625178,1.921,4.27,317.153,335.63,50.0,2,INDUSTRIAL,,,,,0.0,0.0,0.0,0.0,unknown
622,15.49227,81.61286666666668,6,4,799.5118055555556,811.3435634351615,0.0050030530783976,1.0,0.0075045796175965,0.001231006245401,25.193473166303946,5.448333333333333,9.43,328.44166666666666,350.54,46.666666666666664,2,INDUSTRIAL,,,,,0.0,0.0,0.0,0.0,unknown
623,16.184768333333334,80.98063833333333,6,4,783.5118055555556,697.7581453648918,0.0051052198213704,1.0,0.0076578297320557,0.0014311103299952,25.20092337557115,4.505,7.83,323.35999999999996,338.18,46.666666666666664,2,INDUSTRIAL,,,,,0.0,0.0,0.0,0.0,unknown
625,13.761978571428571,78.75543642857143,14,5,811.4944444444444,553.8864104689688,0.0061614716332692,1.0,0.0172521205731537,0.0018021706445375,25.264017863321715,7.287142857142856,14.62,331.42357142857145,344.59,50.0,2,INDUSTRIAL,,,,,0.0,0.0,0.0,0.0,unknown
626,10.651730000000002,78.44209904761905,21,13,824.5333333333333,902.6820755007208,0.0157664941785252,1.0,0.0254689521345407,0.001106583860752,25.558798882907148,6.7299999999999995,20.04,328.89095238095234,346.84,49.04761904761905,2,INDUSTRIAL,,,,,0.0,0.0,0.0,0.0,unknown
629,21.821682857142857,75.66979142857143,7,3,781.5409722222222,610.7088229889041,0.0038385703458,1.0,0.0089566641402002,0.0016347647155289,25.170244065035085,6.831428571428572,13.09,335.32428571428574,343.14,44.285714285714285,2,INDUSTRIAL,,,,,0.0,0.0,0.0,0.0,unknown
630,22.004323333333335,77.28272166666666,6,3,789.50625,1030.243016041792,0.0037998432564656,1.0,0.0075996865129313,0.0009697035368426,25.152388584713155,3.2300000000000004,4.78,331.83666666666664,341.79,50.0,2,INDUSTRIAL,,,,,0.0,0.0,0.0,0.0,unknown
636,22.100992857142852,80.41914857142856,7,3,781.9930555555555,825.7701829552963,0.0038363512037439,1.0,0.0089514861420693,0.0012095259609211,25.16165977068592,2.7342857142857144,5.07,305.0557142857143,322.37,50.0,2,INDUSTRIAL,,,,,0.0,0.0,0.0,0.0,unknown
638,20.110481764705884,79.51647117647059,17,3,781.9930555555555,1060.2218962024597,0.0038363512037439,1.0,0.0217393234878826,0.0009423099952785,25.188285044737597,2.5735294117647056,13.28,304.4141176470589,350.63,47.64705882352941,2,INDUSTRIAL,,,,,0.0,0.0,0.0,0.0,unknown
641,21.827686666666665,79.81694166666666,6,2,782.4569444444444,861.7387813520739,0.0025560511849249,1.0,0.0076681535547749,0.00115909939557,25.11903390734609,3.4233333333333333,5.95,319.835,345.83,50.0,2,INDUSTRIAL,,,,,0.0,0.0,0.0,0.0,unknown
642,19.71701375,79.64570375,8,3,782.98125,1112.6832313857103,0.0038315093752245,1.0,0.010217358333932,0.0008979213943589,25.15844710497874,7.09,11.75,328.295,344.67,50.0,2,INDUSTRIAL,,,,,0.0,0.0,0.0,0.0,unknown
643,28.522995000000005,79.25925833333334,6,2,782.4597222222222,175.17735261745636,0.0025560421107937,1.0,0.0076681263323813,0.0056760984606878,25.209373548368525,4.6466666666666665,11.59,325.28666666666663,344.63,50.0,2,INDUSTRIAL,,,,,0.0,0.0,0.0,0.0,unknown
644,30.525831666666665,76.85225666666666,6,3,789.4395833333333,160.370056301458,0.003800164145979,1.0,0.0076003282919581,0.0061969365501855,25.25694447611298,2.9666666666666663,5.09,322.7583333333333,331.9,50.0,2,INDUSTRIAL,,,,,0.0,0.0,0.0,0.0,unknown
645,30.19244375,77.66847875,8,3,782.4618055555555,209.9583068863925,0.0038340529578564,1.0,0.0102241412209506,0.0047402731599402,25.235387404986874,1.97375,5.27,316.9925,337.43,50.0,2,INDUSTRIAL,,,,,0.0,0.0,0.0,0.0,unknown
646,28.49451181818182,87.98595272727273,11,8,827.9472222222222,841.0270099639637,0.009662451645804,1.0,0.0132858710129805,0.0011876103594857,25.346840434096286,2.4627272727272724,8.26,311.50909090909096,351.92,50.0,2,INDUSTRIAL,,,,,0.0,0.0,0.0,0.0,unknown
647,27.44355625,76.79592625,8,5,798.9784722222222,352.8928457081626,0.0062579908894082,1.0,0.0100127854230532,0.0028257140886782,25.26928597201345,1.81375,4.11,305.9325,310.54,50.0,2,INDUSTRIAL,,,,,0.0,0.0,0.0,0.0,unknown
648,28.465168333333335,79.74004166666667,6,3,782.9784722222222,213.61829548818207,0.003831522968295,1.0,0.00766304593659,0.0046594350110056,25.22729200411044,3.125,7.98,307.57166666666666,342.84,50.0,2,INDUSTRIAL,,,,,0.0,0.0,0.0,0.0,unknown
651,25.81124,73.49682,8,7,823.4819444444445,711.6125250549416,0.0085004899587962,1.0,0.0097148456671956,0.001403287150928,25.30736755595044,1.9625,4.63,316.54375000000005,337.06,50.0,2,INDUSTRIAL,,,,,0.0,0.0,0.0,0.0,unknown
655,19.476370833333338,79.04487416666667,12,6,799.44375,1108.1044084627897,0.0075052184722189,1.0,0.0150104369444379,0.0009016283700341,25.280715213928342,5.990833333333332,52.62,314.8541666666667,340.34,50.0,2,INDUSTRIAL,,,,,0.0,0.0,0.0,0.0,unknown
656,24.79729833333333,80.64598388888889,18,3,783.4465277777778,349.43306753918523,0.0038292338961657,1.0,0.0229754033769942,0.0028536119808048,25.229387764943557,5.022777777777779,8.66,332.67944444444447,347.03,35.55555555555556,2,INDUSTRIAL,,,,,0.0,0.0,0.0,0.0,unknown
657,29.2795375,77.96707624999999,8,3,783.4479166666666,154.2440652851132,0.0038292271077369,1.0,0.0102112722872984,0.0064414700694899,25.269234395340156,6.395,10.1,337.49625,351.78,45.0,2,INDUSTRIAL,,,,,0.0,0.0,0.0,0.0,unknown
659,28.528681666666667,80.21067333333333,6,2,783.4479166666666,146.1294206341798,0.0025528180718246,1.0,0.0076584542154738,0.0067967371562373,25.231665420818167,7.046666666666668,15.12,328.18333333333334,349.79,50.0,2,INDUSTRIAL,,9.143,,,0.0,1.0,0.0,0.0,forest
663,26.488896428571422,81.21667785714284,14,9,816.9534722222222,391.03859244639983,0.0110165392595967,1.0,0.0171368388482616,0.0025507692846252,25.424353660601064,4.662857142857142,19.94,318.9842857142857,367.0,52.142857142857146,2,INDUSTRIAL,,,,,0.0,0.0,0.0,0.0,unknown
665,24.725924999999997,79.01727749999999,8,6,800.9534722222222,549.8110574250508,0.0074910718388587,1.0,0.0099880957851449,0.0018155045845935,25.286012486320494,2.0749999999999997,7.64,311.2025,353.11,50.0,2,INDUSTRIAL,,,,,0.0,0.0,0.0,0.0,unknown
666,18.99172857142857,77.01107999999999,7,6,811.9520833333333,1243.424253671433,0.0073895986267662,1.0,0.0086211983978939,0.000803584466511,25.25931264412794,1.997142857142857,6.72,312.0942857142858,344.44,50.0,2,INDUSTRIAL,,,,,0.0,0.0,0.0,0.0,unknown
674,29.644946428571423,77.37597642857142,14,5,825.0576388888888,195.98517041626965,0.0060601826640057,1.0,0.0169685114592162,0.0050765242778773,25.325757244125764,7.508571428571428,16.81,319.87071428571426,350.5,50.0,2,INDUSTRIAL,,,,,0.0,0.0,0.0,0.0,unknown
676,30.611398571428573,76.03895714285714,7,5,790.4270833333334,235.1472246044931,0.0063256941790435,1.0,0.0088559718506609,0.0042346464231152,25.296603683460265,4.9957142857142856,13.51,333.8671428571429,344.44,47.142857142857146,2,INDUSTRIAL,,,,,0.0,0.0,0.0,0.0,unknown
677,21.579868750000003,79.51533,8,5,814.98125,971.7629241416116,0.0061351104703329,1.0,0.0098161767525326,0.001027999705974,25.2291537501108,1.6687500000000002,2.63,308.24625000000003,314.91,50.0,2,INDUSTRIAL,,,,,0.0,0.0,0.0,0.0,unknown
679,24.46806111111111,69.97301848484847,99,4,786.4763888888889,1053.6461162806688,0.0050859759511039,1.0,0.1258779047898238,0.0009481853529472,25.486237747566623,5.997575757575757,15.27,343.68,355.81,50.0,2,INDUSTRIAL,,,,,0.0,0.0,0.0,0.0,unknown
680,26.318945882352946,72.64261588235294,17,3,786.4763888888889,733.0229491059237,0.0038144819633279,1.0,0.0216153977921919,0.0013623552250213,25.19572005788075,4.958823529411765,14.69,332.29,349.85,50.0,2,INDUSTRIAL,,,,,0.0,0.0,0.0,0.0,unknown
682,24.512232272727275,70.1320606060606,66,4,802.4777777777778,1042.6068498378495,0.0049845617047201,1.0,0.0822452681278817,0.000958215251419,25.37431432648968,5.252424242424242,9.46,344.45984848484846,355.9,48.78787878787879,2,INDUSTRIAL,,,,,0.0,0.0,0.0,0.0,unknown
684,26.265176923076925,73.64757923076922,13,4,786.4763888888889,640.6525398928814,0.0050859759511039,1.0,0.0165294218410879,0.0015584758694587,25.225072350525014,5.958461538461539,16.05,327.1938461538461,348.89,50.0,2,INDUSTRIAL,,,,,0.0,0.0,0.0,0.0,unknown
685,25.352939583333335,71.44602041666666,24,4,786.5465277777778,871.0079126848568,0.0050855224182365,1.0,0.0305131345094192,0.0011467785847505,25.251784080515655,6.8879166666666665,15.48,340.59833333333336,350.26,49.166666666666664,2,INDUSTRIAL,,,,,0.0,0.0,0.0,0.0,unknown
688,28.63496625,87.37506875,8,5,823.0125,788.6369958095213,0.0060752418705669,1.0,0.0097203869929071,0.0012664046964704,25.231886317528684,4.800000000000001,15.35,318.24,367.0,53.75,2,INDUSTRIAL,,,,,0.0,0.0,0.0,0.0,unknown
691,19.58717,77.94123166666667,6,2,788.4479166666666,1189.5549882791292,0.0025366291897319,1.0,0.0076098875691958,0.0008399444039501,25.11192248269395,3.606666666666667,5.48,327.615,346.67,50.0,2,INDUSTRIAL,,,,,0.0,0.0,0.0,0.0,unknown
692,16.611956666666668,78.3234711111111,9,7,802.475,1500.566085553889,0.0087230131779806,1.0,0.0112153026574036,0.0006659713545881,25.303048079074692,3.842222222222222,7.15,330.1711111111111,343.79,45.55555555555556,2,INDUSTRIAL,,,,,0.0,0.0,0.0,0.0,unknown
693,19.17388222222222,79.53964888888888,9,3,788.9729166666667,1180.4409298889327,0.0038024118909869,1.0,0.0114072356729608,0.0008464240358542,25.159518926629097,5.120000000000001,18.48,327.53222222222223,367.0,51.111111111111114,2,INDUSTRIAL,,,,,0.0,0.0,0.0,0.0,unknown
694,20.200001666666665,79.46096666666666,6,4,814.4569444444444,1084.157422071531,0.004911247951515,1.0,0.0073668719272726,0.0009215252825631,25.184185124014896,1.6866666666666663,3.77,320.52500000000003,342.18,46.666666666666664,2,INDUSTRIAL,,,,,0.0,0.0,0.0,0.0,unknown
695,25.932794615384616,81.74180615384613,13,9,817.9402777777777,491.12725952197815,0.0110032483355039,1.0,0.0158935809290613,0.0020319947343931,25.41047129707564,1.877692307692308,5.61,307.4938461538462,332.85,50.0,2,INDUSTRIAL,,,,,0.0,0.0,0.0,0.0,unknown
697,20.09067333333333,79.53720500000001,6,3,791.4777777777778,1097.9770360821724,0.0037903780551149,1.0,0.0075807561102298,0.0009099371207654,25.150861974344338,4.198333333333333,6.75,326.1933333333333,343.12,50.0,2,INDUSTRIAL,,,,,0.0,0.0,0.0,0.0,unknown
698,17.990686666666665,78.13448999999999,6,3,812.4833333333333,889.8111953357906,0.0036923834335063,1.0,0.0073847668670126,0.0011225723309674,25.15168486679207,2.2916666666666674,3.87,320.73333333333335,341.6,46.666666666666664,2,INDUSTRIAL,,,,,0.0,0.0,0.0,0.0,unknown
699,20.034988333333335,76.67082833333332,6,4,802.4756944444445,831.8984816674623,0.0049845746453033,1.0,0.007476861967955,0.0012006265133272,25.192241924545534,1.9783333333333335,3.84,315.475,334.78,50.0,2,INDUSTRIAL,,,,,0.0,0.0,0.0,0.0,unknown
702,17.671740000000003,78.2710657142857,7,5,799.4430555555556,1203.440432538083,0.0062543541597535,1.0,0.008756095823655,0.000830261068115,25.22612608571404,3.5242857142857145,6.86,332.4157142857143,339.79,38.57142857142857,2,INDUSTRIAL,,,,,0.0,0.0,0.0,0.0,unknown
708,14.118851428571428,78.71067857142857,7,6,817.4861111111111,647.8689888156297,0.0073395742367352,1.0,0.0085628366095244,0.0015411431540676,25.272417181707223,4.477142857142857,9.09,324.9714285714286,342.81,50.0,2,INDUSTRIAL,,,,,0.0,0.0,0.0,0.0,unknown
709,13.715507333333337,78.73202466666666,15,11,814.5833333333334,643.0184415323463,0.0135038363171355,1.0,0.0184143222506393,0.0015527505666152,25.48220590647297,2.102,9.06,306.6333333333334,333.21,50.0,2,INDUSTRIAL,,,,,0.0,0.0,0.0,0.0,unknown
711,18.385475714285715,81.52722857142858,7,2,798.0583333333333,658.9451943853064,0.0025060824709973,1.0,0.0087712886484906,0.001515277341979,25.127416242590726,3.771428571428572,9.12,342.25142857142856,367.0,54.285714285714285,2,INDUSTRIAL,,,,,0.0,0.0,0.0,0.0,unknown
712,13.886593333333332,80.84899666666666,9,4,799.0451388888889,1087.0785928271837,0.0050059750135795,1.0,0.011263443780554,0.0009190512584221,25.196718885027213,4.438888888888888,8.43,339.3777777777778,355.4,50.0,2,INDUSTRIAL,,,,,0.0,0.0,0.0,0.0,unknown
713,20.73307,82.26354125,8,2,798.0597222222223,498.2361230579142,0.0025060781095817,1.0,0.0100243124383269,0.0020030601829747,25.140304328042763,6.30875,13.49,348.4625,367.0,57.5,2,INDUSTRIAL,,,,,0.0,0.0,0.0,0.0,unknown
715,20.38857,82.67593300000001,10,5,800.5548611111111,354.43346142515844,0.0062456681520369,1.0,0.0124913363040738,0.0028134661154027,25.27486770762935,3.597,10.33,323.311,336.23,48.0,2,INDUSTRIAL,,,,,0.0,0.0,0.0,0.0,unknown
716,20.6553625,78.000675,8,2,798.58125,623.9215983944648,0.0025044414704201,1.0,0.0100177658816807,0.0016002007332906,25.132181673482624,9.26125,16.73,340.45875,367.0,57.5,2,INDUSTRIAL,,,,,0.0,0.0,0.0,0.0,unknown
718,15.900363333333331,83.33256333333333,6,4,805.0361111111112,839.7422115983027,0.0049687212098836,1.0,0.0074530818148254,0.0011894252319018,25.19148284547161,6.675,10.89,336.06666666666666,347.75,43.333333333333336,2,INDUSTRIAL,,,,,0.0,0.0,0.0,0.0,unknown
719,15.919554999999995,82.59750666666667,6,3,800.0319444444444,781.3242698944342,0.0037498502663956,1.0,0.0074997005327912,0.0012782423331119,25.156809605986087,5.6933333333333325,8.11,339.565,349.54,46.666666666666664,2,INDUSTRIAL,,,,,0.0,0.0,0.0,0.0,unknown
722,18.413699166666664,80.3402375,12,2,799.56875,745.1808159505878,0.0025013483831127,1.0,0.0150080902986766,0.0013401577454468,25.139363832149016,18.180000000000003,56.95,337.5808333333334,354.63,43.333333333333336,2,INDUSTRIAL,,,,,0.0,0.0,0.0,0.0,unknown
723,17.434061333333332,79.97383666666664,15,3,800.5555555555555,846.3748191062351,0.0037473976405274,1.0,0.018736988202637,0.0011801153131441,25.182866705985298,4.543333333333334,13.23,329.7519999999999,354.73,46.0,2,INDUSTRIAL,,,,,0.0,0.0,0.0,0.0,unknown
724,22.44882375,79.41269374999999,8,2,799.5673611111112,504.4175800353701,0.0025013527280812,1.0,0.0100054109123249,0.0019785619644057,25.13962534841137,5.7075,10.64,331.91499999999996,351.29,42.5,2,INDUSTRIAL,,,,,0.0,0.0,0.0,0.0,unknown
725,18.50679,80.94397833333333,6,3,800.03125,699.9289125902088,0.0037498535213468,1.0,0.0074997070426936,0.0014266782009385,25.159778437265913,5.618333333333333,8.61,334.78833333333336,342.78,46.666666666666664,2,INDUSTRIAL,,,,,0.0,0.0,0.0,0.0,unknown
729,19.58905,81.05694,6,3,801.0888888888888,711.5158092879433,0.003744902771228,1.0,0.0074898055424561,0.0014034776309024,25.15914114961103,4.126666666666666,5.43,335.53000000000003,340.57,40.0,2,INDUSTRIAL,,,,,0.0,0.0,0.0,0.0,unknown
730,19.02923625,81.66530125,8,2,801.0888888888888,751.523589976106,0.0024966018474853,1.0,0.0099864073899414,0.0013288619962488,25.12644131382439,12.97125,21.3,352.60375,367.0,61.25,2,INDUSTRIAL,,,,,0.0,0.0,0.0,0.0,unknown
731,27.827225,78.949885,6,2,801.6090277777778,425.3505584298331,0.0024949818810604,1.0,0.0074849456431812,0.0023454877218475,25.14047157497672,8.656666666666666,15.8,339.005,367.0,55.0,2,INDUSTRIAL,,,,,0.0,0.0,0.0,0.0,unknown
732,24.635123333333336,76.45756499999999,6,2,802.0784722222222,700.3095208918772,0.0024935216057586,1.0,0.0074805648172759,0.0014259039271679,25.12202513875931,4.628333333333334,5.7,339.0283333333333,342.59,43.333333333333336,2,INDUSTRIAL,,,,,0.0,0.0,0.0,0.0,unknown
733,12.291531666666664,78.15098555555555,36,3,802.6,1463.169611085815,0.0037378519810615,1.0,0.0448542237727386,0.0006829809828237,25.23793073852017,7.3744444444444435,16.51,323.1766666666667,345.78,46.666666666666664,2,INDUSTRIAL,,,,,0.0,0.0,0.0,0.0,unknown
734,16.85246857142857,78.75722857142856,14,3,819.0638888888889,1149.260908445356,0.0036627179401959,1.0,0.0170926837209144,0.0008693679778716,25.170000607065603,6.924285714285714,11.28,343.69500000000005,355.76,44.285714285714285,2,INDUSTRIAL,,,,,0.0,0.0,0.0,0.0,unknown
735,18.195886666666667,79.3354011111111,9,4,819.0638888888889,948.23852961228,0.0048836239202612,1.0,0.0109881538205878,0.001053475990285,25.19504862196501,5.59,8.86,342.2433333333334,355.44,47.77777777777778,2,INDUSTRIAL,,,,,0.0,0.0,0.0,0.0,unknown
736,16.303208571428573,79.84501857142858,7,2,804.0486111111111,1119.0269325508668,0.0024874117962049,1.0,0.0087059412867173,0.0008928356729087,25.11424392056112,4.869999999999999,7.69,341.74285714285713,354.12,41.42857142857143,2,INDUSTRIAL,,,,,0.0,0.0,0.0,0.0,unknown
739,15.7887175,80.52256249999999,8,3,808.0666666666667,1212.175222231269,0.0037125649698869,1.0,0.0099001732530319,0.0008242832376355,25.1526130469819,6.7825,12.64,344.16999999999996,367.0,53.75,2,INDUSTRIAL,,,,,0.0,0.0,0.0,0.0,unknown
740,28.29277625,79.52384749999999,8,6,819.5833333333334,490.6443829701105,0.0073207930859176,1.0,0.0097610574478901,0.0020339904911733,25.28470624602072,4.45875,7.4,329.71125,367.0,53.75,2,INDUSTRIAL,,,,,0.0,0.0,0.0,0.0,unknown
741,27.83311833333333,80.24383666666667,6,3,810.5611111111111,378.4074834011581,0.0037011398139834,1.0,0.0074022796279669,0.0026356886559948,25.182253666609316,4.286666666666666,7.76,337.5233333333333,367.0,55.0,2,INDUSTRIAL,,,,,0.0,0.0,0.0,0.0,unknown
742,21.89018142857143,77.85206285714285,7,5,825.5763888888889,686.0364590099945,0.0060563747550112,1.0,0.0084789246570157,0.0014555268310519,25.23199909091392,5.581428571428572,12.62,322.53428571428566,354.94,47.142857142857146,2,INDUSTRIAL,,,,,0.0,0.0,0.0,0.0,unknown
744,17.973851666666665,81.13208666666667,6,3,825.5777777777778,947.1420853619364,0.0036338187397378,1.0,0.0072676374794756,0.0010546942440786,25.14827754077239,5.908333333333334,9.9,335.0783333333333,346.15,46.666666666666664,2,INDUSTRIAL,,,,,0.0,0.0,0.0,0.0,unknown
750,16.286553333333334,81.13723166666666,6,2,815.0444444444445,887.860748732715,0.0024538539138969,1.0,0.0073615617416909,0.0011250356160126,25.11452023409139,4.708333333333333,8.12,335.875,338.22,40.0,2,INDUSTRIAL,,,,,0.0,0.0,0.0,0.0,unknown
751,26.550871428571423,79.75799428571428,7,5,821.5569444444444,526.8500715496359,0.0060860053996392,1.0,0.0085204075594949,0.0018944773410075,25.24177072770807,3.9657142857142857,9.72,322.64571428571435,343.94,44.285714285714285,2,INDUSTRIAL,,,,,0.0,0.0,0.0,0.0,unknown
753,17.55594166666667,82.96021333333333,6,2,819.0625,768.8739642936234,0.0024418161007249,1.0,0.0073254483021747,0.001298913908483,25.11754638194685,5.203333333333333,9.41,341.7816666666667,367.0,51.666666666666664,2,INDUSTRIAL,,,,,0.0,0.0,0.0,0.0,unknown
754,19.25197625,81.15544625,8,2,819.0638888888889,681.4059708715506,0.0024418119601306,1.0,0.0097672478405225,0.001465403356191,25.126980545529047,8.774999999999999,15.26,351.44125,367.0,57.5,2,INDUSTRIAL,,,,,0.0,0.0,0.0,0.0,unknown
755,19.630460625,80.6981925,16,2,819.0638888888889,688.8506524682496,0.0024418119601306,1.0,0.019534495681045,0.0014495891196479,25.151082380399497,4.721875000000001,7.53,332.02,355.66,47.5,2,INDUSTRIAL,,,,,0.0,0.0,0.0,0.0,unknown
756,17.37344166666667,81.01780333333333,6,2,826.0402777777778,915.0907148109565,0.0024211894429414,1.0,0.0072635683288244,0.0010915949521509,25.11262650315332,11.258333333333333,20.51,352.4683333333333,367.0,60.0,2,INDUSTRIAL,,,,,0.0,0.0,0.0,0.0,unknown
757,12.113804444444444,78.16570666666667,18,3,827.5527777777778,1367.549954829352,0.0036251464324195,1.0,0.0217508785945173,0.0007307004004283,25.17774559746745,5.626666666666667,21.87,323.3994444444445,346.16,50.0,2,INDUSTRIAL,,,,,0.0,0.0,0.0,0.0,unknown
