cluster_id,centroid_lat,centroid_lon,detection_count,unique_detection_days,observation_window_days,spatial_spread_km,temporal_recurrence,duration_score,detection_frequency,spatial_consistency,persistence_score,persistence_label,mean_frp,max_frp,mean_brightness,max_brightness,mean_confidence,satellite_count,fire_class,industrial_distance_km,industrial_feature_count,forest_distance_km,forest_feature_count,farmland_distance_km,farmland_feature_count,population_distance_km,population_feature_count,land_cover_type
0,26.269883269230768,74.18913846153845,52,33,74.99722222222222,0.587811267239028,0.4400162968998852,1.0,0.6933590132967888,0.6297977729675983,54.38324387744154,MEDIUM / RECURRENT,1.9667307692307692,4.48,308.12403846153853,318.39,,1,AGRICULTURAL,,0,,0,,0,,0,unknown
1,21.233035625,79.62970562500001,32,26,74.00902777777777,0.342294210403324,0.3513084927702138,1.0,0.432379683409494,0.7449931559337698,53.06041973245187,MEDIUM / RECURRENT,1.5515625000000002,4.43,306.30718750000005,319.7,,1,AGRICULTURAL,,0,,0,,0,,0,unknown
2,21.2482375,79.2153871153846,104,52,75.98333333333333,3.921827020019044,0.6843606053959201,1.0,1.3687212107918405,0.2031765838036564,55.75359528651401,MEDIUM / RECURRENT,1.5029807692307693,4.11,308.9780769230769,335.67,,1,AGRICULTURAL,,0,,0,,0,,0,unknown
3,22.26492585365854,75.13315512195123,41,34,76.05347222222223,0.3984028383277516,0.4470538820457098,1.0,0.5390943871727677,0.7151015233892313,56.02710511373,MEDIUM / RECURRENT,1.6039024390243903,2.6,305.88658536585365,314.08,,1,AGRICULTURAL,,0,,0,,0,,0,unknown
4,24.661466341463413,74.63335036585367,82,54,75.06805555555556,0.4178170621705083,0.7193472589687135,1.0,1.092342133989528,0.7053096105848238,66.4680305435805,MEDIUM / RECURRENT,2.1115853658536587,4.38,307.46390243902437,316.78,,1,AGRICULTURAL,,0,,0,,0,,0,unknown
5,24.714936538461533,75.95314615384615,26,24,74.01041666666667,0.2642383316494716,0.3242786769880366,1.0,0.3513019000703729,0.7909900965392216,52.87215942550646,MEDIUM / RECURRENT,1.307307692307692,1.87,305.38884615384615,310.54,,1,AGRICULTURAL,,0,,0,,0,,0,unknown
6,24.933415,74.6337925,36,29,71.96736111111112,0.2886806597218946,0.402960446961875,1.0,0.500226761745776,0.775987435254756,55.62381787225229,MEDIUM / RECURRENT,1.4824999999999997,4.75,307.8808333333333,331.71,,1,AGRICULTURAL,,0,,0,,0,,0,unknown
7,21.374264349112423,81.6640126923077,338,60,73.02361111111111,3.884137865447812,0.8216520531791468,1.0,4.628639899575861,0.2047444252289371,67.1099901650006,MEDIUM / RECURRENT,1.9714792899408284,6.32,308.21976331360946,335.99,,1,AGRICULTURAL,,0,,0,,0,,0,unknown
8,21.486736428571422,81.76892557142858,70,50,73.02361111111111,0.8836976149821805,0.6847100443159557,1.0,0.958594062042338,0.5308707682413559,61.49945503997025,MEDIUM / RECURRENT,1.7084285714285712,4.91,308.8739999999999,330.34,,1,AGRICULTURAL,,0,,0,,0,,0,unknown
9,21.672485373134332,82.08134582089552,67,48,73.02361111111111,0.4099855848574924,0.6573216425433175,1.0,0.9175114593833806,0.7092271089431529,64.02582258664593,MEDIUM / RECURRENT,1.7313432835820894,2.94,307.04447761194035,315.7,,1,AGRICULTURAL,,0,,0,,0,,0,unknown
10,22.35768,82.30187871060171,349,63,73.47222222222223,1.2199722786737843,0.8574669187145557,1.0,4.750094517958412,0.4504560753332477,73.52065269759123,HIGH / PERSISTENT,5.834097421203438,27.61,325.3746991404011,367.0,,1,AGRICULTURAL,,0,,0,,0,,0,unknown
11,23.166465384615385,82.34028034615385,260,61,73.025,1.1070972727014208,0.8353303663129065,1.0,3.560424512153372,0.4745865380566612,70.8491426063917,HIGH / PERSISTENT,2.951,10.24,316.24388461538456,341.56,,1,AGRICULTURAL,,0,,0,,0,,0,unknown
12,22.00428924528302,82.67010396226416,106,56,72.03541666666666,0.5063254642032857,0.7773953784307488,1.0,1.4714983948867746,0.6638671547180625,68.429178129211,MEDIUM / RECURRENT,2.2506603773584906,5.51,310.15273584905657,331.72,,1,AGRICULTURAL,,0,,0,,0,,0,unknown
13,22.31969412765957,82.56119855319149,235,58,73.02291666666666,4.934896766009088,0.7942712048158398,1.0,3.218167812615903,0.168494927447988,62.60572634274596,MEDIUM / RECURRENT,1.7104680851063832,5.83,309.005744680851,337.36,,1,AGRICULTURAL,,0,,0,,0,,0,unknown
14,21.192021583333332,81.39495570833333,240,57,71.96736111111112,5.524728747999178,0.7920257060974786,1.0,3.3348450783051726,0.153263076308981,62.45585139620171,MEDIUM / RECURRENT,3.689,26.58,314.5047083333333,367.0,,1,AGRICULTURAL,,0,,0,,0,,0,unknown
15,24.134144074074076,82.57165925925926,27,24,71.96597222222222,1.8396477207324335,0.3334909438295491,1.0,0.3751773118082427,0.3521563582337843,44.46566482232639,MEDIUM / RECURRENT,1.1681481481481482,4.51,307.1933333333333,337.39,,1,AGRICULTURAL,,0,,0,,0,,0,unknown
16,24.166994222222225,80.69486,45,43,71.96597222222222,0.3195340429492386,0.5975046076946088,1.0,0.6252955196804045,0.7578432745584489,62.32011779984109,MEDIUM / RECURRENT,1.3022222222222222,1.96,305.3813333333333,313.22,,1,AGRICULTURAL,,0,,0,,0,,0,unknown
17,24.205941818181817,82.52529681818181,22,19,50.96111111111111,0.2724868463357244,0.3728333151640685,1.0,0.4317017333478687,0.7858627402551293,54.62982430254072,MEDIUM / RECURRENT,1.0995454545454544,1.5,303.7972727272727,311.99,,1,AGRICULTURAL,,0,,0,,0,,0,unknown
18,26.25821727272728,74.09635,11,10,69.00416666666666,0.238386649430611,0.1449187850975182,1.0,0.1594106636072701,0.8075022453284545,46.541023712196775,MEDIUM / RECURRENT,1.0,1.43,302.9918181818182,307.57,,1,AGRICULTURAL,,0,,0,,0,,0,unknown
19,21.305026842105264,81.59740894736842,76,47,71.44444444444444,2.9861553664707663,0.6578538102643857,1.0,1.0637636080870918,0.2508682949017546,55.16977647346278,MEDIUM / RECURRENT,1.221315789473684,3.69,305.7438157894736,331.25,,1,AGRICULTURAL,,0,,0,,0,,0,unknown
20,21.730644857142856,82.21437171428572,35,30,71.96458333333334,0.2700741906987137,0.4168717250962568,1.0,0.486350345945633,0.7873555791649178,56.31032265355861,MEDIUM / RECURRENT,1.653142857142857,3.7,307.5422857142857,317.17,,1,AGRICULTURAL,,0,,0,,0,,0,unknown
21,21.791239230769232,80.01704692307693,13,13,71.96597222222222,0.2918835596816548,0.1806409279076724,1.0,0.1806409279076724,0.7740635698208121,47.16498572900012,MEDIUM / RECURRENT,1.0623076923076922,1.95,303.7892307692308,309.44,,1,AGRICULTURAL,,0,,0,,0,,0,unknown
22,24.69059214285715,74.68082428571428,14,14,69.00416666666666,0.23970750535088,0.2028862991365256,1.0,0.2028862991365256,0.8066418858349701,48.63963078475085,MEDIUM / RECURRENT,1.2021428571428572,1.67,305.28000000000003,307.9,,1,AGRICULTURAL,,0,,0,,0,,0,unknown
23,21.80101952380953,82.04042190476191,21,20,63.014583333333334,0.2927689638801818,0.3173868482824742,1.0,0.333256190696598,0.7735334216243479,52.24572050376675,MEDIUM / RECURRENT,1.0114285714285711,1.78,304.9080952380952,310.61,,1,AGRICULTURAL,,0,,0,,0,,0,unknown
24,22.327783292682927,82.65502329268293,82,46,71.96666666666667,0.9399843868409192,0.6391848077813802,1.0,1.1394163964798518,0.5154680660231525,59.95966238577106,MEDIUM / RECURRENT,2.009634146341463,6.71,309.64792682926833,337.55,,1,AGRICULTURAL,,0,,0,,0,,0,unknown
25,24.15009716981132,82.62992396226412,53,33,71.96666666666667,3.042901259366625,0.4585456229735988,1.0,0.7364520611394164,0.2473471242175881,47.46894341070656,MEDIUM / RECURRENT,1.3250943396226418,3.54,307.3435849056604,333.27,,1,AGRICULTURAL,,0,,0,,0,,0,unknown
26,24.18040958333334,82.67166041666667,24,18,65.45555555555555,1.0609091783617854,0.2749957562383296,1.0,0.3666610083177729,0.4852227407686635,45.062628300350354,MEDIUM / RECURRENT,0.96375,2.16,306.84499999999997,328.49,,1,AGRICULTURAL,,0,,0,,0,,0,unknown
27,26.29678571428571,74.12619285714287,7,7,58.00972222222222,0.2020323667773306,0.1206694280173342,1.0,0.1206694280173342,0.8319243538183727,46.10325591300882,MEDIUM / RECURRENT,1.0614285714285716,1.36,307.27,309.38,,1,AGRICULTURAL,,0,,0,,0,,0,unknown
28,26.640337974683547,79.47403126582277,79,43,72.03680555555556,6.694414361887787,0.5969170852091427,1.0,1.0966616216633087,0.1299644070318374,50.68470936628336,MEDIUM / RECURRENT,3.4537974683544306,24.89,317.09594936708856,367.0,,1,AGRICULTURAL,,0,,0,,0,,0,unknown
29,21.19360375,79.25320125,8,6,69.00555555555556,3.000309454885098,0.0869495209725464,1.0,0.1159326946300619,0.2499806605658519,33.27471183461629,LOW / TRANSIENT,4.715,11.74,332.755,335.56,,1,AGRICULTURAL,,0,,0,,0,,0,unknown
30,21.246143333333332,81.77041666666668,3,3,64.00069444444445,0.1242948584527504,0.0468744913792168,1.0,0.0468744913792168,0.8894463872014815,44.52328392506065,MEDIUM / RECURRENT,0.7366666666666667,1.07,302.47666666666663,307.94,,1,AGRICULTURAL,,0,,0,,0,,0,unknown
31,21.54312916666667,81.94766083333333,12,12,48.00069444444444,0.2407856317479574,0.2499963831541789,1.0,0.2499963831541789,0.8059409896544735,50.36868596979408,MEDIUM / RECURRENT,1.2575,2.02,307.1308333333333,312.05,,1,AGRICULTURAL,,0,,0,,0,,0,unknown
32,23.989170967741934,79.39228161290323,31,27,64.00069444444445,0.3046141874613204,0.4218704224129512,1.0,0.4843697442519069,0.7665101373348726,56.06440701965455,MEDIUM / RECURRENT,1.353225806451613,2.26,305.84903225806454,313.72,,1,AGRICULTURAL,,0,,0,,0,,0,unknown
33,24.0100275,80.52953749999999,20,20,69.99097222222223,0.2531501518095035,0.2857511385396926,1.0,0.2857511385396926,0.797988970879536,51.53257154355935,MEDIUM / RECURRENT,0.9635,1.68,305.7219999999999,309.61,,1,AGRICULTURAL,,0,,0,,0,,0,unknown
34,24.3262488,81.3281004,25,22,70.97847222222222,0.2523673710727668,0.3099531352424933,1.0,0.3522194718664697,0.7984877465654577,52.52255360852936,MEDIUM / RECURRENT,1.1792000000000002,1.78,304.3048,314.07,,1,AGRICULTURAL,,0,,0,,0,,0,unknown
35,24.20622268292683,82.70958902439024,41,29,69.99375,0.3666688769688321,0.4143227073845879,1.0,0.5857665863023483,0.7317061336890354,55.30695060484598,MEDIUM / RECURRENT,1.3717073170731708,2.58,305.3260975609756,311.24,,1,AGRICULTURAL,,0,,0,,0,,0,unknown
36,24.76331766666667,74.60775466666665,30,28,69.00625,0.2916089030780329,0.4057603477945838,1.0,0.4347432297799112,0.7742281720239774,55.55566207284981,MEDIUM / RECURRENT,1.6793333333333331,2.63,308.4053333333334,316.72,,1,AGRICULTURAL,,0,,0,,0,,0,unknown
37,24.71427,74.67024062499999,16,16,67.03263888888888,0.2345692781528744,0.2386896930392532,1.0,0.2386896930392532,0.8099990966049068,50.031500574550506,MEDIUM / RECURRENT,1.001875,1.32,303.79312500000003,310.08,,1,AGRICULTURAL,,0,,0,,0,,0,unknown
38,21.21242875,82.1358675,8,7,59.984027777777776,0.229896825676862,0.1166977320351482,1.0,0.133368836611598,0.813076332195312,45.61268493835963,MEDIUM / RECURRENT,0.99625,1.38,301.29875000000004,306.16,,1,AGRICULTURAL,,0,,0,,0,,0,unknown
39,21.55867307692308,81.7469353846154,13,11,60.97222222222222,2.0280353209209667,0.1804100227790432,1.0,0.2132118451025057,0.3302471384963413,38.34571725739836,LOW / TRANSIENT,1.410769230769231,7.49,304.2007692307692,333.03,,1,AGRICULTURAL,,0,,0,,0,,0,unknown
40,24.052506,80.61383599999999,5,5,16.988194444444446,0.1425348762416318,0.2943220373625475,1.0,0.2943220373625475,0.8752468049723784,53.39485148186183,MEDIUM / RECURRENT,1.684,2.22,311.028,312.96,,1,AGRICULTURAL,,0,,0,,0,,0,unknown
41,24.59760125,80.86229,8,8,59.46527777777778,1.3409702734070432,0.1345322900852505,1.0,0.1345322900852505,0.4271733013271467,38.5211607596972,LOW / TRANSIENT,1.32125,3.53,308.20500000000004,341.01,,1,AGRICULTURAL,,0,,0,,0,,0,unknown
42,21.890722,82.05675799999999,10,7,58.99583333333333,2.1886141829632604,0.1186524472067236,1.0,0.1695034960096052,0.3136158665237681,35.7641599747299,LOW / TRANSIENT,1.973,5.09,316.651,341.34,,1,AGRICULTURAL,,0,,0,,0,,0,unknown
43,24.1313375,82.72045250000001,40,23,53.990972222222226,1.9404826346343311,0.4259971445843569,1.0,0.7408645992771424,0.340080226362009,48.19323378624695,MEDIUM / RECURRENT,2.1020000000000003,5.83,314.62174999999996,345.01,,1,AGRICULTURAL,,0,,0,,0,,0,unknown
44,24.473971428571428,78.04336714285715,7,4,38.979166666666664,2.430065235935777,0.102618920363442,1.0,0.1795831106360235,0.2915396446467829,34.781621326928175,LOW / TRANSIENT,3.962857142857142,5.08,334.2685714285714,343.13,,1,AGRICULTURAL,,0,,0,,0,,0,unknown
45,24.897843199999997,76.99194759999999,100,32,53.99236111111111,10.415380080355916,0.5926764331374037,1.0,1.8521138535543864,0.0876011129687082,51.199925126292065,MEDIUM / RECURRENT,4.1907000000000005,11.43,335.0125,367.0,,1,AGRICULTURAL,,0,,0,,0,,0,unknown
46,24.954626666666663,76.51469999999999,3,1,1.0,1.353372328389711,1.0,0.1428571428571428,3.0,0.4249221374521079,53.06987132047072,MEDIUM / RECURRENT,3.52,4.2,338.9933333333333,340.95,,1,AGRICULTURAL,,0,,0,,0,,0,unknown
47,24.962829999999997,76.93736,3,3,48.00138888888889,1.1169775085184912,0.0624981916032522,1.0,0.0624981916032522,0.4723715750290718,36.75986458990177,LOW / TRANSIENT,6.036666666666666,10.06,345.7033333333333,367.0,,1,AGRICULTURAL,,0,,0,,0,,0,unknown
48,23.19692111111111,79.49888777777778,9,8,37.99236111111111,2.8505543576738965,0.2105686450127036,1.0,0.2368897256392915,0.2597028653827642,38.03773933437849,LOW / TRANSIENT,4.348888888888889,8.04,335.50333333333333,344.83,,1,AGRICULTURAL,,0,,0,,0,,0,unknown
49,24.919002027649768,77.13855585253455,217,32,50.96111111111111,20.03013476471462,0.6279297939605364,1.0,4.258148915294887,0.0475508127355345,56.44485687391925,MEDIUM / RECURRENT,5.570599078341014,23.99,338.06313364055296,367.0,,1,AGRICULTURAL,,0,,0,,0,,0,unknown
50,25.329802611336035,75.9563684817814,494,37,53.99236111111111,29.43128522280892,0.685282125815123,1.0,9.14944243655867,0.0328609190403328,67.9409776574533,MEDIUM / RECURRENT,5.997145748987855,36.09,339.2153846153846,367.0,,1,AGRICULTURAL,,0,,0,,0,,0,unknown
51,21.93805714285714,81.98079428571428,14,14,54.45763888888889,1.1525847624117371,0.2570805544574657,1.0,0.2570805544574657,0.464557780702493,43.80313612897609,MEDIUM / RECURRENT,1.1971428571428573,4.7,306.89285714285717,330.92,,1,AGRICULTURAL,,0,,0,,0,,0,unknown
52,23.356414653383144,79.92432036944791,2409,43,54.979166666666664,43.219109806055734,0.7821144372868511,1.0,43.81659719590754,0.0226146569749138,72.82629844453807,HIGH / PERSISTENT,6.372689912826899,73.5,337.4173432959734,367.0,,1,AGRICULTURAL,,0,,0,,0,,0,unknown
53,25.004039,76.84821600000001,10,8,30.02638888888889,2.0735249853342275,0.2664323049169712,1.0,0.333040381146214,0.325359320250086,41.49839783938814,MEDIUM / RECURRENT,4.609999999999999,9.42,338.668,347.76,,1,AGRICULTURAL,,0,,0,,0,,0,unknown
54,21.3612725,81.4456175,8,5,52.485416666666666,3.317846310559714,0.0952645576152105,1.0,0.1524232921843369,0.2315969416406514,33.27104493371407,LOW / TRANSIENT,3.4850000000000003,6.72,331.63374999999996,340.7,,1,AGRICULTURAL,,0,,0,,0,,0,unknown
55,24.53422181818182,81.17003545454546,11,11,53.00555555555555,2.781522264712652,0.2075254166229955,1.0,0.2075254166229955,0.2644437689370546,37.967315793791926,LOW / TRANSIENT,1.7109090909090907,6.06,312.03636363636366,331.84,,1,AGRICULTURAL,,0,,0,,0,,0,unknown
56,24.598350681818182,81.04273083333334,132,29,54.45902777777778,12.137568876676356,0.5325104245036406,1.0,2.4238405529131226,0.0761175838077119,50.007897639607904,MEDIUM / RECURRENT,4.418030303030303,16.96,334.2841666666667,350.2,,1,AGRICULTURAL,,0,,0,,0,,0,unknown
57,25.133930000000003,75.88943333333333,3,3,36.017361111111114,0.1145243761599664,0.0832931649474597,1.0,0.0832931649474597,0.8972437224257455,46.02672155157092,MEDIUM / RECURRENT,1.163333333333333,1.74,304.2366666666666,305.27,,1,AGRICULTURAL,,0,,0,,0,,0,unknown
58,24.83001363636364,82.71959636363636,11,1,1.0,1.271572476987994,1.0,0.1428571428571428,11.0,0.4402236821102694,67.37590221363396,MEDIUM / RECURRENT,12.219090909090909,16.18,344.44818181818175,355.67,,1,AGRICULTURAL,,0,,0,,0,,0,unknown
59,24.546235,78.05607060606062,66,24,48.986111111111114,7.826552550610295,0.4899347887723277,1.0,1.3473206691239012,0.1132945160940391,47.108249267160055,MEDIUM / RECURRENT,4.970909090909091,13.68,338.8142424242424,367.0,,1,AGRICULTURAL,,0,,0,,0,,0,unknown
60,26.34917125,77.672495,8,5,15.011805555555556,2.2443984376475163,0.3330711939677105,1.0,0.5329139103483369,0.3082235487467103,43.88779058450075,MEDIUM / RECURRENT,4.995,7.02,334.635,341.12,,1,AGRICULTURAL,,0,,0,,0,,0,unknown
61,21.5781765,82.022168,20,18,49.975,2.252402079250916,0.3601800900450225,1.0,0.400200100050025,0.3074650598644055,44.55600454896395,MEDIUM / RECURRENT,1.8799999999999997,5.81,311.28150000000005,338.3,,1,AGRICULTURAL,,0,,0,,0,,0,unknown
62,22.948786,79.51042199999999,5,4,17.97361111111111,2.217840061293091,0.2225484892975813,1.0,0.2781856116219766,0.3107674654277719,39.56091765721474,LOW / TRANSIENT,3.7760000000000007,4.98,334.658,338.25,,1,AGRICULTURAL,,0,,0,,0,,0,unknown
63,25.96619088661552,78.7018514236999,1173,44,48.98680555555555,23.894541320101133,0.8982010462000822,1.0,23.945223345288557,0.0401694486812074,77.24042559062703,HIGH / PERSISTENT,6.275959079283887,43.78,337.7193009377664,367.0,,1,AGRICULTURAL,,0,,0,,0,,0,unknown
64,22.021973333333335,81.63907,6,1,1.0,1.3224038611366322,1.0,0.1428571428571428,6.0,0.4305883299343894,59.18319517011635,MEDIUM / RECURRENT,11.125,14.66,350.5466666666667,355.62,,1,AGRICULTURAL,,0,,0,,0,,0,unknown
65,22.94336,79.68189,3,3,10.010416666666666,1.1051460733966378,0.299687825182102,1.0,0.299687825182102,0.4750264186591609,45.58897790492099,MEDIUM / RECURRENT,3.563333333333333,4.28,334.6166666666666,335.03,,1,AGRICULTURAL,,0,,0,,0,,0,unknown
66,23.64905375,78.99783375,8,6,47.53194444444444,2.6038923159105405,0.1262308973497355,1.0,0.1683078631329807,0.2774777691289994,35.30425251608669,LOW / TRANSIENT,3.145,4.87,330.71875,341.53,,1,AGRICULTURAL,,0,,0,,0,,0,unknown
67,25.010380740740743,76.91771592592593,27,9,14.94375,4.782585891984355,0.6022584692597239,1.0,1.806775407779172,0.1729330127869211,53.15125749538711,MEDIUM / RECURRENT,5.111111111111111,11.29,338.73407407407404,367.0,,1,AGRICULTURAL,,0,,0,,0,,0,unknown
68,24.2949775,77.378235,4,4,10.995138888888889,0.596403590620263,0.363797132571212,1.0,0.363797132571212,0.6264080122818205,50.98865415077126,MEDIUM / RECURRENT,6.1375,8.73,338.555,345.96,,1,AGRICULTURAL,,0,,0,,0,,0,unknown
69,24.661466206896556,77.90930896551724,29,17,32.00138888888889,5.649456051271864,0.5312269432750314,1.0,0.9062106679397596,0.1503882411266898,48.413129173039415,MEDIUM / RECURRENT,4.550344827586207,11.46,336.6420689655172,351.14,,1,AGRICULTURAL,,0,,0,,0,,0,unknown
70,25.1639195,76.16438550000001,20,14,27.983333333333334,5.127647517008786,0.5002977963073257,1.0,0.714711137581894,0.1631947655644772,47.20374045720973,MEDIUM / RECURRENT,8.0125,22.24,334.8545,345.32,,1,AGRICULTURAL,,0,,0,,0,,0,unknown
71,25.14298,76.90903384615385,13,11,31.013194444444444,3.6854078812958626,0.35468774491144,1.0,0.4191764258044291,0.2134285904951835,42.52099573341293,MEDIUM / RECURRENT,3.6184615384615384,5.84,337.9415384615385,346.96,,1,AGRICULTURAL,,0,,0,,0,,0,unknown
72,25.204023333333335,76.32094000000001,3,2,5.989583333333333,1.30961851297403,0.3339130434782609,0.8556547619047619,0.5008695652173913,0.4329719364399831,42.73950342859262,MEDIUM / RECURRENT,3.9,5.7,333.04,335.37,,1,AGRICULTURAL,,0,,0,,0,,0,unknown
73,25.665917080144983,76.64051631091422,2483,41,46.02777777777778,36.8263371083784,0.8907664453832227,1.0,53.945684972842486,0.0264366067783629,76.70555772398005,HIGH / PERSISTENT,8.924232782923882,131.48,340.6370479258961,367.0,,1,AGRICULTURAL,,0,,0,,0,,0,unknown
74,21.630364,82.111922,5,5,38.980555555555554,0.2031607120673549,0.1282690800256538,1.0,0.1282690800256538,0.8311441605184482,46.36883917131816,MEDIUM / RECURRENT,0.908,1.18,304.406,308.44,,1,AGRICULTURAL,,0,,0,,0,,0,unknown
75,24.579494,74.804648,10,10,42.99513888888889,0.8456942322576837,0.2325844329946861,1.0,0.2325844329946861,0.5418015522412851,44.44165506562909,MEDIUM / RECURRENT,1.336,5.13,307.413,342.76,,1,AGRICULTURAL,,0,,0,,0,,0,unknown
76,23.580484999999996,79.07837749999999,4,2,10.995138888888889,0.3917213452578328,0.181898566285606,1.0,0.363797132571212,0.7185346430213284,46.46473694556521,MEDIUM / RECURRENT,3.76,4.1,336.28499999999997,342.01,,1,AGRICULTURAL,,0,,0,,0,,0,unknown
77,23.76972333333333,74.94890666666667,3,2,16.0,0.2305133703036449,0.125,1.0,0.1875,0.8126689430064764,46.00337886012953,MEDIUM / RECURRENT,7.06,12.32,343.58,353.76,,1,AGRICULTURAL,,0,,0,,0,,0,unknown
78,24.075676,75.339678,5,2,16.0,1.5069616379010955,0.125,1.0,0.3125,0.3988892310443291,37.97778462088658,LOW / TRANSIENT,10.971999999999998,16.72,347.6,355.79,,1,AGRICULTURAL,,0,,0,,0,,0,unknown
79,24.332697136752135,77.97429115384614,234,32,51.49930555555556,16.473722730967197,0.6213676020442562,1.0,4.5437505899486235,0.0572287895027534,56.97994304150128,MEDIUM / RECURRENT,5.827008547008547,25.78,338.2186752136752,367.0,,1,AGRICULTURAL,,0,,0,,0,,0,unknown
80,24.36554114035087,77.48443859649123,114,20,31.999305555555555,13.619699543084172,0.6250135636624059,1.0,3.5625773128757134,0.0684008585164835,55.36864652426531,MEDIUM / RECURRENT,5.150964912280702,16.38,337.72543859649124,353.3,,1,AGRICULTURAL,,0,,0,,0,,0,unknown
81,24.483914,77.33575400000001,5,4,16.986805555555556,0.9841107388149146,0.2354768815665753,1.0,0.2943461019582192,0.5040041266029778,43.91046559080613,MEDIUM / RECURRENT,4.708,5.82,336.188,337.66,,1,AGRICULTURAL,,0,,0,,0,,0,unknown
82,24.56163617647059,77.82876058823528,34,20,41.02152777777778,8.302840628024365,0.48754888185404,1.0,0.8288330991518681,0.107494048321923,45.8717580296336,MEDIUM / RECURRENT,5.074705882352942,16.26,338.18323529411765,354.04,,1,AGRICULTURAL,,0,,0,,0,,0,unknown
83,24.688853773584903,77.11888981132074,53,18,31.999305555555555,7.023649331280356,0.5625122072961652,1.0,1.6562859437053756,0.1246315683440302,50.493130509657135,MEDIUM / RECURRENT,5.61566037735849,12.62,338.64509433962263,367.0,,1,AGRICULTURAL,,0,,0,,0,,0,unknown
84,24.711250399999997,77.3831228,25,12,37.990972222222226,3.914589773898141,0.3158645145959383,1.0,0.6580510720748716,0.2034757825182268,41.44087580537211,MEDIUM / RECURRENT,6.860399999999999,23.24,341.3516,367.0,,1,AGRICULTURAL,,0,,0,,0,,0,unknown
85,24.709781166666662,77.83120783333332,60,25,42.00694444444444,6.877871942306221,0.595139692511159,1.0,1.4283352620267813,0.126937833887568,51.22531643969549,MEDIUM / RECURRENT,4.321166666666667,10.43,336.6689999999999,367.0,,1,AGRICULTURAL,,0,,0,,0,,0,unknown
86,24.72065333333333,74.60984,3,1,1.0,0.3866702310537913,1.0,0.1428571428571428,3.0,0.7211519924532138,58.99446842049285,MEDIUM / RECURRENT,4.146666666666667,4.28,341.43333333333334,346.67,,1,AGRICULTURAL,,0,,0,,0,,0,unknown
87,24.761941052631578,77.02382157894738,38,18,36.017361111111114,7.0463706777003825,0.4997589896847584,1.0,1.0550467560011567,0.1242796336454382,47.087250823877625,MEDIUM / RECURRENT,5.358421052631579,22.4,335.108947368421,349.06,,1,AGRICULTURAL,,0,,0,,0,,0,unknown
88,24.745176,77.065086,10,7,26.99513888888889,1.3363999919711482,0.2593059450003859,1.0,0.3704370642862655,0.4280089040559922,43.37676028470588,MEDIUM / RECURRENT,4.429,7.68,334.99899999999997,336.96,,1,AGRICULTURAL,,0,,0,,0,,0,unknown
89,24.810592000000003,76.90658099999999,10,8,31.999305555555555,2.6610788807791583,0.2500054254649623,1.0,0.3125067818312029,0.2731435275131734,39.83807400519956,LOW / TRANSIENT,3.9779999999999993,9.29,335.076,346.36,,1,AGRICULTURAL,,0,,0,,0,,0,unknown
90,24.858618,77.79988766666665,30,17,42.00833333333333,10.020455986876298,0.4046816107915096,1.0,0.7141440190438405,0.0907403469684783,42.40695135516008,MEDIUM / RECURRENT,4.414666666666667,7.37,336.82566666666673,348.65,,1,AGRICULTURAL,,0,,0,,0,,0,unknown
91,24.86872742857143,77.56389600000001,35,13,16.0,7.633998616452477,0.8125,1.0,2.1875,0.1158211906699237,60.12892381339847,MEDIUM / RECURRENT,5.796857142857142,15.22,338.95342857142856,347.72,,1,AGRICULTURAL,,0,,0,,0,,0,unknown
92,24.879493478260873,76.86587695652175,23,14,37.00555555555555,7.483317822346541,0.3783215733373367,1.0,0.6215282990541962,0.1178784080640979,41.841879826197136,MEDIUM / RECURRENT,4.901739130434783,8.56,339.0934782608696,367.0,,1,AGRICULTURAL,,0,,0,,0,,0,unknown
93,24.908123333333336,76.91213333333333,3,3,28.96875,0.5334347926725224,0.1035598705501618,1.0,0.1035598705501618,0.6521307621155288,41.87433045266656,MEDIUM / RECURRENT,3.466666666666667,6.0,338.95666666666665,347.72,,1,AGRICULTURAL,,0,,0,,0,,0,unknown
94,24.928175,76.89487249999999,4,3,37.00277777777778,1.2626752789242517,0.081074994369792,1.0,0.108099992493056,0.4419547114491091,36.892919016911016,LOW / TRANSIENT,4.3374999999999995,6.76,335.68,337.47,,1,AGRICULTURAL,,0,,0,,0,,0,unknown
95,24.980336499999996,76.2261895,20,12,36.017361111111114,5.13278617478425,0.3331726597898389,1.0,0.5552877663163983,0.1630580247704755,41.03277912068667,MEDIUM / RECURRENT,3.992999999999999,10.05,334.87299999999993,350.58,,1,AGRICULTURAL,,0,,0,,0,,0,unknown
96,24.98382413793104,77.73605482758622,29,13,26.99513888888889,5.250299754042688,0.4815681835721452,1.0,1.07426748643017,0.1599923266645253,47.20326793117593,MEDIUM / RECURRENT,8.715862068965517,43.7,343.201724137931,367.0,,1,AGRICULTURAL,,0,,0,,0,,0,unknown
97,25.04527000000001,76.9987442857143,35,13,21.990972222222226,4.092068409222727,0.5911516720876623,1.0,1.5915621940821676,0.196383850261871,52.80110991646993,MEDIUM / RECURRENT,7.448000000000002,26.51,341.40942857142863,367.0,,1,AGRICULTURAL,,0,,0,,0,,0,unknown
98,25.042613333333335,76.63852666666666,3,3,16.986805555555556,0.4932853742447026,0.1766076611749315,1.0,0.1766076611749315,0.6696643637227049,44.927770737926565,MEDIUM / RECURRENT,4.09,6.4,334.53,335.57,,1,AGRICULTURAL,,0,,0,,0,,0,unknown
99,25.04778375,77.68400125,8,5,16.0,2.658339127503326,0.3125,1.0,0.5,0.2733480864258916,42.40446172851783,MEDIUM / RECURRENT,3.84625,6.01,336.1925,344.17,,1,AGRICULTURAL,,0,,0,,0,,0,unknown
100,25.048832499999996,77.628275,4,4,10.995138888888889,1.837792416500758,0.363797132571212,1.0,0.363797132571212,0.352386592544738,45.50822575602961,MEDIUM / RECURRENT,3.95,5.55,338.07500000000005,345.88,,1,AGRICULTURAL,,0,,0,,0,,0,unknown
101,25.112146666666668,76.26439111111111,9,5,16.986805555555556,3.127372537125966,0.2943461019582192,1.0,0.5298229835247945,0.2422848897221996,41.207457330031254,MEDIUM / RECURRENT,2.9122222222222223,3.49,336.4055555555555,339.18,,1,AGRICULTURAL,,0,,0,,0,,0,unknown
102,25.134375,76.335681,10,6,30.02638888888889,3.672874302431842,0.1998242286877284,1.0,0.333040381146214,0.214001048450968,36.93994973538228,LOW / TRANSIENT,3.2659999999999996,4.55,336.87399999999997,343.05,,1,AGRICULTURAL,,0,,0,,0,,0,unknown
103,25.20336714285714,76.35943571428571,7,2,1.9729166666666669,2.974084792397322,1.0,0.2818452380952381,3.5480464625131996,0.2516302626237527,54.1748291298824,MEDIUM / RECURRENT,2.7985714285714285,7.21,333.21142857142866,339.21,,1,AGRICULTURAL,,0,,0,,0,,0,unknown
104,25.185236666666665,76.47201666666666,3,2,3.029166666666667,1.2027925108057989,0.6602475928473177,0.4327380952380952,0.9903713892709766,0.45396922092957,44.98724532774186,MEDIUM / RECURRENT,3.47,3.91,335.6133333333334,337.95,,1,AGRICULTURAL,,0,,0,,0,,0,unknown
105,25.2116475,76.1081525,4,1,1.0,1.36245586780405,1.0,0.1428571428571428,4.0,0.4232883304311289,55.03719518005114,MEDIUM / RECURRENT,4.4725,5.94,339.525,342.62,,1,AGRICULTURAL,,0,,0,,0,,0,unknown
106,25.143766212121218,77.00725287878788,132,31,42.99513888888889,16.029015214700777,0.7210117422835269,1.0,3.0701145155298564,0.058723301811177,57.5501060472067,MEDIUM / RECURRENT,4.896136363636363,13.44,336.6887878787879,367.0,,1,AGRICULTURAL,,0,,0,,0,,0,unknown
107,25.252055,77.5062025,4,3,30.025,1.1723642023465553,0.0999167360532889,1.0,0.1332223147377185,0.4603279684501405,37.97008976034336,LOW / TRANSIENT,3.47,3.88,338.39,340.29,,1,AGRICULTURAL,,0,,0,,0,,0,unknown
108,25.24149,76.98341333333333,3,3,23.96388888888889,0.7671385880104126,0.1251883621189289,1.0,0.1251883621189289,0.5658865732346895,40.949700863094165,MEDIUM / RECURRENT,5.546666666666667,7.57,334.3933333333333,335.82,,1,AGRICULTURAL,,0,,0,,0,,0,unknown
109,25.281693599999997,76.9929444,25,19,37.00277777777778,7.214763722537772,0.5134749643420163,1.0,0.6756249530816004,0.1217320465659202,46.75751458945217,MEDIUM / RECURRENT,5.3108,11.33,338.4224,367.0,,1,AGRICULTURAL,,0,,0,,0,,0,unknown
110,25.3145,76.88932499999999,10,8,28.96875,2.0763763978321226,0.2761596548004315,1.0,0.3451995685005394,0.3250577532400409,41.857142119817,MEDIUM / RECURRENT,5.628,9.77,337.488,348.62,,1,AGRICULTURAL,,0,,0,,0,,0,unknown
111,25.31085066666667,76.51896933333333,15,10,28.96875,2.985244411582191,0.3451995685005394,1.0,0.517799352750809,0.2509256388626332,43.13609638027316,MEDIUM / RECURRENT,4.246666666666666,7.7,337.65866666666665,346.76,,1,AGRICULTURAL,,0,,0,,0,,0,unknown
112,25.30560125,76.32862,8,6,31.999305555555555,1.8970366660617208,0.1875040690987217,1.0,0.2500054254649623,0.3451803050043603,38.9662593694724,LOW / TRANSIENT,16.14125,58.98,338.71124999999995,346.45,,1,AGRICULTURAL,,0,,0,,0,,0,unknown
113,25.34904333333333,76.41515666666666,3,1,1.0,1.2921009609378755,1.0,0.1428571428571428,3.0,0.4362809566603134,53.297047704634835,MEDIUM / RECURRENT,2.89,4.0,339.3466666666667,341.98,,1,AGRICULTURAL,,0,,0,,0,,0,unknown
114,25.38788,76.300198,5,3,5.002777777777778,1.5914763669707663,0.5996668517490282,0.7146825396825397,0.9994447529150472,0.3858804242806667,48.571901294722906,MEDIUM / RECURRENT,3.798,5.47,333.992,335.9,,1,AGRICULTURAL,,0,,0,,0,,0,unknown
115,25.469853333333333,76.40903666666667,6,4,19.029166666666665,2.185316453395308,0.2102036347711846,1.0,0.3153054521567769,0.3139405502188253,39.26654912568152,LOW / TRANSIENT,6.848333333333334,14.17,345.86833333333334,367.0,,1,AGRICULTURAL,,0,,0,,0,,0,unknown
116,25.46150596491228,76.50687122807018,57,22,35.02916666666667,10.8833077318606,0.6280480551921018,1.0,1.627215415724991,0.084151653947232,51.91914584211818,MEDIUM / RECURRENT,7.215263157894737,25.66,341.90000000000003,367.0,,1,AGRICULTURAL,,0,,0,,0,,0,unknown
117,25.978803988439303,79.05878572254335,173,39,43.98194444444445,13.893226053968032,0.8867275081314934,1.0,3.933432279660214,0.0671446197335847,65.24521973859439,MEDIUM / RECURRENT,5.858497109826589,27.42,338.2005780346821,367.0,,1,AGRICULTURAL,,0,,0,,0,,0,unknown
118,26.3601625,82.6883375,4,4,43.98194444444445,1.1793739092232896,0.0909464110904095,1.0,0.0909464110904095,0.4588473761973188,37.54196473429153,LOW / TRANSIENT,3.43,4.16,333.76,337.14,,1,AGRICULTURAL,,0,,0,,0,,0,unknown
119,23.344805128205127,80.88236923076923,39,36,43.984027777777776,0.3458752511138308,0.8184789301672009,1.0,0.8866855076811343,0.7430109136581653,70.2803518443776,HIGH / PERSISTENT,1.4656410256410253,2.35,308.7930769230769,321.45,,1,AGRICULTURAL,,0,,0,,0,,0,unknown
120,21.27817846153846,80.93765846153846,13,7,42.99583333333333,5.4343405909666345,0.1628064734954937,1.0,0.3023548793487741,0.1554160812382127,34.41125795580408,LOW / TRANSIENT,3.0715384615384616,4.83,333.55923076923074,342.55,,1,AGRICULTURAL,,0,,0,,0,,0,unknown
121,23.011276888888897,79.5131148888889,45,20,42.010416666666664,7.589022178473482,0.4760724026779073,1.0,1.0711629060252914,0.116427688649621,46.13341367876976,MEDIUM / RECURRENT,4.430222222222222,9.8,336.2775555555556,353.6,,1,AGRICULTURAL,,0,,0,,0,,0,unknown
122,23.562998888888888,79.1176188888889,9,8,14.02361111111111,2.765695975262005,0.5704664751906507,1.0,0.641774784589482,0.2655551607376969,51.56097941560568,MEDIUM / RECURRENT,3.1066666666666674,4.11,333.7611111111112,339.82,,1,AGRICULTURAL,,0,,0,,0,,0,unknown
123,23.620895294117645,79.15250058823528,17,10,26.010416666666668,4.178677840805469,0.3844613536243492,1.0,0.6535843011613937,0.1930994803578019,43.62530558633105,MEDIUM / RECURRENT,3.838235294117647,8.75,336.2464705882353,345.75,,1,AGRICULTURAL,,0,,0,,0,,0,unknown
124,23.637023333333335,79.82227333333333,3,3,26.010416666666668,0.486600759022365,0.1153384060873047,1.0,0.1153384060873047,0.6726755612970567,42.721032251171415,MEDIUM / RECURRENT,3.24,4.28,332.3566666666667,333.72,,1,AGRICULTURAL,,0,,0,,0,,0,unknown
125,24.450450000000004,77.74170888888888,9,7,24.036805555555556,2.581646273546989,0.2912200618264813,1.0,0.3744257937769046,0.2792012174361585,41.52557810020383,MEDIUM / RECURRENT,4.977777777777778,8.57,336.7088888888889,341.35,,1,AGRICULTURAL,,0,,0,,0,,0,unknown
126,24.760680941176467,77.50866670588236,85,17,22.979166666666668,11.965684728456006,0.7398005439709882,1.0,3.6990027198549407,0.0771266632610064,59.83355774391459,MEDIUM / RECURRENT,5.181176470588236,15.84,338.09482352941177,367.0,,1,AGRICULTURAL,,0,,0,,0,,0,unknown
127,24.744185,76.97538999999999,6,5,19.03263888888889,2.228518721270985,0.2627066078009267,1.0,0.3152479293611121,0.309739569856459,41.02001852888384,MEDIUM / RECURRENT,3.065,3.74,334.47999999999996,337.09,,1,AGRICULTURAL,,0,,0,,0,,0,unknown
128,24.942120675675675,77.62076999999998,74,15,16.002083333333335,9.351687468182345,0.9373779455800024,1.0,4.624397864861345,0.0966026073597825,68.98907597221843,MEDIUM / RECURRENT,5.58581081081081,17.87,338.91040540540536,367.0,,1,AGRICULTURAL,,0,,0,,0,,0,unknown
129,25.852772857142856,79.53027,7,1,1.0,0.8559655018586442,1.0,0.1428571428571428,7.0,0.5388031183761534,63.34749093895164,MEDIUM / RECURRENT,5.384285714285714,6.08,348.95,354.66,,1,AGRICULTURAL,,0,,0,,0,,0,unknown
130,26.076006666666668,79.55772333333333,3,1,1.0,0.3001180897177354,1.0,0.1428571428571428,3.0,0.7691609000049425,59.95464657152743,MEDIUM / RECURRENT,4.516666666666667,5.26,344.01000000000005,348.8,,1,AGRICULTURAL,,0,,0,,0,,0,unknown
131,26.29581770833333,79.99123875,48,22,42.99513888888889,6.369302547463538,0.5116857525883094,1.0,1.116405278374493,0.1356980519607236,47.85577293655429,MEDIUM / RECURRENT,5.665,17.25,336.7704166666667,367.0,,1,AGRICULTURAL,,0,,0,,0,,0,unknown
132,26.635084666666668,79.203857,30,15,43.983333333333334,6.5752999056866805,0.3410382720727548,1.0,0.6820765441455097,0.1320079749251,40.94065210933944,MEDIUM / RECURRENT,5.5183333333333335,11.81,335.0849999999999,339.93,,1,AGRICULTURAL,,0,,0,,0,,0,unknown
133,26.692618235294123,81.11063705882353,34,14,37.99236111111111,7.317223789966137,0.3684951287722313,1.0,0.8949167413039902,0.1202324267391236,42.091811524418546,MEDIUM / RECURRENT,3.989705882352941,8.55,334.1823529411764,353.2,,1,AGRICULTURAL,,0,,0,,0,,0,unknown
134,26.858196363636363,79.14119818181818,11,7,26.99513888888889,4.433957506904286,0.2593059450003859,1.0,0.4074807707148921,0.1840279388878949,38.571228394201185,LOW / TRANSIENT,4.6000000000000005,7.27,337.62272727272733,350.09,,1,AGRICULTURAL,,0,,0,,0,,0,unknown
135,21.19091,81.20294100000001,20,15,42.009027777777774,1.3527976652073292,0.3570661068222769,1.0,0.4760881424297026,0.4250259233030477,46.95000848970005,MEDIUM / RECURRENT,1.012,1.66,303.9475,309.9,,1,AGRICULTURAL,,0,,0,,0,,0,unknown
136,26.642349375,79.51940562499999,16,11,38.45902777777778,4.015087509635327,0.2860186706632238,1.0,0.4160271573283256,0.1993983151996315,39.830674091862114,LOW / TRANSIENT,2.55875,6.45,325.64250000000004,339.74,,1,AGRICULTURAL,,0,,0,,0,,0,unknown
137,23.12729333333333,79.44933666666667,3,3,22.979166666666668,1.3429385249714778,0.1305530371713508,1.0,0.1305530371713508,0.4268144423516932,38.36675122237384,LOW / TRANSIENT,3.75,5.57,333.1933333333333,336.04,,1,AGRICULTURAL,,0,,0,,0,,0,unknown
138,23.611949999999997,80.20620000000001,3,1,1.0,0.2786174255591219,1.0,0.1428571428571428,3.0,0.78209476893584,60.21332395014536,MEDIUM / RECURRENT,6.573333333333334,7.16,341.47666666666663,346.07,,1,AGRICULTURAL,,0,,0,,0,,0,unknown
139,24.04537333333333,77.54429,3,3,25.022222222222226,1.7819287223326332,0.1198934280639431,1.0,0.1198934280639431,0.3594628402849606,36.62531364406511,LOW / TRANSIENT,2.703333333333333,3.07,334.30333333333334,336.29,,1,AGRICULTURAL,,0,,0,,0,,0,unknown
140,24.230368571428578,77.44940999999999,7,6,8.034027777777778,2.768941460877499,0.7468234073817961,1.0,0.8712939752787622,0.2653264876571408,58.187936962063205,MEDIUM / RECURRENT,3.4499999999999997,5.59,333.88142857142856,339.77,,1,AGRICULTURAL,,0,,0,,0,,0,unknown
141,24.295729999999995,77.43240545454545,11,4,10.00763888888889,2.675329799108652,0.3996946776767746,1.0,1.0991603636111302,0.2720844263397864,46.6293229727051,MEDIUM / RECURRENT,6.132727272727272,12.29,341.3109090909091,353.17,,1,AGRICULTURAL,,0,,0,,0,,0,unknown
142,24.3423275,77.61578499999999,4,2,9.022222222222222,0.9495781730497614,0.2216748768472906,1.0,0.4433497536945813,0.5129314709323409,43.903949615691154,MEDIUM / RECURRENT,4.0225,6.31,340.135,345.45,,1,AGRICULTURAL,,0,,0,,0,,0,unknown
143,24.373427391304343,77.58337782608695,23,13,29.558333333333337,4.451616541558933,0.4398082886946715,1.0,0.778122356921342,0.1834318302427855,45.61817142301191,MEDIUM / RECURRENT,5.668695652173913,13.12,338.79086956521735,354.09,,1,AGRICULTURAL,,0,,0,,0,,0,unknown
144,24.359656666666663,77.35922333333333,3,3,19.02986111111111,0.5144053747342593,0.157646972959165,1.0,0.157646972959165,0.6603251789009764,44.03944157750864,MEDIUM / RECURRENT,2.89,4.6,335.2,338.13,,1,AGRICULTURAL,,0,,0,,0,,0,unknown
145,24.4011425,77.35321125,8,5,15.011805555555556,2.886450428314786,0.3330711939677105,1.0,0.5329139103483369,0.2573041952920554,42.86940351540765,MEDIUM / RECURRENT,2.89,4.31,334.64625,337.11,,1,AGRICULTURAL,,0,,0,,0,,0,unknown
146,24.575875000000007,77.06632333333333,6,4,9.022222222222222,3.2901723554539313,0.4433497536945813,1.0,0.6650246305418719,0.2330908684190131,46.50910800877435,MEDIUM / RECURRENT,2.7083333333333335,6.13,335.3583333333333,339.08,,1,AGRICULTURAL,,0,,0,,0,,0,unknown
147,24.623626666666667,76.8905575,12,7,16.0,3.369618000047159,0.4375,1.0,0.75,0.2288529569379308,46.389559138758614,MEDIUM / RECURRENT,3.5399999999999996,6.63,336.75166666666667,347.54,,1,AGRICULTURAL,,0,,0,,0,,0,unknown
148,24.624720000000003,76.811244,5,4,4.018055555555556,1.9585157465381065,0.9955063947459384,0.5740079365079366,1.244382993432423,0.3380073272113374,58.44183475989786,MEDIUM / RECURRENT,2.834,3.67,332.998,334.31,,1,AGRICULTURAL,,0,,0,,0,,0,unknown
149,24.65924,77.52650200000001,5,5,9.022222222222222,1.6569872795997034,0.5541871921182266,1.0,0.5541871921182266,0.3763661225170254,53.0322485587149,MEDIUM / RECURRENT,5.0520000000000005,8.98,340.066,345.76,,1,AGRICULTURAL,,0,,0,,0,,0,unknown
150,24.599218421052623,77.44651842105263,95,30,38.06111111111111,11.850805238384991,0.7882061012990804,1.0,2.495985987447088,0.0778161353666016,59.135508227694025,MEDIUM / RECURRENT,5.12621052631579,21.11,339.0611578947369,367.0,,1,AGRICULTURAL,,0,,0,,0,,0,unknown
151,24.76804769230769,76.88996307692307,13,9,25.022222222222226,2.6290826358269466,0.3596802841918295,1.0,0.5195381882770871,0.2755517303816184,44.138920930900575,MEDIUM / RECURRENT,5.389230769230769,7.19,338.2161538461539,346.48,,1,AGRICULTURAL,,0,,0,,0,,0,unknown
152,24.92691125,77.72529,8,4,7.049305555555556,1.7575874875303965,0.5674317801201851,1.0,1.1348635602403705,0.3626358200861894,54.38255582641101,MEDIUM / RECURRENT,4.87375,6.1,336.84000000000003,341.74,,1,AGRICULTURAL,,0,,0,,0,,0,unknown
153,24.976805,77.57833249999999,4,3,4.018055555555556,1.5464755204299436,0.7466297960594538,0.5740079365079366,0.9955063947459384,0.3926996320903809,50.32724670607879,MEDIUM / RECURRENT,5.6225,11.48,336.53499999999997,343.41,,1,AGRICULTURAL,,0,,0,,0,,0,unknown
154,25.01250888888889,76.69151666666667,9,7,25.022222222222226,2.489782010758026,0.2797513321492007,1.0,0.3596802841918295,0.2865508495709126,41.24167418502394,MEDIUM / RECURRENT,4.064444444444444,8.18,336.2344444444444,345.77,,1,AGRICULTURAL,,0,,0,,0,,0,unknown
155,24.97772666666667,77.83547888888889,9,6,10.995833333333334,4.235785606202467,0.5456612353164078,1.0,0.8184918529746116,0.190993305534774,49.55499305271898,MEDIUM / RECURRENT,4.0,6.86,336.37333333333333,341.8,,1,AGRICULTURAL,,0,,0,,0,,0,unknown
156,25.08572444444444,76.94412388888888,18,10,35.02986111111111,2.7452370025480324,0.2854707293380648,1.0,0.5138473128085166,0.2670057994513192,41.35928614147568,MEDIUM / RECURRENT,6.155555555555555,16.93,336.80055555555555,355.04,,1,AGRICULTURAL,,0,,0,,0,,0,unknown
157,25.076913333333337,76.77602,3,3,7.049305555555556,1.3173633001706349,0.4255738350901389,1.0,0.4255738350901389,0.4315249145122678,49.3767301885805,MEDIUM / RECURRENT,5.446666666666666,8.84,337.1166666666667,340.98,,1,AGRICULTURAL,,0,,0,,0,,0,unknown
158,25.1388,76.49589666666667,3,2,16.0,0.5216925932317908,0.125,1.0,0.1875,0.6571629542312398,42.893259084624795,MEDIUM / RECURRENT,2.97,3.12,331.9033333333333,332.53,,1,AGRICULTURAL,,0,,0,,0,,0,unknown
159,25.168253333333336,76.20200333333334,3,2,14.027083333333334,0.950290469836143,0.142581315906728,1.0,0.213871973860092,0.5127441350231366,40.6729727049184,MEDIUM / RECURRENT,6.37,8.78,338.88666666666666,345.25,,1,AGRICULTURAL,,0,,0,,0,,0,unknown
160,25.17515777777778,77.12180666666667,18,10,24.554166666666667,3.2144705663323916,0.4072628542338367,1.0,0.7330731376209062,0.2372777278333781,45.46590073009366,MEDIUM / RECURRENT,4.732222222222222,10.88,334.80277777777775,343.94,,1,AGRICULTURAL,,0,,0,,0,,0,unknown
161,25.29301625,77.10242375,8,7,24.035416666666663,3.0817869563877114,0.2912368900060674,1.0,0.3328421600069342,0.2449907382929601,40.75879023608543,MEDIUM / RECURRENT,4.91375,8.06,336.07500000000005,339.29,,1,AGRICULTURAL,,0,,0,,0,,0,unknown
162,25.303012000000003,76.161374,5,5,18.042361111111113,2.528939705063784,0.2771255917786074,1.0,0.2771255917786074,0.2833712343016428,40.92107158184133,MEDIUM / RECURRENT,3.3240000000000003,6.57,334.79999999999995,337.87,,1,AGRICULTURAL,,0,,0,,0,,0,unknown
163,25.41429933333334,77.10073733333334,15,12,26.995833333333337,3.612647740453636,0.4445130421361321,1.0,0.5556413026701651,0.2167952239729569,46.0051435595641,MEDIUM / RECURRENT,5.709999999999999,11.59,339.224,367.0,,1,AGRICULTURAL,,0,,0,,0,,0,unknown
164,25.711962857142854,79.58036285714286,7,6,19.02986111111111,2.746573256509057,0.3152939459183301,1.0,0.3678429369047185,0.2669105690814036,42.10918536257907,MEDIUM / RECURRENT,5.595714285714285,11.94,338.97999999999996,346.27,,1,AGRICULTURAL,,0,,0,,0,,0,unknown
165,25.986279999999997,79.52058083333333,36,20,41.022222222222226,4.626379237294997,0.4875406283856988,1.0,0.8775731310942578,0.1777341977539309,47.37375221076659,MEDIUM / RECURRENT,6.878333333333334,30.85,338.73777777777775,367.0,,1,AGRICULTURAL,,0,,0,,0,,0,unknown
166,22.919343333333337,79.56688666666668,3,2,8.035416666666666,0.4078952123333952,0.2488981073373088,1.0,0.3733471610059632,0.7102801339473523,48.66373075776478,MEDIUM / RECURRENT,3.936666666666667,5.59,331.30333333333334,332.01,,1,AGRICULTURAL,,0,,0,,0,,0,unknown
167,23.027463333333333,79.81454000000001,3,2,3.03125,0.2362604427301959,0.6597938144329897,0.4330357142857143,0.9896907216494846,0.8088910438576914,52.075878682750286,MEDIUM / RECURRENT,3.936666666666666,5.51,334.62666666666667,336.19,,1,AGRICULTURAL,,0,,0,,0,,0,unknown
168,24.825570000000003,77.5441,4,3,15.013194444444444,1.3895830986656263,0.1998242286877284,1.0,0.2664323049169712,0.4184830402250554,40.896373418405545,MEDIUM / RECURRENT,4.365,6.31,332.3325,335.82,,1,AGRICULTURAL,,0,,0,,0,,0,unknown
169,25.07683555555555,77.89732444444445,9,8,34.043055555555554,2.706196078906151,0.2349965321692301,1.0,0.2643710986903839,0.2698184280350166,39.14998938400415,LOW / TRANSIENT,5.253333333333334,13.42,338.9811111111111,367.0,,1,AGRICULTURAL,,0,,0,,0,,0,unknown
170,22.70656850898203,77.80400806586826,1670,41,41.93958333333333,42.051555610105765,0.9775967413441956,1.0,39.819184342556255,0.023227964375003,79.68044523454691,HIGH / PERSISTENT,5.7034431137724555,59.86,336.8277125748503,367.0,,1,AGRICULTURAL,,0,,0,,0,,0,unknown
171,24.395796363636364,77.70682181818182,11,9,13.955555555555556,4.297090367529628,0.6449044585987261,1.0,0.7882165605095541,0.1887828846813432,52.92374686560139,MEDIUM / RECURRENT,5.171818181818182,9.15,338.4681818181818,346.88,,1,AGRICULTURAL,,0,,0,,0,,0,unknown
172,25.228543,77.033949,10,7,36.93472222222222,2.5831365467991723,0.1895235588312714,1.0,0.2707479411875306,0.2790850940060611,37.75652232159078,LOW / TRANSIENT,4.89,8.52,337.708,348.35,,1,AGRICULTURAL,,0,,0,,0,,0,unknown
173,25.263056666666667,76.51907,3,3,14.94375,1.1525813810820196,0.2007528230865746,1.0,0.2007528230865746,0.4645585104416997,41.71902466303726,MEDIUM / RECURRENT,2.0233333333333334,2.62,333.51666666666665,338.2,,1,AGRICULTURAL,,0,,0,,0,,0,unknown
174,26.275345,77.50263142857143,14,10,17.97361111111111,1.796985553399459,0.5563712232439533,1.0,0.7789197125415347,0.3575277672723762,53.181387584068965,MEDIUM / RECURRENT,3.2785714285714285,5.3,334.87071428571426,344.97,,1,AGRICULTURAL,,0,,0,,0,,0,unknown
175,24.188486666666662,82.57717444444444,9,8,42.00972222222222,0.2875398990017119,0.1904321089694845,1.0,0.2142361225906701,0.7766749603451865,47.62709526601704,MEDIUM / RECURRENT,1.5244444444444445,2.5,304.12333333333333,309.54,,1,AGRICULTURAL,,0,,0,,0,,0,unknown
176,24.277511428571433,77.35473857142857,7,5,26.997222222222224,1.987665753144537,0.1852042391192509,1.0,0.2592859347669513,0.3347094630473619,38.69490949965492,LOW / TRANSIENT,6.09857142857143,9.61,338.6828571428572,345.58,,1,AGRICULTURAL,,0,,0,,0,,0,unknown
177,24.598341333333337,77.53328666666668,15,10,27.983333333333334,4.198764678988399,0.357355568790947,1.0,0.5360333531864204,0.1923533881119206,42.4265793762944,MEDIUM / RECURRENT,4.7780000000000005,12.39,338.2366666666667,346.32,,1,AGRICULTURAL,,0,,0,,0,,0,unknown
178,25.047948333333338,77.72565333333334,6,5,9.020833333333334,2.464904518828072,0.5542725173210161,1.0,0.6651270207852193,0.2886082414583326,51.50195697697265,MEDIUM / RECURRENT,4.456666666666666,8.74,333.58833333333337,335.34,,1,AGRICULTURAL,,0,,0,,0,,0,unknown
179,25.09584375,77.6206725,8,6,34.49305555555556,2.859442337078955,0.1739480571773706,1.0,0.2319307429031608,0.2591047909675097,36.73413930636449,LOW / TRANSIENT,5.04,13.07,334.46500000000003,354.48,,1,AGRICULTURAL,,0,,0,,0,,0,unknown
180,25.352178684210525,75.63113026315789,38,17,37.00555555555555,8.401529973450694,0.4593904819096232,1.0,1.0268728419156283,0.1063656663143057,45.259725876954185,MEDIUM / RECURRENT,5.708157894736841,20.33,339.4736842105263,367.0,,1,AGRICULTURAL,,0,,0,,0,,0,unknown
181,25.61751467889908,78.65336146788992,109,31,34.96319444444445,12.221092661599844,0.8866466720956561,1.0,3.1175641051105325,0.0756367136662207,63.78049600689343,MEDIUM / RECURRENT,4.4226605504587155,11.03,335.8130275229357,367.0,,1,AGRICULTURAL,,0,,0,,0,,0,unknown
182,25.762171315789477,78.40921999999999,38,23,39.96597222222222,6.776121795804561,0.5754895657764418,1.0,0.950808847804556,0.12859880879689,49.61572867372237,MEDIUM / RECURRENT,4.7015789473684215,14.75,335.8057894736842,352.79,,1,AGRICULTURAL,,0,,0,,0,,0,unknown
183,25.903293333333338,80.64065666666667,3,2,2.9604166666666667,0.1686443260412851,0.6755805770584096,0.4229166666666666,1.0133708655876144,0.8556923417302184,53.358825429490594,MEDIUM / RECURRENT,5.19,7.18,334.48333333333335,335.46,,1,AGRICULTURAL,,0,,0,,0,,0,unknown
184,25.76831076923077,76.47419153846154,13,10,21.990972222222226,3.3676547216057737,0.4547320554520478,1.0,0.5911516720876623,0.2289558272665721,46.67704183032844,MEDIUM / RECURRENT,3.5838461538461535,5.99,334.56384615384616,340.08,,1,AGRICULTURAL,,0,,0,,0,,0,unknown
185,25.909094166666662,77.75816916666666,12,9,23.964583333333337,4.620017500300537,0.3755542032513257,1.0,0.5007389376684344,0.1779353889817111,42.704582768767494,MEDIUM / RECURRENT,4.081666666666666,6.76,335.1666666666667,340.8,,1,AGRICULTURAL,,0,,0,,0,,0,unknown
186,26.157835,78.93084083333333,12,10,34.96180555555556,3.0075206216093187,0.2860264177177475,1.0,0.343231701261297,0.24953084323704,40.68800488738455,MEDIUM / RECURRENT,5.834166666666667,12.51,336.06,353.79,,1,AGRICULTURAL,,0,,0,,0,,0,unknown
187,26.546638,78.60299,5,5,22.977777777777774,1.4612480506704535,0.2176015473887814,1.0,0.2176015473887814,0.4062979347927146,41.177215949239205,MEDIUM / RECURRENT,3.99,8.11,334.42600000000004,341.22,,1,AGRICULTURAL,,0,,0,,0,,0,unknown
188,26.570773333333335,78.6406,3,2,17.97361111111111,1.0079664343680446,0.1112742446487906,1.0,0.1669113669731859,0.4980162929440223,39.18874715553449,LOW / TRANSIENT,5.363333333333333,6.87,337.49333333333334,338.97,,1,AGRICULTURAL,,0,,0,,0,,0,unknown
189,26.691965,79.15138099999999,10,10,29.95694444444445,3.467442264915134,0.3338124159673605,1.0,0.3338124159673605,0.2238417288239978,41.8278939672723,MEDIUM / RECURRENT,5.862,14.19,335.881,346.6,,1,AGRICULTURAL,,0,,0,,0,,0,unknown
190,22.287553224489795,79.83585191836734,245,29,37.99236111111111,18.92949262165894,0.7633113381710506,1.0,6.448664753514048,0.0501768920556071,65.616764184127,MEDIUM / RECURRENT,5.050448979591836,24.08,337.25636734693876,367.0,,1,AGRICULTURAL,,0,,0,,0,,0,unknown
191,22.37713125,79.505785,8,6,21.992361111111112,3.435651619589412,0.2728220025892829,1.0,0.3637626701190438,0.2254460191561584,39.78521581398616,LOW / TRANSIENT,4.045,7.48,336.64375,346.53,,1,AGRICULTURAL,,0,,0,,0,,0,unknown
192,22.46018121052631,80.02038668421054,190,34,37.99236111111111,19.332329730715383,0.8949167413039902,1.0,5.0010053190517105,0.0491827554069877,67.30775169188283,MEDIUM / RECURRENT,4.588263157894737,28.19,335.92347368421053,367.0,,1,AGRICULTURAL,,0,,0,,0,,0,unknown
193,22.456895000000003,79.8738225,4,3,16.0,1.0013377092684397,0.1875,1.0,0.25,0.4996657962166394,42.05581592433279,MEDIUM / RECURRENT,2.7975,3.61,331.095,331.79,,1,AGRICULTURAL,,0,,0,,0,,0,unknown
194,23.035099217171716,77.57356398989899,396,33,38.979166666666664,18.081811827426247,0.8466060929983966,1.0,10.15927311598076,0.052405925026611,75.6793317554761,HIGH / PERSISTENT,5.282777777777778,23.87,336.58186868686863,367.0,,1,AGRICULTURAL,,0,,0,,0,,0,unknown
195,23.3077875,80.2239725,4,3,21.992361111111112,0.5163003736525754,0.1364110012946414,1.0,0.1818813350595219,0.6594999364084616,43.32814644360073,MEDIUM / RECURRENT,4.2025,5.6,333.53499999999997,339.73,,1,AGRICULTURAL,,0,,0,,0,,0,unknown
196,23.312595,79.36624333333333,12,9,32.0,3.1181335036076523,0.28125,1.0,0.375,0.2428284559312998,40.450319118626,MEDIUM / RECURRENT,3.8975,6.46,337.51166666666666,343.29,,1,AGRICULTURAL,,0,,0,,0,,0,unknown
197,23.378506666666667,79.35494333333334,3,3,5.990972222222222,0.6499339967196908,0.5007534484757158,0.8558531746031746,0.5007534484757158,0.6060848506595693,52.045903971872235,MEDIUM / RECURRENT,4.79,7.3,341.73,350.69,,1,AGRICULTURAL,,0,,0,,0,,0,unknown
198,23.431173333333337,78.93542000000001,3,2,5.004166666666666,0.1467158027693468,0.3996669442131557,0.7148809523809524,0.5995004163197336,0.8720556545789074,50.50048078120187,MEDIUM / RECURRENT,2.3666666666666667,2.63,332.5366666666667,333.53,,1,AGRICULTURAL,,0,,0,,0,,0,unknown
199,23.487175,78.0495475,4,4,38.5125,1.239919243030514,0.103862382343395,1.0,0.103862382343395,0.4464446667492544,37.7718014816907,LOW / TRANSIENT,1.8375,3.76,318.14,340.47,,1,AGRICULTURAL,,0,,0,,0,,0,unknown
200,23.515815000000003,79.0521475,8,8,37.99236111111111,1.156260190935178,0.2105686450127036,1.0,0.2105686450127036,0.4637659240772313,42.066358347014656,MEDIUM / RECURRENT,3.805,8.15,329.83500000000004,336.24,,1,AGRICULTURAL,,0,,0,,0,,0,unknown
201,23.68609,78.77623375,8,5,32.988194444444446,3.6095916899529112,0.1515693745658169,1.0,0.242510999305307,0.2169389540899262,35.128729190212724,LOW / TRANSIENT,11.1475,42.58,334.94875,343.1,,1,AGRICULTURAL,,0,,0,,0,,0,unknown
202,24.18634466666667,77.51292933333333,15,10,12.970138888888888,4.0740232661485365,0.7710017668790491,1.0,1.1565026503185738,0.1970822654029836,58.239712449463546,MEDIUM / RECURRENT,5.203999999999999,9.92,341.90399999999994,367.0,,1,AGRICULTURAL,,0,,0,,0,,0,unknown
203,24.267906666666665,80.82835083333332,12,8,37.00416666666667,4.841872054059969,0.2161918702848778,1.0,0.3242878054273167,0.1711780043701954,36.63885115822927,LOW / TRANSIENT,3.7633333333333336,7.33,334.91666666666663,342.26,,1,AGRICULTURAL,,0,,0,,0,,0,unknown
204,24.2986,77.56157363636363,11,7,6.977777777777778,1.9761542026321135,1.0,0.9968253968253968,1.5764331210191085,0.3360040951895567,69.79358306646427,MEDIUM / RECURRENT,6.323636363636364,12.54,343.58818181818185,367.0,,1,AGRICULTURAL,,0,,0,,0,,0,unknown
205,24.47399,77.56874333333333,3,2,1.0,0.5484865851692229,1.0,0.1428571428571428,3.0,0.645791839320789,57.48726535784434,MEDIUM / RECURRENT,3.543333333333333,4.55,338.1166666666667,341.52,,1,AGRICULTURAL,,0,,0,,0,,0,unknown
206,24.488714285714288,77.5038657142857,7,5,10.997222222222222,2.8162444168891434,0.4546602677443799,1.0,0.6365243748421319,0.262037723677867,47.426912594294905,MEDIUM / RECURRENT,4.572857142857143,5.55,335.2942857142857,336.21,,1,AGRICULTURAL,,0,,0,,0,,0,unknown
207,24.488613333333333,80.42649,9,8,37.99236111111111,2.220205825088529,0.2105686450127036,1.0,0.2368897256392915,0.3105391562890264,39.05446515250374,LOW / TRANSIENT,4.343333333333334,10.72,332.88444444444445,335.58,,1,AGRICULTURAL,,0,,0,,0,,0,unknown
208,24.53688,80.71279545454546,22,11,32.0,3.794832649467792,0.34375,1.0,0.6875,0.2085578524020011,42.57740704804002,MEDIUM / RECURRENT,5.506363636363636,12.35,336.54681818181825,345.67,,1,AGRICULTURAL,,0,,0,,0,,0,unknown
209,24.51139428571429,77.62781714285714,14,3,32.988194444444446,2.315348914373101,0.0909416247394901,1.0,0.4243942487842873,0.3016273779404271,35.06429292225927,LOW / TRANSIENT,28.055,87.75,343.6471428571428,355.06,,1,AGRICULTURAL,,0,,0,,0,,0,unknown
210,24.57869520833333,77.92766229166666,48,26,37.99236111111111,6.525204122628362,0.6843480962912867,1.0,1.2634118700762216,0.1328867607714441,54.13674232577635,MEDIUM / RECURRENT,5.670833333333333,15.18,338.09666666666664,367.0,,1,AGRICULTURAL,,0,,0,,0,,0,unknown
211,24.69319380952381,76.92444952380951,21,9,16.988194444444446,6.234591898772749,0.5297796672525855,1.0,1.2361525569226994,0.1382247974719398,48.77908941712469,MEDIUM / RECURRENT,4.845714285714286,10.64,339.39666666666665,353.03,,1,AGRICULTURAL,,0,,0,,0,,0,unknown
212,24.721594,77.47171,5,4,10.009027777777778,1.9461221302105072,0.3996392145979324,1.0,0.4995490182474155,0.3394292414919498,46.77505537726146,MEDIUM / RECURRENT,3.412,6.77,334.878,338.93,,1,AGRICULTURAL,,0,,0,,0,,0,unknown
213,24.744332,77.43622400000001,5,3,1.975,1.8911742002133207,1.0,0.2821428571428571,2.531645569620253,0.3458802309200934,54.03446718621379,MEDIUM / RECURRENT,4.7,5.5,340.068,350.91,,1,AGRICULTURAL,,0,,0,,0,,0,unknown
214,24.833413333333333,77.66572000000001,9,6,9.022222222222222,3.826645704941076,0.6650246305418719,1.0,0.997536945812808,0.2071832202177781,54.41460036494669,MEDIUM / RECURRENT,7.112222222222223,13.56,340.2766666666667,349.63,,1,AGRICULTURAL,,0,,0,,0,,0,unknown
215,24.892103333333335,77.28537999999999,3,3,10.529166666666669,0.7143737269791136,0.2849228333992877,1.0,0.2849228333992877,0.5833033861071198,47.20821255791604,MEDIUM / RECURRENT,1.986666666666667,2.55,326.20666666666665,338.23,,1,AGRICULTURAL,,0,,0,,0,,0,unknown
216,24.922775,77.7904075,4,3,7.965972222222222,0.6991785110251865,0.3766018655740563,1.0,0.5021358207654084,0.5885196837833463,50.95573061228972,MEDIUM / RECURRENT,3.5275,4.74,337.79,346.89,,1,AGRICULTURAL,,0,,0,,0,,0,unknown
217,25.3456825,77.7892775,4,4,21.992361111111112,1.1393483016208237,0.1818813350595219,1.0,0.1818813350595219,0.4674320676265642,41.0782507497336,MEDIUM / RECURRENT,3.3175,4.8,333.7925,336.82,,1,AGRICULTURAL,,0,,0,,0,,0,unknown
218,25.36283333333333,76.60992666666668,6,4,21.005555555555556,0.932049492742631,0.1904258132769108,1.0,0.2856387199153662,0.5175850845210259,42.587882594943125,MEDIUM / RECURRENT,4.703333333333334,6.71,334.38500000000005,336.36,,1,AGRICULTURAL,,0,,0,,0,,0,unknown
219,25.470954782608693,81.24773086956525,23,14,39.96597222222222,4.083902769230777,0.3502979965595733,1.0,0.5754895657764418,0.1966992771876527,42.345394554891,MEDIUM / RECURRENT,6.367826086956522,27.11,334.565652173913,342.82,,1,AGRICULTURAL,,0,,0,,0,,0,unknown
220,25.532207083333333,78.72065333333335,24,17,36.01875,4.846192446351417,0.471976401179941,1.0,0.6663196251952109,0.1710515021831167,46.272843335350686,MEDIUM / RECURRENT,4.935416666666666,11.81,335.69666666666666,344.69,,1,AGRICULTURAL,,0,,0,,0,,0,unknown
221,25.606955,76.3870525,4,3,16.988194444444446,1.4055858634266312,0.1765932224175285,1.0,0.235457629890038,0.4156991505493603,39.96566105538078,LOW / TRANSIENT,3.4825,4.91,335.79,337.72,,1,AGRICULTURAL,,0,,0,,0,,0,unknown
222,25.8099,81.23839333333332,3,2,12.970138888888888,1.494398318979998,0.1542003533758098,1.0,0.2313005300637147,0.400898281718261,38.87757906264599,LOW / TRANSIENT,2.766666666666667,3.32,331.6766666666667,332.28,,1,AGRICULTURAL,,0,,0,,0,,0,unknown
223,26.0529075,76.9123625,4,3,16.988194444444446,1.6142280787421448,0.1765932224175285,1.0,0.235457629890038,0.3825220944307037,39.302119933007646,LOW / TRANSIENT,2.2175,3.65,333.0525,334.56,,1,AGRICULTURAL,,0,,0,,0,,0,unknown
224,26.53765444444444,78.71570444444446,9,6,15.014583333333333,2.4125285400246415,0.3996114888303039,1.0,0.5994172332454558,0.2930378422542889,46.04599342063732,MEDIUM / RECURRENT,7.720000000000001,18.33,340.9166666666667,350.09,,1,AGRICULTURAL,,0,,0,,0,,0,unknown
225,26.66074133333333,79.28541666666665,15,8,38.979166666666664,3.17331081204961,0.205237840726884,1.0,0.3848209513629075,0.2396179065102694,37.745324458372146,LOW / TRANSIENT,3.663333333333333,7.61,333.836,344.61,,1,AGRICULTURAL,,0,,0,,0,,0,unknown
226,21.119373333333332,78.51792999999999,3,2,16.0,1.4280731059663074,0.125,1.0,0.1875,0.4118492139066081,37.98698427813216,LOW / TRANSIENT,5.376666666666666,6.93,338.2733333333333,341.21,,1,AGRICULTURAL,,0,,0,,0,,0,unknown
227,22.429810625,80.13685125,16,9,36.017361111111114,4.734492691966414,0.2498794948423792,1.0,0.4442302130531186,0.1743833419477408,38.121909584544326,LOW / TRANSIENT,6.570625,17.27,338.43375,352.65,,1,AGRICULTURAL,,0,,0,,0,,0,unknown
228,22.630513333333337,79.88910333333332,3,3,31.013194444444444,1.1452728977083066,0.0967330213394836,1.0,0.0967330213394836,0.4661411613731067,37.90194501702303,LOW / TRANSIENT,3.9033333333333338,6.31,333.1066666666666,336.09,,1,AGRICULTURAL,,0,,0,,0,,0,unknown
229,22.66503,78.188015,4,4,37.00555555555555,0.481552754401596,0.1080918780963819,1.0,0.1080918780963819,0.6749675278379832,42.49875004632579,MEDIUM / RECURRENT,2.875,4.13,333.09749999999997,336.26,,1,AGRICULTURAL,,0,,0,,0,,0,unknown
230,22.6683675,79.8776925,4,2,11.983333333333333,1.0663017976426326,0.1668984700973574,1.0,0.3337969401947149,0.4839564100175798,41.18816853414853,MEDIUM / RECURRENT,2.98,3.99,332.5175,335.72,,1,AGRICULTURAL,,0,,0,,0,,0,unknown
231,22.932576666666662,79.64343000000001,3,3,9.022222222222222,0.933133766161353,0.3325123152709359,1.0,0.3325123152709359,0.5172947767529362,47.64885120008336,MEDIUM / RECURRENT,2.936666666666666,4.1,336.2,341.86,,1,AGRICULTURAL,,0,,0,,0,,0,unknown
232,23.01854,79.44633,3,3,24.035416666666663,0.640853118883647,0.1248158100026003,1.0,0.1248158100026003,0.6094390707440951,41.80696638497811,MEDIUM / RECURRENT,5.63,7.96,341.8500000000001,347.85,,1,AGRICULTURAL,,0,,0,,0,,0,unknown
233,23.363866666666667,80.19189,3,3,26.99652777777778,0.4074544010343354,0.1111254019292604,1.0,0.1111254019292604,0.7105025919597124,43.321691710576886,MEDIUM / RECURRENT,2.3466666666666667,2.74,331.6466666666667,333.05,,1,AGRICULTURAL,,0,,0,,0,,0,unknown
234,23.420136,78.973238,5,5,16.00138888888889,1.7019689361729888,0.3124728756184359,1.0,0.3124728756184359,0.370100479917574,43.96350599623361,MEDIUM / RECURRENT,3.418,6.1,334.62399999999997,336.41,,1,AGRICULTURAL,,0,,0,,0,,0,unknown
235,23.496071866666664,77.72868293333333,75,21,37.00555555555555,8.274518725735124,0.5674823600060052,1.0,2.0267227143071613,0.1078223064260121,51.07177415734474,MEDIUM / RECURRENT,4.716799999999999,14.87,334.0989333333333,348.44,,1,AGRICULTURAL,,0,,0,,0,,0,unknown
236,23.53296333333333,78.90394,3,3,20.01736111111111,1.334759323376781,0.1498699045967042,1.0,0.1498699045967042,0.4283096720023767,39.111379910125585,LOW / TRANSIENT,4.803333333333334,8.16,336.05,340.76,,1,AGRICULTURAL,,0,,0,,0,,0,unknown
237,23.590155555555555,79.87880666666666,9,8,36.017361111111114,2.472937149359027,0.2221151065265593,1.0,0.2498794948423792,0.2879407132906399,39.03260198392714,LOW / TRANSIENT,3.818888888888889,6.26,334.2055555555555,336.91,,1,AGRICULTURAL,,0,,0,,0,,0,unknown
238,23.598852,78.69554600000001,5,3,34.56388888888889,2.5947685957210207,0.0867957887969139,1.0,0.1446596479948565,0.2781820229514453,33.89081236291061,LOW / TRANSIENT,3.3579999999999997,5.12,321.86199999999997,337.49,,1,AGRICULTURAL,,0,,0,,0,,0,unknown
239,23.6546675,78.6645625,4,2,6.979166666666667,0.9002731559755865,0.2865671641791044,0.9970238095238096,0.5731343283582089,0.5262401338751782,46.62651731858388,MEDIUM / RECURRENT,1.9275,3.32,331.125,332.45,,1,AGRICULTURAL,,0,,0,,0,,0,unknown
240,23.860916666666668,78.32977,3,3,8.035416666666666,1.0127164946496363,0.3733471610059632,1.0,0.3733471610059632,0.4968409622807186,48.75066420283501,MEDIUM / RECURRENT,2.9966666666666666,4.04,340.11333333333334,344.87,,1,AGRICULTURAL,,0,,0,,0,,0,unknown
241,24.2818475,80.86354,4,4,26.99652777777778,0.818738448226985,0.1481672025723472,1.0,0.1481672025723472,0.5498316709446923,41.4788199140707,MEDIUM / RECURRENT,2.8099999999999996,4.38,333.93499999999995,337.12,,1,AGRICULTURAL,,0,,0,,0,,0,unknown
242,24.634038888888888,80.67326055555556,54,21,37.99236111111111,9.39013311719125,0.5527426931583469,1.0,1.4213383538357491,0.0962451576626506,49.113574121466655,MEDIUM / RECURRENT,4.202222222222222,10.23,335.03888888888895,367.0,,1,AGRICULTURAL,,0,,0,,0,,0,unknown
243,24.317893333333338,77.62777666666666,3,2,4.0159722222222225,0.6210428169262568,0.4980114127615424,0.5737103174603175,0.7470171191423136,0.6168868518205779,45.6049286578581,MEDIUM / RECURRENT,7.583333333333333,9.87,338.73333333333335,342.26,,1,AGRICULTURAL,,0,,0,,0,,0,unknown
244,24.69673,76.80659666666668,3,1,1.0,0.658736317238705,1.0,0.1428571428571428,3.0,0.6028685750756926,56.62880007294242,MEDIUM / RECURRENT,3.786666666666666,5.68,333.4666666666667,334.69,,1,AGRICULTURAL,,0,,0,,0,,0,unknown
245,24.728482,77.30741800000001,5,5,32.0,1.4798090002990072,0.15625,1.0,0.15625,0.40325686368564,38.8463872737128,LOW / TRANSIENT,4.954,8.0,334.052,336.44,,1,AGRICULTURAL,,0,,0,,0,,0,unknown
246,25.018854285714287,76.77320428571429,7,4,6.977777777777778,1.814681639445742,0.5732484076433121,0.9968253968253968,1.003184713375796,0.3552799670078911,54.09629795506026,MEDIUM / RECURRENT,6.115714285714286,9.05,339.12571428571425,347.87,,1,AGRICULTURAL,,0,,0,,0,,0,unknown
247,25.03722833333333,76.71218,6,5,25.022222222222226,2.6935570053840165,0.1998223801065719,1.0,0.2397868561278863,0.2707417263473454,37.888191542932695,LOW / TRANSIENT,3.5316666666666667,7.84,336.44,344.5,,1,AGRICULTURAL,,0,,0,,0,,0,unknown
248,25.05492125,77.5842725,8,6,9.022222222222222,3.390866784343718,0.6650246305418719,1.0,0.8866995073891626,0.2277454655571986,54.60417039488781,MEDIUM / RECURRENT,3.90625,6.21,335.87125000000003,341.44,,1,AGRICULTURAL,,0,,0,,0,,0,unknown
249,25.111248333333336,77.59148,6,5,22.509722222222223,1.4274472491334158,0.2221262417473931,1.0,0.2665514900968717,0.411955398971901,41.54662942079053,MEDIUM / RECURRENT,4.285,7.71,332.5466666666667,341.29,,1,AGRICULTURAL,,0,,0,,0,,0,unknown
250,25.160816363636364,77.66488545454546,11,9,26.99513888888889,3.606266392683787,0.3333933578576389,1.0,0.4074807707148921,0.2170955639014533,41.82564034447621,MEDIUM / RECURRENT,4.3136363636363635,7.33,335.7163636363636,341.78,,1,AGRICULTURAL,,0,,0,,0,,0,unknown
251,25.3215,77.1027675,4,3,4.0159722222222225,0.8609521624931757,0.7470171191423136,0.5737103174603175,0.9960228255230849,0.5373593261313439,53.22758928016197,MEDIUM / RECURRENT,11.145,15.62,341.425,349.18,,1,AGRICULTURAL,,0,,0,,0,,0,unknown
252,25.393383333333333,81.32254,3,2,10.995833333333334,0.6892542771708491,0.1818870784388025,1.0,0.2728306176582039,0.5919771898845169,43.75125277836484,MEDIUM / RECURRENT,3.2266666666666666,6.54,333.00333333333333,334.77,,1,AGRICULTURAL,,0,,0,,0,,0,unknown
253,25.4809,77.59715,3,1,1.0,0.3093528946293847,1.0,0.1428571428571428,3.0,0.7637360440426202,59.84614945228097,MEDIUM / RECURRENT,4.536666666666666,6.0,345.7033333333334,355.76,,1,AGRICULTURAL,,0,,0,,0,,0,unknown
254,25.511968,77.661332,5,1,1.0,0.8637818734671934,1.0,0.1428571428571428,5.0,0.5365434733731475,59.30229803889152,MEDIUM / RECURRENT,7.738,10.58,345.178,355.84,,1,AGRICULTURAL,,0,,0,,0,,0,unknown
255,25.536445384615384,77.61099461538461,13,1,1.0,1.6540734182912658,1.0,0.1428571428571428,13.0,0.3767793283743506,66.10701513891559,MEDIUM / RECURRENT,6.024615384615384,9.37,344.0446153846154,355.64,,1,AGRICULTURAL,,0,,0,,0,,0,unknown
256,25.63815666666667,79.43463666666668,3,3,4.0159722222222225,0.9096686805477564,0.7470171191423136,0.5737103174603175,0.7470171191423136,0.5236510449096158,52.45541224296586,MEDIUM / RECURRENT,2.893333333333333,3.89,334.7166666666667,337.26,,1,AGRICULTURAL,,0,,0,,0,,0,unknown
257,25.638836666666663,79.47850999999999,3,3,10.995833333333334,1.0711876103523714,0.2728306176582039,1.0,0.2728306176582039,0.4828147846200518,44.75102854575458,MEDIUM / RECURRENT,5.093333333333334,9.97,334.69666666666666,337.23,,1,AGRICULTURAL,,0,,0,,0,,0,unknown
258,25.677929999999996,76.396406,5,4,8.034027777777778,1.063292418498102,0.4978822715878641,1.0,0.6223528394848301,0.4846622761924912,53.36383070839472,MEDIUM / RECURRENT,7.074,19.45,340.508,346.53,,1,AGRICULTURAL,,0,,0,,0,,0,unknown
259,25.712662,76.43653199999999,5,4,21.990972222222226,2.360640121711912,0.1818928221808191,1.0,0.2273660277260239,0.2975623582957759,37.77222799769624,LOW / TRANSIENT,6.075999999999999,9.62,338.986,346.13,,1,AGRICULTURAL,,0,,0,,0,,0,unknown
260,25.82048,78.78971580645161,31,19,32.988194444444446,4.943480792936719,0.5759636233501042,1.0,0.9397301223080649,0.1682515742607275,50.40321854708433,MEDIUM / RECURRENT,5.844193548387096,19.75,337.0093548387096,352.0,,1,AGRICULTURAL,,0,,0,,0,,0,unknown
261,25.84092068574836,78.16335382826475,1677,39,38.979166666666664,33.495299660941235,1.0,1.0,43.022982362373064,0.0289894568195994,80.579789136392,HIGH / PERSISTENT,5.593905784138342,55.99,336.9388372093023,367.0,,1,AGRICULTURAL,,0,,0,,0,,0,unknown
262,25.84399,80.7458875,4,4,25.022222222222226,0.6889188139468179,0.1598579040852575,1.0,0.1598579040852575,0.5920947719583453,42.75663789032144,MEDIUM / RECURRENT,3.5625,4.83,334.6275,339.17,,1,AGRICULTURAL,,0,,0,,0,,0,unknown
263,25.870166666666663,79.18213666666666,3,3,26.99513888888889,0.9296550380839828,0.1111311192858796,1.0,0.1111311192858796,0.5182273412935674,39.4763982394489,LOW / TRANSIENT,4.76,7.06,338.37666666666667,343.1,,1,AGRICULTURAL,,0,,0,,0,,0,unknown
264,26.050766666666664,78.902585,6,4,26.008333333333333,1.5636618190817988,0.1537968599807753,1.0,0.2306952899711631,0.3900670488427214,38.64562165612389,LOW / TRANSIENT,9.613333333333337,20.81,340.3516666666667,350.07,,1,AGRICULTURAL,,0,,0,,0,,0,unknown
265,26.301326666666668,78.18147,9,6,31.013194444444444,1.9261235488679356,0.1934660426789672,1.0,0.2901990640184509,0.341749069476879,39.18669101133834,LOW / TRANSIENT,4.518888888888889,10.63,334.56555555555565,339.69,,1,AGRICULTURAL,,0,,0,,0,,0,unknown
266,26.408343333333335,79.64635111111112,9,6,31.013194444444444,2.218325374173816,0.1934660426789672,1.0,0.2901990640184509,0.3107206027161602,38.56612167612396,LOW / TRANSIENT,4.025555555555556,9.64,332.8833333333334,336.85,,1,AGRICULTURAL,,0,,0,,0,,0,unknown
267,26.844285555555555,79.39471666666665,9,8,26.99513888888889,2.8974170396930523,0.2963496514290124,1.0,0.3333933578576389,0.2565801888316157,41.17062829236303,MEDIUM / RECURRENT,3.591111111111111,4.7,334.6188888888889,339.78,,1,AGRICULTURAL,,0,,0,,0,,0,unknown
268,23.227011666666662,77.6139075,12,8,31.534027777777776,2.577756416834489,0.2536942015899932,1.0,0.3805413023849898,0.2795047743593387,40.23047514760651,MEDIUM / RECURRENT,3.5816666666666666,9.56,325.57166666666666,339.45,,1,AGRICULTURAL,,0,,0,,0,,0,unknown
269,23.376026666666665,77.83379333333333,3,3,21.992361111111112,0.9034841936998383,0.1364110012946414,1.0,0.1364110012946414,0.525352405504498,40.5542551579917,MEDIUM / RECURRENT,5.333333333333333,7.63,334.57,338.78,,1,AGRICULTURAL,,0,,0,,0,,0,unknown
270,24.231239090909092,79.64359909090909,11,7,38.511805555555554,1.355553919003309,0.1817624465802333,1.0,0.2856267017689381,0.4245285968334462,40.42351097051496,MEDIUM / RECURRENT,4.796363636363637,9.36,336.61454545454546,351.99,,1,AGRICULTURAL,,0,,0,,0,,0,unknown
271,24.637293333333332,76.97545333333333,3,2,1.0,0.2711491701380052,1.0,0.1428571428571428,3.0,0.786689732009527,60.30522321161911,MEDIUM / RECURRENT,5.640000000000001,6.58,334.83,337.81,,1,AGRICULTURAL,,0,,0,,0,,0,unknown
272,24.683733333333333,76.86429,3,3,5.992361111111111,0.7748966028354499,0.5006373855603199,0.8560515873015874,0.5006373855603199,0.5634131015871405,51.193134980014335,MEDIUM / RECURRENT,4.366666666666667,4.94,337.0166666666667,339.87,,1,AGRICULTURAL,,0,,0,,0,,0,unknown
273,24.731524,81.042272,5,5,34.045138888888886,2.9487510785482773,0.1468638449770525,1.0,0.1468638449770525,0.2532446285187571,35.498854834526085,LOW / TRANSIENT,4.604,7.87,335.992,339.05,,1,AGRICULTURAL,,0,,0,,0,,0,unknown
274,24.868457,77.69516899999999,10,6,24.036805555555556,2.229699830044294,0.2496171958512697,1.0,0.4160286597521162,0.3096262973721262,40.76118512174119,MEDIUM / RECURRENT,4.335000000000001,5.97,339.72999999999996,349.0,,1,AGRICULTURAL,,0,,0,,0,,0,unknown
275,24.912,77.76940250000001,4,1,1.0,0.272339524203681,1.0,0.1428571428571428,4.0,0.7859537340285565,62.290503251999695,MEDIUM / RECURRENT,4.805,6.1,338.78999999999996,342.92,,1,AGRICULTURAL,,0,,0,,0,,0,unknown
276,24.979747575757575,76.12728848484846,33,15,30.02638888888889,6.949334498424124,0.499560571719321,1.0,1.0990332577825062,0.1257966940752386,47.19862040724602,MEDIUM / RECURRENT,4.8142424242424235,10.68,336.71757575757573,367.0,,1,AGRICULTURAL,,0,,0,,0,,0,unknown
277,25.100507777777786,82.36294888888888,9,2,16.000694444444445,0.7496357503924449,0.1249945748882427,1.0,0.5624755869970921,0.5715475348372935,41.93071199182855,MEDIUM / RECURRENT,6.583333333333333,13.15,343.40333333333336,351.24,,1,AGRICULTURAL,,0,,0,,0,,0,unknown
278,25.761296666666667,79.62676666666665,3,3,26.009722222222223,1.0867776348911034,0.1153414855556148,1.0,0.1153414855556148,0.4792077427321019,38.85178982019979,LOW / TRANSIENT,3.513333333333333,5.72,335.01,341.46,,1,AGRICULTURAL,,0,,0,,0,,0,unknown
279,25.981183333333338,76.82945166666667,6,5,14.026388888888889,1.779152036380561,0.3564709377166056,1.0,0.4277651252599267,0.3598219841554094,45.52845275370924,MEDIUM / RECURRENT,6.8566666666666665,15.39,336.535,342.26,,1,AGRICULTURAL,,0,,0,,0,,0,unknown
280,26.03512285714286,76.70354714285713,7,5,19.031944444444445,2.376722180131273,0.2627161935342625,1.0,0.3678026709479676,0.2961451806382023,40.85357572835917,MEDIUM / RECURRENT,5.374285714285714,9.04,340.22285714285715,346.21,,1,AGRICULTURAL,,0,,0,,0,,0,unknown
281,26.455071630434784,78.34955877717391,368,37,37.00555555555555,18.31640222064293,0.9998498723915328,1.0,9.944452784867138,0.0517694749041478,80.91904060152089,HIGH / PERSISTENT,5.497635869565217,25.48,336.27983695652176,367.0,,1,AGRICULTURAL,,0,,0,,0,,0,unknown
282,22.406720869565216,80.19252217391306,23,15,29.038194444444443,3.4541485108178973,0.5165610426880306,1.0,0.7920602654549803,0.2245098019455965,49.15395306390296,MEDIUM / RECURRENT,5.854782608695652,15.3,336.3,344.4,,1,AGRICULTURAL,,0,,0,,0,,0,unknown
283,22.4011075,79.5182575,4,1,1.0,0.6608531244919145,1.0,0.1428571428571428,4.0,0.6021002009469792,58.61343259036816,MEDIUM / RECURRENT,4.595,6.12,333.5425,336.59,,1,AGRICULTURAL,,0,,0,,0,,0,unknown
284,22.504195,79.46498500000001,4,3,18.04375,0.983823101190962,0.1662625562868029,1.0,0.2216834083824038,0.5040772029520492,41.34410034584389,MEDIUM / RECURRENT,4.0325,6.39,339.3875,342.63,,1,AGRICULTURAL,,0,,0,,0,,0,unknown
285,22.936276666666668,79.6022,3,3,18.04375,0.8031354439876107,0.1662625562868029,1.0,0.1662625562868029,0.5545895086996421,42.24350475660455,MEDIUM / RECURRENT,3.353333333333333,4.47,333.52333333333337,337.31,,1,AGRICULTURAL,,0,,0,,0,,0,unknown
286,23.49631666666666,79.86557333333333,3,3,27.981944444444444,1.033718648310918,0.1072119918598302,1.0,0.1072119918598302,0.4917101000330299,38.801045699474315,LOW / TRANSIENT,3.803333333333333,4.67,333.5566666666667,334.75,,1,AGRICULTURAL,,0,,0,,0,,0,unknown
287,24.102746666666665,82.63896666666666,3,1,1.0,0.3118086425660398,1.0,0.1428571428571428,3.0,0.762306305623884,59.81755468390626,MEDIUM / RECURRENT,5.98,5.98,346.7266666666667,353.3,,1,AGRICULTURAL,,0,,0,,0,,0,unknown
288,24.158754285714284,82.67229999999999,7,5,37.99236111111111,0.2810777127500549,0.1316054031329397,1.0,0.1842475643861156,0.7805927697027272,45.58653963247966,MEDIUM / RECURRENT,1.3185714285714285,2.46,308.61285714285714,331.85,,1,AGRICULTURAL,,0,,0,,0,,0,unknown
289,21.18294,80.879665,4,3,34.044444444444444,1.3584266037948385,0.0881201044386423,1.0,0.1174934725848564,0.424011499188037,36.799420584282934,LOW / TRANSIENT,2.29,2.86,328.945,331.58,,1,AGRICULTURAL,,0,,0,,0,,0,unknown
290,24.534953333333338,77.09752999999999,3,2,6.060416666666667,1.2912072735663067,0.3300103128222756,0.8657738095238096,0.4950154692334135,0.4364511284234366,42.91375969381045,MEDIUM / RECURRENT,2.4766666666666666,3.16,332.19,333.36,,1,AGRICULTURAL,,0,,0,,0,,0,unknown
291,26.126263333333327,78.87646333333333,6,5,20.01736111111111,1.974302032675916,0.2497831743278404,1.0,0.2997398091934085,0.3362133330824917,41.06615738151106,MEDIUM / RECURRENT,4.63,7.36,338.57666666666665,341.5,,1,AGRICULTURAL,,0,,0,,0,,0,unknown
292,26.15735384615384,79.07602076923078,26,14,34.04375,7.151727669337216,0.4112355425004589,1.0,0.7637231503579952,0.1226733817128738,43.37415792248953,MEDIUM / RECURRENT,5.442307692307693,12.56,336.63461538461536,345.79,,1,AGRICULTURAL,,0,,0,,0,,0,unknown
293,24.48223,77.39708777777777,9,5,13.956944444444444,2.5988701459221115,0.3582446014528809,1.0,0.6448402826151857,0.2778649852463008,44.38554132100722,MEDIUM / RECURRENT,5.571111111111111,12.43,339.56555555555553,353.02,,1,AGRICULTURAL,,0,,0,,0,,0,unknown
294,24.542052499999997,77.599075,4,4,17.972916666666666,1.3794745887821318,0.2225570882114292,1.0,0.2225570882114292,0.4202608444378565,41.63982915258001,MEDIUM / RECURRENT,8.850000000000001,14.73,336.685,343.44,,1,AGRICULTURAL,,0,,0,,0,,0,unknown
295,24.982103333333335,76.80228000000001,3,2,1.0,1.2756881091788883,1.0,0.1428571428571428,3.0,0.4394275278613724,53.35997912865602,MEDIUM / RECURRENT,5.8999999999999995,7.97,339.4666666666667,344.3,,1,AGRICULTURAL,,0,,0,,0,,0,unknown
296,26.241558333333337,79.38450833333333,6,6,23.04861111111111,2.1235305812732452,0.2603193733052124,1.0,0.2603193733052124,0.3201505392632877,41.03482759755862,MEDIUM / RECURRENT,4.224999999999999,8.28,336.0,347.18,,1,AGRICULTURAL,,0,,0,,0,,0,unknown
297,26.498258,80.619858,5,4,24.035416666666663,1.73310145787292,0.1664210800034671,1.0,0.2080263500043339,0.3658846974448823,38.55848444902767,LOW / TRANSIENT,5.114,13.66,336.57599999999996,351.9,,1,AGRICULTURAL,,0,,0,,0,,0,unknown
298,22.839172838709676,78.61254248387097,310,32,34.959722222222226,15.738704165493946,0.9153390806880932,1.0,8.867347344165905,0.0597417810908835,75.96639813423273,HIGH / PERSISTENT,5.0569354838709675,34.13,336.7450967741936,367.0,,1,AGRICULTURAL,,0,,0,,0,,0,unknown
299,24.449579999999997,77.548325,4,3,2.959722222222222,1.4765085562005935,1.0,0.4228174603174603,1.3514781792585642,0.4037942842944095,56.34927855234183,MEDIUM / RECURRENT,4.78,7.28,334.7475,339.95,,1,AGRICULTURAL,,0,,0,,0,,0,unknown
300,24.502675,77.744865,10,10,33.97430555555555,4.342933987561462,0.2943400854403859,1.0,0.2943400854403859,0.1871630834908376,39.633844831111034,LOW / TRANSIENT,4.542999999999999,6.74,337.274,347.23,,1,AGRICULTURAL,,0,,0,,0,,0,unknown
301,24.59849222222222,80.39999777777777,9,7,28.97013888888889,2.6478834423174336,0.241628113239207,1.0,0.3106647170218376,0.2741315658278594,39.560944713973115,LOW / TRANSIENT,3.508888888888889,5.85,333.65333333333336,340.55,,1,AGRICULTURAL,,0,,0,,0,,0,unknown
302,24.663526666666662,77.70057000000001,3,3,2.959722222222222,1.0036611695877835,1.0,0.4228174603174603,1.013608634443923,0.4990863800618202,57.579381378060766,MEDIUM / RECURRENT,6.416666666666667,9.64,340.78,342.61,,1,AGRICULTURAL,,0,,0,,0,,0,unknown
303,24.80870875,77.81456374999999,8,6,16.00138888888889,2.7167716261832906,0.374967450742123,1.0,0.4999566009894974,0.2690506979108878,44.504787936171056,MEDIUM / RECURRENT,10.1225,29.92,341.62375000000003,348.95,,1,AGRICULTURAL,,0,,0,,0,,0,unknown
304,25.264160000000004,77.63090333333334,3,3,5.992361111111111,1.1097458920560013,0.5006373855603199,0.8560515873015874,0.5006373855603199,0.4739907321376388,49.40468759102429,MEDIUM / RECURRENT,5.676666666666667,11.46,338.72666666666663,341.03,,1,AGRICULTURAL,,0,,0,,0,,0,unknown
305,25.49719625,81.31625375,8,7,34.959722222222226,3.5978756223687123,0.2002304239005204,1.0,0.2288347701720233,0.217491746652517,36.8155693099126,LOW / TRANSIENT,4.46875,6.94,335.34749999999997,346.9,,1,AGRICULTURAL,,0,,0,,0,,0,unknown
306,25.591361999999997,78.863518,5,5,17.972916666666666,2.029604412055017,0.2781963602642865,1.0,0.2781963602642865,0.3300760970709334,41.89478727119727,MEDIUM / RECURRENT,3.842,6.53,336.552,340.55,,1,AGRICULTURAL,,0,,0,,0,,0,unknown
307,25.68716,79.61145888888889,9,7,33.97291666666667,3.5736619584164973,0.2060464831054148,1.0,0.264916906849819,0.2186431811296832,37.11432434498282,LOW / TRANSIENT,7.124444444444445,11.52,338.72222222222223,349.49,,1,AGRICULTURAL,,0,,0,,0,,0,unknown
308,25.786258723404256,78.49905531914894,47,23,35.946527777777774,8.398783400383351,0.639839267430404,1.0,1.3074976334447386,0.1063967491749211,52.13730461045204,MEDIUM / RECURRENT,3.9240425531914895,10.47,334.59851063829785,346.78,,1,AGRICULTURAL,,0,,0,,0,,0,unknown
309,25.8953775,80.671885,4,4,27.98055555555555,1.823173247806461,0.142956418147523,1.0,0.142956418147523,0.3542113473825867,37.37361441911008,LOW / TRANSIENT,5.0275,7.98,337.02750000000003,344.23,,1,AGRICULTURAL,,0,,0,,0,,0,unknown
310,26.034099444444443,78.25435388888889,18,12,33.97291666666667,3.696736197384441,0.3532225424664254,1.0,0.5298338136996381,0.2129138103513007,42.68073282075018,MEDIUM / RECURRENT,4.151666666666666,7.91,335.3677777777778,348.71,,1,AGRICULTURAL,,0,,0,,0,,0,unknown
311,26.88425,79.56702,3,2,17.45625,1.3110736687594935,0.1145721446473326,1.0,0.1718582169709989,0.4326993178615402,38.00772785382944,LOW / TRANSIENT,2.3466666666666662,4.31,314.43666666666667,330.57,,1,AGRICULTURAL,,0,,0,,0,,0,unknown
312,22.073530000000005,79.48113,21,12,21.992361111111112,4.1456350618603395,0.5456440051785658,1.0,0.95487700906249,0.1943394718004861,49.89408363538451,MEDIUM / RECURRENT,5.458095238095239,12.34,337.2619047619048,345.96,,1,AGRICULTURAL,,0,,0,,0,,0,unknown
313,22.813235,77.3705125,4,3,5.993055555555555,1.4326783075499154,0.5005793742757821,0.8561507936507936,0.6674391657010429,0.4110695593808929,48.48031745994216,MEDIUM / RECURRENT,7.1,11.83,337.84749999999997,342.21,,1,AGRICULTURAL,,0,,0,,0,,0,unknown
314,22.878724051724134,78.38827181034485,116,27,34.96180555555556,17.471482180132565,0.7722713278379183,1.0,3.3179064455258716,0.0541375072258994,59.748059509896855,MEDIUM / RECURRENT,4.148534482758621,23.72,333.70568965517236,367.0,,1,AGRICULTURAL,,0,,0,,0,,0,unknown
315,22.959146666666665,79.82054333333333,3,2,11.984027777777778,1.1574253486756565,0.166888798748334,1.0,0.250333198122501,0.463515458652534,40.61208352548737,MEDIUM / RECURRENT,2.966666666666667,4.13,336.71,338.9,,1,AGRICULTURAL,,0,,0,,0,,0,unknown
316,23.016225,79.94191624999999,8,7,27.98402777777778,2.022518722602896,0.2501426905228677,1.0,0.2858773605975631,0.330849894335421,40.94374677620392,MEDIUM / RECURRENT,3.98125,9.91,335.39375,342.54,,1,AGRICULTURAL,,0,,0,,0,,0,unknown
317,23.14391333333333,77.43869333333335,3,3,17.975,1.2382883087791412,0.1668984700973574,1.0,0.1668984700973574,0.4467699697477502,40.11064278855723,MEDIUM / RECURRENT,4.96,6.88,334.09666666666664,335.1,,1,AGRICULTURAL,,0,,0,,0,,0,unknown
318,23.155817500000005,79.58051,4,3,22.979166666666668,0.5461868218302024,0.1305530371713508,1.0,0.1740707162284678,0.6467523755093917,42.85254524364204,MEDIUM / RECURRENT,6.1775,7.25,336.16249999999997,341.31,,1,AGRICULTURAL,,0,,0,,0,,0,unknown
319,23.35179590909091,80.29958545454544,22,12,24.95277777777778,5.781091095354322,0.4809083825002783,1.0,0.8816653679171769,0.147468893418213,46.54450199170835,MEDIUM / RECURRENT,3.857727272727274,7.98,333.7613636363636,344.36,,1,AGRICULTURAL,,0,,0,,0,,0,unknown
320,23.351986250000003,77.4262675,8,7,21.00486111111111,3.353078722607795,0.333256190696598,1.0,0.3808642179389691,0.2297224708587238,42.02014452743335,MEDIUM / RECURRENT,3.7425,8.82,334.65500000000003,340.64,,1,AGRICULTURAL,,0,,0,,0,,0,unknown
321,23.453646666666668,78.24552666666666,3,3,21.992361111111112,0.9998465371156974,0.1364110012946414,1.0,0.1364110012946414,0.5000383686651586,40.047974421204906,MEDIUM / RECURRENT,3.443333333333334,3.94,337.87666666666667,345.27,,1,AGRICULTURAL,,0,,0,,0,,0,unknown
322,23.46745483870968,80.33426322580644,31,14,28.97013888888889,5.359065392600911,0.483256226478414,1.0,1.070067358630774,0.1572558132777734,47.19921890956151,MEDIUM / RECURRENT,4.827741935483872,8.2,335.10774193548383,344.62,,1,AGRICULTURAL,,0,,0,,0,,0,unknown
323,23.607090000000003,78.74419999999999,4,4,26.995833333333337,1.711676534756324,0.1481710140453773,1.0,0.1481710140453773,0.36877554796183,37.85783847891557,LOW / TRANSIENT,7.2525,11.55,341.245,344.77,,1,AGRICULTURAL,,0,,0,,0,,0,unknown
324,23.75778987179487,79.97151846153847,78,20,28.97013888888889,8.686090484033654,0.6903660378263058,1.0,2.6924275475225925,0.1032408278291823,56.612482975549526,MEDIUM / RECURRENT,3.870000000000001,11.74,334.8707692307693,344.09,,1,AGRICULTURAL,,0,,0,,0,,0,unknown
325,23.94936791666667,79.94339583333333,24,12,33.975,5.448140168107596,0.3532008830022075,1.0,0.706401766004415,0.1550834773949215,41.87650398498453,MEDIUM / RECURRENT,3.845833333333333,8.32,335.26375,352.9,,1,AGRICULTURAL,,0,,0,,0,,0,unknown
326,24.419473333333332,77.05594,3,2,16.0,0.5411284408473481,0.125,1.0,0.1875,0.6488751835961037,42.72750367192207,MEDIUM / RECURRENT,6.733333333333333,8.78,339.94666666666666,346.24,,1,AGRICULTURAL,,0,,0,,0,,0,unknown
327,24.43551666666666,77.61135333333333,3,2,22.979166666666668,1.1097969831405272,0.0870353581142339,1.0,0.1305530371713508,0.4739792539239748,37.78692868682039,LOW / TRANSIENT,5.8566666666666665,7.55,341.27666666666664,346.81,,1,AGRICULTURAL,,0,,0,,0,,0,unknown
328,24.413309444444437,81.2166761111111,54,19,34.96180555555556,9.475137456551035,0.5434501936637203,1.0,1.5445426556758366,0.095464141081472,49.01912491121133,MEDIUM / RECURRENT,4.200555555555555,9.76,333.98203703703706,343.77,,1,AGRICULTURAL,,0,,0,,0,,0,unknown
329,24.543716666666665,77.56765,3,3,5.990972222222222,1.3547633786659752,0.5007534484757158,0.8558531746031746,0.5007534484757158,0.4246711194253929,48.41762934718871,MEDIUM / RECURRENT,4.386666666666667,5.7,335.64000000000004,337.2,,1,AGRICULTURAL,,0,,0,,0,,0,unknown
330,25.11350285714286,77.12313214285714,14,8,26.010416666666668,3.473742667102072,0.3075690828994794,1.0,0.5382458950740889,0.2235264909968019,41.311939511566,MEDIUM / RECURRENT,4.622142857142856,6.22,337.0621428571429,340.89,,1,AGRICULTURAL,,0,,0,,0,,0,unknown
331,25.104046666666665,77.18810666666667,3,3,5.993055555555555,0.9492935389906354,0.5005793742757821,0.8561507936507936,0.5005793742757821,0.5130063687164379,50.185334063802536,MEDIUM / RECURRENT,5.0633333333333335,6.69,338.06333333333333,344.81,,1,AGRICULTURAL,,0,,0,,0,,0,unknown
332,25.56206307692308,78.78833846153846,13,9,16.988194444444446,6.146653969759127,0.5297796672525855,1.0,0.7652372971426235,0.1399256217289199,47.871275382704134,MEDIUM / RECURRENT,5.318461538461539,17.64,335.87538461538463,346.13,,1,AGRICULTURAL,,0,,0,,0,,0,unknown
333,25.59870666666667,79.61933666666665,3,2,5.004861111111111,1.0203420802247074,0.3996114888303038,0.7149801587301587,0.5994172332454558,0.4949656841720475,42.95905422724646,MEDIUM / RECURRENT,3.4066666666666663,4.28,341.08,341.36,,1,AGRICULTURAL,,0,,0,,0,,0,unknown
334,26.133958421052633,79.21215763157896,38,17,33.975,5.878596022201001,0.5003679175864606,1.0,1.1184694628403238,0.1453785040977042,47.657386123160855,MEDIUM / RECURRENT,5.692894736842105,20.6,337.2626315789474,348.64,,1,AGRICULTURAL,,0,,0,,0,,0,unknown
335,26.161367499999997,78.88756749999999,4,4,22.977777777777774,2.2412805895209886,0.1740812379110251,1.0,0.1740812379110251,0.3085200347149781,37.611406497007486,LOW / TRANSIENT,4.1275,7.58,338.755,340.41,,1,AGRICULTURAL,,0,,0,,0,,0,unknown
336,26.187187857142856,79.43624285714286,28,15,32.00138888888889,5.024965921164427,0.4687296558309101,1.0,0.8749620242176989,0.1659760425344834,46.47498285320692,MEDIUM / RECURRENT,5.017499999999999,12.45,338.07000000000005,367.0,,1,AGRICULTURAL,,0,,0,,0,,0,unknown
337,26.263269999999995,77.36919400000001,15,12,21.00625,4.806865268345808,0.5712585540017852,1.0,0.7140731925022314,0.1722099538715263,49.86639485249747,MEDIUM / RECURRENT,3.630666666666667,16.36,334.2286666666667,346.48,,1,AGRICULTURAL,,0,,0,,0,,0,unknown
338,21.70831761061947,81.45483584070799,113,24,37.990972222222226,11.407601460445091,0.6317290291918767,1.0,2.9743908457784194,0.0805957544000714,54.67121280127395,MEDIUM / RECURRENT,4.688230088495576,13.37,335.4419469026549,348.16,,1,AGRICULTURAL,,0,,0,,0,,0,unknown
339,21.83364357142857,76.53232642857142,14,2,16.00138888888889,1.7891049370320968,0.1249891502473743,1.0,0.8749240517316205,0.3585379620259487,38.29522760264032,LOW / TRANSIENT,4.643571428571428,7.29,339.84357142857147,349.19,,1,AGRICULTURAL,,0,,0,,0,,0,unknown
340,21.850150416666665,76.45754625,24,2,16.00138888888889,1.767710119212882,0.1249891502473743,1.0,1.4998698029684925,0.3613095146988851,39.60055015857279,LOW / TRANSIENT,4.87,8.99,344.6125,367.0,,1,AGRICULTURAL,,0,,0,,0,,0,unknown
341,21.94035,79.40879333333334,3,2,5.004861111111111,0.8981809450890411,0.3996114888303038,0.7149801587301587,0.5994172332454558,0.5268201656892575,43.59614385759066,MEDIUM / RECURRENT,3.4933333333333336,4.05,332.06,334.46,,1,AGRICULTURAL,,0,,0,,0,,0,unknown
342,21.96958,79.52687636363635,11,6,26.009027777777774,2.445016199231831,0.2306891303767388,1.0,0.4229300723573545,0.290274397032728,39.72546764855513,LOW / TRANSIENT,5.030909090909091,15.57,335.9436363636364,341.49,,1,AGRICULTURAL,,0,,0,,0,,0,unknown
343,22.079906,79.710048,5,5,32.00138888888889,2.479476191033158,0.1562432186103033,1.0,0.1562432186103033,0.2873995811717483,36.52899071201619,LOW / TRANSIENT,3.572,9.22,335.698,346.15,,1,AGRICULTURAL,,0,,0,,0,,0,unknown
344,22.445030000000003,77.315938,5,4,16.986805555555556,1.5211799481475732,0.2354768815665753,1.0,0.2943461019582192,0.3966396768841296,41.76317659642917,MEDIUM / RECURRENT,3.866,7.07,336.00999999999993,341.14,,1,AGRICULTURAL,,0,,0,,0,,0,unknown
345,22.55893,77.4882775,4,4,10.009027777777778,1.3615603171536212,0.3996392145979324,1.0,0.3996392145979324,0.4234488497864394,48.25562793585229,MEDIUM / RECURRENT,2.96,4.19,336.46,339.73,,1,AGRICULTURAL,,0,,0,,0,,0,unknown
346,22.55551333333333,79.86077066666667,15,10,26.997222222222224,5.204180368086026,0.3704084782385018,1.0,0.5556127173577529,0.1611816453860604,42.29915508078428,MEDIUM / RECURRENT,3.5833333333333335,5.94,333.5780000000001,339.58,,1,AGRICULTURAL,,0,,0,,0,,0,unknown
347,22.596886666666663,77.40914666666667,3,2,5.00625,1.6529068364579669,0.3995006242197254,0.7151785714285713,0.599250936329588,0.3769450122625308,40.599388251314465,MEDIUM / RECURRENT,3.08,3.93,336.81666666666666,338.22,,1,AGRICULTURAL,,0,,0,,0,,0,unknown
348,22.751512093023255,78.3995080232558,86,24,31.013194444444444,10.076390598551574,0.7738641707158691,1.0,2.773013278398531,0.0902821177262173,59.43691488637683,MEDIUM / RECURRENT,3.977790697674419,11.83,332.84046511627906,353.37,,1,AGRICULTURAL,,0,,0,,0,,0,unknown
349,22.781091999999997,77.645092,5,3,33.975,0.8169723366179088,0.0883002207505518,1.0,0.1471670345842531,0.5503661117160366,39.392164029758554,LOW / TRANSIENT,4.926,10.06,335.262,349.73,,1,AGRICULTURAL,,0,,0,,0,,0,unknown
350,22.7840925,77.448605,4,4,16.986805555555556,1.9208276715946924,0.2354768815665753,1.0,0.2354768815665753,0.3423687092960288,40.56001880388387,MEDIUM / RECURRENT,6.210000000000001,10.71,340.2325,346.02,,1,AGRICULTURAL,,0,,0,,0,,0,unknown
351,22.791254999999996,78.503485,6,6,22.5125,2.01681933855776,0.2665186007773459,1.0,0.2665186007773459,0.3314749369374125,41.49068696751005,MEDIUM / RECURRENT,2.72,4.39,329.3733333333334,339.74,,1,AGRICULTURAL,,0,,0,,0,,0,unknown
352,22.822993333333333,77.56772666666667,3,3,16.986805555555556,0.9740791157668102,0.1766076611749315,1.0,0.1766076611749315,0.5065653103835003,41.66578967114247,MEDIUM / RECURRENT,4.13,5.28,336.0,338.98,,1,AGRICULTURAL,,0,,0,,0,,0,unknown
353,22.92422666666667,77.8961838888889,18,9,32.986805555555556,3.1521316551189313,0.2728363613397612,1.0,0.5456727226795225,0.2408401474378,40.45742104100668,MEDIUM / RECURRENT,3.8727777777777774,9.82,330.6433333333333,345.35,,1,AGRICULTURAL,,0,,0,,0,,0,unknown
354,22.977033333333335,79.66795333333333,3,2,1.0,1.5440278817930817,1.0,0.1428571428571428,3.0,0.3930774529464591,52.43297763035775,MEDIUM / RECURRENT,4.276666666666666,6.03,335.88,336.38,,1,AGRICULTURAL,,0,,0,,0,,0,unknown
355,23.035792500000003,79.25129,4,4,36.017361111111114,2.0638337063590084,0.1110575532632796,1.0,0.1110575532632796,0.3263884713861894,35.636898898465134,LOW / TRANSIENT,2.5875,4.7,332.5575,336.23,,1,AGRICULTURAL,,0,,0,,0,,0,unknown
356,23.161092307692307,77.94601999999999,13,9,27.983333333333334,3.735591982487608,0.3216200119118523,1.0,0.464562239428231,0.21116684116749,41.409161719121094,MEDIUM / RECURRENT,3.927692307692309,9.47,338.2730769230769,367.0,,1,AGRICULTURAL,,0,,0,,0,,0,unknown
357,23.2353825,76.22349583333333,12,1,1.0,1.1119030395262084,1.0,0.1428571428571428,12.0,0.4735065868480134,68.04156030838884,MEDIUM / RECURRENT,6.379999999999999,12.94,343.99916666666667,355.85,,1,AGRICULTURAL,,0,,0,,0,,0,unknown
358,23.382226666666668,77.45687833333334,6,5,32.0,1.5855718878084006,0.15625,1.0,0.1875,0.3867616308466389,38.57898261693278,LOW / TRANSIENT,3.516666666666666,4.75,334.38,336.34,,1,AGRICULTURAL,,0,,0,,0,,0,unknown
359,23.58989,77.837726,5,5,32.0,1.5278239538356484,0.15625,1.0,0.15625,0.3955971690523101,38.69319338104621,LOW / TRANSIENT,2.836,4.81,325.668,334.52,,1,AGRICULTURAL,,0,,0,,0,,0,unknown
360,23.64095888888889,76.27158000000001,9,1,1.0,1.7747409346764516,1.0,0.1428571428571428,9.0,0.3603940056178992,63.77930868378655,MEDIUM / RECURRENT,4.232222222222222,9.35,344.60555555555555,355.52,,1,AGRICULTURAL,,0,,0,,0,,0,unknown
361,23.679526666666664,76.25843666666667,15,1,1.0,1.7176069204605295,1.0,0.1428571428571428,15.0,0.3679708027202619,65.9308446258338,MEDIUM / RECURRENT,6.4319999999999995,10.5,347.4866666666667,356.47,,1,AGRICULTURAL,,0,,0,,0,,0,unknown
362,23.66368,77.84789625,8,7,32.0,3.0041225683158497,0.21875,1.0,0.25,0.2497426047626219,38.15110209525244,LOW / TRANSIENT,3.89625,6.4,333.57375,337.36,,1,AGRICULTURAL,,0,,0,,0,,0,unknown
363,23.67281,79.08071666666666,3,2,26.007638888888888,0.7196107141513617,0.0769004832981762,1.0,0.1153507249472644,0.5815269652431225,39.55275767019315,LOW / TRANSIENT,5.826666666666667,7.75,341.9433333333333,354.05,,1,AGRICULTURAL,,0,,0,,0,,0,unknown
364,23.704346666666662,78.57714333333332,3,2,5.0055555555555555,1.2063997326157088,0.3995560488346282,0.7150793650793651,0.5993340732519423,0.4532270309942841,42.12465460258568,MEDIUM / RECURRENT,2.0,2.55,334.51666666666665,336.76,,1,AGRICULTURAL,,0,,0,,0,,0,unknown
365,24.108473333333336,78.23221333333333,3,3,21.004166666666663,0.5388110184257792,0.1428288038087681,1.0,0.1428288038087681,0.6498523782491571,43.28171330590756,MEDIUM / RECURRENT,2.783333333333333,3.15,335.53333333333336,337.45,,1,AGRICULTURAL,,0,,0,,0,,0,unknown
366,24.148242222222223,77.9343511111111,9,8,32.0,2.121086334387723,0.25,1.0,0.28125,0.3204012618882503,40.72052523776501,MEDIUM / RECURRENT,4.224444444444445,6.8,334.3255555555555,337.87,,1,AGRICULTURAL,,0,,0,,0,,0,unknown
367,24.442359999999997,77.65030999999999,3,2,4.016666666666667,1.1793931712296464,0.4979253112033195,0.5738095238095238,0.7468879668049793,0.4588433207927255,42.443266336818745,MEDIUM / RECURRENT,12.793333333333337,28.16,341.18666666666667,351.74,,1,AGRICULTURAL,,0,,0,,0,,0,unknown
368,24.49494411764706,77.68540470588235,17,12,30.02638888888889,3.980229302588031,0.3996484573754568,1.0,0.5661686479485638,0.2007939673541415,44.13591265112095,MEDIUM / RECURRENT,4.511764705882352,7.71,336.1723529411765,346.6,,1,AGRICULTURAL,,0,,0,,0,,0,unknown
369,24.53873571428571,77.95687,7,4,15.011805555555556,1.3953080309143924,0.2664569551741684,1.0,0.4662996715547948,0.4174828402417441,43.60824957904037,MEDIUM / RECURRENT,4.984285714285714,10.2,339.4057142857143,347.94,,1,AGRICULTURAL,,0,,0,,0,,0,unknown
370,24.687403076923076,75.13318307692307,13,3,32.0,1.3286255093996415,0.09375,1.0,0.40625,0.429437879110848,37.68250758221696,LOW / TRANSIENT,16.332307692307694,42.78,345.9092307692307,355.52,,1,AGRICULTURAL,,0,,0,,0,,0,unknown
371,24.86112,77.47553500000001,4,2,2.0430555555555556,1.3963304541096988,0.9789259007477906,0.2918650793650794,1.9578518014955812,0.4173047161692592,53.820831436675995,MEDIUM / RECURRENT,8.58,14.29,345.89,352.57,,1,AGRICULTURAL,,0,,0,,0,,0,unknown
372,25.094432,76.888996,5,5,16.0,1.6838918096766256,0.3125,1.0,0.3125,0.3725932604267261,44.01436520853452,MEDIUM / RECURRENT,4.71,7.53,338.57599999999996,344.71,,1,AGRICULTURAL,,0,,0,,0,,0,unknown
373,25.2986925,76.61691125,8,7,10.00763888888889,2.971008687602552,0.6994656859343557,1.0,0.7993893553535493,0.2518251856567299,56.116581431544134,MEDIUM / RECURRENT,4.2675,6.91,338.64875,351.02,,1,AGRICULTURAL,,0,,0,,0,,0,unknown
374,25.41299947368421,75.70409315789475,19,11,25.022222222222226,3.909705020826897,0.4396092362344582,1.0,0.7593250444049734,0.2036782242024754,45.97853784106549,MEDIUM / RECURRENT,4.302631578947368,10.78,336.10368421052635,344.92,,1,AGRICULTURAL,,0,,0,,0,,0,unknown
375,25.41808266666667,79.381116,15,11,19.02986111111111,2.588922293159313,0.5780389008502719,1.0,0.7882348647958253,0.2786351774475741,52.38053480830265,MEDIUM / RECURRENT,5.7413333333333325,11.59,337.1953333333333,347.4,,1,AGRICULTURAL,,0,,0,,0,,0,unknown
376,25.38305296875,76.86623453125,64,17,33.97361111111111,9.762129960039232,0.5003883733289727,1.0,1.883815052532603,0.0929184096190151,48.139591363959546,MEDIUM / RECURRENT,12.1940625,26.1,347.57218750000004,367.0,,1,AGRICULTURAL,,0,,0,,0,,0,unknown
377,25.57506123076923,77.05369338461539,65,18,21.990972222222226,11.134680597599615,0.8185176998136862,1.0,2.955758360438311,0.0824084319283864,61.20780485292335,MEDIUM / RECURRENT,5.984923076923078,16.43,338.14507692307694,367.0,,1,AGRICULTURAL,,0,,0,,0,,0,unknown
378,25.770112,79.95371800000001,5,5,12.97222222222222,2.59146881051562,0.3854389721627409,1.0,0.3854389721627409,0.2784376122304211,44.829994214629835,MEDIUM / RECURRENT,5.672,9.74,343.812,367.0,,1,AGRICULTURAL,,0,,0,,0,,0,unknown
379,25.766917142857142,78.60050571428573,7,7,26.995833333333337,2.2865345106570514,0.2592992745794104,1.0,0.2592992745794104,0.3042718695809702,40.67951055105759,MEDIUM / RECURRENT,3.818571428571429,8.85,333.29714285714283,336.51,,1,AGRICULTURAL,,0,,0,,0,,0,unknown
380,25.810238470588228,78.87941682352943,85,22,32.0,7.306269476546316,0.6875,1.0,2.65625,0.120390989339271,56.782819786785424,MEDIUM / RECURRENT,7.859294117647059,46.16,339.4903529411764,367.0,,1,AGRICULTURAL,,0,,0,,0,,0,unknown
381,26.006122833333336,79.85997666666667,60,25,32.986805555555556,8.39961946737592,0.7578787814993369,1.0,1.8189090755984083,0.1063872855141409,57.29132121395642,MEDIUM / RECURRENT,5.515500000000001,18.29,337.8986666666666,367.0,,1,AGRICULTURAL,,0,,0,,0,,0,unknown
382,25.98909,76.914065,4,3,19.02986111111111,0.6032444413046111,0.157646972959165,1.0,0.2101959639455534,0.6237352048364303,43.41274007819049,MEDIUM / RECURRENT,5.2875,7.1,341.5,349.46,,1,AGRICULTURAL,,0,,0,,0,,0,unknown
383,26.47580333333333,78.49078,3,2,16.986805555555556,0.6621675486745007,0.1177384407832876,1.0,0.1766076611749315,0.6016240665975294,41.50654208171552,MEDIUM / RECURRENT,3.9266666666666663,6.85,332.7966666666666,334.03,,1,AGRICULTURAL,,0,,0,,0,,0,unknown
384,26.73945666666667,79.80963833333333,6,4,25.022222222222226,1.7249295496373025,0.1598579040852575,1.0,0.2397868561278863,0.3669819647752374,38.414239650744534,LOW / TRANSIENT,4.19,6.54,337.13000000000005,347.44,,1,AGRICULTURAL,,0,,0,,0,,0,unknown
385,26.82084857142857,79.20086571428571,7,5,16.986805555555556,2.5665851212499287,0.2943461019582192,1.0,0.4120845427415069,0.2803802421655212,41.73388749733111,MEDIUM / RECURRENT,3.435714285714286,4.2,336.28285714285715,340.11,,1,AGRICULTURAL,,0,,0,,0,,0,unknown
386,21.88331,81.5798825,4,4,31.014583333333334,1.2565453995348066,0.1289715859474709,1.0,0.1289715859474709,0.4431552762936446,38.63505420592932,LOW / TRANSIENT,3.9675,5.64,332.74,336.15,,1,AGRICULTURAL,,0,,0,,0,,0,unknown
387,22.92264,79.48230666666667,3,2,10.010416666666666,0.7979881834327224,0.1997918834547346,1.0,0.299687825182102,0.5561771813710132,43.715635198700184,MEDIUM / RECURRENT,4.42,5.94,331.83,332.93,,1,AGRICULTURAL,,0,,0,,0,,0,unknown
388,23.071035,79.45702500000002,20,14,30.02638888888889,3.1703061729069892,0.4662565336046996,1.0,0.666080762292428,0.2397905473935338,47.44695114862002,MEDIUM / RECURRENT,7.156999999999999,17.56,339.45550000000003,367.0,,1,AGRICULTURAL,,0,,0,,0,,0,unknown
389,24.262753333333336,78.02983666666667,3,3,18.044444444444444,1.0695357801554497,0.1662561576354679,1.0,0.1662561576354679,0.4832001502892048,40.815480838296416,MEDIUM / RECURRENT,4.483333333333333,6.77,336.41,340.97,,1,AGRICULTURAL,,0,,0,,0,,0,unknown
390,24.3889825,78.15308250000001,4,4,19.030555555555555,1.5358600745550022,0.2101882936797547,1.0,0.2101882936797547,0.394343524721285,40.66383736057663,MEDIUM / RECURRENT,4.4425,8.08,341.24500000000006,349.15,,1,AGRICULTURAL,,0,,0,,0,,0,unknown
391,24.484332,77.989714,5,5,14.026388888888889,0.8376287755894927,0.3564709377166056,1.0,0.3564709377166056,0.5441795499089364,49.07301569369313,MEDIUM / RECURRENT,3.286,5.85,336.22799999999995,341.12,,1,AGRICULTURAL,,0,,0,,0,,0,unknown
392,24.661330000000003,77.63686666666666,3,3,20.01875,1.1434300713473982,0.149859506712457,1.0,0.149859506712457,0.466541928923943,39.87564032683977,LOW / TRANSIENT,5.7299999999999995,8.5,341.83,348.41,,1,AGRICULTURAL,,0,,0,,0,,0,unknown
393,24.986346,77.32278,5,3,5.992361111111111,1.509632411082353,0.5006373855603199,0.8560515873015874,0.8343956426005331,0.3984647295691884,48.56168405373571,MEDIUM / RECURRENT,4.056,9.81,332.59000000000003,335.15,,1,AGRICULTURAL,,0,,0,,0,,0,unknown
394,25.27435166666667,75.69206666666666,12,5,16.989583333333332,3.712269544902601,0.2942979767014102,1.0,0.7063151440833845,0.2122119693008073,40.95729885873227,MEDIUM / RECURRENT,9.761666666666663,18.79,343.13583333333327,367.0,,1,AGRICULTURAL,,0,,0,,0,,0,unknown
395,25.38975,76.56361,5,4,10.010416666666666,1.2021356371429293,0.3995837669094693,1.0,0.4994797086368366,0.4541046351247506,49.06648396160011,MEDIUM / RECURRENT,6.066,11.7,343.382,350.09,,1,AGRICULTURAL,,0,,0,,0,,0,unknown
396,25.467491666666664,75.832585,12,8,12.053472222222222,3.2768106315962244,0.6637091663305871,1.0,0.9955637494958808,0.2338190970187455,54.89733026093722,MEDIUM / RECURRENT,5.370833333333333,9.12,336.93083333333334,344.24,,1,AGRICULTURAL,,0,,0,,0,,0,unknown
397,25.667201428571424,76.45157428571429,7,7,16.989583333333332,1.9823270401267288,0.4120171673819743,1.0,0.4120171673819743,0.3353086319994962,46.95080783312298,MEDIUM / RECURRENT,6.147142857142858,11.56,336.0128571428572,344.04,,1,AGRICULTURAL,,0,,0,,0,,0,unknown
398,26.28943,78.12639899999999,20,8,20.01736111111111,3.301030756109332,0.3996530789245446,1.0,0.9991326973113616,0.2325024062149673,45.636171281281136,MEDIUM / RECURRENT,6.611999999999999,15.2,337.413,346.35,,1,AGRICULTURAL,,0,,0,,0,,0,unknown
399,26.725320000000004,80.05136,4,1,1.0,0.4778736154160204,1.0,0.1428571428571428,4.0,0.6766478469936692,60.10438551130195,MEDIUM / RECURRENT,6.3925,13.63,343.44000000000005,351.42,,1,AGRICULTURAL,,0,,0,,0,,0,unknown
400,26.754803888888887,80.07009166666666,18,2,16.988194444444446,2.3404740552930083,0.117728814945019,1.0,1.059559334505171,0.2993587088082579,37.226801368251174,LOW / TRANSIENT,7.352222222222222,16.09,344.3594444444445,355.61,,1,AGRICULTURAL,,0,,0,,0,,0,unknown
401,26.779659999999996,79.184275,4,3,5.004861111111111,1.828815586602784,0.5994172332454558,0.7149801587301587,0.7992229776606077,0.3535048395293001,47.52264987775213,MEDIUM / RECURRENT,2.8825,5.26,337.42,344.95,,1,AGRICULTURAL,,0,,0,,0,,0,unknown
402,21.7689275,81.64597833333333,12,9,25.023611111111112,3.770917518666822,0.3596603208081256,1.0,0.4795470944108342,0.2096032882747129,42.73927118260032,MEDIUM / RECURRENT,3.667499999999999,5.36,335.0216666666666,345.91,,1,AGRICULTURAL,,0,,0,,0,,0,unknown
403,22.075441666666663,79.52103,6,4,10.009722222222225,2.7772737302402697,0.3996114888303038,1.0,0.5994172332454558,0.2647412052756872,45.4800606810653,MEDIUM / RECURRENT,6.223333333333334,8.78,338.575,351.22,,1,AGRICULTURAL,,0,,0,,0,,0,unknown
404,22.1958725,79.3677175,4,4,25.54305555555555,1.343136903803082,0.1565983361426784,1.0,0.1565983361426784,0.4267783066268672,39.32970456981646,LOW / TRANSIENT,2.235,3.02,323.21999999999997,334.88,,1,AGRICULTURAL,,0,,0,,0,,0,unknown
405,22.368746206896553,79.78867810344826,58,20,28.054166666666667,8.245305395952116,0.7129065795336402,1.0,2.067429080647557,0.1081630035107149,56.24984851518683,MEDIUM / RECURRENT,4.353103448275862,9.66,336.70431034482755,349.4,,1,AGRICULTURAL,,0,,0,,0,,0,unknown
406,22.427216666666663,80.40337666666666,3,3,15.013194444444444,0.9850516464033932,0.1998242286877284,1.0,0.1998242286877284,0.5037652303968239,42.46880106938242,MEDIUM / RECURRENT,5.62,8.57,334.38000000000005,336.16,,1,AGRICULTURAL,,0,,0,,0,,0,unknown
407,22.740540000000003,77.69403571428572,7,5,19.030555555555555,2.010127125637286,0.2627353670996935,1.0,0.3678295139395708,0.3322118828414218,41.575634533196855,MEDIUM / RECURRENT,4.372857142857144,6.7,332.6557142857143,334.63,,1,AGRICULTURAL,,0,,0,,0,,0,unknown
408,24.5284,77.494375,4,4,11.065277777777778,0.5193872854178232,0.3614911509978661,1.0,0.3614911509978661,0.6581600422732282,51.53837343238561,MEDIUM / RECURRENT,3.1925,4.92,333.5875,338.74,,1,AGRICULTURAL,,0,,0,,0,,0,unknown
409,24.64823,77.82369,3,2,8.034027777777778,0.8897863362173463,0.248941135793932,1.0,0.373411703690898,0.5291603504773086,45.04297016971559,MEDIUM / RECURRENT,4.243333333333333,5.93,337.99666666666667,341.92,,1,AGRICULTURAL,,0,,0,,0,,0,unknown
410,25.437102333333332,76.80224683333333,60,13,14.026388888888889,4.762631390724155,0.9268244380631746,1.0,4.277651252599267,0.1735318350588334,69.46479453858632,MEDIUM / RECURRENT,9.91133333333333,39.1,342.16666666666663,367.0,,1,AGRICULTURAL,,0,,0,,0,,0,unknown
411,25.694205,78.41228000000001,4,4,25.022222222222226,1.3535301231812564,0.1598579040852575,1.0,0.1598579040852575,0.4248936481205111,39.41261541356476,LOW / TRANSIENT,3.797499999999999,5.31,336.4275,344.2,,1,AGRICULTURAL,,0,,0,,0,,0,unknown
412,25.737443000000003,80.97505799999999,20,10,37.99236111111111,5.507501955998985,0.2632108062658795,1.0,0.526421612531759,0.1536687974527834,38.33859739342497,LOW / TRANSIENT,8.422999999999998,20.98,336.66400000000004,351.44,,1,AGRICULTURAL,,0,,0,,0,,0,unknown
413,26.2320175,78.34112625,24,17,30.02638888888889,3.597863699849124,0.5661686479485638,1.0,0.7992969147509136,0.2174923106208682,50.764342720118925,MEDIUM / RECURRENT,4.184583333333333,10.94,335.81874999999997,347.6,,1,AGRICULTURAL,,0,,0,,0,,0,unknown
414,22.40335281690141,77.46994901408452,71,17,22.977777777777774,7.983877508641307,0.7398452611218569,1.0,3.0899419729206965,0.1113105114176069,59.30067831345853,MEDIUM / RECURRENT,5.363098591549297,17.07,337.9921126760563,367.0,,1,AGRICULTURAL,,0,,0,,0,,0,unknown
415,22.93173944444445,78.23986888888889,18,14,29.50625,4.344491464309198,0.4744757466638424,1.0,0.6100402457106545,0.1871085409487607,46.56890244363101,MEDIUM / RECURRENT,3.339444444444445,6.92,331.27388888888885,367.0,,1,AGRICULTURAL,,0,,0,,0,,0,unknown
416,24.6270275,80.6096425,8,7,31.013194444444444,2.2210671419813166,0.2257103831254618,1.0,0.2579547235719563,0.310456117777442,39.62489521208391,LOW / TRANSIENT,6.39625,15.69,337.74,354.12,,1,AGRICULTURAL,,0,,0,,0,,0,unknown
417,25.447728666666663,81.32566733333333,15,11,30.02638888888889,4.072207240581494,0.3663444192608354,1.0,0.499560571719321,0.1971528276682474,42.764232370932824,MEDIUM / RECURRENT,5.751333333333332,14.51,340.49600000000004,367.0,,1,AGRICULTURAL,,0,,0,,0,,0,unknown
418,25.759885,81.30997,4,3,3.03125,1.742845850988434,0.9896907216494846,0.4330357142857143,1.3195876288659794,0.3645848342660714,55.39594005792821,MEDIUM / RECURRENT,5.8925,10.24,339.695,348.76,,1,AGRICULTURAL,,0,,0,,0,,0,unknown
419,25.76882,78.76708285714287,7,4,12.051388888888887,1.8354046809659628,0.3319119511351849,1.0,0.5808459144865737,0.3526833424212733,44.832276967130085,MEDIUM / RECURRENT,10.178571428571429,16.63,337.76857142857136,342.44,,1,AGRICULTURAL,,0,,0,,0,,0,unknown
420,22.230282,79.603602,5,5,12.971527777777778,1.5738618040456056,0.385459607045345,1.0,0.385459607045345,0.3885212478883661,47.032430418445095,MEDIUM / RECURRENT,3.816,5.45,333.134,335.2,,1,AGRICULTURAL,,0,,0,,0,,0,unknown
421,22.654668666666662,77.34855666666667,15,10,23.499305555555555,6.514710196087323,0.4255444900854044,1.0,0.6383167351281066,0.1330723306562998,43.83213723637136,MEDIUM / RECURRENT,4.078666666666667,11.61,330.224,349.48,,1,AGRICULTURAL,,0,,0,,0,,0,unknown
422,22.72749,77.39412666666666,3,2,1.976388888888889,0.4242976551959378,1.0,0.2823412698412698,1.5179198875614897,0.7021004326953216,59.13638017506116,MEDIUM / RECURRENT,4.326666666666667,5.48,349.18666666666667,367.0,,1,AGRICULTURAL,,0,,0,,0,,0,unknown
423,24.71099,76.86394,3,1,1.0,0.6981853068361958,1.0,0.1428571428571428,3.0,0.5888638866291042,56.348706304010655,MEDIUM / RECURRENT,4.306666666666667,5.7,339.33666666666664,342.14,,1,AGRICULTURAL,,0,,0,,0,,0,unknown
424,25.22787142857143,76.71388142857143,7,6,16.0,1.7216837025994318,0.375,1.0,0.4375,0.3674196230241294,46.348392460482586,MEDIUM / RECURRENT,4.362857142857143,7.23,337.1142857142857,345.62,,1,AGRICULTURAL,,0,,0,,0,,0,unknown
425,25.334006666666667,77.65792166666667,6,3,21.004166666666663,1.6075278831122253,0.1428288038087681,1.0,0.2856576076175362,0.3835050073583282,38.24042349570852,LOW / TRANSIENT,11.446666666666667,22.55,347.915,367.0,,1,AGRICULTURAL,,0,,0,,0,,0,unknown
426,25.836485,78.828335,4,4,26.99652777777778,1.0185963126780533,0.1481672025723472,1.0,0.1481672025723472,0.4953937514496443,40.39006152416974,MEDIUM / RECURRENT,4.5425,6.98,334.36249999999995,337.83,,1,AGRICULTURAL,,0,,0,,0,,0,unknown
427,25.869707647058824,78.91687764705881,17,11,26.009027777777774,4.187388485338461,0.4229300723573545,1.0,0.6536192027340934,0.1927752283883078,44.96529550574175,MEDIUM / RECURRENT,6.7799999999999985,20.49,338.45705882352945,367.0,,1,AGRICULTURAL,,0,,0,,0,,0,unknown
428,25.866043333333337,78.82843000000001,3,3,22.979166666666668,0.8113881362228811,0.1305530371713508,1.0,0.1305530371713508,0.5520627964833682,40.87171830500735,MEDIUM / RECURRENT,3.393333333333333,4.25,332.01,332.75,,1,AGRICULTURAL,,0,,0,,0,,0,unknown
429,26.017055,78.44493750000001,4,4,17.974305555555556,1.86101444510766,0.2225398910481783,1.0,0.2225398910481783,0.3495263722663134,40.22450341410887,MEDIUM / RECURRENT,2.745,5.22,332.15749999999997,334.58,,1,AGRICULTURAL,,0,,0,,0,,0,unknown
430,26.471100000000003,78.54699249999999,4,4,11.983333333333333,1.5153640143524347,0.3337969401947149,1.0,0.3337969401947149,0.3975567728146273,45.301622243497,MEDIUM / RECURRENT,4.005,5.3,335.13750000000005,340.62,,1,AGRICULTURAL,,0,,0,,0,,0,unknown
431,22.13486714285714,79.45709857142857,7,7,21.990972222222226,3.0573572564944898,0.3183124388164335,1.0,0.3183124388164335,0.2464658487736888,41.70687721168182,MEDIUM / RECURRENT,4.4314285714285715,7.26,335.17428571428576,340.04,,1,AGRICULTURAL,,0,,0,,0,,0,unknown
432,22.17304,79.66673666666667,3,3,11.983333333333333,1.4179390430154684,0.2503477051460361,1.0,0.2503477051460361,0.4135753557926244,42.534372206255824,MEDIUM / RECURRENT,4.176666666666667,5.67,333.06666666666666,335.4,,1,AGRICULTURAL,,0,,0,,0,,0,unknown
433,22.223475,79.51790625,8,5,22.979166666666668,3.759657997557272,0.2175883952855847,1.0,0.3481414324569356,0.2100991290788571,37.513859281486475,LOW / TRANSIENT,4.4275,14.84,336.47,343.17,,1,AGRICULTURAL,,0,,0,,0,,0,unknown
434,22.480563333333333,79.85094333333335,3,3,12.96875,1.3607078911801709,0.2313253012048192,1.0,0.2313253012048192,0.4236017525658702,42.03107119589571,MEDIUM / RECURRENT,4.1066666666666665,8.92,335.75666666666666,342.06,,1,AGRICULTURAL,,0,,0,,0,,0,unknown
435,22.505858333333336,79.517895,6,5,27.983333333333334,2.2314570973089265,0.1786777843954735,1.0,0.2144133412745681,0.3094579225058485,37.87170758650768,LOW / TRANSIENT,3.035,3.63,333.02333333333337,335.0,,1,AGRICULTURAL,,0,,0,,0,,0,unknown
436,23.440543333333338,79.66876333333335,3,3,9.022222222222222,1.2364057605992802,0.3325123152709359,1.0,0.3325123152709359,0.4471460490837022,46.24587664669867,MEDIUM / RECURRENT,3.703333333333333,4.32,333.56666666666666,335.9,,1,AGRICULTURAL,,0,,0,,0,,0,unknown
437,24.31155,78.0721525,4,4,16.9875,1.240382295483684,0.235467255334805,1.0,0.235467255334805,0.4463523935249213,42.63933631788621,MEDIUM / RECURRENT,3.9975,5.39,335.875,341.35,,1,AGRICULTURAL,,0,,0,,0,,0,unknown
438,24.478913333333335,81.42470166666666,6,5,28.97013888888889,1.6644607496625663,0.1725915094565764,1.0,0.2071098113478917,0.3753104639003004,38.96113173168197,LOW / TRANSIENT,2.6666666666666665,4.29,333.4099999999999,339.58,,1,AGRICULTURAL,,0,,0,,0,,0,unknown
439,24.49421025,80.52529824999999,40,17,29.95694444444445,4.926964177447541,0.5674811071445129,1.0,1.3352496638694422,0.1687204393448269,50.906746864693375,MEDIUM / RECURRENT,5.30875,21.16,336.219,351.87,,1,AGRICULTURAL,,0,,0,,0,,0,unknown
440,24.56026,77.66120333333333,3,2,12.970138888888888,0.9784155928610389,0.1542003533758098,1.0,0.2313005300637147,0.5054549729634276,40.96871288754932,MEDIUM / RECURRENT,2.85,4.11,337.4266666666667,340.91,,1,AGRICULTURAL,,0,,0,,0,,0,unknown
441,25.194014000000003,76.51061,5,4,16.9875,1.0558239324355905,0.235467255334805,1.0,0.2943340691685062,0.4864229782631594,43.55848164031838,MEDIUM / RECURRENT,3.514,4.75,337.866,344.99,,1,AGRICULTURAL,,0,,0,,0,,0,unknown
442,25.51093,81.26966,3,3,21.990972222222226,0.5846968493599892,0.1364196166356143,1.0,0.1364196166356143,0.6310355197613157,42.66823621074404,MEDIUM / RECURRENT,3.64,5.52,334.5566666666667,337.0,,1,AGRICULTURAL,,0,,0,,0,,0,unknown
443,25.612487142857137,78.82357714285716,14,8,16.9875,2.460090802266242,0.47093451066961,1.0,0.8241353936718174,0.2890097564332803,48.91117378944559,MEDIUM / RECURRENT,4.425714285714285,7.18,335.71,341.09,,1,AGRICULTURAL,,0,,0,,0,,0,unknown
444,25.651069259259263,78.89154666666666,27,13,26.99652777777778,6.210617540727862,0.4815434083601286,1.0,1.000128617363344,0.1386843768029134,46.627964063389456,MEDIUM / RECURRENT,7.691481481481482,27.16,341.1692592592592,367.0,,1,AGRICULTURAL,,0,,0,,0,,0,unknown
445,25.858606,78.471344,5,5,16.9875,1.221102135692159,0.2943340691685062,1.0,0.2943340691685062,0.4502269319048542,44.89489919733182,MEDIUM / RECURRENT,4.143999999999999,8.15,333.852,339.94,,1,AGRICULTURAL,,0,,0,,0,,0,unknown
446,26.102236,79.45699714285713,35,18,28.97013888888889,5.04025450341878,0.6213294340436752,1.0,1.2081405661960352,0.1655559379880435,52.47393008368157,MEDIUM / RECURRENT,6.074857142857143,12.73,337.698,349.64,,1,AGRICULTURAL,,0,,0,,0,,0,unknown
447,26.12293,80.50463,4,3,22.979166666666668,1.479492714560387,0.1305530371713508,1.0,0.1740707162284678,0.4033083033991893,37.983663801438,LOW / TRANSIENT,3.7825,5.83,336.6,348.97,,1,AGRICULTURAL,,0,,0,,0,,0,unknown
448,26.4129675,77.8425275,4,3,8.034027777777778,1.9466566773994916,0.373411703690898,1.0,0.4978822715878641,0.3393676663012294,45.85252749838174,MEDIUM / RECURRENT,2.78,4.8,335.48,339.91,,1,AGRICULTURAL,,0,,0,,0,,0,unknown
449,26.69461666666666,81.165885,6,5,16.00138888888889,2.5507982387720247,0.3124728756184359,1.0,0.374967450742123,0.2816268153680933,42.31902185549137,MEDIUM / RECURRENT,3.87,6.07,337.2033333333333,343.6,,1,AGRICULTURAL,,0,,0,,0,,0,unknown
450,21.026365,75.98823,4,1,1.0,1.5443188389132316,1.0,0.1428571428571428,4.0,0.3930325023365134,54.43207861815884,MEDIUM / RECURRENT,9.1075,13.76,345.9125,355.52,,1,AGRICULTURAL,,0,,0,,0,,0,unknown
451,21.33681833333333,81.13659916666667,12,8,27.981944444444444,3.831266590355304,0.2858986449595473,1.0,0.428847967439321,0.2069850589483735,40.00384968743027,MEDIUM / RECURRENT,3.665,10.73,333.87416666666667,341.13,,1,AGRICULTURAL,,0,,0,,0,,0,unknown
452,21.43962117647059,81.00492294117647,51,17,27.981944444444444,7.344121745290255,0.6075346205390381,1.0,1.8226038616171143,0.1198448477294136,52.30581639668883,MEDIUM / RECURRENT,4.253725490196079,9.87,333.86901960784314,346.95,,1,AGRICULTURAL,,0,,0,,0,,0,unknown
453,21.42525375,80.88155375,8,7,27.981944444444444,3.150593556585859,0.2501613143396039,1.0,0.2858986449595473,0.24092939633014,39.146031218408034,LOW / TRANSIENT,3.48125,6.75,332.39750000000004,335.1,,1,AGRICULTURAL,,0,,0,,0,,0,unknown
454,21.927163333333336,81.71288333333332,3,3,26.99652777777778,0.8686464234329617,0.1111254019292604,1.0,0.1111254019292604,0.5351467176775272,39.81457422493318,LOW / TRANSIENT,4.28,7.83,334.74,343.24,,1,AGRICULTURAL,,0,,0,,0,,0,unknown
455,22.01381636363636,79.56244272727272,11,9,26.99652777777778,3.2675637716203494,0.3333762057877813,1.0,0.4074598070739549,0.2343257309123492,42.169601434967234,MEDIUM / RECURRENT,4.433636363636364,10.02,335.6045454545455,342.01,,1,AGRICULTURAL,,0,,0,,0,,0,unknown
456,22.030093333333337,79.15201666666667,3,3,12.96875,0.6275988246163531,0.2313253012048192,1.0,0.2313253012048192,0.6144020165630886,45.84707647584008,MEDIUM / RECURRENT,2.6033333333333335,3.28,335.73333333333335,337.2,,1,AGRICULTURAL,,0,,0,,0,,0,unknown
457,22.10844666666667,79.67313666666666,3,3,15.999305555555557,1.001413637683078,0.1875081383740613,1.0,0.1875081383740613,0.4996468401992317,41.930737923824914,MEDIUM / RECURRENT,4.166666666666667,6.33,333.35999999999996,334.01,,1,AGRICULTURAL,,0,,0,,0,,0,unknown
458,22.149016666666668,79.53457,3,2,10.995138888888889,0.8906908908935387,0.181898566285606,1.0,0.272847849428409,0.5289071866884602,42.49028925262223,MEDIUM / RECURRENT,4.5566666666666675,5.4,336.5866666666667,337.36,,1,AGRICULTURAL,,0,,0,,0,,0,unknown
459,22.148546666666665,79.50175666666667,3,2,15.999305555555557,1.1779767439939834,0.1250054255827075,1.0,0.1875081383740613,0.4591417253456047,38.93304067905498,LOW / TRANSIENT,2.9133333333333336,3.16,335.08666666666664,338.55,,1,AGRICULTURAL,,0,,0,,0,,0,unknown
460,22.26690444444445,79.43251777777778,9,9,21.990972222222226,2.662690216014558,0.4092588499068431,1.0,0.4092588499068431,0.2730233628898375,45.60304470434994,MEDIUM / RECURRENT,5.137777777777778,9.35,336.08000000000004,345.87,,1,AGRICULTURAL,,0,,0,,0,,0,unknown
461,22.302428333333335,79.63194,6,5,6.977083333333334,2.7173906557360867,0.7166318303971334,0.9967261904761904,0.8599581964765601,0.2690058948894593,57.10030311654673,MEDIUM / RECURRENT,2.5549999999999997,4.02,331.9916666666666,333.45,,1,AGRICULTURAL,,0,,0,,0,,0,unknown
462,22.704426666666667,77.29598666666666,3,3,16.98611111111111,1.6387292810523684,0.1766148814390842,1.0,0.1766148814390842,0.3789702896695729,39.114156406637576,LOW / TRANSIENT,3.306666666666666,3.68,333.39,333.71,,1,AGRICULTURAL,,0,,0,,0,,0,unknown
463,23.099324545454547,79.80435636363636,11,10,37.00277777777778,3.122582161382581,0.2702499812326401,1.0,0.2972749793559042,0.2425664209599723,39.90462772105366,LOW / TRANSIENT,4.4799999999999995,6.56,335.3036363636364,338.58,,1,AGRICULTURAL,,0,,0,,0,,0,unknown
464,23.375108,80.367268,5,5,10.995138888888889,1.514297580565464,0.454746415714015,1.0,0.454746415714015,0.397725395645133,49.78012529432122,MEDIUM / RECURRENT,2.448,3.57,333.36199999999997,334.54,,1,AGRICULTURAL,,0,,0,,0,,0,unknown
465,23.566456666666667,77.77926333333333,3,3,21.002777777777776,0.7872395568475014,0.1428382489088745,1.0,0.1428382489088745,0.5595220831861469,41.4754568733513,MEDIUM / RECURRENT,2.4166666666666665,3.2,333.99666666666667,339.74,,1,AGRICULTURAL,,0,,0,,0,,0,unknown
466,23.571699,79.81065400000001,10,8,34.9625,2.4859727395627025,0.2288165892027172,1.0,0.2860207365033965,0.2868639759143512,39.31790161338892,LOW / TRANSIENT,6.609,20.0,335.742,354.66,,1,AGRICULTURAL,,0,,0,,0,,0,unknown
467,23.602651818181815,80.11738636363637,11,6,15.999305555555557,3.197860253345637,0.3750162767481227,1.0,0.6875298407048918,0.2382166007558288,44.26496138271066,MEDIUM / RECURRENT,4.233636363636363,6.85,337.6218181818182,344.31,,1,AGRICULTURAL,,0,,0,,0,,0,unknown
468,23.743944848484844,76.11194818181818,33,2,10.995138888888889,2.930583470733135,0.181898566285606,1.0,3.0013263437124995,0.2544151542502363,42.45740559242594,MEDIUM / RECURRENT,6.4757575757575765,13.21,345.110303030303,356.18,,1,AGRICULTURAL,,0,,0,,0,,0,unknown
469,24.44649710526316,81.0908302631579,38,18,28.96875,10.008793967742664,0.6213592233009708,1.0,1.3117583603020495,0.0908364715453974,51.18781896704603,MEDIUM / RECURRENT,3.726052631578947,11.32,334.41236842105263,346.23,,1,AGRICULTURAL,,0,,0,,0,,0,unknown
470,24.507436666666667,77.52237333333333,3,1,1.0,0.4503579246172095,1.0,0.1428571428571428,3.0,0.6894849767955922,58.36112810734042,MEDIUM / RECURRENT,5.663333333333334,8.06,337.8566666666666,339.78,,1,AGRICULTURAL,,0,,0,,0,,0,unknown
471,24.584343333333333,78.11866666666667,3,3,10.995138888888889,0.8899249647082548,0.272847849428409,1.0,0.272847849428409,0.5291215358670965,45.67780114619306,MEDIUM / RECURRENT,2.563333333333333,3.33,332.63000000000005,334.54,,1,AGRICULTURAL,,0,,0,,0,,0,unknown
472,24.67777,80.687856,5,5,26.99513888888889,2.014082812062598,0.1852185321431327,1.0,0.1852185321431327,0.331775887509766,38.48860343949123,LOW / TRANSIENT,3.264,4.02,334.244,337.48,,1,AGRICULTURAL,,0,,0,,0,,0,unknown
473,24.669586666666664,81.211065,6,4,22.979166666666668,2.236579784476438,0.1740707162284678,1.0,0.2611060743427017,0.3089681288860191,37.79404979440216,LOW / TRANSIENT,3.8166666666666664,5.78,334.1033333333333,339.64,,1,AGRICULTURAL,,0,,0,,0,,0,unknown
474,24.759945714285713,81.03002428571428,7,6,26.99513888888889,2.58557167999195,0.2222622385717593,1.0,0.2593059450003859,0.2788955539726499,38.87570131946534,LOW / TRANSIENT,3.5385714285714287,4.73,334.6257142857143,340.38,,1,AGRICULTURAL,,0,,0,,0,,0,unknown
475,25.540911,76.811385,10,6,11.981944444444444,2.1283853515682174,0.5007534484757158,1.0,0.8345890807928596,0.3196537151341389,50.588623160918544,MEDIUM / RECURRENT,5.893000000000001,9.08,339.537,349.31,,1,AGRICULTURAL,,0,,0,,0,,0,unknown
476,25.858486666666668,80.80073666666667,3,3,16.98611111111111,0.6460440186799843,0.1766148814390842,1.0,0.1766148814390842,0.6075171676161687,43.68509396556949,MEDIUM / RECURRENT,3.99,4.29,335.17333333333335,337.47,,1,AGRICULTURAL,,0,,0,,0,,0,unknown
477,26.003989285714287,80.73852642857142,14,10,21.002777777777776,4.305465311663624,0.476127496362915,1.0,0.666578494908081,0.1884848813923226,46.76731699036464,MEDIUM / RECURRENT,4.914285714285714,18.24,336.7742857142858,342.2,,1,AGRICULTURAL,,0,,0,,0,,0,unknown
478,26.00023333333333,78.49322,3,3,26.99513888888889,1.5049044711481532,0.1111311192858796,1.0,0.1111311192858796,0.3992168210477256,37.09618783453206,LOW / TRANSIENT,3.9666666666666672,6.9,335.7966666666667,340.19,,1,AGRICULTURAL,,0,,0,,0,,0,unknown
479,26.27907666666667,80.09449000000001,3,2,6.979166666666667,0.8361296468082507,0.2865671641791044,0.9970238095238096,0.4298507462686567,0.5446238514466029,46.70762450583326,MEDIUM / RECURRENT,5.03,5.83,336.82666666666665,341.77,,1,AGRICULTURAL,,0,,0,,0,,0,unknown
480,26.284687647058824,79.43994558823529,34,16,27.981944444444444,5.058125444979437,0.5717972899190946,1.0,1.215069241078076,0.1650675624138374,50.744394877601216,MEDIUM / RECURRENT,5.294411764705883,13.92,336.0617647058823,350.1,,1,AGRICULTURAL,,0,,0,,0,,0,unknown
481,26.322175999999995,81.000174,5,4,16.98611111111111,1.3762071491200376,0.2354865085854456,1.0,0.294358135731807,0.4208387304828715,42.24751868161164,MEDIUM / RECURRENT,2.98,3.78,333.428,336.94,,1,AGRICULTURAL,,0,,0,,0,,0,unknown
482,26.61557,80.92385,3,3,21.004166666666663,0.6558688673848821,0.1428288038087681,1.0,0.1428288038087681,0.6039125559376586,42.36291685967758,MEDIUM / RECURRENT,2.69,3.58,331.96000000000004,333.5,,1,AGRICULTURAL,,0,,0,,0,,0,unknown
483,26.675915000000003,81.758155,6,5,27.981944444444444,1.840981295757711,0.178686653099717,1.0,0.2144239837196605,0.3519910537578152,38.72270190108573,LOW / TRANSIENT,4.241666666666666,6.03,335.1433333333334,346.04,,1,AGRICULTURAL,,0,,0,,0,,0,unknown
484,26.80384,79.26790947368421,19,14,27.981944444444444,4.064455811155896,0.5003226286792078,1.0,0.679009281778925,0.1974545809635099,47.81840218660032,MEDIUM / RECURRENT,5.409473684210527,26.82,336.7373684210527,367.0,,1,AGRICULTURAL,,0,,0,,0,,0,unknown
485,26.868895555555554,79.65525333333332,9,6,20.01736111111111,3.2399534584013603,0.2997398091934085,1.0,0.4496097137901128,0.2358516454982602,41.10714565931473,MEDIUM / RECURRENT,3.335555555555555,6.0,328.8255555555555,347.65,,1,AGRICULTURAL,,0,,0,,0,,0,unknown
486,26.59984,81.55943666666666,3,3,21.474305555555556,0.6798360706155848,0.1397018400543284,1.0,0.1397018400543284,0.5952961824623427,42.07489173125701,MEDIUM / RECURRENT,2.6266666666666665,4.42,323.21999999999997,333.66,,1,AGRICULTURAL,,0,,0,,0,,0,unknown
487,21.928999,81.63458699999998,10,4,26.995833333333337,2.490047256675844,0.1481710140453773,1.0,0.3704275351134434,0.2865290715153431,36.65742199212196,LOW / TRANSIENT,5.202,8.23,340.322,355.55,,1,AGRICULTURAL,,0,,0,,0,,0,unknown
488,21.95241,81.68100749999999,4,4,16.988194444444446,0.7172337113576811,0.235457629890038,1.0,0.235457629890038,0.5823319175404372,45.35857065674015,MEDIUM / RECURRENT,4.4025,8.07,335.5025,341.2,,1,AGRICULTURAL,,0,,0,,0,,0,unknown
489,22.424497931034473,79.68545862068964,29,11,32.00138888888889,4.606561287103108,0.3437350809426674,1.0,0.9062106679397596,0.1783624487081451,42.410398143035785,MEDIUM / RECURRENT,4.872068965517242,16.47,334.9924137931034,346.24,,1,AGRICULTURAL,,0,,0,,0,,0,unknown
490,22.495221666666662,77.48769,6,5,9.022222222222222,0.8895998972126918,0.5541871921182266,1.0,0.6650246305418719,0.5292125605399739,56.31085219602115,MEDIUM / RECURRENT,4.664999999999999,7.15,338.6983333333333,345.43,,1,AGRICULTURAL,,0,,0,,0,,0,unknown
491,22.83184186046512,78.17383837209303,43,16,27.51597222222222,10.103035258961574,0.5814804532720895,1.0,1.5627287181687404,0.0900654619819271,50.27858254049915,MEDIUM / RECURRENT,2.682558139534883,10.95,322.67813953488366,346.28,,1,AGRICULTURAL,,0,,0,,0,,0,unknown
492,23.000083333333336,79.57910333333332,3,3,9.022222222222222,1.6420239145517057,0.3325123152709359,1.0,0.3325123152709359,0.3784977094613765,44.87290985425216,MEDIUM / RECURRENT,5.7299999999999995,8.6,340.18333333333334,350.46,,1,AGRICULTURAL,,0,,0,,0,,0,unknown
493,23.03779666666667,79.62294333333334,6,4,22.979166666666668,1.5417996019977394,0.1740707162284678,1.0,0.2611060743427017,0.3934220460236304,39.48312813715438,LOW / TRANSIENT,5.73,9.47,341.805,367.0,,1,AGRICULTURAL,,0,,0,,0,,0,unknown
494,23.46212,79.51242,3,2,10.010416666666666,0.9786761664877932,0.1997918834547346,1.0,0.299687825182102,0.5053884091478337,42.69985975423659,MEDIUM / RECURRENT,3.176666666666667,4.65,334.31,336.62,,1,AGRICULTURAL,,0,,0,,0,,0,unknown
495,23.4619825,80.417895,4,4,15.014583333333333,0.7794588600397003,0.2664076592202026,1.0,0.2664076592202026,0.5619685975643683,46.09645534243486,MEDIUM / RECURRENT,3.957500000000001,4.86,333.5025,338.2,,1,AGRICULTURAL,,0,,0,,0,,0,unknown
496,23.546899999999997,79.63925666666667,3,3,10.010416666666666,0.7972933749835825,0.299687825182102,1.0,0.299687825182102,0.5563921916805232,47.21629336534824,MEDIUM / RECURRENT,4.083333333333333,5.33,333.13999999999993,335.03,,1,AGRICULTURAL,,0,,0,,0,,0,unknown
497,23.55486,80.61044333333335,6,5,26.010416666666668,1.819447219089192,0.1922306768121746,1.0,0.2306768121746095,0.3546794539119072,39.28301639101347,LOW / TRANSIENT,3.146666666666667,4.26,332.595,334.79,,1,AGRICULTURAL,,0,,0,,0,,0,unknown
498,23.60307444444444,80.30851888888888,9,7,20.018055555555556,2.471121508626235,0.3496843127731908,1.0,0.449594116422674,0.2880913265395223,43.89996571069747,MEDIUM / RECURRENT,3.4222222222222225,6.9,332.94888888888886,339.77,,1,AGRICULTURAL,,0,,0,,0,,0,unknown
499,23.607136666666666,78.00179666666666,3,2,19.551388888888887,0.9301077985214372,0.1022945229807487,1.0,0.1534417844711231,0.5181057766649365,39.24930740656718,LOW / TRANSIENT,1.2666666666666668,2.29,309.97333333333336,332.06,,1,AGRICULTURAL,,0,,0,,0,,0,unknown
500,23.640689999999996,80.20936666666667,3,3,10.010416666666666,0.7573122162030027,0.299687825182102,1.0,0.299687825182102,0.5690508441127693,47.46946641399315,MEDIUM / RECURRENT,3.826666666666666,4.61,332.78000000000003,337.3,,1,AGRICULTURAL,,0,,0,,0,,0,unknown
501,23.717443333333332,79.65679999999999,3,3,15.014583333333333,0.9727577423017212,0.1998057444151519,1.0,0.1998057444151519,0.5069046130485576,42.530904804331776,MEDIUM / RECURRENT,3.8333333333333335,4.48,332.68333333333334,335.26,,1,AGRICULTURAL,,0,,0,,0,,0,unknown
502,23.901235,80.07355,6,5,20.018055555555556,2.0094787316780423,0.2497745091237077,1.0,0.2997294109484493,0.3322834580865818,40.9872358029583,MEDIUM / RECURRENT,3.695,5.32,333.1716666666667,339.96,,1,AGRICULTURAL,,0,,0,,0,,0,unknown
503,23.910656666666668,78.10764,3,3,21.00625,0.8489741790028508,0.1428146385004463,1.0,0.1428146385004463,0.5408404353917471,41.10095033235145,MEDIUM / RECURRENT,3.543333333333333,3.84,337.16333333333336,341.32,,1,AGRICULTURAL,,0,,0,,0,,0,unknown
504,24.395538533333333,80.83481746666666,75,20,27.98402777777778,9.340064792152136,0.7146934014939077,1.0,2.680100255602154,0.0967111928311103,57.30869342011328,MEDIUM / RECURRENT,4.2012,10.79,334.2984,352.1,,1,AGRICULTURAL,,0,,0,,0,,0,unknown
505,24.498324000000004,77.802112,5,4,32.988194444444446,2.09975824633891,0.1212554996526535,1.0,0.1515693745658169,0.3226058035916475,35.99919730880746,LOW / TRANSIENT,4.836,8.49,334.62,341.51,,1,AGRICULTURAL,,0,,0,,0,,0,unknown
506,24.560703333333333,80.89021000000001,3,3,24.036805555555556,0.92924155587997,0.1248085979256348,1.0,0.1248085979256348,0.5183384096989752,39.98468631722799,LOW / TRANSIENT,3.4800000000000004,5.01,333.71,338.31,,1,AGRICULTURAL,,0,,0,,0,,0,unknown
507,24.733866,80.66824,5,3,26.010416666666668,1.119125760745419,0.1153384060873047,1.0,0.1922306768121746,0.4718927109112402,38.859159784904826,LOW / TRANSIENT,2.8080000000000003,5.53,334.678,343.01,,1,AGRICULTURAL,,0,,0,,0,,0,unknown
508,24.742346111111107,80.739585,18,15,26.010416666666668,4.545675830823231,0.5766920304365238,1.0,0.6920304365238286,0.1803206733509258,50.17469540534451,MEDIUM / RECURRENT,4.256111111111111,7.8,335.47166666666664,346.13,,1,AGRICULTURAL,,0,,0,,0,,0,unknown
509,24.76039,81.39150666666667,3,3,21.994444444444444,1.5435133222971362,0.1363980803233139,1.0,0.1363980803233139,0.3931569735584733,37.90986844313208,LOW / TRANSIENT,3.0233333333333334,3.81,332.95,336.28,,1,AGRICULTURAL,,0,,0,,0,,0,unknown
510,24.756712500000003,80.86658249999999,4,3,20.018055555555556,1.3700842671333149,0.1498647054742246,1.0,0.1998196072989662,0.4219259263762502,39.0834224337208,LOW / TRANSIENT,4.2575,5.11,337.12,339.83,,1,AGRICULTURAL,,0,,0,,0,,0,unknown
511,24.77195,81.22448499999999,8,8,26.010416666666668,2.222715996066664,0.3075690828994794,1.0,0.3075690828994794,0.3102972775821709,42.58600161892415,MEDIUM / RECURRENT,4.1075,8.81,335.39125,345.92,,1,AGRICULTURAL,,0,,0,,0,,0,unknown
512,24.803753333333333,81.16413666666666,3,3,25.022222222222226,0.9583519208730464,0.1198934280639431,1.0,0.1198934280639431,0.5106334511900155,39.64872586216621,LOW / TRANSIENT,1.76,2.72,320.55,331.26,,1,AGRICULTURAL,,0,,0,,0,,0,unknown
513,24.91412166666667,76.17728833333332,6,5,16.9875,1.319110646220625,0.2943340691685062,1.0,0.3532008830022075,0.4311997798076887,44.6320897830559,MEDIUM / RECURRENT,3.9716666666666662,5.53,337.9216666666667,348.41,,1,AGRICULTURAL,,0,,0,,0,,0,unknown
514,25.20483,77.64207833333334,6,4,10.008333333333333,2.4308511033371913,0.3996669442131557,1.0,0.5995004163197336,0.2914728648606461,46.01680117731284,MEDIUM / RECURRENT,4.8883333333333345,8.78,334.7833333333333,339.02,,1,AGRICULTURAL,,0,,0,,0,,0,unknown
515,25.311261666666667,79.40732666666668,6,1,1.0,0.7019532467581794,1.0,0.1428571428571428,6.0,0.5875602058427661,62.322632688283896,MEDIUM / RECURRENT,3.7816666666666663,5.53,344.555,350.72,,1,AGRICULTURAL,,0,,0,,0,,0,unknown
516,25.352366666666665,77.19669666666667,3,3,14.026388888888889,1.6909048590129918,0.2138825626299633,1.0,0.2138825626299633,0.3716222060585204,40.34609893847906,MEDIUM / RECURRENT,5.090000000000001,6.04,339.03333333333336,341.97,,1,AGRICULTURAL,,0,,0,,0,,0,unknown
517,25.455251666666665,75.76318583333331,12,9,15.0125,2.4923317343340345,0.5995004163197336,1.0,0.7993338884263115,0.2863416410785768,53.30801516961483,MEDIUM / RECURRENT,4.9991666666666665,7.64,337.70916666666665,346.34,,1,AGRICULTURAL,,0,,0,,0,,0,unknown
518,25.513800000000003,80.93135333333333,3,3,26.99513888888889,0.9468286629270192,0.1111311192858796,1.0,0.1111311192858796,0.5136558851031705,39.38496911564096,LOW / TRANSIENT,2.8233333333333337,3.88,333.7066666666667,336.17,,1,AGRICULTURAL,,0,,0,,0,,0,unknown
519,25.530987142857143,75.54487285714286,7,3,7.0472222222222225,1.3489246894916522,0.4256996452502956,1.0,0.9932991722506898,0.4257267184740678,50.40062029774308,MEDIUM / RECURRENT,6.6071428571428585,10.62,340.70285714285717,348.47,,1,AGRICULTURAL,,0,,0,,0,,0,unknown
520,25.66414,77.05889499999999,6,6,14.026388888888889,2.0979630469927035,0.4277651252599267,1.0,0.4277651252599267,0.3227927463404489,47.28316456142627,MEDIUM / RECURRENT,4.444999999999999,7.18,335.0316666666667,338.48,,1,AGRICULTURAL,,0,,0,,0,,0,unknown
521,25.663314999999997,79.522335,4,4,25.022222222222226,1.9035751911317444,0.1598579040852575,1.0,0.1598579040852575,0.3444029977436967,37.80280240602847,LOW / TRANSIENT,4.21,8.62,335.815,342.91,,1,AGRICULTURAL,,0,,0,,0,,0,unknown
522,25.699023125,79.91321375000001,16,9,26.99513888888889,2.426608461763854,0.3333933578576389,1.0,0.5926993028580249,0.2918337508234739,43.69084114720289,MEDIUM / RECURRENT,5.054375,9.8,339.440625,367.0,,1,AGRICULTURAL,,0,,0,,0,,0,unknown
523,25.85202,81.037048,5,5,38.979166666666664,2.772899399719946,0.1282736504543025,1.0,0.1282736504543025,0.2650481484012608,35.0470880348344,LOW / TRANSIENT,4.01,6.13,334.178,336.97,,1,AGRICULTURAL,,0,,0,,0,,0,unknown
524,25.9406925,80.68432250000001,4,4,7.965277777777778,0.5371754748803583,0.5021795989537925,1.0,0.5021795989537925,0.6505438164617037,56.5915214905244,MEDIUM / RECURRENT,4.5275,6.73,338.1325,349.3,,1,AGRICULTURAL,,0,,0,,0,,0,unknown
525,25.960256666666663,81.58894666666667,3,2,5.004166666666666,0.8283844258072522,0.3996669442131557,0.7148809523809524,0.5995004163197336,0.5469309330604742,43.997986350833216,MEDIUM / RECURRENT,2.8699999999999997,3.6,332.95,333.29,,1,AGRICULTURAL,,0,,0,,0,,0,unknown
526,26.01173714285714,80.84273571428572,7,5,26.008333333333333,2.0036561539302538,0.1922460749759692,1.0,0.2691445049663569,0.3329275884962764,38.92545340401717,LOW / TRANSIENT,4.97,7.62,335.0285714285714,343.26,,1,AGRICULTURAL,,0,,0,,0,,0,unknown
527,26.084213333333334,78.96470333333333,6,4,18.042361111111113,2.2049078432168727,0.2217004734228859,1.0,0.3325507101343289,0.3120214523848107,39.66504703776588,LOW / TRANSIENT,4.351666666666667,6.26,335.695,338.9,,1,AGRICULTURAL,,0,,0,,0,,0,unknown
528,26.262893333333334,79.81539666666667,3,3,21.992361111111112,1.4377565846742086,0.1364110012946414,1.0,0.1364110012946414,0.4102132289527356,38.25147162695645,LOW / TRANSIENT,3.263333333333333,3.65,335.10999999999996,337.73,,1,AGRICULTURAL,,0,,0,,0,,0,unknown
529,26.308984999999996,81.217271,10,8,26.99513888888889,3.106626021722089,0.2963496514290124,1.0,0.3704370642862655,0.2435089035890967,40.9832900003699,MEDIUM / RECURRENT,5.153,7.91,335.01899999999995,341.45,,1,AGRICULTURAL,,0,,0,,0,,0,unknown
530,26.427518,81.282044,5,4,26.008333333333333,1.1815524018025825,0.1537968599807753,1.0,0.1922460749759692,0.4583891723956371,39.93516569719181,LOW / TRANSIENT,4.25,4.69,337.75,342.43,,1,AGRICULTURAL,,0,,0,,0,,0,unknown
531,26.45842217391304,79.55733565217392,23,15,26.99513888888889,5.598593233679026,0.5556555964293983,1.0,0.8520052478584107,0.1515474533111132,49.18290543696803,MEDIUM / RECURRENT,4.651304347826087,14.93,335.4665217391304,350.69,,1,AGRICULTURAL,,0,,0,,0,,0,unknown
532,26.482956666666663,80.91562666666668,3,2,10.008333333333333,0.6696839444053716,0.1998334721065778,1.0,0.2997502081598668,0.5989157429169221,44.571986798388394,MEDIUM / RECURRENT,4.026666666666666,6.25,332.74666666666667,334.01,,1,AGRICULTURAL,,0,,0,,0,,0,unknown
533,26.493003333333338,80.08729666666666,3,3,16.516666666666666,1.5464268044300518,0.1816347124117053,1.0,0.1816347124117053,0.3927071448746483,39.57462725672606,LOW / TRANSIENT,4.676666666666667,8.76,326.28,337.69,,1,AGRICULTURAL,,0,,0,,0,,0,unknown
534,26.65988,79.66772166666667,6,4,16.9875,2.6448492467650406,0.235467255334805,1.0,0.3532008830022075,0.2743597697181969,39.43495109708653,LOW / TRANSIENT,4.716666666666667,8.7,335.195,344.12,,1,AGRICULTURAL,,0,,0,,0,,0,unknown
535,26.697329999999997,81.21759666666667,3,3,14.026388888888889,0.7546718575998494,0.2138825626299633,1.0,0.2138825626299633,0.5699071286000238,44.31179738930912,MEDIUM / RECURRENT,4.763333333333333,7.2,339.6333333333333,350.15,,1,AGRICULTURAL,,0,,0,,0,,0,unknown
536,26.8765875,79.4127525,4,3,15.0125,1.7366373043245256,0.1998334721065778,1.0,0.2664446294754371,0.3654119595679583,39.83529997404027,LOW / TRANSIENT,3.495,6.32,333.3675,336.53,,1,AGRICULTURAL,,0,,0,,0,,0,unknown
537,23.1151125,78.67406749999999,4,3,26.010416666666668,2.181647607661973,0.1153384060873047,1.0,0.1537845414497397,0.314302563738304,35.63046457072122,LOW / TRANSIENT,1.1725,2.51,309.2025,336.28,,1,AGRICULTURAL,,0,,0,,0,,0,unknown
538,24.49370888888889,77.14838111111112,9,4,28.053472222222226,1.2011892113072775,0.1425848454093125,1.0,0.3208159021709533,0.4542998824740304,39.718099043148456,LOW / TRANSIENT,2.644444444444444,6.63,310.35,329.28,,1,AGRICULTURAL,,0,,0,,0,,0,unknown
539,26.650751428571432,79.78538571428571,7,5,25.490277777777777,2.526594841499964,0.1961532174576363,1.0,0.2746145044406909,0.2835596502984365,38.08578462586738,LOW / TRANSIENT,2.7657142857142856,7.55,324.4114285714286,344.14,,1,AGRICULTURAL,,0,,0,,0,,0,unknown
540,21.580258928571425,81.11447107142858,28,14,26.007638888888888,6.0699965807476595,0.538303383087234,1.0,1.076606766174468,0.1414427841058798,48.82268762251972,MEDIUM / RECURRENT,3.5149999999999997,7.46,332.7160714285714,344.61,,1,AGRICULTURAL,,0,,0,,0,,0,unknown
541,21.736790000000003,81.66671,3,3,20.018055555555556,0.7237996976749449,0.1498647054742246,1.0,0.1498647054742246,0.5801138040276933,42.147270183100176,MEDIUM / RECURRENT,5.246666666666667,8.96,338.75,345.14,,1,AGRICULTURAL,,0,,0,,0,,0,unknown
542,21.79493941176471,81.36052588235293,17,11,26.007638888888888,3.384550296295294,0.4229526581399696,1.0,0.6536541080344984,0.2280735611232343,45.672122473432616,MEDIUM / RECURRENT,3.6747058823529417,5.7,333.38529411764705,342.23,,1,AGRICULTURAL,,0,,0,,0,,0,unknown
543,21.894477499999997,81.41953,4,4,26.007638888888888,1.143841710411401,0.1538009665963525,1.0,0.1538009665963525,0.4664523482044302,40.01968272815365,MEDIUM / RECURRENT,2.9575,3.59,333.20500000000004,340.19,,1,AGRICULTURAL,,0,,0,,0,,0,unknown
544,22.441774444444444,79.81197000000002,9,5,24.034027777777776,2.725451911827021,0.2080383715218585,1.0,0.3744690687393452,0.2684238110349367,38.39875736144247,LOW / TRANSIENT,3.7733333333333334,4.84,334.77888888888884,340.7,,1,AGRICULTURAL,,0,,0,,0,,0,unknown
545,22.507674285714284,77.70035285714286,7,5,12.052083333333334,1.6551749482443354,0.4148660328435609,1.0,0.5808124459809852,0.3766230171240595,48.214396383967795,MEDIUM / RECURRENT,4.098571428571429,7.02,335.32857142857137,346.64,,1,AGRICULTURAL,,0,,0,,0,,0,unknown
546,22.530149999999995,77.48159333333332,3,3,5.992361111111111,1.4390561583080983,0.5006373855603199,0.8560515873015874,0.5006373855603199,0.4099946598579636,48.12476614543078,MEDIUM / RECURRENT,4.930000000000001,6.59,337.16333333333336,338.93,,1,AGRICULTURAL,,0,,0,,0,,0,unknown
547,22.5461075,80.14174249999999,4,4,15.013194444444444,1.5690608669787844,0.2664323049169712,1.0,0.2664323049169712,0.3892472976617327,42.64294123516259,MEDIUM / RECURRENT,3.215,4.92,333.0075,337.85,,1,AGRICULTURAL,,0,,0,,0,,0,unknown
548,23.113566666666667,80.04169333333334,6,6,26.007638888888888,1.350854445295831,0.2307014498945288,1.0,0.2307014498945288,0.4253772503870013,42.0434986538376,MEDIUM / RECURRENT,5.1450000000000005,7.29,337.8766666666667,345.66,,1,AGRICULTURAL,,0,,0,,0,,0,unknown
549,23.1749925,79.534185,4,4,12.052083333333334,1.0154726885487604,0.3318928262748487,1.0,0.3318928262748487,0.4961615236374398,47.2032650449182,MEDIUM / RECURRENT,5.765000000000001,10.99,339.31,349.73,,1,AGRICULTURAL,,0,,0,,0,,0,unknown
550,23.2181325,80.0608775,12,7,15.013194444444444,1.6295005252928445,0.4662565336046996,1.0,0.7992969147509136,0.3803003613732426,50.523579733131164,MEDIUM / RECURRENT,7.895833333333333,19.37,339.3716666666666,367.0,,1,AGRICULTURAL,,0,,0,,0,,0,unknown
551,23.375402,77.706222,5,4,9.490277777777775,2.546575000172558,0.4214839748280404,1.0,0.5268549685350505,0.2819621747605352,46.44489255126222,MEDIUM / RECURRENT,2.384,4.96,320.13199999999995,335.64,,1,AGRICULTURAL,,0,,0,,0,,0,unknown
552,23.431516666666667,79.80719666666667,3,2,15.013194444444444,0.5016664607328853,0.1332161524584856,1.0,0.1998242286877284,0.6659268393807983,43.38075058103842,MEDIUM / RECURRENT,4.216666666666667,7.0,336.41,344.66,,1,AGRICULTURAL,,0,,0,,0,,0,unknown
553,23.50214857142857,80.3960442857143,7,7,20.018055555555556,3.191650933717037,0.3496843127731908,1.0,0.3496843127731908,0.2385694839129241,42.70970925086654,MEDIUM / RECURRENT,4.601428571428571,8.25,335.12,339.88,,1,AGRICULTURAL,,0,,0,,0,,0,unknown
554,24.326762307692302,81.05013576923078,26,13,21.990972222222226,5.010343529397419,0.5911516720876623,1.0,1.1823033441753246,0.1663798408708025,51.38251202883488,MEDIUM / RECURRENT,3.888846153846153,6.94,333.2823076923077,344.1,,1,AGRICULTURAL,,0,,0,,0,,0,unknown
555,24.473505,80.32682750000001,4,4,25.022222222222226,0.8719402122885055,0.1598579040852575,1.0,0.1598579040852575,0.5342050955663102,41.59884436248073,MEDIUM / RECURRENT,3.8825,6.08,334.5875,339.34,,1,AGRICULTURAL,,0,,0,,0,,0,unknown
556,24.51367888888889,80.84666333333332,9,9,26.995833333333337,2.0006500918154497,0.3333847816020991,1.0,0.3333847816020991,0.3332611165585725,44.00045925044912,MEDIUM / RECURRENT,3.4577777777777774,6.68,333.0711111111111,345.2,,1,AGRICULTURAL,,0,,0,,0,,0,unknown
557,24.716825,80.98877,6,6,14.026388888888889,1.4681767333276514,0.4277651252599267,1.0,0.4277651252599267,0.4051573724430087,48.930457083477464,MEDIUM / RECURRENT,6.668333333333333,14.52,338.99666666666667,345.94,,1,AGRICULTURAL,,0,,0,,0,,0,unknown
558,24.73023,81.11910800000001,10,6,20.018055555555556,2.894175873019502,0.2997294109484493,1.0,0.4995490182474155,0.2567937434280826,41.62550228825221,MEDIUM / RECURRENT,4.877000000000001,7.84,334.928,339.78,,1,AGRICULTURAL,,0,,0,,0,,0,unknown
559,25.0457,76.15633,5,3,9.022222222222222,0.7035486672474783,0.3325123152709359,1.0,0.5541871921182266,0.5870099394435015,49.48650420758924,MEDIUM / RECURRENT,9.739999999999998,16.45,349.788,367.0,,1,AGRICULTURAL,,0,,0,,0,,0,unknown
560,25.227914444444444,75.80288888888889,9,7,17.05625,2.0384445288413744,0.4104067423964823,1.0,0.52766581165262,0.3291157664745395,47.001882936672914,MEDIUM / RECURRENT,4.9799999999999995,9.7,338.8577777777778,349.95,,1,AGRICULTURAL,,0,,0,,0,,0,unknown
561,25.2961125,75.5988025,8,7,10.997222222222222,2.0593247974118145,0.6365243748421319,1.0,0.7274564283910079,0.326869510829971,55.27065619285606,MEDIUM / RECURRENT,5.3412500000000005,9.08,342.76875,367.0,,1,AGRICULTURAL,,0,,0,,0,,0,unknown
562,25.330066666666667,76.991,3,3,14.026388888888889,0.6159962912794038,0.2138825626299633,1.0,0.2138825626299633,0.6188133013648738,45.28992084460612,MEDIUM / RECURRENT,3.986666666666667,5.66,339.68333333333334,343.65,,1,AGRICULTURAL,,0,,0,,0,,0,unknown
563,25.4183,75.60598333333333,6,6,18.044444444444444,1.042105027402979,0.3325123152709359,1.0,0.3325123152709359,0.4896907781828133,47.09677122868089,MEDIUM / RECURRENT,2.721666666666667,3.6,335.54166666666663,340.8,,1,AGRICULTURAL,,0,,0,,0,,0,unknown
564,25.56578333333334,78.32385833333332,6,3,10.009027777777778,2.000551871964432,0.2997294109484493,1.0,0.5994588218968986,0.3332720255041982,43.35488753707348,MEDIUM / RECURRENT,3.0833333333333335,5.48,334.795,339.45,,1,AGRICULTURAL,,0,,0,,0,,0,unknown
565,25.770093333333335,81.76837666666667,3,2,5.00625,0.960033428861039,0.3995006242197254,0.7151785714285713,0.599250936329588,0.5101953799742551,43.26439560554895,MEDIUM / RECURRENT,3.4099999999999997,3.67,333.4066666666667,334.72,,1,AGRICULTURAL,,0,,0,,0,,0,unknown
566,25.878242857142855,79.05744857142858,7,7,26.009027777777774,2.389202439387022,0.269137318772862,1.0,0.269137318772862,0.2950546678412228,40.859174151420355,MEDIUM / RECURRENT,5.81,15.01,337.04857142857145,352.16,,1,AGRICULTURAL,,0,,0,,0,,0,unknown
567,26.196853333333333,80.36778666666666,3,3,16.00138888888889,0.7357564943930298,0.1874837253710615,1.0,0.1874837253710615,0.5761176773529436,43.45925138578815,MEDIUM / RECURRENT,3.693333333333334,4.6,333.7,339.05,,1,AGRICULTURAL,,0,,0,,0,,0,unknown
568,26.64388666666667,79.96094000000001,3,3,15.013194444444444,1.05843025803439,0.1998242286877284,1.0,0.1998242286877284,0.4858070833815411,42.10963812907677,MEDIUM / RECURRENT,2.5966666666666667,4.26,326.54333333333335,343.72,,1,AGRICULTURAL,,0,,0,,0,,0,unknown
569,26.847490000000004,79.17628666666667,3,2,10.009027777777778,0.2538583181849748,0.1998196072989662,1.0,0.2997294109484493,0.7975382748567256,48.54391057449522,MEDIUM / RECURRENT,2.813333333333333,3.02,332.5066666666667,333.6,,1,AGRICULTURAL,,0,,0,,0,,0,unknown
570,25.3241725,75.5494475,4,3,26.99513888888889,1.7324634761933428,0.1111311192858796,1.0,0.1481748257145062,0.3659701250218073,36.50534132687095,LOW / TRANSIENT,6.6975,14.82,336.7575,343.46,,1,AGRICULTURAL,,0,,0,,0,,0,unknown
571,21.92338117647059,81.50644588235293,17,13,25.022222222222226,3.253799080120021,0.5195381882770871,1.0,0.6793960923623446,0.2350839757978848,49.24430829038043,MEDIUM / RECURRENT,3.9517647058823537,8.05,335.65352941176474,351.62,,1,AGRICULTURAL,,0,,0,,0,,0,unknown
572,22.26271777777778,79.59608,9,8,27.98402777777778,3.0692140043150156,0.2858773605975631,1.0,0.3216120306722584,0.2457477043329731,40.56388576891868,MEDIUM / RECURRENT,3.756666666666667,4.26,333.03,339.19,,1,AGRICULTURAL,,0,,0,,0,,0,unknown
573,22.90584,78.76595750000001,4,4,8.036805555555556,0.9232622485614737,0.4977101875054004,1.0,0.4977101875054004,0.5199498928177692,53.81427479405521,MEDIUM / RECURRENT,3.585,4.73,334.11749999999995,339.93,,1,AGRICULTURAL,,0,,0,,0,,0,unknown
574,23.252108636363634,77.78871727272727,22,12,18.04305555555555,6.353399406463404,0.6650758217227312,1.0,1.2193056731583405,0.1359915251062021,53.43609560873631,MEDIUM / RECURRENT,3.295,5.67,334.0218181818182,349.13,,1,AGRICULTURAL,,0,,0,,0,,0,unknown
575,24.65024916666667,80.4799725,12,9,25.022222222222226,3.5342980255714154,0.3596802841918295,1.0,0.4795737122557726,0.2205413041578755,42.95878345438309,MEDIUM / RECURRENT,4.548333333333334,9.26,334.83166666666665,341.56,,1,AGRICULTURAL,,0,,0,,0,,0,unknown
576,24.713246666666667,77.42929333333335,3,1,1.0,0.1432933674203749,1.0,0.1428571428571428,3.0,0.8746661430008211,62.06475143144499,MEDIUM / RECURRENT,5.843333333333334,7.11,340.04999999999995,351.28,,1,AGRICULTURAL,,0,,0,,0,,0,unknown
577,24.763586,81.17489,5,4,21.992361111111112,1.404397033643557,0.1818813350595219,1.0,0.2273516688244024,0.4159046887878694,40.138643840489465,MEDIUM / RECURRENT,4.090000000000001,5.8,333.242,338.97,,1,AGRICULTURAL,,0,,0,,0,,0,unknown
578,25.073395833333333,75.98074000000001,12,7,27.981944444444444,3.60850156797876,0.2501613143396039,1.0,0.428847967439321,0.2169902701017392,38.95314733879957,LOW / TRANSIENT,9.965,35.56,341.1825,367.0,,1,AGRICULTURAL,,0,,0,,0,,0,unknown
579,25.231852,76.66368800000001,5,4,8.035416666666666,2.046198724928852,0.4977962146746176,1.0,0.622245268343272,0.3282779917857645,50.23291788601345,MEDIUM / RECURRENT,5.0280000000000005,11.14,336.102,350.07,,1,AGRICULTURAL,,0,,0,,0,,0,unknown
580,25.31157375,75.74963,8,6,9.022222222222222,1.730121120104949,0.6650246305418719,1.0,0.8866995073891626,0.3662841156151925,57.37494339604768,MEDIUM / RECURRENT,11.3775,41.9,339.38750000000005,346.27,,1,AGRICULTURAL,,0,,0,,0,,0,unknown
581,25.706566666666664,81.71600333333333,3,2,25.022222222222226,1.3212635905134464,0.0799289520426287,1.0,0.1198934280639431,0.4307998471551468,36.65329712072283,LOW / TRANSIENT,1.75,1.98,331.64000000000004,331.82,,1,AGRICULTURAL,,0,,0,,0,,0,unknown
582,25.731703333333332,76.93324333333332,3,3,2.0430555555555556,0.5943466424402568,1.0,0.2918650793650794,1.4683888511216858,0.6272161733093573,57.77772815255751,MEDIUM / RECURRENT,6.163333333333334,6.83,339.46,346.32,,1,AGRICULTURAL,,0,,0,,0,,0,unknown
583,26.23927333333333,78.86658666666666,3,3,6.061805555555556,0.5330932894534348,0.4949020506358116,0.8659722222222223,0.4949020506358116,0.6522760270880263,53.006201970841104,MEDIUM / RECURRENT,5.52,7.16,339.44,347.03,,1,AGRICULTURAL,,0,,0,,0,,0,unknown
584,26.489863333333332,81.26819,3,3,14.026388888888889,1.704007474593462,0.2138825626299633,1.0,0.2138825626299633,0.3698214629197156,40.31008407570296,MEDIUM / RECURRENT,3.8366666666666664,5.92,333.21999999999997,334.78,,1,AGRICULTURAL,,0,,0,,0,,0,unknown
585,26.6531,79.8391225,4,4,22.061805555555555,1.5741300272176957,0.1813088230665114,1.0,0.1813088230665114,0.388480764151946,39.47804173649984,LOW / TRANSIENT,3.9775,6.88,336.91999999999996,353.4,,1,AGRICULTURAL,,0,,0,,0,,0,unknown
586,22.592104,80.10854,5,5,16.986805555555556,1.721747607637764,0.2943461019582192,1.0,0.2943461019582192,0.3674109962267631,43.23902569698938,MEDIUM / RECURRENT,4.683999999999999,7.87,332.406,341.53,,1,AGRICULTURAL,,0,,0,,0,,0,unknown
587,22.865636666666664,78.13982833333334,6,6,18.961805555555557,1.7818445048455709,0.3164255630836843,1.0,0.3164255630836843,0.3594737226534929,43.89722028716618,MEDIUM / RECURRENT,4.073333333333333,7.27,335.6033333333333,343.73,,1,AGRICULTURAL,,0,,0,,0,,0,unknown
588,23.178888,77.61053700000001,20,12,18.961805555555557,4.974802672038196,0.6328511261673686,1.0,1.0547518769456143,0.1673695442160716,52.60668405407056,MEDIUM / RECURRENT,4.461499999999999,13.15,336.265,347.33,,1,AGRICULTURAL,,0,,0,,0,,0,unknown
589,25.295933333333338,75.91248,3,2,1.9736111111111112,0.8656184605639833,1.0,0.2819444444444444,1.5200562983814214,0.5360152791893452,55.80902929166086,MEDIUM / RECURRENT,19.933333333333337,28.43,356.18666666666667,367.0,,1,AGRICULTURAL,,0,,0,,0,,0,unknown
590,25.39081,75.66800333333333,3,2,9.94097222222222,0.4686353328889544,0.2011875654907439,1.0,0.3017813482361159,0.6809042228562612,46.26321194577349,MEDIUM / RECURRENT,3.4066666666666663,4.22,338.95666666666665,343.29,,1,AGRICULTURAL,,0,,0,,0,,0,unknown
591,25.615530000000003,76.44594,3,2,3.95,0.9451784694021488,0.5063291139240506,0.5642857142857143,0.7594936708860759,0.5140916454351617,43.62948209496002,MEDIUM / RECURRENT,4.716666666666667,6.02,337.9066666666667,341.36,,1,AGRICULTURAL,,0,,0,,0,,0,unknown
592,21.03111,75.517165,4,2,1.5069444444444444,0.2699958780791129,1.0,0.2152777777777777,2.654377880184332,0.7874041304075052,61.43878281296321,MEDIUM / RECURRENT,3.835,6.44,329.86,343.33,,1,AGRICULTURAL,,0,,0,,0,,0,unknown
593,21.763041666666663,82.02976833333334,6,5,23.964583333333337,2.405971633225379,0.2086412240285143,1.0,0.2503694688342172,0.2936019754964965,38.67522128859637,LOW / TRANSIENT,2.9716666666666662,3.93,331.41833333333335,336.41,,1,AGRICULTURAL,,0,,0,,0,,0,unknown
594,21.7713988,81.603506,25,15,24.95277777777778,5.6438264251267505,0.6011354781253478,1.0,1.0018924635422464,0.1505156721461039,51.05384010439374,MEDIUM / RECURRENT,4.132,9.2,333.8768,367.0,,1,AGRICULTURAL,,0,,0,,0,,0,unknown
595,21.82110136363636,81.48362545454546,22,7,23.964583333333337,5.63997307870521,0.29209771363992,1.0,0.9180213857254628,0.1506030202452265,40.07152315375266,MEDIUM / RECURRENT,4.947727272727273,11.91,337.1531818181818,367.0,,1,AGRICULTURAL,,0,,0,,0,,0,unknown
596,21.964466666666667,81.46727333333332,3,3,17.975,0.8454575793644904,0.1668984700973574,1.0,0.1668984700973574,0.54187103035138,42.012664000629826,MEDIUM / RECURRENT,3.0733333333333337,4.57,331.78333333333336,332.88,,1,AGRICULTURAL,,0,,0,,0,,0,unknown
597,22.594633333333334,79.94498333333333,3,3,11.983333333333333,0.8642506908809875,0.2503477051460361,1.0,0.2503477051460361,0.5364085446724071,44.99103598385148,MEDIUM / RECURRENT,2.766666666666667,2.79,332.45,334.47,,1,AGRICULTURAL,,0,,0,,0,,0,unknown
598,22.703381428571426,78.30483885714287,35,15,21.990972222222226,6.264881416865858,0.6820980831780719,1.0,1.5915621940821676,0.1376484959105375,54.8095272176076,MEDIUM / RECURRENT,3.906857142857143,8.72,334.49485714285714,347.77,,1,AGRICULTURAL,,0,,0,,0,,0,unknown
599,23.900856666666662,79.98591,3,2,9.94097222222222,0.7345659988455477,0.2011875654907439,1.0,0.3017813482361159,0.5765130878072998,44.17538924479427,MEDIUM / RECURRENT,4.013333333333333,5.31,331.2866666666667,333.42,,1,AGRICULTURAL,,0,,0,,0,,0,unknown
600,24.30077823529412,80.20806823529412,17,14,24.95277777777778,4.737605939583006,0.5610597795836579,1.0,0.6812868752087275,0.1742887208584905,49.48544045301529,MEDIUM / RECURRENT,4.71,14.07,336.23588235294113,354.95,,1,AGRICULTURAL,,0,,0,,0,,0,unknown
601,25.891925714285716,79.14001,7,6,21.990972222222226,1.6795363715813296,0.2728392332712287,1.0,0.3183124388164335,0.3731988901534669,42.64997584519521,MEDIUM / RECURRENT,6.372857142857143,11.31,337.0457142857143,348.67,,1,AGRICULTURAL,,0,,0,,0,,0,unknown
602,26.033142,79.31286600000001,5,3,6.977777777777778,1.0599679753865892,0.4299363057324841,0.9968253968253968,0.7165605095541401,0.4854444398886018,51.11041543815218,MEDIUM / RECURRENT,5.628,8.38,337.85,345.02,,1,AGRICULTURAL,,0,,0,,0,,0,unknown
603,26.251841875,78.737329375,16,7,21.004166666666663,4.2928288954854565,0.3332672088871256,1.0,0.7617536203134299,0.1889348814681983,41.96655718104022,MEDIUM / RECURRENT,4.92625,15.87,338.815,367.0,,1,AGRICULTURAL,,0,,0,,0,,0,unknown
604,26.302233333333337,80.25067333333334,3,3,22.977777777777774,0.48750532167726,0.1305609284332688,1.0,0.1305609284332688,0.6722665024636243,43.27608440130344,MEDIUM / RECURRENT,7.993333333333332,10.26,339.37333333333333,344.12,,1,AGRICULTURAL,,0,,0,,0,,0,unknown
605,26.388011666666667,80.670355,6,5,18.961805555555557,0.8760108566851237,0.2636879692364036,1.0,0.3164255630836843,0.5330459556971762,45.52284916338502,MEDIUM / RECURRENT,3.8516666666666666,5.98,334.8233333333333,339.93,,1,AGRICULTURAL,,0,,0,,0,,0,unknown
606,26.74781181818182,79.62196454545455,11,6,15.999305555555557,3.1200848197188487,0.3750162767481227,1.0,0.6875298407048918,0.2427134497848127,44.35489836329033,MEDIUM / RECURRENT,3.252727272727273,12.03,330.4027272727273,367.0,,1,AGRICULTURAL,,0,,0,,0,,0,unknown
607,21.35424,80.98879666666666,3,3,21.992361111111112,0.6344706620616227,0.1364110012946414,1.0,0.1364110012946414,0.61181887397028,42.28358452730734,MEDIUM / RECURRENT,2.9466666666666668,5.64,331.99333333333334,334.36,,1,AGRICULTURAL,,0,,0,,0,,0,unknown
608,21.46122985915493,81.09532000000002,71,20,23.965972222222224,8.505972476235575,0.8345165309611428,1.0,2.962533684912057,0.1051970224508798,62.2370864024817,MEDIUM / RECURRENT,3.738732394366197,7.78,333.42098591549285,345.26,,1,AGRICULTURAL,,0,,0,,0,,0,unknown
609,21.646023,81.31305,10,6,21.992361111111112,2.904181176802614,0.2728220025892829,1.0,0.4547033376488048,0.2561356542420925,40.580889850764365,MEDIUM / RECURRENT,4.795999999999999,8.98,335.61299999999994,339.37,,1,AGRICULTURAL,,0,,0,,0,,0,unknown
610,21.73288333333333,81.91867,6,5,17.974305555555556,1.5637940738569578,0.2781748638102229,1.0,0.3338098365722675,0.3900469270122017,43.20467844674638,MEDIUM / RECURRENT,3.311666666666667,4.85,332.675,334.67,,1,AGRICULTURAL,,0,,0,,0,,0,unknown
611,21.74474934426229,81.31127688524592,61,19,22.977777777777774,8.278161403428463,0.8268858800773694,1.0,2.654738878143134,0.1077799745572954,61.406083050140104,MEDIUM / RECURRENT,4.225737704918033,10.67,333.8681967213115,344.34,,1,AGRICULTURAL,,0,,0,,0,,0,unknown
612,21.847387333333327,81.27857333333331,15,8,22.977777777777774,4.850237196938057,0.3481624758220503,1.0,0.6528046421663443,0.1709332401980876,41.9099607420662,MEDIUM / RECURRENT,3.635333333333333,7.3,333.1213333333333,340.89,,1,AGRICULTURAL,,0,,0,,0,,0,unknown
613,21.93266,81.747375,4,2,21.004166666666663,0.3995264772215444,0.0952192025391787,1.0,0.1904384050783574,0.7145273892818967,43.00409668466591,MEDIUM / RECURRENT,6.5575,9.85,338.78499999999997,347.35,,1,AGRICULTURAL,,0,,0,,0,,0,unknown
614,22.123717777777777,79.36448555555556,9,8,21.992361111111112,2.5642631417375252,0.3637626701190438,1.0,0.4092330038839243,0.2805628990435636,44.16141744280566,MEDIUM / RECURRENT,4.501111111111111,11.4,336.50777777777773,352.15,,1,AGRICULTURAL,,0,,0,,0,,0,unknown
615,22.231133333333332,78.76002333333332,3,2,22.977777777777774,0.6186585820152782,0.0870406189555125,1.0,0.1305609284332688,0.6177955074101978,40.663453668513434,MEDIUM / RECURRENT,5.919999999999999,9.04,336.3733333333333,341.53,,1,AGRICULTURAL,,0,,0,,0,,0,unknown
616,22.76655857142857,78.12531428571427,7,5,23.965972222222224,2.018909266293837,0.2086291327402857,1.0,0.2920807858363999,0.3312454637723013,39.511090493028824,LOW / TRANSIENT,2.6599999999999997,3.93,332.5571428571429,334.65,,1,AGRICULTURAL,,0,,0,,0,,0,unknown
617,22.803932222222222,78.23974444444444,9,7,21.992361111111112,2.48269076811982,0.3182923363541634,1.0,0.4092330038839243,0.2871343069427505,42.701383919018575,MEDIUM / RECURRENT,4.669999999999999,13.54,336.0,345.04,,1,AGRICULTURAL,,0,,0,,0,,0,unknown
618,22.931215,79.42248000000001,4,4,16.988194444444446,1.4024690619351083,0.235457629890038,1.0,0.235457629890038,0.41623845061902,42.036701318311806,MEDIUM / RECURRENT,4.4975000000000005,7.92,333.6175,334.37,,1,AGRICULTURAL,,0,,0,,0,,0,unknown
619,23.166519166666664,77.52155666666668,12,8,17.974305555555556,3.5275691924107613,0.4450797820963567,1.0,0.667619673144535,0.2208690706872527,46.3304131334066,MEDIUM / RECURRENT,4.118333333333333,6.85,333.65333333333336,345.01,,1,AGRICULTURAL,,0,,0,,0,,0,unknown
620,23.396,77.72506,3,3,16.0,1.0624060691614312,0.1875,1.0,0.1875,0.4848705669328239,41.63491133865647,MEDIUM / RECURRENT,4.1066666666666665,5.69,338.47,345.18,,1,AGRICULTURAL,,0,,0,,0,,0,unknown
621,23.541614999999997,77.63779666666666,6,5,15.014583333333333,2.809911586380735,0.3330095740252532,1.0,0.3996114888303039,0.2624732824705678,42.70402371795583,MEDIUM / RECURRENT,3.303333333333333,6.68,332.5883333333333,334.81,,1,AGRICULTURAL,,0,,0,,0,,0,unknown
622,23.811566666666668,78.00789999999999,3,2,4.01875,1.11586536361459,0.4976671850699845,0.5741071428571428,0.7465007776049767,0.4726198638138642,42.716428880365264,MEDIUM / RECURRENT,2.17,2.49,338.02,339.85,,1,AGRICULTURAL,,0,,0,,0,,0,unknown
623,23.873086666666666,80.01015666666667,6,6,17.974305555555556,2.8268265092341025,0.3338098365722675,1.0,0.3338098365722675,0.261313126578121,42.57722648473632,MEDIUM / RECURRENT,3.75,6.42,333.04,336.03,,1,AGRICULTURAL,,0,,0,,0,,0,unknown
624,24.431594285714286,80.99033142857142,7,6,15.014583333333333,2.1547842559584063,0.3996114888303039,1.0,0.4662134036353545,0.3169788863093604,46.25840664251855,MEDIUM / RECURRENT,3.37,4.52,334.9842857142857,340.81,,1,AGRICULTURAL,,0,,0,,0,,0,unknown
625,24.57917,80.94766111111112,18,10,22.979166666666668,5.95075474864653,0.4351767905711695,1.0,0.7833182230281052,0.1438692683258207,44.67520948256356,MEDIUM / RECURRENT,4.368333333333334,7.84,335.0705555555556,354.81,,1,AGRICULTURAL,,0,,0,,0,,0,unknown
626,24.61089,76.94623,3,3,10.00763888888889,1.4571983686234304,0.299771008257581,1.0,0.299771008257581,0.4069675500233297,44.230878305997095,MEDIUM / RECURRENT,5.289999999999999,6.71,337.8533333333333,341.05,,1,AGRICULTURAL,,0,,0,,0,,0,unknown
627,25.198154,76.72579400000001,15,10,15.014583333333333,2.7294952282163516,0.6660191480505064,1.0,0.9990287220757598,0.268132800501867,55.67138363595659,MEDIUM / RECURRENT,3.933333333333334,7.43,335.15333333333336,343.51,,1,AGRICULTURAL,,0,,0,,0,,0,unknown
628,25.25289818181818,75.75831090909091,11,6,10.99652777777778,3.355290699950075,0.5456267761288285,1.0,1.0003157562361855,0.2296057987613692,50.689684652208754,MEDIUM / RECURRENT,5.544545454545456,7.88,337.7990909090909,349.42,,1,AGRICULTURAL,,0,,0,,0,,0,unknown
629,25.53651857142857,78.18541285714285,7,6,16.988194444444446,1.785062122564996,0.353186444835057,1.0,0.4120508523075665,0.3590584180862065,45.36679563556626,MEDIUM / RECURRENT,4.018571428571429,10.35,336.40285714285716,343.64,,1,AGRICULTURAL,,0,,0,,0,,0,unknown
630,25.593166250000003,78.5858175,8,7,16.0,2.4387571430048105,0.4375,1.0,0.5,0.2908027401801898,47.1285548036038,MEDIUM / RECURRENT,3.8425,6.76,334.015,342.89,,1,AGRICULTURAL,,0,,0,,0,,0,unknown
631,25.615866666666665,76.79027,3,2,9.022222222222222,0.3745059938042038,0.2216748768472906,1.0,0.3325123152709359,0.7275341137162391,47.974327594521824,MEDIUM / RECURRENT,4.989999999999999,7.16,345.3733333333334,351.79,,1,AGRICULTURAL,,0,,0,,0,,0,unknown
632,25.84164092592593,80.23461314814816,54,21,22.979166666666668,5.30154428891203,0.913871260199456,1.0,2.3499546690843154,0.1586912594996061,64.85922863514169,MEDIUM / RECURRENT,5.703518518518517,21.57,337.2801851851852,367.0,,1,AGRICULTURAL,,0,,0,,0,,0,unknown
633,26.212033333333338,79.19156041666666,24,13,21.992361111111112,4.918247955451283,0.5911143389434462,1.0,1.0912880103571316,0.1689689258590294,51.25095640091547,MEDIUM / RECURRENT,5.187916666666666,13.68,336.01416666666665,343.72,,1,AGRICULTURAL,,0,,0,,0,,0,unknown
634,26.198130000000003,78.982116,5,5,16.988194444444446,1.9564223964318292,0.2943220373625475,1.0,0.2943220373625475,0.3382466596136336,42.65484857468693,MEDIUM / RECURRENT,4.0280000000000005,6.4,336.83799999999997,343.29,,1,AGRICULTURAL,,0,,0,,0,,0,unknown
635,26.57979333333333,78.47411333333334,3,2,4.01875,0.4879538513112071,0.4976671850699845,0.5741071428571428,0.7465007776049767,0.6720638540763781,46.70530868561554,MEDIUM / RECURRENT,5.653333333333333,8.03,335.57,336.99,,1,AGRICULTURAL,,0,,0,,0,,0,unknown
636,26.69556,79.66272333333333,6,3,17.976388888888888,2.4451240085338273,0.1668855752144016,1.0,0.3337711504288032,0.2902653133886983,37.31384370113563,LOW / TRANSIENT,4.038333333333333,5.36,334.41833333333335,338.26,,1,AGRICULTURAL,,0,,0,,0,,0,unknown
637,26.68666,79.78998,5,4,12.971527777777778,1.3913195774539364,0.308367685636276,1.0,0.385459607045345,0.4181791549018767,44.92737130939789,MEDIUM / RECURRENT,4.7700000000000005,7.87,335.642,345.83,,1,AGRICULTURAL,,0,,0,,0,,0,unknown
638,21.069603333333333,78.24018333333332,3,1,1.0,0.3207958806078549,1.0,0.1428571428571428,3.0,0.7571192601992226,59.71381377541303,MEDIUM / RECURRENT,23.403333333333336,30.92,344.27,350.08,,1,AGRICULTURAL,,0,,0,,0,,0,unknown
639,21.435644000000003,81.236432,10,7,21.990972222222226,1.8970099190034309,0.3183124388164335,1.0,0.4547320554520478,0.34518349193088,43.95406930809686,MEDIUM / RECURRENT,4.165,6.67,336.175,346.37,,1,AGRICULTURAL,,0,,0,,0,,0,unknown
640,21.588686000000003,81.51392399999999,15,8,21.990972222222226,4.958703179428117,0.3637856443616383,1.0,0.6820980831780719,0.1678217507883946,42.45312873478137,MEDIUM / RECURRENT,3.5613333333333332,6.17,332.924,340.0,,1,AGRICULTURAL,,0,,0,,0,,0,unknown
641,21.652071999999997,81.53027900000001,10,8,21.990972222222226,1.5652314098869962,0.3637856443616383,1.0,0.4547320554520478,0.389828378112699,46.438529225815415,MEDIUM / RECURRENT,3.527,6.07,332.71999999999997,339.7,,1,AGRICULTURAL,,0,,0,,0,,0,unknown
642,21.673828103448276,81.19961931034484,58,14,21.990972222222226,9.72806196920261,0.636624877632867,1.0,2.6374459216218775,0.0932134809503088,54.42103217940028,MEDIUM / RECURRENT,3.83948275862069,9.94,333.6148275862069,346.71,,1,AGRICULTURAL,,0,,0,,0,,0,unknown
643,21.748,81.53066,3,3,17.974305555555556,0.9631546835508276,0.1669049182861337,1.0,0.1669049182861337,0.5093842112284624,41.3631662011562,MEDIUM / RECURRENT,2.72,4.11,330.98333333333335,331.66,,1,AGRICULTURAL,,0,,0,,0,,0,unknown
644,21.8790975,81.4573125,4,2,16.00138888888889,0.7591245938991856,0.1249891502473743,1.0,0.2499783004947487,0.5684645666760028,41.24386819316766,MEDIUM / RECURRENT,3.4825,7.71,334.6125,343.5,,1,AGRICULTURAL,,0,,0,,0,,0,unknown
645,21.982946666666663,81.59102,3,3,21.990972222222226,0.6093963763316874,0.1364196166356143,1.0,0.1364196166356143,0.6213509702807394,42.47454522113251,MEDIUM / RECURRENT,2.6033333333333335,3.64,331.89,333.52,,1,AGRICULTURAL,,0,,0,,0,,0,unknown
646,22.4033125,79.63154250000001,4,4,20.01597222222222,1.666475456951993,0.1998404052319328,1.0,0.1998404052319328,0.3750268907942939,39.89463280946739,LOW / TRANSIENT,4.4575,6.17,333.6875,334.82,,1,AGRICULTURAL,,0,,0,,0,,0,unknown
647,22.943847499999997,78.89556,4,4,5.989583333333333,1.2528548232689016,0.6678260869565218,0.8556547619047619,0.6678260869565218,0.4438812433324025,54.978559131658415,MEDIUM / RECURRENT,2.9675,4.29,332.33500000000004,334.71,,1,AGRICULTURAL,,0,,0,,0,,0,unknown
648,23.003605,79.2925475,4,2,21.989583333333332,0.9854987177873497,0.0909521553765987,1.0,0.1819043107531975,0.5036517984329928,38.6201700283472,LOW / TRANSIENT,6.235,9.0,331.675,331.83,,1,AGRICULTURAL,,0,,0,,0,,0,unknown
649,22.997,78.754605,4,4,17.507638888888888,2.18219809271017,0.228471698861608,1.0,0.228471698861608,0.3142481928736039,39.738416715351576,LOW / TRANSIENT,2.05,3.69,323.91,333.31,,1,AGRICULTURAL,,0,,0,,0,,0,unknown
650,23.088805999999995,79.99364879999999,25,13,21.989583333333332,6.524519953491475,0.591189009947892,1.0,1.1369019422074846,0.1328988435383159,50.62339610335751,MEDIUM / RECURRENT,4.8828000000000005,10.66,335.4936,352.34,,1,AGRICULTURAL,,0,,0,,0,,0,unknown
651,23.238775000000004,80.09244,6,5,16.0,3.230809179517844,0.3125,1.0,0.375,0.236361404537267,41.41472809074534,MEDIUM / RECURRENT,3.755,7.43,334.3966666666667,339.41,,1,AGRICULTURAL,,0,,0,,0,,0,unknown
652,23.35608,78.85640666666666,3,3,21.004166666666663,0.7320149385905043,0.1428288038087681,1.0,0.1428288038087681,0.5773622257633584,41.831910256191584,MEDIUM / RECURRENT,3.4066666666666663,3.98,332.99666666666667,333.77,,1,AGRICULTURAL,,0,,0,,0,,0,unknown
653,23.54632,77.5240125,4,3,9.020833333333334,0.5625212526328054,0.3325635103926097,1.0,0.4434180138568129,0.6399912950400051,50.32638479225506,MEDIUM / RECURRENT,6.1450000000000005,11.58,336.145,341.72,,1,AGRICULTURAL,,0,,0,,0,,0,unknown
654,23.6536,78.740005,4,3,23.495833333333337,1.6255860175766417,0.1276822131583614,1.0,0.1702429508778152,0.3808673542994329,37.42671044828694,LOW / TRANSIENT,1.8925,3.56,316.515,339.62,,1,AGRICULTURAL,,0,,0,,0,,0,unknown
655,23.82722375,77.896645,8,3,16.0,1.0212925180219636,0.1875,1.0,0.5,0.4947329449270408,42.45715889854081,MEDIUM / RECURRENT,5.5912500000000005,8.81,346.4575,355.44,,1,AGRICULTURAL,,0,,0,,0,,0,unknown
656,23.85026666666667,79.81055333333335,3,3,8.034027777777778,0.9606833354189684,0.373411703690898,1.0,0.373411703690898,0.5100262658101876,49.01675835276698,MEDIUM / RECURRENT,4.366666666666667,6.7,334.83,336.33,,1,AGRICULTURAL,,0,,0,,0,,0,unknown
657,23.992848,77.73678600000001,5,2,16.0,0.2961717656543865,0.125,1.0,0.3125,0.7715026869877382,45.43005373975476,MEDIUM / RECURRENT,4.812,7.01,343.808,355.53,,1,AGRICULTURAL,,0,,0,,0,,0,unknown
658,24.045266666666663,77.73279333333332,9,2,16.0,1.1378337958908282,0.125,1.0,0.5625,0.4677632105555255,39.85526421111051,LOW / TRANSIENT,6.963333333333333,12.54,345.9322222222222,355.51,,1,AGRICULTURAL,,0,,0,,0,,0,unknown
659,24.287562,80.77446799999998,5,5,21.004166666666663,2.630151521058767,0.2380480063479468,1.0,0.2380480063479468,0.2754705951525519,39.31718813792507,LOW / TRANSIENT,3.724,9.28,331.832,332.47,,1,AGRICULTURAL,,0,,0,,0,,0,unknown
660,24.66274,78.04442,3,3,21.00625,1.3799206986309065,0.1428146385004463,1.0,0.1428146385004463,0.4201820676526191,38.687782977568894,LOW / TRANSIENT,7.06,10.97,337.77666666666664,342.84,,1,AGRICULTURAL,,0,,0,,0,,0,unknown
661,25.278238,82.59006400000001,5,4,21.004166666666663,1.2160076812457246,0.1904384050783574,1.0,0.2380480063479468,0.4512619737120459,41.16667966467932,MEDIUM / RECURRENT,3.896,5.25,332.65,335.16,,1,AGRICULTURAL,,0,,0,,0,,0,unknown
662,25.335207142857143,77.62068571428571,7,5,15.011805555555556,1.5373024021209265,0.3330711939677105,1.0,0.4662996715547948,0.3941193604530945,45.47247834104135,MEDIUM / RECURRENT,6.827142857142857,15.08,336.92,344.94,,1,AGRICULTURAL,,0,,0,,0,,0,unknown
663,25.62239,82.33292666666667,3,3,7.965972222222222,1.4166367837359295,0.3766018655740563,1.0,0.3766018655740563,0.413798220208367,47.21023343040742,MEDIUM / RECURRENT,4.326666666666667,6.32,338.68,345.25,,1,AGRICULTURAL,,0,,0,,0,,0,unknown
664,25.6565875,78.79443500000001,4,4,25.022222222222226,1.8350660088584625,0.1598579040852575,1.0,0.1598579040852575,0.352725473366544,37.96925191848541,LOW / TRANSIENT,4.862500000000001,6.32,338.78499999999997,349.12,,1,AGRICULTURAL,,0,,0,,0,,0,unknown
665,25.81378666666667,80.10924,3,3,8.034027777777778,0.5503895829724282,0.373411703690898,1.0,0.373411703690898,0.6449991737449541,51.7162165114623,MEDIUM / RECURRENT,6.553333333333334,10.47,341.5833333333333,348.76,,1,AGRICULTURAL,,0,,0,,0,,0,unknown
666,25.878825,79.430375,4,3,10.008333333333333,1.3276496467327563,0.2997502081598668,1.0,0.3996669442131557,0.4296179201211258,44.88294957644416,MEDIUM / RECURRENT,3.125,6.49,333.9075,340.48,,1,AGRICULTURAL,,0,,0,,0,,0,unknown
667,25.961152,79.63249599999999,5,4,16.0,0.6687519697033714,0.25,1.0,0.3125,0.599250229006624,46.36000458013248,MEDIUM / RECURRENT,7.042,11.91,336.056,341.47,,1,AGRICULTURAL,,0,,0,,0,,0,unknown
668,26.0672,79.39374833333333,6,4,14.026388888888889,2.4877953943711826,0.2851767501732845,1.0,0.4277651252599267,0.2867140663164649,41.57099783291411,MEDIUM / RECURRENT,4.283333333333333,7.43,335.4750000000001,343.73,,1,AGRICULTURAL,,0,,0,,0,,0,unknown
669,26.329136666666667,79.02526,3,3,21.004166666666663,0.5828974039825039,0.1428288038087681,1.0,0.1428288038087681,0.6317528839734285,42.91972342039299,MEDIUM / RECURRENT,4.12,5.14,337.64000000000004,343.41,,1,AGRICULTURAL,,0,,0,,0,,0,unknown
670,26.528508,79.68070600000001,5,4,17.972916666666666,1.7614398988901314,0.2225570882114292,1.0,0.2781963602642865,0.362129916498243,40.58848913789346,MEDIUM / RECURRENT,1.464,1.84,322.288,332.77,,1,AGRICULTURAL,,0,,0,,0,,0,unknown
671,26.58817666666667,81.16836666666667,3,3,21.004166666666663,1.100506387433252,0.1428288038087681,1.0,0.1428288038087681,0.4760756767904744,39.80617927673391,LOW / TRANSIENT,3.0833333333333335,3.6,332.1933333333334,333.06,,1,AGRICULTURAL,,0,,0,,0,,0,unknown
672,22.7334425,78.2324625,4,4,9.488888888888887,0.9907054825240156,0.4215456674473068,1.0,0.4215456674473068,0.5023344782936449,50.64387926142325,MEDIUM / RECURRENT,4.325,8.42,335.415,367.0,,1,AGRICULTURAL,,0,,0,,0,,0,unknown
673,21.545458,81.127974,5,4,10.995833333333334,1.0116189548980374,0.3637741568776051,1.0,0.4547176960970064,0.4971120388208346,48.583771659326885,MEDIUM / RECURRENT,3.5980000000000003,4.36,333.808,337.21,,1,AGRICULTURAL,,0,,0,,0,,0,unknown
674,21.58451555555556,81.27028555555555,9,7,21.00347222222222,2.992615240687499,0.333278227806249,1.0,0.4285005786080344,0.2504624011373075,42.53098715318093,MEDIUM / RECURRENT,4.225555555555555,7.39,334.23333333333335,339.97,,1,AGRICULTURAL,,0,,0,,0,,0,unknown
675,21.864382999999997,81.37223200000001,10,6,21.00347222222222,3.567646916533172,0.2856670524053563,1.0,0.4761117540089271,0.2189311079147502,40.32919250050032,MEDIUM / RECURRENT,4.854000000000001,7.62,336.049,339.83,,1,AGRICULTURAL,,0,,0,,0,,0,unknown
676,22.37554,79.68511333333333,3,3,4.017361111111111,1.1361762085102087,0.7467588591184098,0.5739087301587301,0.7467588591184098,0.4681261761160659,51.34031956367073,MEDIUM / RECURRENT,5.28,11.17,343.08666666666664,367.0,,1,AGRICULTURAL,,0,,0,,0,,0,unknown
677,22.96355,78.60181999999999,6,5,14.025694444444444,1.1044812944993598,0.3564885874139724,1.0,0.4277863048967669,0.4751764734682008,47.83620263864658,MEDIUM / RECURRENT,3.296666666666667,3.61,334.16833333333335,340.97,,1,AGRICULTURAL,,0,,0,,0,,0,unknown
678,23.08168,81.703706,5,4,16.0,2.331556459009316,0.25,1.0,0.3125,0.3001600039812513,40.378200079625024,MEDIUM / RECURRENT,2.972,5.0,329.93399999999997,331.51,,1,AGRICULTURAL,,0,,0,,0,,0,unknown
679,23.761922499999997,79.5950125,4,2,10.009027777777778,1.7972647892294251,0.1998196072989662,1.0,0.3996392145979324,0.3574920772071329,39.94280622880234,LOW / TRANSIENT,6.4875,11.48,338.6575,343.39,,1,AGRICULTURAL,,0,,0,,0,,0,unknown
680,24.98957888888889,81.43796444444445,9,7,21.00486111111111,2.1081944085116007,0.333256190696598,1.0,0.4284722451813403,0.3217301972043836,43.95551510883129,MEDIUM / RECURRENT,6.181111111111111,13.3,338.9533333333333,367.0,,1,AGRICULTURAL,,0,,0,,0,,0,unknown
681,25.285315,81.13236,4,3,15.531944444444443,1.7538540631281936,0.1931503174461235,1.0,0.2575337565948314,0.3631274486869747,39.537877597543485,LOW / TRANSIENT,4.4975000000000005,9.79,320.765,343.65,,1,AGRICULTURAL,,0,,0,,0,,0,unknown
682,25.55658,75.56602333333333,3,2,1.054861111111111,0.4231352073658663,1.0,0.1506944444444444,2.8439763001974985,0.702673923618921,58.50879218388453,MEDIUM / RECURRENT,7.726666666666667,10.86,347.9766666666667,353.05,,1,AGRICULTURAL,,0,,0,,0,,0,unknown
683,25.557420000000004,78.54305333333333,3,3,12.96875,1.4288586854315146,0.2313253012048192,1.0,0.2313253012048192,0.4117160071922169,41.79335628842264,MEDIUM / RECURRENT,4.740000000000001,4.9,339.66,344.78,,1,AGRICULTURAL,,0,,0,,0,,0,unknown
684,26.248735714285715,78.46426,7,5,21.002777777777776,2.2199212130546173,0.2380637481814575,1.0,0.3332892474540405,0.3105666051534652,40.2101417843284,MEDIUM / RECURRENT,3.705714285714286,5.32,332.6614285714286,334.82,,1,AGRICULTURAL,,0,,0,,0,,0,unknown
685,26.270478571428573,78.30014714285714,7,6,20.01597222222222,2.037663207369662,0.2997606078478992,1.0,0.3497207091558825,0.329200418787015,42.77507106872854,MEDIUM / RECURRENT,4.204285714285715,7.29,334.4814285714286,341.75,,1,AGRICULTURAL,,0,,0,,0,,0,unknown
686,26.31105,78.39246399999999,5,3,14.025,2.2331167427183054,0.213903743315508,1.0,0.35650623885918,0.3092990694667062,39.38562488309527,LOW / TRANSIENT,3.2960000000000003,4.84,332.778,334.76,,1,AGRICULTURAL,,0,,0,,0,,0,unknown
687,26.454595,78.588165,4,4,9.020138888888887,1.579861732831901,0.4434521518207714,1.0,0.4434521518207714,0.3876176724022744,49.160083065414035,MEDIUM / RECURRENT,4.1575,5.87,336.36,340.3,,1,AGRICULTURAL,,0,,0,,0,,0,unknown
688,26.61511,80.72347857142857,7,6,13.038194444444445,3.0454712185745945,0.4601864181091877,1.0,0.536884154460719,0.2471899924558964,47.12409279186094,MEDIUM / RECURRENT,7.152857142857142,17.1,346.75857142857143,367.0,,1,AGRICULTURAL,,0,,0,,0,,0,unknown
689,21.599178,81.19506799999999,5,5,18.044444444444444,1.991571532032555,0.2770935960591133,1.0,0.2770935960591133,0.3342724682637198,41.93791241946159,MEDIUM / RECURRENT,3.146,4.73,334.43,339.03,,1,AGRICULTURAL,,0,,0,,0,,0,unknown
690,22.024582,82.29321999999999,5,5,18.044444444444444,1.199299634546439,0.2770935960591133,1.0,0.2770935960591133,0.4546902042323258,44.34626713883371,MEDIUM / RECURRENT,6.586,10.27,339.496,349.56,,1,AGRICULTURAL,,0,,0,,0,,0,unknown
691,22.977645833333337,77.67660208333334,24,13,19.03125,3.765442453128426,0.6830870279146142,1.0,1.2610837438423643,0.209844103634809,55.6270955373924,MEDIUM / RECURRENT,5.97,21.68,337.23625,351.46,,1,AGRICULTURAL,,0,,0,,0,,0,unknown
692,23.54504,80.566564,5,3,9.022222222222222,1.4340355695946394,0.3325123152709359,1.0,0.5541871921182266,0.4108403395955871,45.96311221063095,MEDIUM / RECURRENT,2.698,3.73,332.63399999999996,334.32,,1,AGRICULTURAL,,0,,0,,0,,0,unknown
693,23.838825555555555,80.69513333333333,9,9,16.0,2.375211132455914,0.5625,1.0,0.5625,0.2962777618217819,51.73805523643564,MEDIUM / RECURRENT,3.5277777777777777,10.68,333.53444444444443,339.64,,1,AGRICULTURAL,,0,,0,,0,,0,unknown
694,23.995873333333332,79.90758333333333,3,3,17.05763888888889,1.0755472747771373,0.1758742824573545,1.0,0.1758742824573545,0.4818006374282057,41.14336119948624,MEDIUM / RECURRENT,4.776666666666666,6.86,338.31666666666666,345.27,,1,AGRICULTURAL,,0,,0,,0,,0,unknown
695,24.903578,77.877406,5,4,31.013194444444444,2.574332667416734,0.1289773617859781,1.0,0.1612217022324727,0.2797725038623019,35.43210114422022,LOW / TRANSIENT,3.3,6.18,332.784,335.26,,1,AGRICULTURAL,,0,,0,,0,,0,unknown
696,25.843785,79.17342,4,4,8.035416666666666,0.8371108602041757,0.4977962146746176,1.0,0.4977962146746176,0.5443329641461379,54.305119225883615,MEDIUM / RECURRENT,6.2225,9.89,338.5,345.79,,1,AGRICULTURAL,,0,,0,,0,,0,unknown
697,25.861827500000004,79.1442975,4,3,2.0444444444444443,0.8901098238986977,1.0,0.292063492063492,1.956521739130435,0.529069785975355,56.796026499355264,MEDIUM / RECURRENT,3.9075,4.5,334.94,338.93,,1,AGRICULTURAL,,0,,0,,0,,0,unknown
698,26.06461833333334,79.50791666666667,6,4,20.018055555555556,0.754155020075254,0.1998196072989662,1.0,0.2997294109484493,0.5700750438562149,43.99464595448501,MEDIUM / RECURRENT,5.693333333333334,12.58,343.5,367.0,,1,AGRICULTURAL,,0,,0,,0,,0,unknown
699,26.086292222222223,78.87766777777779,9,5,32.00138888888889,2.8302680820296544,0.1562432186103033,1.0,0.281237793498546,0.2610783314858999,36.25255486807571,LOW / TRANSIENT,5.8999999999999995,10.29,339.3011111111111,344.44,,1,AGRICULTURAL,,0,,0,,0,,0,unknown
700,26.227608000000004,78.92340999999999,10,9,16.988194444444446,2.948184175600402,0.5297796672525855,1.0,0.588644074725095,0.2532809908362315,49.78519632001531,MEDIUM / RECURRENT,3.753,6.66,333.566,338.39,,1,AGRICULTURAL,,0,,0,,0,,0,unknown
701,26.407702,81.245414,5,5,27.981944444444444,2.42145904480067,0.178686653099717,1.0,0.178686653099717,0.2922729709477668,37.45686558364486,LOW / TRANSIENT,4.4719999999999995,7.42,331.872,332.99,,1,AGRICULTURAL,,0,,0,,0,,0,unknown
702,26.43179333333333,78.53457333333333,3,3,8.035416666666666,0.8923619709807211,0.3733471610059632,1.0,0.3733471610059632,0.528440126854667,49.38264749431398,MEDIUM / RECURRENT,2.9299999999999997,4.0,334.9633333333333,336.58,,1,AGRICULTURAL,,0,,0,,0,,0,unknown
703,26.49226736842105,79.40235052631579,19,14,21.00625,5.419509691543961,0.6664683130020826,1.0,0.9044927105028264,0.1557751367393744,53.25087911086602,MEDIUM / RECURRENT,5.543157894736843,16.25,335.5400000000001,345.81,,1,AGRICULTURAL,,0,,0,,0,,0,unknown
704,26.7360125,79.73940250000001,4,3,18.044444444444444,2.0921350362563222,0.1662561576354679,1.0,0.2216748768472906,0.3234011413714679,37.73033809836532,LOW / TRANSIENT,2.61,3.85,333.925,338.49,,1,AGRICULTURAL,,0,,0,,0,,0,unknown
705,26.79819,79.7212775,8,5,9.022222222222222,2.03982892701429,0.5541871921182266,1.0,0.8866995073891626,0.3289658806498024,52.749268351912306,MEDIUM / RECURRENT,4.325,4.78,338.2925,348.41,,1,AGRICULTURAL,,0,,0,,0,,0,unknown
706,22.591603333333335,77.45237333333334,3,2,2.0430555555555556,1.1904546185652818,0.9789259007477906,0.2918650793650794,1.4683888511216858,0.4565262350219273,53.626335912981574,MEDIUM / RECURRENT,5.946666666666666,6.18,339.9266666666667,344.57,,1,AGRICULTURAL,,0,,0,,0,,0,unknown
707,24.237234000000004,77.89443200000001,5,3,3.9479166666666665,1.2088321326327092,0.7598944591029024,0.5639880952380952,1.266490765171504,0.4527279303964575,52.283548587826125,MEDIUM / RECURRENT,7.574000000000001,14.47,339.584,349.39,,1,AGRICULTURAL,,0,,0,,0,,0,unknown
708,24.901427499999997,76.2428075,4,4,4.934722222222222,1.1795325633526523,0.810582606248241,0.7049603174603174,0.810582606248241,0.4588139754433199,56.79184387655924,MEDIUM / RECURRENT,3.877499999999999,6.26,333.54,339.98,,1,AGRICULTURAL,,0,,0,,0,,0,unknown
709,24.680238461538465,80.93549769230769,13,5,13.03888888888889,2.3222267505322525,0.3834682573498082,1.0,0.9970174691095014,0.3010029342036303,46.435482629534896,MEDIUM / RECURRENT,4.283846153846153,11.15,333.1392307692307,336.37,,1,AGRICULTURAL,,0,,0,,0,,0,unknown
710,22.135173333333334,76.19299666666667,6,3,11.98125,2.333808846758274,0.2503912363067292,1.0,0.5007824726134585,0.299957209895936,40.764402413881164,MEDIUM / RECURRENT,3.2816666666666663,5.11,334.74833333333333,335.92,,1,AGRICULTURAL,,0,,0,,0,,0,unknown
711,22.5082775,79.93486,4,2,3.9472222222222224,0.8416511542805496,0.5066854327938072,0.5638888888888889,1.0133708655876144,0.5429909989607424,44.71777408039554,MEDIUM / RECURRENT,6.4875,12.02,335.3225,346.14,,1,AGRICULTURAL,,0,,0,,0,,0,unknown
712,22.61099,78.6891825,4,2,10.994444444444444,0.819524874378384,0.1819100555836281,1.0,0.3638201111672562,0.5495940253862353,43.0863726754862,MEDIUM / RECURRENT,6.7425,7.13,344.4375,352.21,,1,AGRICULTURAL,,0,,0,,0,,0,unknown
713,22.892042,78.27512,5,3,13.955555555555556,1.75449017478203,0.214968152866242,1.0,0.35828025477707,0.3630435893927748,40.50131764772811,MEDIUM / RECURRENT,2.95,5.86,334.40999999999997,338.22,,1,AGRICULTURAL,,0,,0,,0,,0,unknown
714,22.991,78.07680555555557,9,6,18.49375,3.1209296674973244,0.3244339303818858,1.0,0.4866508955728287,0.242663690158854,42.18176315768874,MEDIUM / RECURRENT,4.254444444444444,10.2,325.35,345.17,,1,AGRICULTURAL,,0,,0,,0,,0,unknown
715,23.642565,79.982125,8,6,18.960416666666667,1.1061443307112502,0.3164487418964948,1.0,0.4219316558619931,0.4748012685637254,46.41559464937581,MEDIUM / RECURRENT,5.44625,10.2,336.92875000000004,348.0,,1,AGRICULTURAL,,0,,0,,0,,0,unknown
716,25.174453333333332,76.65671999999999,3,3,6.977777777777778,0.9291862931863616,0.4299363057324841,0.9968253968253968,0.4299363057324841,0.5183532578123076,51.195343388982984,MEDIUM / RECURRENT,3.4933333333333336,5.07,335.43,340.13,,1,AGRICULTURAL,,0,,0,,0,,0,unknown
717,25.30451,75.7032125,4,2,1.0,0.7150051397412162,1.0,0.1428571428571428,4.0,0.5830886315308035,58.23320120204465,MEDIUM / RECURRENT,13.8275,22.98,339.65250000000003,342.66,,1,AGRICULTURAL,,0,,0,,0,,0,unknown
718,26.30176,79.16501799999999,5,4,2.9604166666666667,1.8083040404104385,1.0,0.4229166666666666,1.688951442646024,0.3560868002931222,56.07255555782116,MEDIUM / RECURRENT,5.704000000000001,9.97,337.554,343.44,,1,AGRICULTURAL,,0,,0,,0,,0,unknown
719,26.389169999999996,78.47935333333332,3,2,8.952777777777778,0.5255506558017643,0.2233943530871858,1.0,0.3350915296307787,0.6555010128289989,46.59900567389304,MEDIUM / RECURRENT,4.346666666666667,5.44,337.16333333333336,339.17,,1,AGRICULTURAL,,0,,0,,0,,0,unknown
720,26.53272,78.65187333333333,3,3,5.992361111111111,1.3139054700904589,0.5006373855603199,0.8560515873015874,0.5006373855603199,0.4321697722426432,48.568268393124384,MEDIUM / RECURRENT,3.34,4.71,333.46999999999997,336.53,,1,AGRICULTURAL,,0,,0,,0,,0,unknown
721,23.30752,78.00453625,8,7,21.990972222222226,3.109656916314676,0.3183124388164335,1.0,0.3637856443616383,0.2433293144325895,41.73509293595024,MEDIUM / RECURRENT,1.955,3.21,321.77250000000004,340.2,,1,AGRICULTURAL,,0,,0,,0,,0,unknown
722,21.193335,81.00098,4,3,12.970138888888888,0.9478387758493204,0.2313005300637147,1.0,0.3084007067516197,0.5133895127249266,43.98011022023178,MEDIUM / RECURRENT,4.365,8.53,334.33000000000004,340.18,,1,AGRICULTURAL,,0,,0,,0,,0,unknown
723,21.825746666666664,81.25332166666665,6,5,17.97361111111111,1.985033866794116,0.2781856116219766,1.0,0.3338227339463719,0.3350045743614915,42.10423336189175,MEDIUM / RECURRENT,4.056666666666666,5.59,336.91833333333335,339.78,,1,AGRICULTURAL,,0,,0,,0,,0,unknown
724,22.746576666666662,78.63206666666667,3,3,11.984027777777778,0.3061402730358245,0.250333198122501,1.0,0.250333198122501,0.765614552008054,49.57461937069362,MEDIUM / RECURRENT,5.359999999999999,8.27,332.49666666666667,334.6,,1,AGRICULTURAL,,0,,0,,0,,0,unknown
725,22.75002333333333,77.59889666666668,3,3,5.004861111111111,0.9506787281433284,0.5994172332454558,0.7149801587301587,0.5994172332454558,0.5126420796887491,50.30578319211081,MEDIUM / RECURRENT,4.346666666666667,4.98,333.4033333333333,335.66,,1,AGRICULTURAL,,0,,0,,0,,0,unknown
726,22.767635714285714,80.21548142857144,7,5,16.988194444444446,1.733576756607011,0.2943220373625475,1.0,0.4120508523075665,0.3658210795007003,43.4417946023183,MEDIUM / RECURRENT,5.81,7.76,333.34714285714284,337.98,,1,AGRICULTURAL,,0,,0,,0,,0,unknown
727,22.903314,78.698178,5,3,1.9736111111111112,1.3951642351581273,1.0,0.2819444444444444,2.533427163969036,0.4175079041851093,55.46562352275137,MEDIUM / RECURRENT,7.574000000000001,14.9,333.58000000000004,342.91,,1,AGRICULTURAL,,0,,0,,0,,0,unknown
728,23.095076,78.310622,5,3,14.477083333333333,1.004375575458349,0.2072240610159735,1.0,0.3453734350266225,0.4989084941185864,42.92175888798405,MEDIUM / RECURRENT,2.784,5.46,319.476,335.46,,1,AGRICULTURAL,,0,,0,,0,,0,unknown
729,23.277123333333332,77.67230666666667,3,3,15.011805555555556,1.1535012073771895,0.1998427163806263,1.0,0.1998427163806263,0.4643600832794184,41.681382171671544,MEDIUM / RECURRENT,4.29,6.05,332.5133333333333,333.43,,1,AGRICULTURAL,,0,,0,,0,,0,unknown
730,23.406593333333333,77.80068666666666,3,3,4.018055555555556,1.1518077682234948,0.7466297960594538,0.5740079365079366,0.7466297960594538,0.4647255274227341,51.27001141535289,MEDIUM / RECURRENT,3.66,5.26,334.9433333333334,340.68,,1,AGRICULTURAL,,0,,0,,0,,0,unknown
731,23.650954,77.78609399999999,5,4,16.988194444444446,1.8592343186508609,0.235457629890038,1.0,0.2943220373625475,0.3497439833723922,40.82454078832427,MEDIUM / RECURRENT,3.1900000000000004,3.87,333.74399999999997,339.5,,1,AGRICULTURAL,,0,,0,,0,,0,unknown
732,23.75318,80.47312,3,3,16.0,0.9284938545378943,0.1875,1.0,0.1875,0.5185393760249342,42.30828752049868,MEDIUM / RECURRENT,4.496666666666667,6.07,335.57666666666665,337.46,,1,AGRICULTURAL,,0,,0,,0,,0,unknown
733,24.329403333333335,78.54956,3,2,2.0430555555555556,1.4165281707795891,0.9789259007477906,0.2918650793650794,1.4683888511216858,0.4138168187285782,52.772147587114596,MEDIUM / RECURRENT,7.849999999999999,10.58,338.84666666666664,342.02,,1,AGRICULTURAL,,0,,0,,0,,0,unknown
734,24.614633333333337,80.50668666666667,3,2,1.0,0.8262994380069255,1.0,0.1428571428571428,3.0,0.5475553346779314,55.52253526498719,MEDIUM / RECURRENT,3.53,4.96,335.67333333333335,339.17,,1,AGRICULTURAL,,0,,0,,0,,0,unknown
735,24.9990075,76.025365,4,3,5.004861111111111,1.5598250374859115,0.5994172332454558,0.7149801587301587,0.7992229776606077,0.3906516989856983,48.2655870668801,MEDIUM / RECURRENT,2.8625,4.34,337.52250000000004,340.84,,1,AGRICULTURAL,,0,,0,,0,,0,unknown
736,25.0633025,76.17978500000001,4,2,2.9604166666666667,0.4091313939235561,0.6755805770584096,0.4229166666666666,1.3511611541168191,0.7096570300769617,51.113699773483866,MEDIUM / RECURRENT,4.33,5.26,336.5525,340.83,,1,AGRICULTURAL,,0,,0,,0,,0,unknown
737,25.118066666666664,75.95116333333333,3,1,1.0,0.3077100747327014,1.0,0.1428571428571428,3.0,0.7646954927715166,59.865338426858905,MEDIUM / RECURRENT,9.413333333333332,18.58,338.38,342.84,,1,AGRICULTURAL,,0,,0,,0,,0,unknown
738,25.48616,75.59969333333333,3,2,5.990972222222222,0.4255474976443282,0.3338356323171438,0.8558531746031746,0.5007534484757158,0.7014848692537204,48.11178077820524,MEDIUM / RECURRENT,7.75,9.26,335.31333333333333,337.93,,1,AGRICULTURAL,,0,,0,,0,,0,unknown
739,26.499609999999997,82.496843,10,5,12.970833333333331,2.3005952831381564,0.3854802441374879,1.0,0.7709604882749759,0.3029756496074293,46.09324251351062,MEDIUM / RECURRENT,2.944,5.3,332.15799999999996,345.65,,1,AGRICULTURAL,,0,,0,,0,,0,unknown
740,26.589979999999997,79.24736666666666,3,3,21.990972222222226,1.4702425890349091,0.1364196166356143,1.0,0.1364196166356143,0.404818540672431,38.14389662896635,LOW / TRANSIENT,3.123333333333333,4.34,334.29333333333335,336.11,,1,AGRICULTURAL,,0,,0,,0,,0,unknown
741,21.082725,80.74901833333332,6,4,16.985416666666666,2.6319296352883157,0.2354961363915123,1.0,0.3532442045872685,0.2753357307046551,39.45556779697058,LOW / TRANSIENT,5.041666666666667,7.77,335.78999999999996,339.27,,1,AGRICULTURAL,,0,,0,,0,,0,unknown
742,21.16867,80.71486666666665,3,3,16.985416666666666,0.7626676461258131,0.1766221022936342,1.0,0.1766221022936342,0.5673219237885889,42.88145626063625,MEDIUM / RECURRENT,3.2099999999999995,4.43,332.4166666666667,332.54,,1,AGRICULTURAL,,0,,0,,0,,0,unknown
743,21.21419,80.83836333333333,3,2,5.989583333333333,1.6579044769382256,0.3339130434782609,0.8556547619047619,0.5008695652173913,0.376236245010562,41.6047896000042,MEDIUM / RECURRENT,2.7633333333333336,3.19,333.01,336.15,,1,AGRICULTURAL,,0,,0,,0,,0,unknown
744,21.33585285714285,81.79392,7,6,16.985416666666666,2.1909439340613712,0.3532442045872685,1.0,0.4121182386851466,0.3133868913601435,44.45552146512756,MEDIUM / RECURRENT,4.03,6.45,332.3428571428571,337.41,,1,AGRICULTURAL,,0,,0,,0,,0,unknown
745,21.548074375,81.27124312500001,16,10,16.985416666666666,5.92508675205566,0.5887403409787808,1.0,0.9419845455660494,0.1444025231457436,50.3779314883043,MEDIUM / RECURRENT,3.698125,6.58,334.29437499999995,339.66,,1,AGRICULTURAL,,0,,0,,0,,0,unknown
746,21.55824727272727,81.61042818181818,11,7,16.0,2.636293714054611,0.4375,1.0,0.6875,0.2750052879763006,47.18760575952601,MEDIUM / RECURRENT,3.873636363636363,5.69,332.6290909090909,339.67,,1,AGRICULTURAL,,0,,0,,0,,0,unknown
747,21.704925,81.654705,4,4,16.985416666666666,2.2128663919157705,0.2354961363915123,1.0,0.2354961363915123,0.3112485481861943,39.93832801020984,LOW / TRANSIENT,3.3874999999999997,4.58,335.25750000000005,338.37,,1,AGRICULTURAL,,0,,0,,0,,0,unknown
748,21.8015675,81.1778425,4,3,16.0,0.9276540131041676,0.1875,1.0,0.25,0.5187652935651381,42.43780587130277,MEDIUM / RECURRENT,3.2125,5.6,332.585,332.97,,1,AGRICULTURAL,,0,,0,,0,,0,unknown
749,21.873971666666662,81.63869166666667,6,4,16.985416666666666,1.4390367438391178,0.2354961363915123,1.0,0.3532442045872685,0.4099979233711623,42.148811650300715,MEDIUM / RECURRENT,3.4766666666666666,4.28,333.64500000000004,339.47,,1,AGRICULTURAL,,0,,0,,0,,0,unknown
750,21.93341,81.557952,5,5,16.985416666666666,1.2698650789484598,0.2943701704893904,1.0,0.2943701704893904,0.4405548194359028,44.702792696825504,MEDIUM / RECURRENT,5.0840000000000005,7.07,335.534,340.01,,1,AGRICULTURAL,,0,,0,,0,,0,unknown
751,22.02911,79.50881666666668,3,3,1.9736111111111112,0.3790935244353789,1.0,0.2819444444444444,1.5200562983814214,0.7251139841363656,59.59100339060127,MEDIUM / RECURRENT,4.1066666666666665,4.97,334.1766666666667,337.41,,1,AGRICULTURAL,,0,,0,,0,,0,unknown
752,22.095213333333337,79.39649333333334,3,3,5.989583333333333,0.940171086750032,0.5008695652173913,0.8556547619047619,0.5008695652173913,0.5154184632629969,50.23191222592246,MEDIUM / RECURRENT,3.203333333333333,3.92,335.24333333333334,340.73,,1,AGRICULTURAL,,0,,0,,0,,0,unknown
753,22.11167,79.42616333333334,3,3,10.995138888888889,1.1724595562411604,0.272847849428409,1.0,0.272847849428409,0.4603077636714319,44.301525702279775,MEDIUM / RECURRENT,3.876666666666667,5.44,334.8833333333333,340.75,,1,AGRICULTURAL,,0,,0,,0,,0,unknown
754,22.20803,79.4759142857143,7,5,10.995833333333334,2.557085347439182,0.4547176960970064,1.0,0.636604774535809,0.2811290431138854,47.81090977474455,MEDIUM / RECURRENT,3.43,4.94,334.0371428571429,337.68,,1,AGRICULTURAL,,0,,0,,0,,0,unknown
755,22.222912,79.425386,5,4,6.979166666666667,1.7433368301190524,0.5731343283582089,0.9970238095238096,0.7164179104477612,0.3645195839683321,53.7085242308947,MEDIUM / RECURRENT,3.2920000000000003,4.7,337.584,351.97,,1,AGRICULTURAL,,0,,0,,0,,0,unknown
756,22.415708571428578,80.36941000000002,7,4,15.011805555555556,2.0633292962253584,0.2664569551741684,1.0,0.4662996715547948,0.326442214760327,41.78743706941203,MEDIUM / RECURRENT,5.2457142857142856,12.24,333.5785714285715,336.54,,1,AGRICULTURAL,,0,,0,,0,,0,unknown
757,22.441383333333334,79.75442666666667,3,3,11.984027777777778,1.415210786412431,0.250333198122501,1.0,0.250333198122501,0.4140425364220098,42.54317905897273,MEDIUM / RECURRENT,4.92,7.66,337.43666666666667,343.94,,1,AGRICULTURAL,,0,,0,,0,,0,unknown
758,22.555723333333333,79.79845666666667,3,2,5.004166666666666,1.1009427952267996,0.3996669442131557,0.7148809523809524,0.5995004163197336,0.475976786360834,42.5789034168404,MEDIUM / RECURRENT,4.946666666666666,9.63,335.6333333333334,339.95,,1,AGRICULTURAL,,0,,0,,0,,0,unknown
759,22.628747142857144,80.09454000000001,7,6,16.0,2.8668069823189883,0.375,1.0,0.4375,0.2586113050308716,44.17222610061743,MEDIUM / RECURRENT,3.384285714285714,5.06,332.8657142857143,335.46,,1,AGRICULTURAL,,0,,0,,0,,0,unknown
760,22.8217025,78.1297125,4,3,12.500694444444443,2.104857168273849,0.2399866674073662,1.0,0.3199822232098216,0.3220760073017954,40.48101795171337,MEDIUM / RECURRENT,2.195,3.43,325.0425,335.2,,1,AGRICULTURAL,,0,,0,,0,,0,unknown
761,22.991540000000004,78.11969857142857,7,6,16.520138888888887,2.48566930701231,0.3631930724284333,1.0,0.4237252511665055,0.286888947838008,44.296986994088336,MEDIUM / RECURRENT,2.1257142857142854,5.38,314.76571428571424,337.03,,1,AGRICULTURAL,,0,,0,,0,,0,unknown
762,23.019962,78.285303,10,8,17.505555555555556,2.8648673799346476,0.4569977784830212,1.0,0.5712472231037765,0.2587410903648935,47.31223850041116,MEDIUM / RECURRENT,2.7,4.9,328.69999999999993,339.77,,1,AGRICULTURAL,,0,,0,,0,,0,unknown
763,23.136804,77.611098,5,5,26.529166666666665,2.050819090392775,0.1884718077587561,1.0,0.1884718077587561,0.3277808255327443,38.529073397728865,LOW / TRANSIENT,2.4299999999999997,4.39,321.95,339.04,,1,AGRICULTURAL,,0,,0,,0,,0,unknown
764,23.2430625,76.51091500000001,4,2,16.0,0.2875093970024512,0.125,1.0,0.25,0.7766933603189043,45.40886720637809,MEDIUM / RECURRENT,5.925000000000001,6.8,341.975,348.88,,1,AGRICULTURAL,,0,,0,,0,,0,unknown
765,23.42891,77.85889999999999,4,3,10.008333333333333,1.443661290887398,0.2997502081598668,1.0,0.3996669442131557,0.4092220160498827,44.4750314950193,MEDIUM / RECURRENT,3.3675,4.43,335.8875,340.7,,1,AGRICULTURAL,,0,,0,,0,,0,unknown
766,23.511529999999997,76.15613250000001,4,2,16.0,0.7010738797469185,0.125,1.0,0.25,0.5878639440097555,41.63227888019511,MEDIUM / RECURRENT,5.8225,9.79,338.9975,344.81,,1,AGRICULTURAL,,0,,0,,0,,0,unknown
767,23.68573625,79.694493125,16,9,11.981944444444444,2.669504966370415,0.7511301727135736,1.0,1.3353425292685754,0.2725163228186392,59.41056755988501,MEDIUM / RECURRENT,3.823749999999999,7.78,335.5075,342.76,,1,AGRICULTURAL,,0,,0,,0,,0,unknown
768,23.707662000000003,79.478902,5,3,10.00763888888889,1.090452215017311,0.299771008257581,1.0,0.4996183470959683,0.4783653952079067,46.05852988736541,MEDIUM / RECURRENT,3.854000000000001,9.21,335.24399999999997,339.22,,1,AGRICULTURAL,,0,,0,,0,,0,unknown
769,23.726466666666667,80.81651833333333,12,8,16.986805555555556,2.838479754461312,0.4709537631331507,1.0,0.706430644699726,0.2605198057480282,48.10663911402029,MEDIUM / RECURRENT,5.414166666666667,12.23,336.62,346.27,,1,AGRICULTURAL,,0,,0,,0,,0,unknown
770,23.7507375,75.640235,4,2,16.0,0.4057855554071195,0.125,1.0,0.25,0.7113460485873303,44.10192097174661,MEDIUM / RECURRENT,5.4925,6.01,344.7425,355.49,,1,AGRICULTURAL,,0,,0,,0,,0,unknown
771,23.792611428571423,80.23215142857143,7,7,15.011805555555556,2.213498860635126,0.4662996715547948,1.0,0.4662996715547948,0.3111872894214616,48.476833635956645,MEDIUM / RECURRENT,4.182857142857143,6.46,335.51000000000005,340.49,,1,AGRICULTURAL,,0,,0,,0,,0,unknown
772,23.85261111111111,80.54997444444446,9,7,23.96388888888889,2.096257884352372,0.2921061782775008,1.0,0.3755650863567868,0.3229705138753856,42.43425668993382,MEDIUM / RECURRENT,3.2033333333333336,5.33,332.83000000000004,340.29,,1,AGRICULTURAL,,0,,0,,0,,0,unknown
773,23.856931999999997,79.94249,5,4,9.022222222222222,1.526091120510619,0.4433497536945813,1.0,0.5541871921182266,0.3958685385022303,49.5429865335914,MEDIUM / RECURRENT,4.38,6.77,335.40000000000003,343.18,,1,AGRICULTURAL,,0,,0,,0,,0,unknown
774,23.88400307692308,75.89800538461537,13,2,16.0,0.7717443851090006,0.125,1.0,0.8125,0.5644155039545833,42.288310079091666,MEDIUM / RECURRENT,6.183076923076921,9.04,345.22846153846154,355.89,,1,AGRICULTURAL,,0,,0,,0,,0,unknown
775,23.930140000000005,76.12042000000001,3,1,1.0,0.3116256841014808,1.0,0.1428571428571428,3.0,0.7624126396129871,59.81968136368832,MEDIUM / RECURRENT,5.876666666666668,7.19,346.3533333333334,354.86,,1,AGRICULTURAL,,0,,0,,0,,0,unknown
776,23.94395666666667,76.03387333333333,3,2,16.0,0.7340186512501692,0.125,1.0,0.1875,0.5766950656955354,41.28390131391071,MEDIUM / RECURRENT,4.286666666666666,6.62,342.57,347.86,,1,AGRICULTURAL,,0,,0,,0,,0,unknown
777,23.962289999999996,79.98777666666666,3,3,6.977777777777778,1.0585438964110956,0.4299363057324841,0.9968253968253968,0.4299363057324841,0.4857802652367136,50.5438835374711,MEDIUM / RECURRENT,3.3299999999999996,4.8,336.03,338.01,,1,AGRICULTURAL,,0,,0,,0,,0,unknown
778,24.247252222222222,80.87819555555556,9,6,12.96875,3.2863094287635817,0.4626506024096385,1.0,0.6939759036144578,0.2333009355996161,47.24674160355858,MEDIUM / RECURRENT,6.156666666666666,15.94,334.2666666666667,339.63,,1,AGRICULTURAL,,0,,0,,0,,0,unknown
779,24.43040666666667,81.37667666666665,3,3,16.00138888888889,1.9394115052117065,0.1874837253710615,1.0,0.1874837253710615,0.340204152507043,38.74098088887013,LOW / TRANSIENT,2.1966666666666668,2.42,331.9533333333333,332.58,,1,AGRICULTURAL,,0,,0,,0,,0,unknown
780,24.4747275,80.850765,8,7,10.995833333333334,3.228357735401695,0.636604774535809,1.0,0.7275483137552103,0.2364984380643942,53.46623249755162,MEDIUM / RECURRENT,4.563750000000001,7.23,335.34749999999997,341.17,,1,AGRICULTURAL,,0,,0,,0,,0,unknown
781,24.483053333333338,80.36964666666667,3,3,16.0,1.1586183953357054,0.1875,1.0,0.1875,0.4632592783239399,41.2026855664788,MEDIUM / RECURRENT,3.24,4.51,332.76666666666665,334.58,,1,AGRICULTURAL,,0,,0,,0,,0,unknown
782,24.595793529411768,81.14981882352942,17,11,16.986805555555556,3.4771325222908613,0.6475614243080823,1.0,1.0007767466579454,0.2233572481987465,54.13334830807371,MEDIUM / RECURRENT,4.652941176470588,8.09,335.1976470588236,344.28,,1,AGRICULTURAL,,0,,0,,0,,0,unknown
783,24.689962,80.885428,5,4,7.964583333333334,2.4188731329921977,0.5022233847763536,1.0,0.6277792309704421,0.292494035637058,49.683257641854425,MEDIUM / RECURRENT,4.750000000000001,9.55,335.65999999999997,345.6,,1,AGRICULTURAL,,0,,0,,0,,0,unknown
784,24.760206666666665,80.58249666666667,3,3,10.995833333333334,0.5904086963347636,0.2728306176582039,1.0,0.2728306176582039,0.628769197694019,47.67011680723392,MEDIUM / RECURRENT,4.756666666666667,7.34,334.51666666666665,336.83,,1,AGRICULTURAL,,0,,0,,0,,0,unknown
785,24.77043857142857,77.88374714285715,7,4,5.990972222222222,1.265404467502935,0.6676712646342877,0.8558531746031746,1.1684247131100034,0.4414222777190247,55.93011860787994,MEDIUM / RECURRENT,4.252857142857143,9.44,333.9757142857143,337.35,,1,AGRICULTURAL,,0,,0,,0,,0,unknown
786,25.00789,76.17997,3,3,9.022222222222222,1.1178723677197608,0.3325123152709359,1.0,0.3325123152709359,0.4721719850741833,46.746395366508295,MEDIUM / RECURRENT,3.0133333333333336,3.37,332.0,334.27,,1,AGRICULTURAL,,0,,0,,0,,0,unknown
787,25.556525,77.9686625,4,3,9.022222222222222,1.519603782114069,0.3325123152709359,1.0,0.4433497536945813,0.3968877992241111,45.462386526354145,MEDIUM / RECURRENT,3.8575,10.1,334.785,340.67,,1,AGRICULTURAL,,0,,0,,0,,0,unknown
788,25.57314,80.8010525,4,3,15.013194444444444,0.5086902376437815,0.1998242286877284,1.0,0.2664323049169712,0.6628265862989636,45.78324433988371,MEDIUM / RECURRENT,4.2425,7.29,335.22499999999997,339.65,,1,AGRICULTURAL,,0,,0,,0,,0,unknown
789,25.593462857142857,78.00271428571429,7,4,11.984027777777778,1.0620574821331623,0.333777597496668,1.0,0.584110795619169,0.4849525334112013,47.549488171845745,MEDIUM / RECURRENT,3.732857142857142,6.1,336.5114285714286,341.54,,1,AGRICULTURAL,,0,,0,,0,,0,unknown
790,25.649278,78.50895399999999,5,3,5.004166666666666,1.171229499777115,0.5995004163197336,0.7148809523809524,0.9991673605328892,0.4605685396696451,50.06424389517316,MEDIUM / RECURRENT,2.992,3.75,335.03599999999994,340.35,,1,AGRICULTURAL,,0,,0,,0,,0,unknown
791,25.740566666666663,77.94515833333334,6,4,15.013194444444444,2.2973222474003765,0.2664323049169712,1.0,0.3996484573754568,0.3032763936822991,41.189955460490886,MEDIUM / RECURRENT,3.0450000000000004,3.75,332.58666666666664,334.92,,1,AGRICULTURAL,,0,,0,,0,,0,unknown
792,25.985185,79.28799749999999,8,6,10.995833333333334,2.4407041444913253,0.5456612353164078,1.0,0.7275483137552103,0.2906381827687891,51.36600351896048,MEDIUM / RECURRENT,5.907500000000001,13.13,336.59875,343.07,,1,AGRICULTURAL,,0,,0,,0,,0,unknown
793,26.02212428571429,79.6132514285714,14,11,16.986805555555556,2.5793242646627217,0.6475614243080823,1.0,0.8241690854830138,0.2793823431625381,54.90063488499967,MEDIUM / RECURRENT,4.537857142857144,6.45,335.5835714285714,352.22,,1,AGRICULTURAL,,0,,0,,0,,0,unknown
794,26.18449875,80.04015749999999,8,4,12.96875,2.6316214081564784,0.308433734939759,1.0,0.6168674698795181,0.2753590993141629,42.53609764893386,MEDIUM / RECURRENT,3.5725,6.72,335.8325,344.11,,1,AGRICULTURAL,,0,,0,,0,,0,unknown
795,26.6106225,79.9641675,4,4,10.995833333333334,0.8745136243217392,0.3637741568776051,1.0,0.3637741568776051,0.5334717160894645,49.12907812626068,MEDIUM / RECURRENT,3.03,4.32,333.8175,336.27,,1,AGRICULTURAL,,0,,0,,0,,0,unknown
796,26.645776666666663,79.57920666666666,3,1,1.0,1.4216089413297188,1.0,0.1428571428571428,3.0,0.4129485908863941,52.83040038915645,MEDIUM / RECURRENT,2.53,2.55,332.09999999999997,333.06,,1,AGRICULTURAL,,0,,0,,0,,0,unknown
797,26.694736,79.46510599999999,5,3,5.990972222222222,1.7455890365219502,0.5007534484757158,0.8558531746031746,0.8345890807928596,0.3642205685912766,47.87628959514067,MEDIUM / RECURRENT,5.736,12.78,336.68600000000004,341.85,,1,AGRICULTURAL,,0,,0,,0,,0,unknown
798,26.7298,80.762835,4,3,11.984027777777778,1.3523125389648958,0.250333198122501,1.0,0.333777597496668,0.4251135779942052,42.93148868916498,MEDIUM / RECURRENT,4.1775,7.99,334.43,343.59,,1,AGRICULTURAL,,0,,0,,0,,0,unknown
799,26.730763333333332,79.37487333333334,3,3,10.995833333333334,0.6864093238396287,0.2728306176582039,1.0,0.2728306176582039,0.592975848664779,46.954249826649125,MEDIUM / RECURRENT,3.606666666666667,4.56,331.56333333333333,331.92,,1,AGRICULTURAL,,0,,0,,0,,0,unknown
800,26.756590000000003,79.30615833333333,12,9,16.986805555555556,3.780094235677436,0.5298229835247945,1.0,0.706430644699726,0.2092008966133446,49.14068364503415,MEDIUM / RECURRENT,4.399166666666666,10.93,337.65,367.0,,1,AGRICULTURAL,,0,,0,,0,,0,unknown
801,26.782656666666664,79.07757333333333,3,3,26.99513888888889,1.335493125510073,0.1111311192858796,1.0,0.1111311192858796,0.4281750989019072,37.67535339161569,LOW / TRANSIENT,2.65,3.27,331.3833333333333,332.12,,1,AGRICULTURAL,,0,,0,,0,,0,unknown
802,26.798901666666666,79.95883166666667,6,5,16.0,1.2110874145855852,0.3125,1.0,0.375,0.4522661534787966,45.732823069575936,MEDIUM / RECURRENT,4.335,6.67,338.43,353.18,,1,AGRICULTURAL,,0,,0,,0,,0,unknown
803,26.892593333333338,79.19421999999999,3,2,5.004166666666666,0.3244584303999764,0.3996669442131557,0.7148809523809524,0.5995004163197336,0.7550255840781711,48.159879371187145,MEDIUM / RECURRENT,10.226666666666668,18.31,339.19,343.44,,1,AGRICULTURAL,,0,,0,,0,,0,unknown
804,25.735915,82.30757750000001,4,3,16.0,1.652010011878458,0.1875,1.0,0.25,0.3770724829548004,39.60394965909601,LOW / TRANSIENT,1.2125,2.46,310.515,331.54,,1,AGRICULTURAL,,0,,0,,0,,0,unknown
805,26.19512,81.60851111111111,9,6,16.468055555555555,3.5035828474739934,0.3643417390570971,1.0,0.5465126085856457,0.2220454322408853,43.2858947289874,MEDIUM / RECURRENT,3.201111111111111,8.39,324.0233333333333,339.58,,1,AGRICULTURAL,,0,,0,,0,,0,unknown
806,21.127109333333337,79.238342,15,9,16.0,3.345790473809073,0.5625,1.0,0.9375,0.2301077343757677,51.16465468751535,MEDIUM / RECURRENT,4.722666666666666,10.94,333.1073333333334,338.69,,1,AGRICULTURAL,,0,,0,,0,,0,unknown
807,21.233615555555556,81.46660333333334,9,2,16.0,0.8348749187128451,0.125,1.0,0.5625,0.5449962772947459,41.39992554589492,MEDIUM / RECURRENT,11.846666666666668,22.51,343.6388888888889,355.4,,1,AGRICULTURAL,,0,,0,,0,,0,unknown
808,21.255355,81.03768,6,5,16.0,1.5431343800487711,0.3125,1.0,0.375,0.3932155563013632,44.55181112602726,MEDIUM / RECURRENT,3.09,3.95,330.77833333333336,332.77,,1,AGRICULTURAL,,0,,0,,0,,0,unknown
809,21.572739166666665,81.34980999999999,12,7,16.0,2.602788105099191,0.4375,1.0,0.75,0.277562812696271,47.363756253925416,MEDIUM / RECURRENT,4.0475,8.69,334.5733333333333,345.45,,1,AGRICULTURAL,,0,,0,,0,,0,unknown
810,21.866665714285713,81.51842285714285,14,9,15.014583333333333,3.45551023996002,0.5994172332454558,1.0,0.932426807270709,0.2244411854407438,52.33328048694725,MEDIUM / RECURRENT,4.462142857142856,7.35,336.45,346.19,,1,AGRICULTURAL,,0,,0,,0,,0,unknown
811,22.478943333333333,80.166885,6,5,10.010416666666666,1.7184176749523756,0.4994797086368366,1.0,0.599375650364204,0.3678610572665288,51.03776224834827,MEDIUM / RECURRENT,4.081666666666667,6.66,333.83166666666665,342.07,,1,AGRICULTURAL,,0,,0,,0,,0,unknown
812,23.010426666666664,78.49172666666668,3,2,2.0444444444444443,1.1253867741454135,0.9782608695652176,0.292063492063492,1.4673913043478262,0.4705025984750871,53.885552314567306,MEDIUM / RECURRENT,3.4133333333333336,3.58,332.3066666666667,333.62,,1,AGRICULTURAL,,0,,0,,0,,0,unknown
813,23.369224,78.06753799999998,5,4,15.013194444444444,1.493913611713228,0.2664323049169712,1.0,0.333040381146214,0.4009761987357037,43.01073540910049,MEDIUM / RECURRENT,3.938,6.23,329.248,342.64,,1,AGRICULTURAL,,0,,0,,0,,0,unknown
814,23.442733333333333,77.95263,3,3,16.9875,1.6669587900297345,0.1766004415011037,1.0,0.1766004415011037,0.3749589246517194,39.033394828575226,LOW / TRANSIENT,3.4166666666666665,4.15,332.78000000000003,337.47,,1,AGRICULTURAL,,0,,0,,0,,0,unknown
815,23.60179666666667,79.10539999999999,3,3,11.981944444444444,1.353302856274949,0.2503767242378579,1.0,0.2503767242378579,0.4249346816256805,42.76263242931435,MEDIUM / RECURRENT,5.203333333333333,7.2,334.40999999999997,341.01,,1,AGRICULTURAL,,0,,0,,0,,0,unknown
816,23.67734,77.54355,3,3,9.020833333333334,0.951221160067512,0.3325635103926097,1.0,0.3325635103926097,0.5124995671763831,47.554841228054215,MEDIUM / RECURRENT,2.4200000000000004,3.14,331.6566666666667,332.71,,1,AGRICULTURAL,,0,,0,,0,,0,unknown
817,23.71456,79.905888,5,4,8.035416666666666,0.5977945031403471,0.4977962146746176,1.0,0.622245268343272,0.625862711402858,56.18461227835533,MEDIUM / RECURRENT,5.028,8.07,337.506,345.49,,1,AGRICULTURAL,,0,,0,,0,,0,unknown
818,23.8151875,80.3533325,4,4,15.013194444444444,0.6984429024414277,0.2664323049169712,1.0,0.2664323049169712,0.5887745761500427,46.633486804928786,MEDIUM / RECURRENT,3.215,5.71,333.8975,336.97,,1,AGRICULTURAL,,0,,0,,0,,0,unknown
819,24.02658,77.78596666666665,3,3,10.008333333333333,1.4371192686254308,0.2997502081598668,1.0,0.2997502081598668,0.4103205012875771,44.29716772766661,MEDIUM / RECURRENT,2.7933333333333334,3.33,335.7,337.53,,1,AGRICULTURAL,,0,,0,,0,,0,unknown
820,24.536564,80.60988599999999,5,5,17.97361111111111,1.9384215884410096,0.2781856116219766,1.0,0.2781856116219766,0.3403187629487005,42.09924288898714,MEDIUM / RECURRENT,2.8,4.36,332.366,336.48,,1,AGRICULTURAL,,0,,0,,0,,0,unknown
821,24.57126,80.61322,3,2,1.975,0.8364329086395549,1.0,0.2821428571428571,1.5189873417721518,0.5445339142505393,55.98222439712652,MEDIUM / RECURRENT,6.096666666666667,9.83,336.95,345.98,,1,AGRICULTURAL,,0,,0,,0,,0,unknown
822,24.572663333333335,81.26847,3,3,13.039583333333333,1.2078400608289737,0.2300687010704585,1.0,0.2300687010704585,0.4529313593596683,42.571169126800335,MEDIUM / RECURRENT,4.566666666666666,5.96,337.54,342.24,,1,AGRICULTURAL,,0,,0,,0,,0,unknown
823,24.61868,80.77383666666667,3,3,10.009027777777778,1.126688707548671,0.2997294109484493,1.0,0.2997294109484493,0.4702145624089247,45.49427945327112,MEDIUM / RECURRENT,3.72,5.13,332.18333333333334,333.27,,1,AGRICULTURAL,,0,,0,,0,,0,unknown
824,24.664149999999996,81.14058333333334,3,2,5.004166666666666,0.7898235287153054,0.3996669442131557,0.7148809523809524,0.5995004163197336,0.558714300016928,44.23365368996229,MEDIUM / RECURRENT,2.523333333333333,2.87,332.14666666666665,333.28,,1,AGRICULTURAL,,0,,0,,0,,0,unknown
825,24.67466,80.57950333333334,6,5,16.0,1.3508851042421577,0.3125,1.0,0.375,0.4253717028516222,45.19493405703244,MEDIUM / RECURRENT,7.385000000000001,13.62,337.705,345.37,,1,AGRICULTURAL,,0,,0,,0,,0,unknown
826,25.095693333333333,77.65433333333334,3,3,27.98402777777778,1.2690428391558908,0.1072040102240861,1.0,0.1072040102240861,0.4407144645942477,37.78083767017614,LOW / TRANSIENT,2.3233333333333333,3.13,334.93666666666667,340.56,,1,AGRICULTURAL,,0,,0,,0,,0,unknown
827,25.404,80.4564925,4,3,10.009027777777778,0.9542724467523126,0.2997294109484493,1.0,0.3996392145979324,0.5116993803304343,46.52379541900027,MEDIUM / RECURRENT,3.84,4.24,336.8175,343.74,,1,AGRICULTURAL,,0,,0,,0,,0,unknown
828,25.487304,78.65306,5,4,9.020833333333334,0.804346640508458,0.4434180138568129,1.0,0.5542725173210161,0.5542172316280667,52.712520152191814,MEDIUM / RECURRENT,11.802,27.64,341.168,350.62,,1,AGRICULTURAL,,0,,0,,0,,0,unknown
829,25.677755,82.1289925,4,4,16.986805555555556,1.3359383503736757,0.2354768815665753,1.0,0.2354768815665753,0.4280934896419813,42.274514410802915,MEDIUM / RECURRENT,2.4575,3.19,331.785,332.59,,1,AGRICULTURAL,,0,,0,,0,,0,unknown
830,25.74039666666667,78.93391666666666,3,3,10.997222222222222,0.7087966546168357,0.2727961606466279,1.0,0.2727961606466279,0.5852071381917765,46.797600707760765,MEDIUM / RECURRENT,5.126666666666666,6.01,335.3933333333333,340.42,,1,AGRICULTURAL,,0,,0,,0,,0,unknown
831,25.788343333333337,78.96298,3,2,15.013194444444444,0.3749111028109314,0.1332161524584856,1.0,0.1998242286877284,0.7273197503137142,44.60860879969674,MEDIUM / RECURRENT,3.3333333333333335,4.27,333.1666666666667,333.82,,1,AGRICULTURAL,,0,,0,,0,,0,unknown
832,25.99725,78.02076666666666,3,3,14.026388888888889,0.2569671285668882,0.2138825626299633,1.0,0.2138825626299633,0.7955657528929453,48.824969875167554,MEDIUM / RECURRENT,3.5399999999999996,4.02,331.5366666666667,332.64,,1,AGRICULTURAL,,0,,0,,0,,0,unknown
833,26.22556,80.38505750000002,4,4,10.997222222222222,1.2795507838033695,0.3637282141955039,1.0,0.3637282141955039,0.4386829225763187,47.231602376760016,MEDIUM / RECURRENT,4.797499999999999,7.26,337.33,344.26,,1,AGRICULTURAL,,0,,0,,0,,0,unknown
834,26.2337525,78.97922,4,3,5.004166666666666,0.5962714199946085,0.5995004163197336,0.7148809523809524,0.7993338884263115,0.6264598786109805,52.98240372978672,MEDIUM / RECURRENT,4.154999999999999,6.08,335.705,341.26,,1,AGRICULTURAL,,0,,0,,0,,0,unknown
835,26.24225,81.99013000000001,3,2,3.03125,0.8206439488299673,0.6597938144329897,0.4330357142857143,0.9896907216494846,0.5492562126947709,46.88318205949188,MEDIUM / RECURRENT,12.756666666666666,17.82,355.97333333333336,367.0,,1,AGRICULTURAL,,0,,0,,0,,0,unknown
836,26.254836666666662,80.35841666666666,3,2,5.004166666666666,0.3398324783439779,0.3996669442131557,0.7148809523809524,0.5995004163197336,0.7463619640240338,47.9866069701044,MEDIUM / RECURRENT,7.516666666666666,14.42,339.52000000000004,343.11,,1,AGRICULTURAL,,0,,0,,0,,0,unknown
837,26.277328148148143,79.28587703703704,27,13,33.975,5.6753800698804495,0.3826342899190581,1.0,0.7947019867549668,0.1498042043346768,42.9776882073705,MEDIUM / RECURRENT,5.901481481481483,11.57,336.8311111111111,352.0,,1,AGRICULTURAL,,0,,0,,0,,0,unknown
838,26.354138333333335,81.65075999999999,6,4,10.997222222222222,0.7107000305082813,0.3637282141955039,1.0,0.5455923212932559,0.5845560192705913,50.51279252484097,MEDIUM / RECURRENT,3.7116666666666673,4.65,335.49666666666667,342.12,,1,AGRICULTURAL,,0,,0,,0,,0,unknown
839,26.370346666666663,82.43205666666667,3,2,1.0,1.5736036474783313,1.0,0.1428571428571428,3.0,0.3885602202109948,52.34263297564847,MEDIUM / RECURRENT,5.096666666666667,7.79,335.7633333333333,339.51,,1,AGRICULTURAL,,0,,0,,0,,0,unknown
840,26.38737,81.55548,4,4,11.981944444444444,1.1274018578062504,0.3338356323171438,1.0,0.3338356323171438,0.470056936507138,46.753057125877085,MEDIUM / RECURRENT,4.1425,4.86,333.61,338.9,,1,AGRICULTURAL,,0,,0,,0,,0,unknown
841,26.41713,82.39571333333333,3,3,15.013194444444444,0.4107942989454957,0.1998242286877284,1.0,0.1998242286877284,0.7088205564393436,46.569907590232816,MEDIUM / RECURRENT,3.9066666666666663,4.97,335.26,344.43,,1,AGRICULTURAL,,0,,0,,0,,0,unknown
842,26.4573,80.68072666666667,3,2,6.977777777777778,0.5062785749705537,0.286624203821656,0.9968253968253968,0.4299363057324841,0.6638878203651997,49.09011107316184,MEDIUM / RECURRENT,3.4599999999999995,4.23,332.03333333333336,336.27,,1,AGRICULTURAL,,0,,0,,0,,0,unknown
843,26.556602666666663,80.81371,15,7,26.99513888888889,5.518348905092682,0.2593059450003859,1.0,0.5556555964293983,0.1534130827545478,38.255280922963266,LOW / TRANSIENT,4.634666666666667,9.11,335.41533333333325,340.53,,1,AGRICULTURAL,,0,,0,,0,,0,unknown
844,26.571548,79.940936,5,4,16.0,1.385667668626406,0.25,1.0,0.3125,0.4191698672664534,42.75839734532907,MEDIUM / RECURRENT,4.882,7.51,333.948,341.94,,1,AGRICULTURAL,,0,,0,,0,,0,unknown
845,26.6316375,82.34375750000001,4,3,10.009027777777778,1.8615279857943492,0.2997294109484493,1.0,0.3996392145979324,0.3494636449352788,43.279080711097166,MEDIUM / RECURRENT,2.96,4.53,334.465,342.78,,1,AGRICULTURAL,,0,,0,,0,,0,unknown
846,26.696613333333335,79.75149333333333,3,2,5.004166666666666,1.428932065042594,0.3996669442131557,0.7148809523809524,0.5995004163197336,0.4117035689849415,41.29343906932256,MEDIUM / RECURRENT,3.526666666666667,4.24,333.8333333333333,335.51,,1,AGRICULTURAL,,0,,0,,0,,0,unknown
847,26.737444,81.813146,5,5,11.981944444444444,1.0972430284049706,0.4172945403964298,1.0,0.4172945403964298,0.4768164616384665,49.97622722743723,MEDIUM / RECURRENT,5.14,9.59,338.592,347.62,,1,AGRICULTURAL,,0,,0,,0,,0,unknown
848,26.783334999999997,79.566685,4,2,4.017361111111111,0.6784550628133957,0.4978392394122731,0.5739087301587301,0.9956784788245464,0.5957859832862121,45.67916825677115,MEDIUM / RECURRENT,4.6775,7.78,336.47,339.46,,1,AGRICULTURAL,,0,,0,,0,,0,unknown
849,21.15858,81.4745225,4,3,10.008333333333333,1.0710045599121527,0.2997502081598668,1.0,0.3996669442131557,0.4828574593010156,45.94774036004196,MEDIUM / RECURRENT,8.375,14.72,337.09,341.06,,1,AGRICULTURAL,,0,,0,,0,,0,unknown
850,21.459571111111114,82.16529555555556,9,6,15.011805555555556,1.524413891651532,0.3996854327612527,1.0,0.599528149141879,0.3961315548559971,48.11067754204754,MEDIUM / RECURRENT,6.246666666666667,14.47,337.0577777777778,343.12,,1,AGRICULTURAL,,0,,0,,0,,0,unknown
851,21.67899,81.8948125,4,4,27.98402777777778,1.991866621483892,0.1429386802987815,1.0,0.1429386802987815,0.3342394987862209,36.97352114677933,LOW / TRANSIENT,4.77,6.14,335.2925,339.54,,1,AGRICULTURAL,,0,,0,,0,,0,unknown
852,21.82451,81.094495,4,4,9.022222222222222,1.71212594243279,0.4433497536945813,1.0,0.4433497536945813,0.3687144407102994,48.77822970090549,MEDIUM / RECURRENT,3.4524999999999997,6.48,334.025,340.23,,1,AGRICULTURAL,,0,,0,,0,,0,unknown
853,22.598773333333337,79.59091666666667,3,2,4.017361111111111,0.9769014403204164,0.4978392394122731,0.5739087301587301,0.7467588591184098,0.5058421121074806,43.382451593784246,MEDIUM / RECURRENT,1.9266666666666667,2.3,330.37666666666667,330.88,,1,AGRICULTURAL,,0,,0,,0,,0,unknown
854,22.76957333333333,79.30859,3,2,4.017361111111111,0.4898471549850449,0.4978392394122731,0.5739087301587301,0.7467588591184098,0.671209792664965,46.68980520493394,MEDIUM / RECURRENT,4.766666666666667,8.08,337.33666666666664,348.14,,1,AGRICULTURAL,,0,,0,,0,,0,unknown
855,22.931794,78.63151,5,4,8.034027777777778,1.5408242730526798,0.4978822715878641,1.0,0.6223528394848301,0.3935730662705561,51.54204650995603,MEDIUM / RECURRENT,3.956,6.99,333.90000000000003,336.12,,1,AGRICULTURAL,,0,,0,,0,,0,unknown
856,23.0876,78.373025,4,3,10.008333333333333,1.210051156794127,0.2997502081598668,1.0,0.3996669442131557,0.4524782138756406,45.34015545153446,MEDIUM / RECURRENT,1.8275,4.15,315.02750000000003,332.61,,1,AGRICULTURAL,,0,,0,,0,,0,unknown
857,23.700986666666665,80.38332666666666,3,2,15.013194444444444,0.3847290657796416,0.1332161524584856,1.0,0.1998242286877284,0.7221629304335948,44.50547240209435,MEDIUM / RECURRENT,3.25,4.26,331.5533333333333,333.07,,1,AGRICULTURAL,,0,,0,,0,,0,unknown
858,24.378919999999997,81.06390999999999,4,4,15.013194444444444,0.909984386523282,0.2664323049169712,1.0,0.2664323049169712,0.5235644893518141,45.32928506896422,MEDIUM / RECURRENT,3.785,7.46,332.75,335.64,,1,AGRICULTURAL,,0,,0,,0,,0,unknown
859,24.991724,81.605897,10,5,16.0,3.005131213180367,0.3125,1.0,0.625,0.2496797100452364,42.18109420090473,MEDIUM / RECURRENT,5.485,10.51,336.608,345.12,,1,AGRICULTURAL,,0,,0,,0,,0,unknown
860,26.050233333333335,82.15935333333334,3,3,15.013194444444444,1.1771077315204317,0.1998242286877284,1.0,0.1998242286877284,0.4593249959668407,41.57999638078277,MEDIUM / RECURRENT,4.026666666666666,8.48,333.0233333333333,334.03,,1,AGRICULTURAL,,0,,0,,0,,0,unknown
861,26.21342,81.12968,3,3,10.010416666666666,1.1783582979165554,0.299687825182102,1.0,0.299687825182102,0.459061303623205,45.26967560420187,MEDIUM / RECURRENT,3.629999999999999,5.51,335.7333333333333,341.74,,1,AGRICULTURAL,,0,,0,,0,,0,unknown
862,26.244570000000003,81.86376,4,3,15.013194444444444,0.609956553582554,0.1998242286877284,1.0,0.2664323049169712,0.6211347739631552,44.949408093167534,MEDIUM / RECURRENT,4.65,8.19,338.0225,346.69,,1,AGRICULTURAL,,0,,0,,0,,0,unknown
863,26.368524,81.373096,5,3,16.0,2.578056846149735,0.1875,1.0,0.3125,0.2794813059149905,37.77712611829981,LOW / TRANSIENT,3.934,5.39,336.056,339.66,,1,AGRICULTURAL,,0,,0,,0,,0,unknown
864,26.0009,78.2622425,4,3,10.009027777777778,1.2096821683673844,0.2997294109484493,1.0,0.3996392145979324,0.4525537719023394,45.34088325043838,MEDIUM / RECURRENT,6.2875,8.79,339.8475,341.93,,1,AGRICULTURAL,,0,,0,,0,,0,unknown
865,26.04332,79.17769333333334,3,2,6.059027777777778,0.8153310536453314,0.3300859598853868,0.8655753968253969,0.4951289398280802,0.5508637105016847,45.199925606313315,MEDIUM / RECURRENT,8.94,11.97,343.79333333333335,351.14,,1,AGRICULTURAL,,0,,0,,0,,0,unknown
866,26.20040999999999,79.23017333333333,6,5,14.025,1.2186866095336686,0.35650623885918,1.0,0.427807486631016,0.4507171024979429,47.347675383292184,MEDIUM / RECURRENT,6.571666666666668,13.66,339.15166666666664,346.35,,1,AGRICULTURAL,,0,,0,,0,,0,unknown
867,26.5839,79.66941000000001,3,3,14.025,0.6495643928990452,0.213903743315508,1.0,0.213903743315508,0.606220650921386,45.03885152110151,MEDIUM / RECURRENT,3.5233333333333334,3.75,332.42333333333335,335.06,,1,AGRICULTURAL,,0,,0,,0,,0,unknown
868,26.757871666666663,80.74620666666665,6,6,14.94375,2.196305880344295,0.4015056461731493,1.0,0.4015056461731493,0.3128611708126894,46.112932324660314,MEDIUM / RECURRENT,4.4366666666666665,8.06,334.81500000000005,341.85,,1,AGRICULTURAL,,0,,0,,0,,0,unknown
869,26.82247666666667,79.33415666666667,9,7,21.990972222222226,2.097569217318229,0.3183124388164335,1.0,0.4092588499068431,0.3228337867025184,43.41612879243923,MEDIUM / RECURRENT,2.9911111111111115,5.49,336.2511111111111,352.32,,1,AGRICULTURAL,,0,,0,,0,,0,unknown
870,22.377983333333333,77.38010666666666,3,2,1.0,0.1411648948042586,1.0,0.1428571428571428,3.0,0.8762975487179945,62.09737954578847,MEDIUM / RECURRENT,2.3966666666666665,3.34,321.41,332.83,,1,AGRICULTURAL,,0,,0,,0,,0,unknown
871,24.075733333333332,82.56795999999999,3,2,1.0,0.6659548987607808,1.0,0.1428571428571428,3.0,0.6002563459213986,56.57655548985654,MEDIUM / RECURRENT,2.063333333333333,3.03,321.82,334.46,,1,AGRICULTURAL,,0,,0,,0,,0,unknown
872,21.099463333333333,81.14450333333333,3,3,10.009027777777778,1.7988877789978452,0.2997294109484493,1.0,0.2997294109484493,0.3572847784408328,43.23568377390928,MEDIUM / RECURRENT,2.686666666666666,3.81,330.43666666666667,331.22,,1,AGRICULTURAL,,0,,0,,0,,0,unknown
873,21.35571333333333,81.31454000000001,3,2,8.034722222222221,0.2274150907062229,0.2489196197061365,1.0,0.3733794295592049,0.8147203073938303,50.7533516967098,MEDIUM / RECURRENT,6.989999999999999,8.13,348.35999999999996,354.67,,1,AGRICULTURAL,,0,,0,,0,,0,unknown
874,21.515860000000004,81.65378,3,3,9.022222222222222,1.0185575658208197,0.3325123152709359,1.0,0.3325123152709359,0.4954032606909396,47.21102087884342,MEDIUM / RECURRENT,5.803333333333332,8.95,339.67333333333335,348.07,,1,AGRICULTURAL,,0,,0,,0,,0,unknown
875,21.926667142857145,81.38919142857144,7,6,14.025694444444444,3.289025962408941,0.4277863048967669,1.0,0.4990840223795613,0.2331531701520286,45.63375211918654,MEDIUM / RECURRENT,3.0414285714285714,3.88,331.8228571428572,333.01,,1,AGRICULTURAL,,0,,0,,0,,0,unknown
876,24.102196666666668,80.87809,3,2,11.583333333333334,0.6975562769647907,0.1726618705035971,1.0,0.2589928057553957,0.5890820902786136,43.34279288470896,MEDIUM / RECURRENT,1.6366666666666667,3.61,307.58666666666664,331.26,,1,AGRICULTURAL,,0,,0,,0,,0,unknown
877,25.2159375,81.27795,4,4,21.00486111111111,1.9129528644311744,0.1904321089694845,1.0,0.1904321089694845,0.343294260683231,38.91187324553555,LOW / TRANSIENT,2.8,5.37,321.455,332.83,,1,AGRICULTURAL,,0,,0,,0,,0,unknown
878,25.778923333333335,80.78002666666667,3,3,9.022222222222222,0.4786589296908047,0.3325123152709359,1.0,0.3325123152709359,0.6762884800006619,50.828725265037875,MEDIUM / RECURRENT,6.170000000000001,10.22,335.81666666666666,343.0,,1,AGRICULTURAL,,0,,0,,0,,0,unknown
879,25.856936875,79.37059875,16,6,7.045833333333333,2.3019996467260633,0.8515671200473093,1.0,2.2708456534594914,0.3028467919406052,65.40347634738691,MEDIUM / RECURRENT,5.660625,9.36,336.806875,350.1,,1,AGRICULTURAL,,0,,0,,0,,0,unknown
880,25.92568,82.69009666666668,3,2,14.025,0.7290095118218185,0.142602495543672,1.0,0.213903743315508,0.5783658176329651,41.98621118331884,MEDIUM / RECURRENT,3.153333333333333,5.1,337.58,348.55,,1,AGRICULTURAL,,0,,0,,0,,0,unknown
881,21.95623333333333,81.22254,3,2,7.965972222222222,1.2228446607904058,0.2510679103827042,1.0,0.3766018655740563,0.4498739914845948,43.53806042423465,MEDIUM / RECURRENT,10.910000000000002,16.14,349.91333333333336,367.0,,1,AGRICULTURAL,,0,,0,,0,,0,unknown
882,23.165243333333333,77.98273999999999,3,3,3.029861111111111,1.4542515191642231,0.9901443960577584,0.4328373015873015,0.9901443960577584,0.4074562008789312,55.60539921139822,MEDIUM / RECURRENT,1.8333333333333333,2.11,332.06666666666666,333.56,,1,AGRICULTURAL,,0,,0,,0,,0,unknown
883,23.284406666666666,78.06214,3,2,8.485416666666667,1.27061918728405,0.235698502332433,1.0,0.3535477534986496,0.4404085042530304,42.76471317369307,MEDIUM / RECURRENT,2.74,3.92,320.9133333333333,332.78,,1,AGRICULTURAL,,0,,0,,0,,0,unknown
884,23.321438,77.90883,5,5,11.981944444444444,2.1628749352575563,0.4172945403964298,1.0,0.4172945403964298,0.3161680497868212,46.76325899040432,MEDIUM / RECURRENT,4.428,5.37,338.41999999999996,343.76,,1,AGRICULTURAL,,0,,0,,0,,0,unknown
885,26.102903333333337,79.23490333333332,3,2,2.0430555555555556,1.2054444879260604,0.9789259007477906,0.2918650793650794,1.4683888511216858,0.4534233373247914,53.564277959038854,MEDIUM / RECURRENT,9.47,13.07,340.9433333333333,345.97,,1,AGRICULTURAL,,0,,0,,0,,0,unknown
886,23.00608923076923,78.39656692307693,13,8,13.435416666666669,3.6708544318176095,0.5954411536672353,1.0,0.9675918747092572,0.2140935913540901,52.05749595485355,MEDIUM / RECURRENT,2.3653846153846154,4.57,322.4276923076923,334.43,,1,AGRICULTURAL,,0,,0,,0,,0,unknown
887,25.038270000000004,76.60842,4,3,17.974305555555556,1.727729856992004,0.1669049182861337,1.0,0.2225398910481783,0.3666052184151208,38.618856290413454,LOW / TRANSIENT,2.425,5.18,322.22499999999997,350.37,,1,AGRICULTURAL,,0,,0,,0,,0,unknown
888,21.051236666666668,75.28028333333333,3,3,12.96875,1.2005891036786185,0.2313253012048192,1.0,0.2313253012048192,0.4544237714929826,42.64751157443797,MEDIUM / RECURRENT,2.216666666666667,2.52,334.9533333333333,339.31,,1,AGRICULTURAL,,0,,0,,0,,0,unknown
889,21.331866666666667,79.67468333333333,3,3,11.983333333333333,1.0876448353624233,0.2503477051460361,1.0,0.2503477051460361,0.4790086814869523,43.84303872014239,MEDIUM / RECURRENT,3.16,3.78,336.95,339.24,,1,AGRICULTURAL,,0,,0,,0,,0,unknown
890,21.8543825,81.60261375,8,5,12.96875,1.629444287598372,0.3855421686746988,1.0,0.6168674698795181,0.3803084951129957,47.33388074563341,MEDIUM / RECURRENT,6.69375,16.31,338.5625,345.3,,1,AGRICULTURAL,,0,,0,,0,,0,unknown
891,21.991716666666665,81.61556333333333,3,3,7.965277777777778,1.0123886883728472,0.3766346992153443,1.0,0.3766346992153443,0.4969218947501478,48.87392176597069,MEDIUM / RECURRENT,3.6133333333333337,5.55,338.94666666666666,345.46,,1,AGRICULTURAL,,0,,0,,0,,0,unknown
892,22.351237500000003,80.4273425,4,4,7.965277777777778,0.6529007884748611,0.5021795989537925,1.0,0.5021795989537925,0.6049969889134752,55.68058493955983,MEDIUM / RECURRENT,6.7625,10.22,336.3625,346.27,,1,AGRICULTURAL,,0,,0,,0,,0,unknown
893,22.504945,79.80895,4,4,18.959722222222226,1.5646592839157547,0.210973555050912,1.0,0.210973555050912,0.3899153412975727,40.6043283628352,MEDIUM / RECURRENT,5.9725,10.65,333.3575,339.47,,1,AGRICULTURAL,,0,,0,,0,,0,unknown
894,22.937344000000003,78.326736,5,2,6.979166666666667,2.129267616060769,0.2865671641791044,0.9970238095238096,0.7164179104477612,0.3195635920902268,42.77955364706395,MEDIUM / RECURRENT,2.848,3.78,333.928,338.51,,1,AGRICULTURAL,,0,,0,,0,,0,unknown
895,22.9411,78.1384025,4,4,11.983333333333333,1.067345545636626,0.3337969401947149,1.0,0.3337969401947149,0.4837120732480434,47.02472825216532,MEDIUM / RECURRENT,2.3075,2.93,322.655,331.58,,1,AGRICULTURAL,,0,,0,,0,,0,unknown
896,23.578656666666664,79.58183333333334,3,2,10.009722222222225,0.6016541524518817,0.1998057444151519,1.0,0.2997086166227279,0.6243545140311075,45.079708568397926,MEDIUM / RECURRENT,4.6466666666666665,6.28,340.68666666666667,343.46,,1,AGRICULTURAL,,0,,0,,0,,0,unknown
897,23.89727333333333,77.74937,3,1,1.0,0.2533202273205255,1.0,0.1428571428571428,3.0,0.7978806838040913,60.52904224751039,MEDIUM / RECURRENT,3.056666666666666,4.65,337.02,340.51,,1,AGRICULTURAL,,0,,0,,0,,0,unknown
898,24.42613,81.284165,4,2,1.9729166666666669,1.3662096889609905,1.0,0.2818452380952381,2.027455121436114,0.4226168139980455,54.55337747521409,MEDIUM / RECURRENT,4.145,5.5,335.91999999999996,344.17,,1,AGRICULTURAL,,0,,0,,0,,0,unknown
899,24.7211625,80.9649825,4,3,12.96875,1.6220279647025602,0.2313253012048192,1.0,0.308433734939759,0.3813841856234508,41.3409367245172,MEDIUM / RECURRENT,4.282500000000001,5.07,336.86249999999995,348.14,,1,AGRICULTURAL,,0,,0,,0,,0,unknown
900,25.58721,76.49048333333333,3,2,3.03125,1.37074166042235,0.6597938144329897,0.4330357142857143,0.9896907216494846,0.4218089286969584,44.33423637953563,MEDIUM / RECURRENT,7.109999999999999,8.22,338.06666666666666,340.43,,1,AGRICULTURAL,,0,,0,,0,,0,unknown
901,25.988091818181815,80.8056518181818,11,7,10.995138888888889,2.3842138416075307,0.636644981999621,1.0,1.000442114570833,0.2954896016632895,55.19325063239419,MEDIUM / RECURRENT,6.3518181818181825,11.44,339.24363636363637,367.0,,1,AGRICULTURAL,,0,,0,,0,,0,unknown
902,26.133566666666667,81.13676666666667,3,3,11.981944444444444,0.6627797061120481,0.2503767242378579,1.0,0.2503767242378579,0.6014025768562117,46.29199033392498,MEDIUM / RECURRENT,4.033333333333334,4.24,336.0566666666667,343.9,,1,AGRICULTURAL,,0,,0,,0,,0,unknown
903,26.303355999999997,82.377394,5,5,10.995138888888889,1.9394362604637347,0.454746415714015,1.0,0.454746415714015,0.3402012873863905,48.62964312914637,MEDIUM / RECURRENT,3.564,4.42,335.55,343.47,,1,AGRICULTURAL,,0,,0,,0,,0,unknown
904,26.42977,80.64125333333334,3,3,12.96875,1.433589041269104,0.2313253012048192,1.0,0.2313253012048192,0.4109157228446858,41.77735060147202,MEDIUM / RECURRENT,2.2266666666666666,2.99,332.95666666666665,335.87,,1,AGRICULTURAL,,0,,0,,0,,0,unknown
905,26.534360833333334,80.61912000000001,12,6,10.008333333333333,3.0729395054484505,0.5995004163197336,1.0,1.1990008326394672,0.2455229199113515,53.29097463469664,MEDIUM / RECURRENT,3.869166666666667,4.84,335.09166666666664,352.03,,1,AGRICULTURAL,,0,,0,,0,,0,unknown
906,26.85691,79.6012475,4,4,15.0125,1.6781126673499738,0.2664446294754371,1.0,0.2664446294754371,0.3733972854060365,42.32639699871191,MEDIUM / RECURRENT,2.6325,6.35,323.4875,332.56,,1,AGRICULTURAL,,0,,0,,0,,0,unknown
907,21.09333666666667,80.79871833333334,6,5,16.0,2.075891963173985,0.3125,1.0,0.375,0.3251089478994929,43.189678957989855,MEDIUM / RECURRENT,4.358333333333333,7.01,334.56,340.64,,1,AGRICULTURAL,,0,,0,,0,,0,unknown
908,21.1596375,79.43926125,8,5,10.995833333333334,2.0220040546616733,0.4547176960970064,1.0,0.7275483137552103,0.3309062403332726,48.9883407975711,MEDIUM / RECURRENT,4.0687500000000005,9.39,333.7525,338.35,,1,AGRICULTURAL,,0,,0,,0,,0,unknown
909,21.182793333333333,80.81939,3,1,1.0,0.3291405479759535,1.0,0.1428571428571428,3.0,0.7523658814884728,59.61874620119802,MEDIUM / RECURRENT,4.323333333333333,6.75,331.5733333333333,332.12,,1,AGRICULTURAL,,0,,0,,0,,0,unknown
910,21.2970475,81.05402249999999,4,4,10.00763888888889,1.511813191696645,0.3996946776767746,1.0,0.3996946776767746,0.3981187786200508,47.75107864644168,MEDIUM / RECURRENT,4.905,7.31,334.90000000000003,339.67,,1,AGRICULTURAL,,0,,0,,0,,0,unknown
911,21.312817142857146,79.49469428571429,7,4,10.995833333333334,1.812261146312641,0.3637741568776051,1.0,0.636604774535809,0.3555857539443562,46.11702011867492,MEDIUM / RECURRENT,4.654285714285714,7.52,334.1471428571428,339.55,,1,AGRICULTURAL,,0,,0,,0,,0,unknown
912,21.35476,79.27101666666667,3,2,2.0444444444444443,1.3631605371177669,0.9782608695652176,0.292063492063492,1.4673913043478262,0.4231621103573657,52.93874255221288,MEDIUM / RECURRENT,10.073333333333332,18.72,344.17333333333335,367.0,,1,AGRICULTURAL,,0,,0,,0,,0,unknown
913,21.39486,80.851256,5,3,10.00763888888889,1.157445669080989,0.299771008257581,1.0,0.4996183470959683,0.4635110929240558,45.76144384168839,MEDIUM / RECURRENT,3.386,5.64,332.534,333.61,,1,AGRICULTURAL,,0,,0,,0,,0,unknown
914,21.52568,81.3790675,4,3,11.98125,1.4108072622762298,0.2503912363067292,1.0,0.3338549817423057,0.4147988168310985,42.72737957084211,MEDIUM / RECURRENT,5.8325,10.6,338.445,342.9,,1,AGRICULTURAL,,0,,0,,0,,0,unknown
915,21.515245,81.917805,4,3,7.964583333333334,1.539325987975973,0.3766675385822652,1.0,0.5022233847763536,0.393805287204213,47.06391636401625,MEDIUM / RECURRENT,6.1075,9.18,337.4425,348.74,,1,AGRICULTURAL,,0,,0,,0,,0,unknown
916,21.658959999999997,81.39221142857141,7,7,24.034027777777776,2.137997181108695,0.2912537201306018,1.0,0.2912537201306018,0.3186746011182479,42.14987966719723,MEDIUM / RECURRENT,6.0857142857142845,10.45,336.53000000000003,342.82,,1,AGRICULTURAL,,0,,0,,0,,0,unknown
917,21.838755000000003,81.88616166666667,6,4,7.964583333333334,1.3135509456454564,0.5022233847763536,1.0,0.7533350771645304,0.432235997172308,52.729208564947605,MEDIUM / RECURRENT,5.03,8.89,336.375,342.46,,1,AGRICULTURAL,,0,,0,,0,,0,unknown
918,21.845856666666663,81.33431333333333,3,3,10.00763888888889,0.9018335398874128,0.299771008257581,1.0,0.299771008257581,0.5258083733549043,46.60769477262859,MEDIUM / RECURRENT,4.6466666666666665,6.06,335.28666666666663,342.48,,1,AGRICULTURAL,,0,,0,,0,,0,unknown
919,21.856486666666665,81.22515666666668,3,2,10.995833333333334,0.7225421405445368,0.1818870784388025,1.0,0.2728306176582039,0.5805373212430531,43.52245540553556,MEDIUM / RECURRENT,6.876666666666666,10.73,334.6433333333334,339.52,,1,AGRICULTURAL,,0,,0,,0,,0,unknown
920,21.97243333333333,80.44091333333334,3,1,1.0,0.2884262051103483,1.0,0.1428571428571428,3.0,0.776140687013079,60.09424231169016,MEDIUM / RECURRENT,7.816666666666666,14.93,338.53666666666663,344.58,,1,AGRICULTURAL,,0,,0,,0,,0,unknown
921,22.19318,76.33583,3,2,6.977777777777778,1.6742459127444622,0.286624203821656,0.9968253968253968,0.4299363057324841,0.3739371892593615,43.29109845104508,MEDIUM / RECURRENT,3.146666666666667,3.71,334.8933333333334,337.66,,1,AGRICULTURAL,,0,,0,,0,,0,unknown
922,22.285396666666667,79.21118333333334,3,2,5.003472222222222,1.120664539681878,0.3997224149895905,0.714781746031746,0.5995836224843858,0.471550300053591,42.490001421469906,MEDIUM / RECURRENT,4.8566666666666665,8.17,334.46999999999997,338.35,,1,AGRICULTURAL,,0,,0,,0,,0,unknown
923,22.3344625,74.707385,4,1,1.0,0.5007750260816566,1.0,0.1428571428571428,4.0,0.666322388513407,59.89787634169672,MEDIUM / RECURRENT,5.8175,6.23,349.71500000000003,352.48,,1,AGRICULTURAL,,0,,0,,0,,0,unknown
924,22.56088210526316,80.42357315789474,19,8,11.98125,4.464415240576295,0.6677099634846114,1.0,1.5858111632759522,0.183002198034741,55.20151500920812,MEDIUM / RECURRENT,4.080526315789474,7.6,332.83526315789476,339.0,,1,AGRICULTURAL,,0,,0,,0,,0,unknown
925,22.670236666666668,78.21988666666668,3,3,9.022222222222222,1.0524175035315746,0.3325123152709359,1.0,0.3325123152709359,0.48723030196308,47.04756170428623,MEDIUM / RECURRENT,1.53,1.91,321.34999999999997,332.69,,1,AGRICULTURAL,,0,,0,,0,,0,unknown
926,22.99025,79.412715,6,5,48.98680555555555,2.829215219528433,0.1020683007045548,1.0,0.1224819608454657,0.2611501163215239,34.04035677278083,LOW / TRANSIENT,4.064999999999999,5.27,333.7733333333333,341.43,,1,AGRICULTURAL,,0,,0,,0,,0,unknown
927,23.5308,78.26101999999999,3,3,26.010416666666668,1.228137610694725,0.1153384060873047,1.0,0.1153384060873047,0.4488053139986285,38.24362730520285,LOW / TRANSIENT,3.186666666666667,3.92,333.49,335.81,,1,AGRICULTURAL,,0,,0,,0,,0,unknown
928,23.600383333333337,80.64250333333332,3,2,1.0,1.110363028198007,1.0,0.1428571428571428,3.0,0.4738521224255327,54.048471019939214,MEDIUM / RECURRENT,3.8233333333333337,6.16,333.86999999999995,336.25,,1,AGRICULTURAL,,0,,0,,0,,0,unknown
929,23.6937875,77.63468499999999,4,3,24.034027777777776,2.2316426511026703,0.124823022913115,1.0,0.1664306972174868,0.3094401541144376,35.890470278682756,LOW / TRANSIENT,3.04,4.45,334.365,336.93,,1,AGRICULTURAL,,0,,0,,0,,0,unknown
930,23.95955,78.02823749999999,4,3,10.995833333333334,1.345169041467793,0.2728306176582039,1.0,0.3637741568776051,0.4264084943634257,43.804789819060865,MEDIUM / RECURRENT,3.495,5.35,334.7075,337.62,,1,AGRICULTURAL,,0,,0,,0,,0,unknown
931,24.21433111111111,80.75314777777777,9,4,5.991666666666666,1.6793015771933004,0.6675938803894298,0.8559523809523809,1.502086230876217,0.3732315945738176,55.233399690668335,MEDIUM / RECURRENT,4.964444444444445,8.64,336.9222222222222,345.8,,1,AGRICULTURAL,,0,,0,,0,,0,unknown
932,24.528475,80.90496666666667,6,5,14.025,2.5880038226767588,0.35650623885918,1.0,0.427807486631016,0.2787065035103474,43.90746340354029,MEDIUM / RECURRENT,5.580000000000001,7.15,340.9883333333333,346.53,,1,AGRICULTURAL,,0,,0,,0,,0,unknown
933,24.71147666666667,80.93623000000001,3,3,9.022222222222222,0.6698338178589154,0.3325123152709359,1.0,0.3325123152709359,0.598861988124192,49.280195427508474,MEDIUM / RECURRENT,4.6066666666666665,6.1,331.6333333333334,333.95,,1,AGRICULTURAL,,0,,0,,0,,0,unknown
934,24.94147,76.08125666666666,3,3,15.014583333333333,1.1900820753521395,0.1998057444151519,1.0,0.1998057444151519,0.4566038922715769,41.524890388792166,MEDIUM / RECURRENT,1.856666666666667,2.55,331.9066666666667,333.1,,1,AGRICULTURAL,,0,,0,,0,,0,unknown
935,25.449956666666665,80.50860333333334,6,4,11.98263888888889,1.125501577687941,0.3338162851347435,1.0,0.5007244277021153,0.4704771854781548,47.09456254468335,MEDIUM / RECURRENT,6.31,10.05,339.60333333333335,344.58,,1,AGRICULTURAL,,0,,0,,0,,0,unknown
936,25.49997666666667,80.96778666666667,3,2,10.995833333333334,0.6960820921449218,0.1818870784388025,1.0,0.2728306176582039,0.5895941031576878,43.703591043828254,MEDIUM / RECURRENT,4.56,6.5,334.17,337.78,,1,AGRICULTURAL,,0,,0,,0,,0,unknown
937,25.7887,78.7273475,4,3,9.022222222222222,1.521959464713034,0.3325123152709359,1.0,0.4433497536945813,0.3965170788792939,45.4549721194578,MEDIUM / RECURRENT,4.2225,5.66,333.52,338.83,,1,AGRICULTURAL,,0,,0,,0,,0,unknown
938,25.85509,78.9812925,8,5,8.952777777777778,1.885695485044664,0.5584858827179646,1.0,0.8935774123487434,0.3465369111822698,53.26489894347165,MEDIUM / RECURRENT,6.22875,9.36,335.51874999999995,341.31,,1,AGRICULTURAL,,0,,0,,0,,0,unknown
939,25.91371,80.89948,3,3,25.022916666666667,1.5338707394566773,0.1198901007409874,1.0,0.1198901007409874,0.3946531227612754,37.32899618264205,LOW / TRANSIENT,4.13,5.14,333.7366666666667,335.17,,1,AGRICULTURAL,,0,,0,,0,,0,unknown
940,25.985415999999997,79.921508,5,4,8.952777777777778,1.1709604022953952,0.4467887061743717,1.0,0.5584858827179646,0.4606256286124252,50.96708905378744,MEDIUM / RECURRENT,7.026000000000001,11.97,336.428,344.27,,1,AGRICULTURAL,,0,,0,,0,,0,unknown
941,26.17675,81.05391750000001,4,4,11.98263888888889,1.150818646592571,0.3338162851347435,1.0,0.3338162851347435,0.4649392460792766,46.649987471571045,MEDIUM / RECURRENT,9.215,18.94,337.1625,343.54,,1,AGRICULTURAL,,0,,0,,0,,0,unknown
942,26.15732375,81.67535000000001,8,5,5.991666666666666,2.382291649551466,0.8344923504867873,0.8559523809523809,1.3351877607788596,0.2956575315238153,59.189567942881105,MEDIUM / RECURRENT,8.3,15.64,340.03999999999996,351.56,,1,AGRICULTURAL,,0,,0,,0,,0,unknown
943,26.18025,79.98564666666668,3,3,10.008333333333333,1.4100239026454562,0.2997502081598668,1.0,0.2997502081598668,0.4149336439785146,44.38943058148536,MEDIUM / RECURRENT,4.95,7.81,334.1233333333334,338.2,,1,AGRICULTURAL,,0,,0,,0,,0,unknown
944,26.4366575,78.2272625,4,3,3.029861111111111,0.9556465444614964,0.9901443960577584,0.4328373015873015,1.3201925280770113,0.5113398445297068,58.343168348452245,MEDIUM / RECURRENT,5.672499999999999,7.79,327.11,342.19,,1,AGRICULTURAL,,0,,0,,0,,0,unknown
945,26.476335,82.607651,10,7,10.995833333333334,3.4636149762362636,0.636604774535809,1.0,0.9094353921940128,0.2240336600096283,53.58071109333391,MEDIUM / RECURRENT,4.101000000000001,5.96,336.41400000000004,352.02,,1,AGRICULTURAL,,0,,0,,0,,0,unknown
946,26.61188,80.48807,4,4,5.991666666666666,1.7083523866767194,0.6675938803894298,0.8559523809523809,0.6675938803894298,0.3692281716808088,53.48434653183459,MEDIUM / RECURRENT,12.990000000000002,37.89,340.36249999999995,346.08,,1,AGRICULTURAL,,0,,0,,0,,0,unknown
947,26.662585714285715,80.0133,7,5,11.98263888888889,2.0971386117493793,0.4172703564184294,1.0,0.5841784989858012,0.3228786713666531,47.2303928999497,MEDIUM / RECURRENT,5.28,8.7,335.0057142857143,342.04,,1,AGRICULTURAL,,0,,0,,0,,0,unknown
948,26.666163333333333,79.95194,3,2,6.979861111111111,0.221156889608293,0.2865386528703612,0.997123015873016,0.4298079793055417,0.8188955968800758,52.194456143500645,MEDIUM / RECURRENT,5.256666666666667,6.92,336.9266666666667,342.27,,1,AGRICULTURAL,,0,,0,,0,,0,unknown
949,26.686202,79.37986599999999,5,4,28.96875,1.9886162268806624,0.1380798274002157,1.0,0.1725997842502697,0.3346030149356914,36.87005382622192,LOW / TRANSIENT,5.262,12.61,336.036,345.83,,1,AGRICULTURAL,,0,,0,,0,,0,unknown
950,26.70762,82.21727666666666,3,2,12.969444444444443,0.9503205531078868,0.1542086099807239,1.0,0.2313129149710859,0.512736226056006,41.114651700387626,MEDIUM / RECURRENT,3.61,4.15,332.70666666666665,335.29,,1,AGRICULTURAL,,0,,0,,0,,0,unknown
951,26.7309275,80.28752,4,2,10.009027777777778,1.2588428052918124,0.1998196072989662,1.0,0.3996392145979324,0.4427045554729574,41.647055794118835,MEDIUM / RECURRENT,7.6225,11.76,337.66499999999996,347.38,,1,AGRICULTURAL,,0,,0,,0,,0,unknown
952,26.751721666666665,79.96651166666668,6,3,5.004861111111111,1.1517064037218216,0.5994172332454558,0.7149801587301587,1.1988344664909116,0.4647474201267854,50.546724467362445,MEDIUM / RECURRENT,3.5500000000000003,7.99,328.6933333333333,340.36,,1,AGRICULTURAL,,0,,0,,0,,0,unknown
953,26.801006666666662,79.66691666666667,3,3,11.98263888888889,0.9041370162958275,0.2503622138510576,1.0,0.2503622138510576,0.5251722914064917,44.76684774061896,MEDIUM / RECURRENT,2.536666666666666,3.6,330.6333333333334,331.14,,1,AGRICULTURAL,,0,,0,,0,,0,unknown
954,21.031723333333332,80.73087666666667,3,3,5.992361111111111,0.9332165053952204,0.5006373855603199,0.8560515873015874,0.5006373855603199,0.5172726371874025,50.27032569201957,MEDIUM / RECURRENT,3.31,3.68,330.93333333333334,331.48,,1,AGRICULTURAL,,0,,0,,0,,0,unknown
955,21.14065555555555,79.4836988888889,9,7,10.995833333333334,3.3045534913690693,0.636604774535809,1.0,0.8184918529746116,0.2323121322583329,53.564393459869194,MEDIUM / RECURRENT,3.65,5.93,332.7877777777778,336.79,,1,AGRICULTURAL,,0,,0,,0,,0,unknown
956,21.143012857142857,80.95299142857144,7,4,9.022222222222222,2.568440005556362,0.4433497536945813,1.0,0.7758620689655172,0.2802344997934435,47.67365551311025,MEDIUM / RECURRENT,2.8271428571428574,3.3,332.34714285714284,335.33,,1,AGRICULTURAL,,0,,0,,0,,0,unknown
957,21.161479999999997,81.01373,3,3,10.995833333333334,1.2802288937392374,0.2728306176582039,1.0,0.2728306176582039,0.4385524640730905,43.865782134815355,MEDIUM / RECURRENT,3.76,5.29,334.97666666666663,340.08,,1,AGRICULTURAL,,0,,0,,0,,0,unknown
958,21.44620666666667,79.37067666666667,3,3,14.026388888888889,1.3362502986360574,0.2138825626299633,1.0,0.2138825626299633,0.4280363283779212,41.47438138486707,MEDIUM / RECURRENT,4.816666666666667,7.32,341.27666666666664,344.8,,1,AGRICULTURAL,,0,,0,,0,,0,unknown
959,21.631716,81.99902999999999,5,4,10.010416666666666,2.297148384243104,0.3995837669094693,1.0,0.4994797086368366,0.3032923858625673,46.050238976356454,MEDIUM / RECURRENT,4.9239999999999995,8.11,336.25,343.37,,1,AGRICULTURAL,,0,,0,,0,,0,unknown
960,21.89598833333333,81.15936666666667,6,4,10.010416666666666,2.6704676160327443,0.3995837669094693,1.0,0.599375650364204,0.2724448502506769,45.63308014757337,MEDIUM / RECURRENT,4.385000000000001,6.55,339.1,347.3,,1,AGRICULTURAL,,0,,0,,0,,0,unknown
961,22.452283333333337,80.38998666666667,3,2,6.977777777777778,1.116126268438698,0.286624203821656,0.9968253968253968,0.4299363057324841,0.4725615928097766,45.26358652205339,MEDIUM / RECURRENT,2.1633333333333336,3.34,332.06333333333333,332.76,,1,AGRICULTURAL,,0,,0,,0,,0,unknown
962,22.58536666666667,79.43476,3,2,26.99652777777778,1.3565056447729271,0.0740836012861736,1.0,0.1111254019292604,0.4243571417781858,36.30231968443831,LOW / TRANSIENT,2.8633333333333333,2.95,331.98,333.53,,1,AGRICULTURAL,,0,,0,,0,,0,unknown
963,23.088353333333338,78.70281333333332,3,3,9.020833333333334,0.2527619214505493,0.3325635103926097,1.0,0.3325635103926097,0.7982362673045801,53.26957523061816,MEDIUM / RECURRENT,2.443333333333334,3.43,330.88000000000005,331.26,,1,AGRICULTURAL,,0,,0,,0,,0,unknown
964,23.632635,77.7480475,4,4,17.974305555555556,2.3625136134056945,0.2225398910481783,1.0,0.2225398910481783,0.2973965654780378,39.18190727834335,LOW / TRANSIENT,2.75,3.83,333.94249999999994,336.31,,1,AGRICULTURAL,,0,,0,,0,,0,unknown
965,23.636260000000004,80.62985333333332,3,3,10.009027777777778,0.7677607597803955,0.2997294109484493,1.0,0.2997294109484493,0.5656874067756926,47.40373634060647,MEDIUM / RECURRENT,3.5500000000000003,5.08,333.96999999999997,337.9,,1,AGRICULTURAL,,0,,0,,0,,0,unknown
966,23.67115384615384,80.70169230769231,13,8,10.995833333333334,2.126868988188216,0.7275483137552103,1.0,1.1822660098522166,0.3198087300035632,59.224897601208056,MEDIUM / RECURRENT,3.964615384615385,5.62,334.74230769230775,341.29,,1,AGRICULTURAL,,0,,0,,0,,0,unknown
967,23.920973333333333,80.71879,3,2,9.022222222222222,1.3916792760837142,0.2216748768472906,1.0,0.3325123152709359,0.4181162624938001,41.78597057007305,MEDIUM / RECURRENT,2.3466666666666667,3.14,330.32666666666665,330.86,,1,AGRICULTURAL,,0,,0,,0,,0,unknown
968,23.976844999999997,80.770615,4,3,10.995833333333334,0.4756004109177084,0.2728306176582039,1.0,0.3637741568776051,0.6776902422913247,48.830424777618845,MEDIUM / RECURRENT,4.2575,5.4,331.9325,333.89,,1,AGRICULTURAL,,0,,0,,0,,0,unknown
969,24.3127775,80.88664,4,3,6.977777777777778,1.3189968032266848,0.4299363057324841,0.9968253968253968,0.5732484076433121,0.431220948044683,49.739321397452144,MEDIUM / RECURRENT,6.6675,8.14,339.63750000000005,342.59,,1,AGRICULTURAL,,0,,0,,0,,0,unknown
970,24.413253333333333,81.15639666666667,3,3,5.990972222222222,0.3395740639592205,0.5007534484757158,0.8558531746031746,0.5007534484757158,0.7465059431237556,54.85432582115596,MEDIUM / RECURRENT,2.193333333333334,3.18,333.56,338.4,,1,AGRICULTURAL,,0,,0,,0,,0,unknown
971,24.489904999999997,78.70193,4,2,4.016666666666667,0.9285835325575752,0.4979253112033195,0.5738095238095238,0.995850622406639,0.5185152642436276,44.1346305170401,MEDIUM / RECURRENT,2.8274999999999997,4.14,333.9525,337.79,,1,AGRICULTURAL,,0,,0,,0,,0,unknown
972,24.499193636363636,80.76342909090909,11,7,16.0,3.8971105956025345,0.4375,1.0,0.6875,0.2042020453648671,45.771540907297336,MEDIUM / RECURRENT,5.16909090909091,9.1,334.79727272727274,345.76,,1,AGRICULTURAL,,0,,0,,0,,0,unknown
973,24.583134,80.30520200000001,5,4,10.009027777777778,1.848738704710052,0.3996392145979324,1.0,0.4995490182474155,0.3510325458584946,47.00712146459235,MEDIUM / RECURRENT,4.262,7.69,336.47,346.38,,1,AGRICULTURAL,,0,,0,,0,,0,unknown
974,25.277614999999997,81.2944925,8,5,5.993055555555555,1.401099761126188,0.8342989571263036,0.8561507936507936,1.3348783314020858,0.4164758233664435,61.6035064708235,MEDIUM / RECURRENT,4.85,10.29,337.9875,345.23,,1,AGRICULTURAL,,0,,0,,0,,0,unknown
975,25.38875,81.47217666666667,3,3,10.009027777777778,1.1891340710507752,0.2997294109484493,1.0,0.2997294109484493,0.4568016245437193,45.22602069596701,MEDIUM / RECURRENT,6.173333333333333,9.75,343.2533333333334,367.0,,1,AGRICULTURAL,,0,,0,,0,,0,unknown
976,25.443593333333336,81.20757333333334,3,3,19.947222222222223,1.374696273764504,0.15039688065729,1.0,0.15039688065729,0.42110648466835,38.98681427768674,LOW / TRANSIENT,9.043333333333331,21.25,343.92333333333335,367.0,,1,AGRICULTURAL,,0,,0,,0,,0,unknown
977,25.49866555555556,81.05963222222222,9,7,10.995833333333334,2.3215548472805265,0.636604774535809,1.0,0.8184918529746116,0.3010638228113966,54.93942727093047,MEDIUM / RECURRENT,4.845555555555555,6.62,335.66888888888894,343.85,,1,AGRICULTURAL,,0,,0,,0,,0,unknown
978,25.703118,78.95778800000001,5,4,8.035416666666666,1.7390799171462283,0.4977962146746176,1.0,0.622245268343272,0.3650860983427866,50.9690800171539,MEDIUM / RECURRENT,3.918,4.87,336.31000000000006,345.62,,1,AGRICULTURAL,,0,,0,,0,,0,unknown
979,25.826293333333336,79.32629999999999,3,3,7.496527777777778,0.9966654471469928,0.4001852709587772,1.0,0.4001852709587772,0.5008350304398195,49.82355563427115,MEDIUM / RECURRENT,4.596666666666667,7.71,321.0466666666666,333.84,,1,AGRICULTURAL,,0,,0,,0,,0,unknown
980,25.930055,81.61696833333333,6,5,10.009027777777778,2.116532721001049,0.4995490182474155,1.0,0.5994588218968986,0.3208694050479258,50.10052138341186,MEDIUM / RECURRENT,2.9949999999999997,4.66,332.2083333333333,335.71,,1,AGRICULTURAL,,0,,0,,0,,0,unknown
981,25.9815475,80.56491249999999,4,4,6.977777777777778,1.3983587908449282,0.5732484076433121,0.9968253968253968,0.5732484076433121,0.4169517937921647,54.46986187928076,MEDIUM / RECURRENT,3.2125,3.79,334.665,338.77,,1,AGRICULTURAL,,0,,0,,0,,0,unknown
982,25.99615,79.683592,5,4,5.993055555555555,1.5730394133402674,0.6674391657010429,0.8561507936507936,0.8342989571263036,0.3886454264226836,54.20564708351262,MEDIUM / RECURRENT,4.226,5.13,336.728,346.36,,1,AGRICULTURAL,,0,,0,,0,,0,unknown
983,26.294953333333336,82.31281333333332,3,3,9.022222222222222,1.803639976167036,0.3325123152709359,1.0,0.3325123152709359,0.3566791772484064,44.43653920999276,MEDIUM / RECURRENT,9.39,12.57,337.00666666666666,343.47,,1,AGRICULTURAL,,0,,0,,0,,0,unknown
984,26.35215,81.53757666666667,3,3,10.009027777777778,0.920296954065682,0.2997294109484493,1.0,0.2997294109484493,0.5207527918443993,46.50504404198061,MEDIUM / RECURRENT,4.57,5.97,338.59666666666664,342.75,,1,AGRICULTURAL,,0,,0,,0,,0,unknown
985,26.3552275,81.14496,4,3,5.993055555555555,1.1722111296066182,0.5005793742757821,0.8561507936507936,0.6674391657010429,0.4603604071309115,49.46613441494252,MEDIUM / RECURRENT,5.9375,11.9,335.7075,340.66,,1,AGRICULTURAL,,0,,0,,0,,0,unknown
986,26.39664666666667,79.95921333333332,3,3,25.022222222222226,1.1252695697650976,0.1198934280639431,1.0,0.1198934280639431,0.4705285457555054,38.84662775347601,LOW / TRANSIENT,2.733333333333333,3.49,331.7833333333333,332.94,,1,AGRICULTURAL,,0,,0,,0,,0,unknown
987,26.669548571428574,80.47399714285714,7,5,10.009027777777778,2.6663638547815345,0.4995490182474155,1.0,0.6993686255463817,0.2727497977855737,49.33794884546378,MEDIUM / RECURRENT,3.97,6.25,335.04857142857145,340.2,,1,AGRICULTURAL,,0,,0,,0,,0,unknown
988,26.69843333333333,79.88209666666667,3,3,10.995833333333334,1.0094939292476468,0.2728306176582039,1.0,0.2728306176582039,0.4976377312940673,45.047487479234896,MEDIUM / RECURRENT,3.8866666666666663,6.64,335.0566666666667,343.17,,1,AGRICULTURAL,,0,,0,,0,,0,unknown
989,23.53588,77.92904,3,3,9.540972222222225,1.8716344208590143,0.3144333648737171,1.0,0.3144333648737171,0.3482337419889479,43.59870934010649,MEDIUM / RECURRENT,1.95,2.58,321.07,333.68,,1,AGRICULTURAL,,0,,0,,0,,0,unknown
990,26.30755666666667,81.2787,6,3,10.477083333333333,2.1154962723608217,0.2863392324517796,1.0,0.5726784649035593,0.3209761503717777,42.586753073054965,MEDIUM / RECURRENT,3.973333333333333,10.78,328.4666666666667,338.98,,1,AGRICULTURAL,,0,,0,,0,,0,unknown
991,21.080973333333333,79.22771666666667,3,3,5.004166666666666,0.4915889840790716,0.5995004163197336,0.7148809523809524,0.5995004163197336,0.6704259757036314,53.46205872742657,MEDIUM / RECURRENT,3.806666666666666,5.58,335.74333333333334,341.06,,1,AGRICULTURAL,,0,,0,,0,,0,unknown
992,21.387368,81.151644,5,5,10.995833333333334,1.923759343256532,0.4547176960970064,1.0,0.4547176960970064,0.342025414063725,48.665063036863735,MEDIUM / RECURRENT,4.252,5.53,335.682,343.74,,1,AGRICULTURAL,,0,,0,,0,,0,unknown
993,21.440683999999997,81.38989,5,4,10.995833333333334,1.730086618193369,0.3637741568776051,1.0,0.4547176960970064,0.3662887445899971,45.967305774710134,MEDIUM / RECURRENT,5.574,12.84,335.36400000000003,345.29,,1,AGRICULTURAL,,0,,0,,0,,0,unknown
994,21.53492,81.03081666666667,6,6,10.00763888888889,2.0862467335902943,0.599542016515162,1.0,0.599542016515162,0.3240181639128636,53.663417889318275,MEDIUM / RECURRENT,4.516666666666667,8.01,337.57166666666666,345.05,,1,AGRICULTURAL,,0,,0,,0,,0,unknown
995,21.7274375,82.11986999999999,4,3,5.004166666666666,1.910433150230573,0.5995004163197336,0.7148809523809524,0.7993338884263115,0.3435914684797955,47.325035527163024,MEDIUM / RECURRENT,5.637499999999999,8.92,335.34749999999997,342.57,,1,AGRICULTURAL,,0,,0,,0,,0,unknown
996,21.75046333333333,81.88732666666665,3,3,10.00763888888889,1.0063538929429705,0.299771008257581,1.0,0.299771008257581,0.498416557277029,46.05985845107109,MEDIUM / RECURRENT,4.180000000000001,7.32,334.38,341.45,,1,AGRICULTURAL,,0,,0,,0,,0,unknown
997,21.802096,81.87171599999999,5,4,10.00763888888889,2.063769114484198,0.3996946776767746,1.0,0.4996183470959683,0.3263953524671376,46.5164574622218,MEDIUM / RECURRENT,4.561999999999999,7.92,335.62600000000003,339.21,,1,AGRICULTURAL,,0,,0,,0,,0,unknown
998,21.8676075,81.43451,4,3,10.00763888888889,0.9630201444859906,0.299771008257581,1.0,0.3996946776767746,0.5094191227782058,46.479757099933,MEDIUM / RECURRENT,3.6725,3.82,333.765,337.27,,1,AGRICULTURAL,,0,,0,,0,,0,unknown
999,24.473257500000003,80.576215,4,4,5.990972222222222,1.223628167186309,0.6676712646342877,0.8558531746031746,0.6676712646342877,0.4497154761559619,55.094475679667255,MEDIUM / RECURRENT,3.8975,4.83,335.65000000000003,341.5,,1,AGRICULTURAL,,0,,0,,0,,0,unknown
1000,25.749259259259265,80.88584592592593,27,11,10.994444444444444,5.269619917653129,1.0,1.0,2.4557857503789795,0.1594993018929805,68.10155753861757,MEDIUM / RECURRENT,5.073703703703703,10.93,336.1025925925926,348.72,,1,AGRICULTURAL,,0,,0,,0,,0,unknown
1001,25.8452575,81.666975,4,4,6.977777777777778,2.009982340930614,0.5732484076433121,0.9968253968253968,0.5732484076433121,0.3322278627358405,52.77538325815427,MEDIUM / RECURRENT,4.2775,6.7,334.68,336.16,,1,AGRICULTURAL,,0,,0,,0,,0,unknown
1002,26.020016666666667,78.31828,3,2,5.989583333333333,0.2980529299315356,0.3339130434782609,0.8556547619047619,0.5008695652173913,0.7703846098577382,49.48775689694773,MEDIUM / RECURRENT,6.773333333333333,8.1,335.1033333333333,339.82,,1,AGRICULTURAL,,0,,0,,0,,0,unknown
1003,26.06649,79.47050333333334,3,2,9.020833333333334,0.2764237706427591,0.2217090069284064,1.0,0.3325635103926097,0.7834388727314577,49.0937197179086,MEDIUM / RECURRENT,4.153333333333333,5.49,335.6166666666666,339.44,,1,AGRICULTURAL,,0,,0,,0,,0,unknown
1004,26.158186666666666,82.46296666666667,3,2,5.004861111111111,1.109568932213669,0.3996114888303038,0.7149801587301587,0.5994172332454558,0.4740304925474292,42.54035039475409,MEDIUM / RECURRENT,5.433333333333334,9.97,335.6133333333333,344.25,,1,AGRICULTURAL,,0,,0,,0,,0,unknown
1005,26.3222325,80.8352625,4,2,4.016666666666667,1.140241165595136,0.4979253112033195,0.5738095238095238,0.995850622406639,0.4672370647173914,43.109066526515385,MEDIUM / RECURRENT,3.99,6.01,333.66499999999996,335.37,,1,AGRICULTURAL,,0,,0,,0,,0,unknown
1006,26.651996666666665,80.67071666666668,3,2,1.0,1.4663711770622352,1.0,0.1428571428571428,3.0,0.4054539759871539,52.68050809117164,MEDIUM / RECURRENT,7.243333333333333,10.52,334.4533333333333,334.98,,1,AGRICULTURAL,,0,,0,,0,,0,unknown
1007,21.268133333333335,81.16411,3,2,3.03125,1.0331539945318322,0.6597938144329897,0.4330357142857143,0.9896907216494846,0.4918466592739654,45.734990991075776,MEDIUM / RECURRENT,4.1033333333333335,5.19,337.5566666666667,346.07,,1,AGRICULTURAL,,0,,0,,0,,0,unknown
1008,21.399756666666665,81.19455666666666,3,2,9.022222222222222,0.2107698838758674,0.2216748768472906,1.0,0.3325123152709359,0.8259207743083603,49.942060806364246,MEDIUM / RECURRENT,3.0066666666666664,3.43,329.8533333333333,331.81,,1,AGRICULTURAL,,0,,0,,0,,0,unknown
1009,21.747597857142857,81.78192321428571,28,7,9.022222222222222,4.151203372368319,0.7758620689655172,1.0,3.103448275862069,0.1941293961259851,62.24465688803694,MEDIUM / RECURRENT,11.231428571428571,51.99,340.06821428571436,367.0,,1,AGRICULTURAL,,0,,0,,0,,0,unknown
1010,21.964424,81.724846,5,5,25.022222222222226,2.155009938372702,0.1998223801065719,1.0,0.1998223801065719,0.3169562123521494,38.732552310986144,LOW / TRANSIENT,4.462,6.05,336.39,344.5,,1,AGRICULTURAL,,0,,0,,0,,0,unknown
1011,23.73703,80.18504666666666,3,3,17.975,1.948704400340556,0.1668984700973574,1.0,0.1668984700973574,0.3391319929812248,37.95788325322672,LOW / TRANSIENT,4.773333333333333,5.31,339.68666666666667,344.13,,1,AGRICULTURAL,,0,,0,,0,,0,unknown
1012,24.981252499999997,81.48599375,8,5,9.022222222222222,2.015472159438964,0.5541871921182266,1.0,0.8866995073891626,0.331623025226687,52.802411243449995,MEDIUM / RECURRENT,3.72875,7.64,333.11375,339.54,,1,AGRICULTURAL,,0,,0,,0,,0,unknown
1013,25.447423333333333,81.79109666666666,3,1,1.0,0.3195149045320479,1.0,0.1428571428571428,3.0,0.757854266416672,59.728513899762014,MEDIUM / RECURRENT,6.373333333333332,6.6,345.73333333333335,348.97,,1,AGRICULTURAL,,0,,0,,0,,0,unknown
1014,22.108595,79.5530375,4,3,27.98055555555555,1.6342319652800497,0.1072173136106423,1.0,0.142956418147523,0.3796172900413834,36.6308646134952,LOW / TRANSIENT,7.92,14.56,338.2325,351.03,,1,AGRICULTURAL,,0,,0,,0,,0,unknown
1015,22.013231666666663,82.185345,6,5,7.567361111111111,1.5471677188572133,0.6607323116454069,1.0,0.7928787739744884,0.392592915102053,57.56324675757928,MEDIUM / RECURRENT,4.084999999999999,10.5,311.9166666666667,340.01,,1,AGRICULTURAL,,0,,0,,0,,0,unknown
1016,26.231165000000004,82.37010000000001,4,4,9.020833333333334,1.2053303396169577,0.4434180138568129,1.0,0.4434180138568129,0.4534468066011776,50.475402644725634,MEDIUM / RECURRENT,4.3525,5.38,332.7425,339.85,,1,AGRICULTURAL,,0,,0,,0,,0,unknown
1017,21.38043,81.49851,3,2,1.9736111111111112,0.262370464987763,1.0,0.2819444444444444,1.5200562983814214,0.7921604851628825,60.93193341113161,MEDIUM / RECURRENT,4.716666666666667,8.59,332.6066666666666,335.48,,1,AGRICULTURAL,,0,,0,,0,,0,unknown
1018,21.42845,81.5100475,4,3,6.979166666666667,1.7269313882808146,0.4298507462686567,0.9970238095238096,0.5731343283582089,0.3667125635421457,48.450891285057565,MEDIUM / RECURRENT,3.7,4.22,334.23999999999995,341.03,,1,AGRICULTURAL,,0,,0,,0,,0,unknown
1019,21.776441666666667,81.4722225,12,9,8.952777777777778,3.121189539891847,1.0,1.0,1.340366118523115,0.2426483883646475,67.53370000433918,MEDIUM / RECURRENT,6.848333333333333,17.39,336.6308333333333,347.78,,1,AGRICULTURAL,,0,,0,,0,,0,unknown
1020,21.970623333333332,81.56057333333332,3,3,9.020833333333334,1.5687318434805977,0.3325635103926097,1.0,0.3325635103926097,0.3892971555353218,45.09079299523299,MEDIUM / RECURRENT,2.6333333333333333,3.24,332.6033333333333,336.16,,1,AGRICULTURAL,,0,,0,,0,,0,unknown
1021,22.499354,80.49839000000001,5,5,6.979166666666667,1.7915966807881518,0.7164179104477612,0.9970238095238096,0.7164179104477612,0.3582179355929273,58.59741663652094,MEDIUM / RECURRENT,4.433999999999999,7.98,331.65999999999997,335.82,,1,AGRICULTURAL,,0,,0,,0,,0,unknown
1022,22.517622,80.444742,5,3,4.017361111111111,2.0140573150040426,0.7467588591184098,0.5739087301587301,1.2445980985306828,0.331778694128336,49.60904840274068,MEDIUM / RECURRENT,4.428,6.32,337.5,351.29,,1,AGRICULTURAL,,0,,0,,0,,0,unknown
1023,22.834195,78.41814,4,3,5.989583333333333,1.1019675095260395,0.5008695652173913,0.8556547619047619,0.6678260869565218,0.4757447465139384,49.77235093441955,MEDIUM / RECURRENT,5.234999999999999,12.87,333.49,337.24,,1,AGRICULTURAL,,0,,0,,0,,0,unknown
1024,23.76736,80.30546333333332,3,3,16.0,1.229432510510744,0.1875,1.0,0.1875,0.4485446387300186,40.90839277460037,MEDIUM / RECURRENT,3.573333333333333,4.54,331.67,334.57,,1,AGRICULTURAL,,0,,0,,0,,0,unknown
1025,24.309648,80.997622,5,3,7.964583333333334,1.8586983923157747,0.3766675385822652,1.0,0.6277792309704421,0.3498095506290609,46.43511332490139,MEDIUM / RECURRENT,4.896,7.66,338.25,347.18,,1,AGRICULTURAL,,0,,0,,0,,0,unknown
1026,24.429173333333335,80.92104,3,3,2.959722222222222,0.8816232864101113,1.0,0.4228174603174603,1.013608634443923,0.5314560078111426,58.226773933047205,MEDIUM / RECURRENT,6.039999999999999,8.53,338.2033333333333,348.38,,1,AGRICULTURAL,,0,,0,,0,,0,unknown
1027,25.778396666666666,80.89398666666666,3,2,2.9618055555555554,0.7748348305082025,0.6752637749120751,0.4231150793650793,1.012895662368113,0.5634327109264934,47.5065546493157,MEDIUM / RECURRENT,5.283333333333332,8.69,340.51,353.15,,1,AGRICULTURAL,,0,,0,,0,,0,unknown
1028,26.047502222222224,81.36734555555556,9,5,7.964583333333334,2.999369320838918,0.6277792309704421,1.0,1.1300026157467955,0.2500394236634884,54.233066788728834,MEDIUM / RECURRENT,4.884444444444444,8.99,329.40777777777777,342.39,,1,AGRICULTURAL,,0,,0,,0,,0,unknown
1029,26.09595333333333,79.66574,3,2,3.03125,1.32737601875123,0.6597938144329897,0.4330357142857143,0.9896907216494846,0.4296684300015074,44.49142640562661,MEDIUM / RECURRENT,4.7299999999999995,7.49,341.19,346.59,,1,AGRICULTURAL,,0,,0,,0,,0,unknown
1030,26.132085,82.52765666666666,6,5,10.00763888888889,1.7239571913719576,0.4996183470959683,1.0,0.599542016515162,0.3671129646117296,51.02798547362381,MEDIUM / RECURRENT,4.765,8.08,334.65333333333336,342.42,,1,AGRICULTURAL,,0,,0,,0,,0,unknown
1031,26.5401525,82.4834825,4,4,9.022222222222222,1.3878882425760477,0.4433497536945813,1.0,0.4433497536945813,0.4187800677477278,49.77954224165406,MEDIUM / RECURRENT,3.6275,3.79,337.035,339.7,,1,AGRICULTURAL,,0,,0,,0,,0,unknown
1032,21.0363425,80.77620749999998,4,4,6.977777777777778,1.9411846165220936,0.5732484076433121,0.9968253968253968,0.5732484076433121,0.339999058332654,52.930807170090546,MEDIUM / RECURRENT,2.8874999999999997,3.68,329.7275,331.8,,1,AGRICULTURAL,,0,,0,,0,,0,unknown
1033,21.088224,79.26097200000001,5,4,6.977777777777778,1.2956314989683362,0.5732484076433121,0.9968253968253968,0.7165605095541401,0.4356099837667339,55.1296498825938,MEDIUM / RECURRENT,3.926,6.22,332.482,333.87,,1,AGRICULTURAL,,0,,0,,0,,0,unknown
1034,21.326788571428573,81.01819571428572,7,5,5.992361111111111,2.691693208016425,0.8343956426005331,0.8560515873015874,1.1681538996407463,0.2708784136852227,58.359013246544286,MEDIUM / RECURRENT,3.4714285714285715,4.8,331.7457142857143,335.17,,1,AGRICULTURAL,,0,,0,,0,,0,unknown
1035,21.4736,81.93759333333334,3,3,5.004166666666666,0.7341509451621304,0.5995004163197336,0.7148809523809524,0.5995004163197336,0.5766510711133669,51.58656063562129,MEDIUM / RECURRENT,6.803333333333334,8.85,337.9166666666667,349.61,,1,AGRICULTURAL,,0,,0,,0,,0,unknown
1036,21.58071,81.21788666666667,3,2,5.992361111111111,0.4707564562483364,0.3337582570402132,0.8560515873015874,0.5006373855603199,0.6799222235276393,47.68254792062058,MEDIUM / RECURRENT,3.87,4.51,336.0933333333333,341.88,,1,AGRICULTURAL,,0,,0,,0,,0,unknown
1037,21.606478,82.13558,5,4,4.017361111111111,2.0668618459425865,0.9956784788245464,0.5739087301587301,1.2445980985306828,0.3260662039025284,58.206985287939304,MEDIUM / RECURRENT,5.462000000000001,7.58,334.024,339.05,,1,AGRICULTURAL,,0,,0,,0,,0,unknown
1038,21.79561666666667,82.22473666666666,3,2,1.9743055555555555,1.0702060840616898,1.0,0.2820436507936508,1.51952163207879,0.4830436968082068,54.751008470162986,MEDIUM / RECURRENT,3.89,5.06,331.5566666666667,332.56,,1,AGRICULTURAL,,0,,0,,0,,0,unknown
1039,21.880166666666668,81.98348333333333,3,3,6.977777777777778,1.2629578125186338,0.4299363057324841,0.9968253968253968,0.4299363057324841,0.4418995327566521,49.66626888786987,MEDIUM / RECURRENT,6.0566666666666675,9.2,332.08666666666664,332.48,,1,AGRICULTURAL,,0,,0,,0,,0,unknown
1040,21.906944545454547,81.96132363636364,11,5,6.977777777777778,3.642539909991179,0.7165605095541401,0.9968253968253968,1.5764331210191085,0.2153993329918191,57.46110565690442,MEDIUM / RECURRENT,5.197272727272728,11.91,337.4463636363636,345.75,,1,AGRICULTURAL,,0,,0,,0,,0,unknown
1041,21.940843333333333,81.29604,3,2,1.9743055555555555,0.1885428867070407,1.0,0.2820436507936508,1.51952163207879,0.8413663580710875,61.917461695420606,MEDIUM / RECURRENT,6.756666666666667,9.07,338.7233333333333,344.26,,1,AGRICULTURAL,,0,,0,,0,,0,unknown
1042,22.495356000000005,80.41970799999999,5,4,4.01875,1.5027967476493431,0.995334370139969,0.5741071428571428,1.244167962674961,0.3995530204117501,59.66877785991242,MEDIUM / RECURRENT,6.706,11.82,335.50600000000003,346.16,,1,AGRICULTURAL,,0,,0,,0,,0,unknown
1043,24.49557,81.4822125,4,4,6.979166666666667,0.8701624118498865,0.5731343283582089,0.9970238095238096,0.5731343283582089,0.5347129177999261,56.82582374334749,MEDIUM / RECURRENT,7.680000000000001,17.64,335.19,342.33,,1,AGRICULTURAL,,0,,0,,0,,0,unknown
1044,25.4863275,80.6605975,4,2,1.0,0.2703376888597535,1.0,0.1428571428571428,4.0,0.7871922629467076,62.31527383036273,MEDIUM / RECURRENT,3.415,4.82,334.025,338.1,,1,AGRICULTURAL,,0,,0,,0,,0,unknown
1045,25.513346666666664,80.42679666666668,3,3,5.992361111111111,0.8654702616324087,0.5006373855603199,0.8560515873015874,0.5006373855603199,0.5360578619596618,50.64603018746475,MEDIUM / RECURRENT,2.0,2.21,331.3766666666667,331.88,,1,AGRICULTURAL,,0,,0,,0,,0,unknown
1046,25.80407333333333,78.98674999999999,3,2,1.976388888888889,1.1876573583076795,1.0,0.2823412698412698,1.5179198875614897,0.4571099748333426,54.236571017821575,MEDIUM / RECURRENT,5.986666666666667,7.95,339.8233333333333,341.81,,1,AGRICULTURAL,,0,,0,,0,,0,unknown
1047,25.946136666666664,82.08337666666667,3,3,5.992361111111111,0.7423731125562142,0.5006373855603199,0.8560515873015874,0.5006373855603199,0.5739298849331486,51.403470646934494,MEDIUM / RECURRENT,3.6766666666666663,4.97,334.24666666666667,339.65,,1,AGRICULTURAL,,0,,0,,0,,0,unknown
1048,26.01167,79.34669333333333,3,3,15.013194444444444,1.7686146847075654,0.1998242286877284,1.0,0.1998242286877284,0.3611914671707467,39.61732580486088,LOW / TRANSIENT,2.9466666666666668,3.69,332.38333333333327,334.78,,1,AGRICULTURAL,,0,,0,,0,,0,unknown
1049,26.14171,79.36427333333333,3,3,10.00763888888889,1.2248820726529457,0.299771008257581,1.0,0.299771008257581,0.4494620242085917,45.080767789702335,MEDIUM / RECURRENT,5.543333333333333,9.17,336.41333333333336,336.92,,1,AGRICULTURAL,,0,,0,,0,,0,unknown
1050,26.38623,80.1875875,4,3,1.975,2.152383794017106,1.0,0.2821428571428571,2.0253164556962022,0.3172202578562595,52.448609497089016,MEDIUM / RECURRENT,4.37,5.53,336.27500000000003,348.04,,1,AGRICULTURAL,,0,,0,,0,,0,unknown
1051,26.85119333333333,80.37607666666666,3,3,6.977777777777778,0.6648468751870765,0.4299363057324841,0.9968253968253968,0.4299363057324841,0.6006558410290024,52.84139505331689,MEDIUM / RECURRENT,2.983333333333333,3.22,334.76,336.54,,1,AGRICULTURAL,,0,,0,,0,,0,unknown
1052,23.135553333333338,78.31708,3,2,5.992361111111111,0.8727564598210685,0.3337582570402132,0.8560515873015874,0.5006373855603199,0.5339722603843238,44.763548657754264,MEDIUM / RECURRENT,0.5866666666666668,0.69,297.07,297.54,,1,AGRICULTURAL,,0,,0,,0,,0,unknown
1053,26.438087000000003,82.716289,10,5,3.4291666666666667,2.3060952866756534,1.0,0.4898809523809523,2.916160388821385,0.3024716208362888,59.12877700389237,MEDIUM / RECURRENT,3.0420000000000003,6.8,330.457,349.98,,1,AGRICULTURAL,,0,,0,,0,,0,unknown
1054,21.1623525,79.294975,8,4,6.979166666666667,1.6792782405327653,0.5731343283582089,0.9970238095238096,1.1462686567164178,0.3732348454414922,54.74253095289525,MEDIUM / RECURRENT,4.828749999999999,9.0,331.37874999999997,337.12,,1,AGRICULTURAL,,0,,0,,0,,0,unknown
1055,21.209886666666662,80.95967,3,2,1.9743055555555555,1.1010902713568242,1.0,0.2820436507936508,1.51952163207879,0.4759433774133981,54.60900208226681,MEDIUM / RECURRENT,5.6066666666666665,8.32,338.31666666666666,342.48,,1,AGRICULTURAL,,0,,0,,0,,0,unknown
1056,21.44516,81.200745,6,4,5.990972222222222,1.7891448820275713,0.6676712646342877,0.8558531746031746,1.0015068969514316,0.3585328271914828,53.93849396501196,MEDIUM / RECURRENT,3.395,5.24,332.9533333333333,336.43,,1,AGRICULTURAL,,0,,0,,0,,0,unknown
1057,21.500482499999997,81.312095,4,3,5.990972222222222,1.6418287616765246,0.5007534484757158,0.8558531746031746,0.6676712646342877,0.3785256692282328,47.82855597556264,MEDIUM / RECURRENT,3.9025,5.69,332.195,333.61,,1,AGRICULTURAL,,0,,0,,0,,0,unknown
1058,21.597589999999997,81.89225666666668,3,3,5.990277777777778,1.0810209196845473,0.5008115001159286,0.8557539682539683,0.5008115001159286,0.4805333721256322,49.53454215315121,MEDIUM / RECURRENT,5.62,7.29,339.4166666666667,344.13,,1,AGRICULTURAL,,0,,0,,0,,0,unknown
1059,21.50854,80.97843,5,3,1.9729166666666669,2.634701826096021,1.0,0.2818452380952381,2.5343189017951424,0.275125731860675,52.617283393184735,MEDIUM / RECURRENT,2.6379999999999995,3.8,331.15799999999996,333.82,,1,AGRICULTURAL,,0,,0,,0,,0,unknown
1060,21.971636666666665,81.26964333333332,3,3,4.0159722222222225,0.8485988344215688,0.7470171191423136,0.5737103174603175,0.7470171191423136,0.5409502491182206,52.80139632713795,MEDIUM / RECURRENT,3.4333333333333336,4.23,331.4066666666667,335.29,,1,AGRICULTURAL,,0,,0,,0,,0,unknown
1061,22.512468333333334,80.37343083333333,12,8,7.965972222222222,3.502856898537782,1.0,1.0,1.5064074622962254,0.2220812303239596,67.45443953107166,MEDIUM / RECURRENT,6.508333333333332,11.46,336.8925,350.97,,1,AGRICULTURAL,,0,,0,,0,,0,unknown
1062,22.650923333333335,80.36597333333333,3,2,5.004166666666666,0.9918630146597326,0.3996669442131557,0.7148809523809524,0.5995004163197336,0.502042556461057,43.100218818844866,MEDIUM / RECURRENT,2.5233333333333334,3.37,331.73333333333335,333.44,,1,AGRICULTURAL,,0,,0,,0,,0,unknown
1063,22.96458,78.37303666666666,3,2,6.977777777777778,0.7928865881128174,0.286624203821656,0.9968253968253968,0.4299363057324841,0.5577597638524334,46.967549942906516,MEDIUM / RECURRENT,2.1633333333333336,2.3,331.18333333333334,333.93,,1,AGRICULTURAL,,0,,0,,0,,0,unknown
1064,23.683164,80.176048,5,5,5.990972222222222,1.7381464360289656,0.8345890807928596,0.8558531746031746,0.8345890807928596,0.3652105624600062,59.580336603615294,MEDIUM / RECURRENT,3.624,4.22,336.512,342.54,,1,AGRICULTURAL,,0,,0,,0,,0,unknown
1065,24.4544325,81.32723999999999,4,4,5.992361111111111,2.0070815529087067,0.6675165140804264,0.8560515873015874,0.6675165140804264,0.3325483470951143,52.75036764541774,MEDIUM / RECURRENT,4.8075,10.83,333.6075,339.82,,1,AGRICULTURAL,,0,,0,,0,,0,unknown
1066,24.517929999999996,80.94424666666667,3,3,6.977777777777778,1.0165548276656946,0.4299363057324841,0.9968253968253968,0.4299363057324841,0.4958952696354758,50.74618362544635,MEDIUM / RECURRENT,2.65,3.51,333.68333333333334,334.62,,1,AGRICULTURAL,,0,,0,,0,,0,unknown
1067,24.794903333333338,81.06773333333334,3,3,3.030555555555555,1.0243597770728914,0.9899175068744273,0.4329365079365079,0.9899175068744273,0.4939833380042469,57.330027212851434,MEDIUM / RECURRENT,4.173333333333333,4.67,335.00666666666666,337.31,,1,AGRICULTURAL,,0,,0,,0,,0,unknown
1068,25.748716666666667,78.72336666666666,3,2,3.030555555555555,0.2128856110391179,0.6599450045829515,0.4329365079365079,0.9899175068744273,0.8244800588765069,52.39092405009499,MEDIUM / RECURRENT,4.16,5.48,338.74,343.82,,1,AGRICULTURAL,,0,,0,,0,,0,unknown
1069,25.887785714285716,82.74436428571428,7,5,5.990972222222222,3.0971866141548365,0.8345890807928596,0.8558531746031746,1.1684247131100034,0.2440699177687514,57.8251949744245,MEDIUM / RECURRENT,3.4142857142857146,5.07,334.46285714285716,338.77,,1,AGRICULTURAL,,0,,0,,0,,0,unknown
1070,26.05124625,82.60636124999999,8,4,6.977777777777778,3.2522495940869676,0.5732484076433121,0.9968253968253968,1.1464968152866242,0.235169638534522,51.98071558941453,MEDIUM / RECURRENT,3.80625,4.41,333.52625,338.58,,1,AGRICULTURAL,,0,,0,,0,,0,unknown
1071,26.054547272727277,77.32894272727273,11,1,1.0,1.3135785892949547,1.0,0.1428571428571428,11.0,0.4322308326274502,67.21604522397757,MEDIUM / RECURRENT,80.24727272727273,159.84,313.4418181818182,347.65,,1,AGRICULTURAL,,0,,0,,0,,0,unknown
1072,26.072450000000003,79.25927999999999,3,1,1.0,0.8626310271724684,1.0,0.1428571428571428,3.0,0.5368749824370911,55.308928220170394,MEDIUM / RECURRENT,4.466666666666667,6.5,336.0333333333333,338.34,,1,AGRICULTURAL,,0,,0,,0,,0,unknown
1073,26.458606666666668,80.13680166666666,6,3,6.979166666666667,1.5297113945498868,0.4298507462686567,0.9970238095238096,0.8597014925373134,0.3953020104010444,49.595814550593744,MEDIUM / RECURRENT,7.935,14.39,335.59000000000003,348.17,,1,AGRICULTURAL,,0,,0,,0,,0,unknown
1074,26.500288,79.78744999999999,5,4,5.004166666666666,1.4846621185494608,0.7993338884263115,0.7148809523809524,0.9991673605328892,0.402469210012264,55.89642882575576,MEDIUM / RECURRENT,4.5200000000000005,6.41,335.95599999999996,346.16,,1,AGRICULTURAL,,0,,0,,0,,0,unknown
1075,26.52888,80.68092,4,4,16.0,1.070947097056127,0.25,1.0,0.25,0.4828708572138373,43.90741714427675,MEDIUM / RECURRENT,3.355,3.72,334.56,339.37,,1,AGRICULTURAL,,0,,0,,0,,0,unknown
1076,26.59935666666667,81.51404666666666,3,2,1.0,1.0482428496299143,1.0,0.1428571428571428,3.0,0.4882233570011898,54.335895711452366,MEDIUM / RECURRENT,2.6466666666666665,2.94,330.9733333333333,332.03,,1,AGRICULTURAL,,0,,0,,0,,0,unknown
1077,26.65899,80.63525285714286,7,6,10.995833333333334,2.249451765300487,0.5456612353164078,1.0,0.636604774535809,0.3077442203262022,51.526237191669935,MEDIUM / RECURRENT,3.692857142857143,6.88,333.1914285714286,343.61,,1,AGRICULTURAL,,0,,0,,0,,0,unknown
1078,26.695513333333327,79.94034,3,2,4.017361111111111,0.9293748976029996,0.4978392394122731,0.5739087301587301,0.7467588591184098,0.5183025866265657,43.63166108416595,MEDIUM / RECURRENT,4.266666666666667,4.84,335.0833333333333,340.27,,1,AGRICULTURAL,,0,,0,,0,,0,unknown
1079,26.858003333333333,80.64149333333334,3,2,5.004166666666666,0.3523672791131297,0.3996669442131557,0.7148809523809524,0.5995004163197336,0.739444095878888,47.84824960720149,MEDIUM / RECURRENT,2.536666666666666,3.62,332.90000000000003,336.6,,1,AGRICULTURAL,,0,,0,,0,,0,unknown
1080,23.272886666666665,78.02747333333333,3,2,6.511111111111111,1.4053450824392408,0.3071672354948805,0.9301587301587302,0.4607508532423208,0.415740763061701,43.24113846400773,MEDIUM / RECURRENT,1.09,2.57,308.93333333333334,332.13,,1,AGRICULTURAL,,0,,0,,0,,0,unknown
1081,21.05857333333333,79.31049,3,2,5.003472222222222,0.5472342188597055,0.3997224149895905,0.714781746031746,0.5995836224843858,0.6463145578159388,45.985286576716874,MEDIUM / RECURRENT,7.469999999999999,10.7,337.7666666666667,347.92,,1,AGRICULTURAL,,0,,0,,0,,0,unknown
1082,21.090746666666664,79.19349333333334,3,2,1.9743055555555555,1.2117742501199589,1.0,0.2820436507936508,1.51952163207879,0.4521257085553661,54.13264870510617,MEDIUM / RECURRENT,3.78,4.52,335.4266666666667,340.25,,1,AGRICULTURAL,,0,,0,,0,,0,unknown
1083,21.261619999999997,80.89280333333333,3,3,9.022222222222222,1.7554931725061025,0.3325123152709359,1.0,0.3325123152709359,0.362911441762168,44.56118450026799,MEDIUM / RECURRENT,6.13,7.32,335.5,339.67,,1,AGRICULTURAL,,0,,0,,0,,0,unknown
1084,21.345376666666667,81.33833666666666,3,2,4.018055555555556,0.5007897553013636,0.4977531973729692,0.5740079365079366,0.7466297960594538,0.6663158490172374,46.59113689321599,MEDIUM / RECURRENT,2.92,2.98,330.59,331.58,,1,AGRICULTURAL,,0,,0,,0,,0,unknown
1085,21.41174,80.95089,3,3,4.018055555555556,0.7991639870973583,0.7466297960594538,0.5740079365079366,0.7466297960594538,0.5558137041267306,53.091774949432825,MEDIUM / RECURRENT,3.356666666666667,4.26,334.80333333333334,338.86,,1,AGRICULTURAL,,0,,0,,0,,0,unknown
1086,21.773955,81.552055,4,2,5.003472222222222,1.5483506516428442,0.3997224149895905,0.714781746031746,0.7994448299791811,0.3924106752559073,41.30693134050583,MEDIUM / RECURRENT,4.49,5.85,333.30499999999995,335.49,,1,AGRICULTURAL,,0,,0,,0,,0,unknown
1087,22.19508666666667,79.32436333333334,3,3,42.99652777777778,1.2636294031959454,0.0697730759912783,1.0,0.0697730759912783,0.441768426663893,36.416972344955155,LOW / TRANSIENT,3.2466666666666666,4.04,332.46999999999997,333.06,,1,AGRICULTURAL,,0,,0,,0,,0,unknown
1088,24.70689333333333,80.73379333333334,3,3,26.997222222222224,1.4759928034572622,0.1111225434715505,1.0,0.1111225434715505,0.4038783952052229,37.189102012551835,LOW / TRANSIENT,4.22,4.94,333.18,334.12,,1,AGRICULTURAL,,0,,0,,0,,0,unknown
1089,25.007853333333333,81.57386666666666,3,2,5.989583333333333,1.061616420047363,0.3339130434782609,0.8556547619047619,0.5008695652173913,0.4850562841253594,43.78119038230015,MEDIUM / RECURRENT,4.546666666666667,6.32,333.34999999999997,335.33,,1,AGRICULTURAL,,0,,0,,0,,0,unknown
1090,25.419516666666667,81.26747,3,3,25.022222222222226,1.5097051137616184,0.1198934280639431,1.0,0.1198934280639431,0.3984531865981542,37.40512057032899,LOW / TRANSIENT,4.1466666666666665,5.7,331.25,332.86,,1,AGRICULTURAL,,0,,0,,0,,0,unknown
1091,26.086663333333338,82.50777666666666,3,2,4.0159722222222225,0.7842261860324881,0.4980114127615424,0.5737103174603175,0.7470171191423136,0.5604670572757705,44.47653276696196,MEDIUM / RECURRENT,5.260000000000001,5.88,336.9166666666667,341.17,,1,AGRICULTURAL,,0,,0,,0,,0,unknown
1092,26.19799,82.6272825,4,3,5.002777777777778,1.7139591898419035,0.5996668517490282,0.7146825396825397,0.7995558023320377,0.3684653784562814,47.823822477069186,MEDIUM / RECURRENT,3.225,4.72,333.0275,336.48,,1,AGRICULTURAL,,0,,0,,0,,0,unknown
1093,26.240566,82.584348,5,3,5.002777777777778,1.2588767561844625,0.5996668517490282,0.7146825396825397,0.9994447529150472,0.4426979016283874,49.70825084167732,MEDIUM / RECURRENT,3.536,4.52,338.32399999999996,348.34,,1,AGRICULTURAL,,0,,0,,0,,0,unknown
1094,26.34538,81.22880333333333,3,2,1.0,1.324731973093499,1.0,0.1428571428571428,3.0,0.4301571155617176,53.17457088266292,MEDIUM / RECURRENT,7.473333333333334,14.71,336.70666666666665,341.85,,1,AGRICULTURAL,,0,,0,,0,,0,unknown
1095,26.414600000000004,82.16525666666666,3,3,3.029166666666667,1.6288810640905933,0.9903713892709766,0.4327380952380952,0.9903713892709766,0.3803899741451138,55.06999326688079,MEDIUM / RECURRENT,3.78,6.34,335.5933333333333,347.83,,1,AGRICULTURAL,,0,,0,,0,,0,unknown
1096,26.474469999999997,81.17770666666667,3,3,10.997222222222222,1.3375902349442037,0.2727961606466279,1.0,0.2727961606466279,0.4277909725370961,43.64927739466716,MEDIUM / RECURRENT,3.466666666666667,4.72,330.7033333333333,332.76,,1,AGRICULTURAL,,0,,0,,0,,0,unknown
1097,24.45883333333333,81.71916,3,2,5.004861111111111,1.3302149585652832,0.3996114888303038,0.7149801587301587,0.5994172332454558,0.4291449577749263,41.642639699304034,MEDIUM / RECURRENT,4.079999999999999,5.72,332.37666666666667,333.67,,1,AGRICULTURAL,,0,,0,,0,,0,unknown
1098,24.980496666666667,81.74946333333334,3,2,4.018055555555556,1.2211039915983897,0.4977531973729692,0.5740079365079366,0.7466297960594538,0.4502265557050134,42.269351026971506,MEDIUM / RECURRENT,3.709999999999999,4.51,334.24,341.84,,1,AGRICULTURAL,,0,,0,,0,,0,unknown
1099,25.383272857142856,81.37681571428571,7,4,5.004861111111111,1.382788324942137,0.7992229776606077,0.7149801587301587,1.3986402109060634,0.4196763890154966,57.03811638849729,MEDIUM / RECURRENT,6.1571428571428575,10.32,335.5671428571428,343.05,,1,AGRICULTURAL,,0,,0,,0,,0,unknown
1100,25.921547500000003,82.634845,8,3,5.004861111111111,1.5013050493466296,0.5994172332454558,0.7149801587301587,1.5984459553212154,0.3997913010495109,50.04682506347756,MEDIUM / RECURRENT,5.345,8.56,336.04875,344.52,,1,AGRICULTURAL,,0,,0,,0,,0,unknown
1101,26.23064,82.53989333333334,3,3,10.995138888888889,1.2975625237304904,0.272847849428409,1.0,0.272847849428409,0.435243868086918,43.800247790589495,MEDIUM / RECURRENT,3.8433333333333337,3.9,333.63,337.64,,1,AGRICULTURAL,,0,,0,,0,,0,unknown
1102,26.355856666666668,81.57536,3,1,1.0,0.8579290710503605,1.0,0.1428571428571428,3.0,0.5382336794131009,55.33610215969058,MEDIUM / RECURRENT,4.21,4.49,332.3333333333333,334.37,,1,AGRICULTURAL,,0,,0,,0,,0,unknown
1103,26.553165,81.5207425,4,4,10.995833333333334,1.642801921309834,0.3637741568776051,1.0,0.3637741568776051,0.3783862846233957,46.0273694969393,MEDIUM / RECURRENT,3.48,3.96,331.785,333.53,,1,AGRICULTURAL,,0,,0,,0,,0,unknown
1104,25.761919999999996,80.82294,4,3,3.029861111111111,1.3190274803855195,0.9901443960577584,0.4328373015873015,1.3201925280770113,0.4312152436562581,56.74067633098328,MEDIUM / RECURRENT,3.94,5.43,331.405,332.5,,1,AGRICULTURAL,,0,,0,,0,,0,unknown
1105,21.37689,81.23869,3,3,3.03125,1.0788482553609544,0.9896907216494846,0.4330357142857143,0.9896907216494846,0.4810355914248143,57.06516138667007,MEDIUM / RECURRENT,2.526666666666667,2.59,329.1433333333333,330.09,,1,AGRICULTURAL,,0,,0,,0,,0,unknown
1106,24.280936666666666,81.01152666666667,3,3,14.026388888888889,1.0813857126268804,0.2138825626299633,1.0,0.2138825626299633,0.480449151703803,42.5226378513847,MEDIUM / RECURRENT,4.203333333333333,4.95,331.90000000000003,332.89,,1,AGRICULTURAL,,0,,0,,0,,0,unknown
1107,25.673322,78.97645,5,3,2.0444444444444443,1.7042965960693954,1.0,0.292063492063492,2.4456521739130435,0.3697819246060016,54.58853014153342,MEDIUM / RECURRENT,5.538,9.2,335.898,339.84,,1,AGRICULTURAL,,0,,0,,0,,0,unknown
1108,25.680796666666662,78.05123333333333,3,2,1.0,1.066160700215225,1.0,0.1428571428571428,3.0,0.4839894592399485,54.25121775622755,MEDIUM / RECURRENT,4.303333333333334,6.69,337.44666666666666,340.86,,1,AGRICULTURAL,,0,,0,,0,,0,unknown
1109,25.691244444444447,78.88958222222222,9,4,10.995833333333334,2.8674992960950365,0.3637741568776051,1.0,0.8184918529746116,0.2585650115074842,44.540379426815086,MEDIUM / RECURRENT,5.40888888888889,12.23,339.1488888888889,343.67,,1,AGRICULTURAL,,0,,0,,0,,0,unknown
1110,21.052396666666667,79.34283666666667,3,2,1.9736111111111112,0.9072703566821824,1.0,0.2819444444444444,1.5200562983814214,0.5243095172619174,55.5749140531123,MEDIUM / RECURRENT,4.233333333333333,5.08,331.9533333333333,332.11,,1,AGRICULTURAL,,0,,0,,0,,0,unknown
1111,21.265035,81.19294000000001,4,2,1.9736111111111112,0.7577156693752248,1.0,0.2819444444444444,2.0267417311752287,0.5689202283526592,57.480499140514766,MEDIUM / RECURRENT,3.6175,4.45,331.9475,334.65,,1,AGRICULTURAL,,0,,0,,0,,0,unknown
1112,21.50569,81.53767333333333,3,3,9.022222222222222,1.5695092922630485,0.3325123152709359,1.0,0.3325123152709359,0.3891793670531031,45.08654300608669,MEDIUM / RECURRENT,4.756666666666667,5.31,338.6233333333334,340.49,,1,AGRICULTURAL,,0,,0,,0,,0,unknown
1113,25.3914275,77.44724500000001,4,1,1.0,0.4306955984269228,1.0,0.1428571428571428,4.0,0.6989607021224635,60.550642613877834,MEDIUM / RECURRENT,16.127499999999998,36.58,340.72749999999996,345.02,,1,AGRICULTURAL,,0,,0,,0,,0,unknown
1114,26.200333333333333,82.50739333333333,3,3,2.9604166666666667,0.7042670333502244,1.0,0.4229166666666666,1.0133708655876144,0.5867625087098082,59.33490857203806,MEDIUM / RECURRENT,3.790000000000001,6.05,335.26,339.5,,1,AGRICULTURAL,,0,,0,,0,,0,unknown
1115,26.626135,81.823,4,3,5.004166666666666,1.5208873431283825,0.5995004163197336,0.7148809523809524,0.7993338884263115,0.3966857157365133,48.386920472297376,MEDIUM / RECURRENT,5.17,7.48,333.9325,338.87,,1,AGRICULTURAL,,0,,0,,0,,0,unknown
1116,21.823939999999997,81.55326333333333,3,2,1.0,0.8895007368819859,1.0,0.1428571428571428,3.0,0.5292403334280666,55.15623523998989,MEDIUM / RECURRENT,4.006666666666667,4.11,331.1033333333333,333.32,,1,AGRICULTURAL,,0,,0,,0,,0,unknown
1117,23.026686666666667,77.36068999999999,3,1,1.0,0.291574621855552,1.0,0.1428571428571428,3.0,0.7742487217373017,60.056403006174605,MEDIUM / RECURRENT,5.213333333333334,6.4,341.3833333333334,344.51,,1,AGRICULTURAL,,0,,0,,0,,0,unknown
1118,23.040236,78.113558,5,3,12.50347222222222,1.6881258575454428,0.2399333518467092,1.0,0.3998889197445154,0.3720063914392427,41.63757298290871,MEDIUM / RECURRENT,1.714,4.66,314.142,336.74,,1,AGRICULTURAL,,0,,0,,0,,0,unknown
1119,23.116113333333335,80.08247,3,2,14.026388888888889,1.6053725454809458,0.1425883750866422,1.0,0.2138825626299633,0.3838222682335828,38.09480361796406,LOW / TRANSIENT,3.92,7.33,334.15000000000003,339.31,,1,AGRICULTURAL,,0,,0,,0,,0,unknown
1120,23.21165,78.59276999999999,3,1,1.0,1.4076739218826242,1.0,0.1428571428571428,3.0,0.4153386349003911,52.87820126943639,MEDIUM / RECURRENT,3.5766666666666667,5.22,331.7033333333333,332.75,,1,AGRICULTURAL,,0,,0,,0,,0,unknown
1121,23.539048,76.123506,5,1,1.0,0.7672822570453993,1.0,0.1428571428571428,5.0,0.5658405701825089,59.88823997507875,MEDIUM / RECURRENT,3.674,4.13,340.836,347.15,,1,AGRICULTURAL,,0,,0,,0,,0,unknown
1122,25.074726666666667,81.70966666666668,3,3,5.004166666666666,1.299922398799272,0.5995004163197336,0.7148809523809524,0.5995004163197336,0.434797278604736,48.74948478544868,MEDIUM / RECURRENT,3.5033333333333334,4.15,332.81,337.03,,1,AGRICULTURAL,,0,,0,,0,,0,unknown
1123,25.70649,82.09513,3,1,1.0,0.2592263738645456,1.0,0.1428571428571428,3.0,0.7941383858813377,60.45419628905533,MEDIUM / RECURRENT,4.2,5.98,332.50666666666666,336.24,,1,AGRICULTURAL,,0,,0,,0,,0,unknown
1124,25.8247925,82.75211999999999,4,3,1.9736111111111112,1.7391901648312729,1.0,0.2819444444444444,2.0267417311752287,0.3650714042563004,53.403522658587576,MEDIUM / RECURRENT,5.505,8.69,336.67,347.22,,1,AGRICULTURAL,,0,,0,,0,,0,unknown
1125,26.22133,81.76055000000001,3,2,1.0,0.8482245973656412,1.0,0.1428571428571428,3.0,0.5410597832240441,55.39262423590945,MEDIUM / RECURRENT,3.123333333333333,4.31,333.16,335.82,,1,AGRICULTURAL,,0,,0,,0,,0,unknown
1126,26.264686666666663,81.43342333333334,3,2,1.0,1.1315675852646458,1.0,0.1428571428571428,3.0,0.469138303149719,53.95419463442295,MEDIUM / RECURRENT,6.236666666666667,7.79,334.84666666666664,339.12,,1,AGRICULTURAL,,0,,0,,0,,0,unknown
1127,26.31445666666667,81.49596333333334,3,2,5.522916666666666,1.5595824023108729,0.3621274990569597,0.7889880952380952,0.5431912485854395,0.3906887307465342,41.299321960047536,MEDIUM / RECURRENT,5.43,10.61,320.31,333.3,,1,AGRICULTURAL,,0,,0,,0,,0,unknown
1128,26.367332500000003,82.2271875,4,2,1.9736111111111112,0.5749643324266128,1.0,0.2819444444444444,2.0267417311752287,0.6349350137086968,58.80079484763551,MEDIUM / RECURRENT,4.2425,5.68,333.7575,340.39,,1,AGRICULTURAL,,0,,0,,0,,0,unknown
1129,26.72451,80.01118666666666,3,2,1.0,0.8138557456253851,1.0,0.1428571428571428,3.0,0.551311758066636,55.59766373276129,MEDIUM / RECURRENT,2.99,3.18,333.83666666666664,337.03,,1,AGRICULTURAL,,0,,0,,0,,0,unknown
1130,21.50068333333333,81.80015999999999,3,1,1.0,0.3057453641027249,1.0,0.1428571428571428,3.0,0.7658461040657606,59.88835065274378,MEDIUM / RECURRENT,6.433333333333334,8.86,350.0533333333333,355.74,,1,AGRICULTURAL,,0,,0,,0,,0,unknown
1131,21.699579999999997,81.7459,3,1,1.0,0.3047447596529973,1.0,0.1428571428571428,3.0,0.7664334289152114,59.90009714973279,MEDIUM / RECURRENT,9.013333333333334,10.3,339.4033333333333,343.94,,1,AGRICULTURAL,,0,,0,,0,,0,unknown
1132,21.793536666666668,81.68778666666667,3,2,12.96875,1.175346929105575,0.1542168674698795,1.0,0.2313253012048192,0.4596967897948877,40.054176759753176,MEDIUM / RECURRENT,2.9233333333333333,4.96,336.0533333333333,345.57,,1,AGRICULTURAL,,0,,0,,0,,0,unknown
1133,21.90913,81.79912666666667,3,2,1.9736111111111112,1.282510892897874,1.0,0.2819444444444444,1.5200562983814214,0.4381140099315805,53.85100390650557,MEDIUM / RECURRENT,3.34,4.14,329.99666666666667,331.66,,1,AGRICULTURAL,,0,,0,,0,,0,unknown
1134,24.932473333333338,81.86332,3,2,10.995833333333334,1.713880972167548,0.1818870784388025,1.0,0.2728306176582039,0.3684759981206216,39.28122894308693,LOW / TRANSIENT,2.54,3.22,331.2,332.7,,1,AGRICULTURAL,,0,,0,,0,,0,unknown
1135,24.999548,81.69613,5,2,1.0,1.026731753437046,1.0,0.1428571428571428,5.0,0.4934052068331903,58.43953270809238,MEDIUM / RECURRENT,4.238,5.79,335.726,343.34,,1,AGRICULTURAL,,0,,0,,0,,0,unknown
1136,24.9969525,81.5316075,4,2,1.0,1.6232666575892931,1.0,0.1428571428571428,4.0,0.3812040979924516,54.195510531277606,MEDIUM / RECURRENT,4.7525,9.3,334.42249999999996,338.39,,1,AGRICULTURAL,,0,,0,,0,,0,unknown
1137,26.038016666666667,82.09240333333332,3,2,5.002777777777778,1.3882476480487418,0.3997779011660188,0.7146825396825397,0.5996668517490282,0.4187170458712794,41.4329646537978,MEDIUM / RECURRENT,2.3366666666666664,2.59,332.44,332.75,,1,AGRICULTURAL,,0,,0,,0,,0,unknown
1138,26.13257,81.63504,3,3,37.990972222222226,1.5249895853456057,0.0789661286489845,1.0,0.0789661286489845,0.3960412374782631,35.842571509577695,LOW / TRANSIENT,3.7266666666666666,5.0,332.50333333333333,335.32,,1,AGRICULTURAL,,0,,0,,0,,0,unknown
1139,26.254859999999997,82.45232,3,3,10.995833333333334,1.661247352161998,0.2728306176582039,1.0,0.2728306176582039,0.3757636430103349,42.61000571356024,MEDIUM / RECURRENT,2.956666666666667,3.81,333.18666666666667,335.18,,1,AGRICULTURAL,,0,,0,,0,,0,unknown
1140,24.440556666666662,81.60485666666666,3,3,10.009027777777778,1.4541355584843454,0.2997294109484493,1.0,0.2997294109484493,0.4074754536451083,44.239497277994786,MEDIUM / RECURRENT,3.5533333333333332,4.55,331.93666666666667,338.63,,1,AGRICULTURAL,,0,,0,,0,,0,unknown
