cluster_id,centroid_lat,centroid_lon,detection_count,unique_detection_days,observation_window_days,spatial_spread_km,temporal_recurrence,duration_score,detection_frequency,spatial_consistency,persistence_score,mean_frp,max_frp,mean_brightness,max_brightness,mean_confidence,satellite_count,fire_class,industrial_distance_km,forest_distance_km,farmland_distance_km,population_distance_km,industrial_feature_count,forest_feature_count,farmland_feature_count,population_feature_count,land_cover_type
0,25.54704,93.17924,3,2,2.042361111111111,0.4044403692793245,0.9792587555253316,0.0680787037037037,1.4688881332879973,0.7120273824891125,48.99249824135479,33.160000000000004,45.63,346.52,355.52,43.333333333333336,1,INDUSTRIAL,,4.817,,,0.0,2.0,0.0,0.0,forest
1,27.542900000000003,96.32136,3,1,1.0,0.3126602844731885,1.0,0.0333333333333333,3.0,0.7618117283112067,53.56956789955747,18.14,25.49,339.70666666666665,346.6,50.0,1,INDUSTRIAL,,,,,0.0,0.0,0.0,0.0,unknown
2,27.5996775,96.2724225,4,1,1.0,0.4042366974867317,1.0,0.0333333333333333,4.0,0.7121306556008509,55.075946445350354,78.4375,150.72,335.6875,367.0,52.5,1,INDUSTRIAL,,,,,0.0,0.0,0.0,0.0,unknown
3,23.759016666666668,92.28926666666666,3,2,2.042361111111111,0.294834709902643,0.9792587555253316,0.0680787037037037,1.4688881332879973,0.7722993462811858,50.19793751719626,9.806666666666668,12.61,338.92,346.54,50.0,1,INDUSTRIAL,,9.554,,6.519,0.0,3.0,0.0,6.0,population
4,23.66788,92.0066525,4,1,1.0,0.5423407570528609,1.0,0.0333333333333333,4.0,0.6483651524004477,53.800636381342294,54.0,94.34,356.425,367.0,47.5,1,INDUSTRIAL,,,,,0.0,0.0,0.0,0.0,unknown
5,27.987016666666666,94.58871333333332,3,1,1.0,0.4148203659964399,1.0,0.0333333333333333,3.0,0.7068035095011603,52.46940352335654,23.45,25.66,340.1433333333334,347.6,50.0,1,INDUSTRIAL,,,,,0.0,0.0,0.0,0.0,unknown
6,9.006599999999999,78.03653666666666,3,1,1.0,0.2979949156990774,1.0,0.0333333333333333,3.0,0.77041904240543,53.741714181441935,4.523333333333333,6.05,332.17,347.46,50.0,1,INDUSTRIAL,,,,,0.0,0.0,0.0,0.0,unknown
7,17.608627058823533,81.4672394117647,17,2,1.0,1.6045606296610406,1.0,0.0333333333333333,17.0,0.3839419165796653,63.51217166492664,5.405882352941177,13.32,339.96352941176474,353.55,44.11764705882353,1,INDUSTRIAL,,13.706,,14.406,0.0,1.0,0.0,4.0,forest
8,17.60654428571429,81.42335714285714,7,2,1.0,1.494050087330901,1.0,0.0333333333333333,7.0,0.4009542571256804,56.352418475846946,2.7142857142857144,3.96,334.58714285714285,338.43,32.857142857142854,1,INDUSTRIAL,,9.567,,11.511,0.0,3.0,0.0,19.0,forest
9,15.764148333333331,78.79277,6,2,1.0,0.7709653868027408,1.0,0.0333333333333333,6.0,0.564663774601138,57.126608825356094,3.696666666666667,5.16,336.2916666666667,345.15,36.666666666666664,1,INDUSTRIAL,,5.835,,14.45,0.0,21.0,0.0,1.0,forest
10,16.134193333333332,80.40532666666667,3,2,1.0,0.5961667947175906,1.0,0.0333333333333333,3.0,0.626500941699473,50.863352167322795,10.523333333333332,15.38,343.27666666666664,344.58,50.0,1,INDUSTRIAL,,,,,0.0,0.0,0.0,0.0,unknown
11,13.439383333333334,78.80490333333334,3,1,1.0,0.3806912202168407,1.0,0.0333333333333333,3.0,0.7242749032929664,52.81883139919267,5.1033333333333335,6.34,340.2366666666667,342.16,43.333333333333336,1,INDUSTRIAL,,6.056,,7.58,0.0,2.0,0.0,34.0,forest
12,14.036738,79.409192,5,2,1.5097222222222222,0.4499391251103515,1.0,0.050324074074074,3.311867525298988,0.689684127203542,53.33145320917016,2.054,2.82,316.56600000000003,336.52,46.0,1,INDUSTRIAL,,,,14.554,0.0,0.0,0.0,2.0,population
13,14.05722,79.41545875,8,1,1.0,0.7897367730751145,1.0,0.0333333333333333,8.0,0.5587413831151306,62.00816099563594,3.01375,6.74,325.01375,346.69,50.0,1,INDUSTRIAL,,,,13.172,0.0,0.0,0.0,9.0,population
14,13.97316,78.58079000000001,4,1,1.0,1.0360145221558323,1.0,0.0333333333333333,4.0,0.4911556322992976,50.65644597931929,4.995000000000001,8.48,332.42499999999995,350.51,50.0,1,INDUSTRIAL,,14.029,,,0.0,1.0,0.0,0.0,forest
15,14.3134875,78.97913,4,1,1.0,0.6267571587210289,1.0,0.0333333333333333,4.0,0.6147199012704571,53.127731358742466,6.8675,9.51,341.765,343.59,30.0,1,INDUSTRIAL,,,,,0.0,0.0,0.0,0.0,unknown
16,17.6500865625,81.50879125,32,3,2.495833333333333,3.946541196000271,1.0,0.0831944444444444,12.82136894824708,0.2021614619946137,61.123090351003384,3.9528125,10.65,334.47843750000004,348.76,40.625,1,INDUSTRIAL,,,,,0.0,0.0,0.0,0.0,unknown
17,17.7805375,81.814655,4,2,1.0,0.6117376800634582,1.0,0.0333333333333333,4.0,0.6204483597855871,53.242300529045075,4.19,5.82,329.385,344.01,45.0,1,INDUSTRIAL,,,,,0.0,0.0,0.0,0.0,unknown
18,17.70641,81.27092333333333,3,2,1.0,0.6050804103454307,1.0,0.0333333333333333,3.0,0.6230217461720745,50.79376825677483,21.91333333333333,31.2,343.48333333333335,353.62,43.333333333333336,1,INDUSTRIAL,,6.116,9.242,0.214,0.0,6.0,1.0,99.0,population
19,17.789510000000003,81.79364666666667,3,1,1.0,0.3856887077495671,1.0,0.0333333333333333,3.0,0.7216628052227211,52.76658943778776,5.853333333333333,6.52,338.43,343.19,43.333333333333336,1,INDUSTRIAL,,,,,0.0,0.0,0.0,0.0,unknown
20,17.80058,81.82364333333334,3,2,1.0,0.2578608585917907,1.0,0.0333333333333333,3.0,0.7950004908488265,54.233343150309864,9.35,11.55,340.38666666666666,344.4,50.0,1,INDUSTRIAL,,,,,0.0,0.0,0.0,0.0,unknown
21,17.808789130434786,81.78950391304348,23,1,1.0,1.2990839522855362,1.0,0.0333333333333333,23.0,0.4349558436114926,64.53245020556318,10.060869565217391,40.14,344.1982608695652,354.79,48.26086956521739,1,INDUSTRIAL,,,,,0.0,0.0,0.0,0.0,unknown
22,14.3198475,78.564725,4,1,1.0,0.7543743348712223,1.0,0.0333333333333333,4.0,0.5700037786253889,52.23340890584112,8.65,10.55,338.75,355.51,45.0,1,INDUSTRIAL,,,,7.46,0.0,0.0,0.0,14.0,population
23,14.3331575,78.61099250000001,4,2,1.0,0.6411466628870278,1.0,0.0333333333333333,4.0,0.6093300633112504,53.01993459955834,5.2,9.89,339.28499999999997,348.63,45.0,1,INDUSTRIAL,,,,6.252,0.0,0.0,0.0,31.0,population
24,16.07665,78.75225333333333,3,1,1.0,0.7031502571219824,1.0,0.0333333333333333,3.0,0.5871472559853997,50.07627845304133,4.963333333333333,6.32,337.51666666666665,338.92,30.0,1,INDUSTRIAL,,,,10.517,0.0,0.0,0.0,2.0,population
25,16.216559999999998,79.017252,5,1,1.0,0.5458577313741949,1.0,0.0333333333333333,5.0,0.6468900596117905,56.271134525569146,33.718,43.69,349.13800000000003,367.0,42.0,1,INDUSTRIAL,,,,,0.0,0.0,0.0,0.0,unknown
26,16.5019275,80.74587749999999,4,1,1.0,0.2775986156274486,1.0,0.0333333333333333,4.0,0.7827184436239267,56.48770220581187,5.395,7.67,339.41249999999997,347.08,35.0,1,INDUSTRIAL,13.153,12.457,12.647,13.702,1.0,6.0,16.0,3.0,forest
27,16.510303333333333,80.78126999999999,3,2,1.9743055555555555,0.5247484254735995,1.0,0.0658101851851851,1.51952163207879,0.6558458977843454,48.56097666551351,8.67,10.35,345.06666666666666,352.85,36.666666666666664,1,INDUSTRIAL,12.661,11.888,11.93,14.167,1.0,6.0,16.0,4.0,forest
28,16.29802,78.93477222222222,9,2,1.0,1.2870440046230258,1.0,0.0333333333333333,9.0,0.437245631469531,62.078245962723955,7.0311111111111115,8.49,339.87555555555554,350.36,38.888888888888886,1,INDUSTRIAL,,,,8.848,0.0,0.0,0.0,3.0,population
29,17.840293333333335,81.86408,3,2,1.0,0.4637335308680664,1.0,0.0333333333333333,3.0,0.6831844587224497,51.99702250778233,9.723333333333334,16.26,341.6366666666666,345.77,50.0,1,INDUSTRIAL,,,,,0.0,0.0,0.0,0.0,unknown
30,17.83930666666667,81.82416,6,2,2.495833333333333,1.159692572396127,0.8013355592654424,0.0831944444444444,2.4040066777963274,0.4630288647474134,41.39052187851347,2.5116666666666663,5.43,321.8616666666666,343.69,46.666666666666664,1,INDUSTRIAL,,,,,0.0,0.0,0.0,0.0,unknown
31,17.857636,81.84897400000001,5,2,1.0,1.0964160487921104,1.0,0.0333333333333333,5.0,0.4770045528778359,52.87342439089006,4.2219999999999995,5.48,335.862,339.31,42.0,1,INDUSTRIAL,,,,,0.0,0.0,0.0,0.0,unknown
32,17.842579999999998,81.72488875,8,2,1.5097222222222222,1.4699888168483315,1.0,0.050324074074074,5.298988040478381,0.4048601326365456,52.60277460577871,3.59125,6.79,321.94875,340.22,45.0,1,INDUSTRIAL,,,,,0.0,0.0,0.0,0.0,unknown
33,17.880836666666667,81.91182166666665,6,2,1.0,0.7398939221867699,1.0,0.0333333333333333,6.0,0.5747476827456004,57.328286988245345,7.6,17.36,337.8516666666667,347.47,50.0,1,INDUSTRIAL,,,,,0.0,0.0,0.0,0.0,unknown
34,14.548224166666666,79.25370416666668,12,2,1.0,1.816036216122358,1.0,0.0333333333333333,12.0,0.3551090693631014,62.93551472059536,7.925833333333333,53.22,325.32249999999993,346.19,43.333333333333336,1,INDUSTRIAL,,,,9.048,0.0,0.0,0.0,10.0,population
35,14.505872173913042,78.97538304347825,23,3,2.4972222222222222,2.530653824112756,1.0,0.0832407407407407,9.21023359288098,0.2832336586414833,60.77127567355064,4.005652173913043,9.27,327.0252173913044,367.0,47.82608695652174,1,INDUSTRIAL,,,,,0.0,0.0,0.0,0.0,unknown
36,14.553051363636364,78.92829,22,1,1.0,1.9796503057163417,1.0,0.0333333333333333,22.0,0.3356098526332232,62.54553038599779,6.520000000000001,17.26,334.4645454545455,367.0,47.72727272727273,1,INDUSTRIAL,,,,,0.0,0.0,0.0,0.0,unknown
37,14.595406041666669,78.92778083333333,48,3,2.4972222222222222,3.9211097531994903,1.0,0.0832407407407407,19.221357063403783,0.2032061974130619,61.14514246677976,3.651666666666667,18.92,323.63937500000003,355.6,47.5,1,INDUSTRIAL,,,,14.025,0.0,0.0,0.0,6.0,population
38,14.60299777777778,78.95984333333334,9,1,1.0,0.805980165801249,1.0,0.0333333333333333,9.0,0.5537159371605477,64.40765207654428,3.585555555555556,5.46,325.28555555555556,342.21,45.55555555555556,1,INDUSTRIAL,,,,,0.0,0.0,0.0,0.0,unknown
39,17.84791375,81.68836625,8,2,1.0,1.074028644041955,1.0,0.0333333333333333,8.0,0.4821534181182558,60.47640169569844,4.0875,5.88,332.4325,349.37,45.0,1,INDUSTRIAL,,,,,0.0,0.0,0.0,0.0,unknown
40,17.8623575,81.76426749999999,4,3,2.495833333333333,0.8436190575453253,1.0,0.0831944444444444,1.6026711185308848,0.5424114032165862,46.934766971770046,3.625,7.12,325.67999999999995,339.78,40.0,1,INDUSTRIAL,,,,,0.0,0.0,0.0,0.0,unknown
41,17.86265714285714,81.68625857142857,7,2,1.0,0.8736304136580032,1.0,0.0333333333333333,7.0,0.5337231893282725,59.00779711989878,3.911428571428572,8.16,326.2042857142857,351.89,44.285714285714285,1,INDUSTRIAL,,,,,0.0,0.0,0.0,0.0,unknown
42,18.04892,82.82985333333333,3,2,1.0,0.447929054063969,1.0,0.0333333333333333,3.0,0.6906415733514387,52.146164800362115,4.093333333333333,5.68,328.59666666666664,341.52,43.333333333333336,1,INDUSTRIAL,,3.202,14.706,9.011,0.0,3.0,1.0,66.0,forest
43,17.89200166666667,81.79240944444444,18,3,1.9743055555555555,2.26615519138505,1.0,0.0658101851851851,9.11712979247274,0.3061703873219627,60.561486857250735,4.247777777777778,9.65,324.1005555555555,339.06,43.333333333333336,1,INDUSTRIAL,,,,,0.0,0.0,0.0,0.0,unknown
44,17.889405,81.707151,10,2,1.0,1.2655328775370749,1.0,0.0333333333333333,10.0,0.4413972579762905,64.66127849285914,3.0189999999999997,4.78,321.63899999999995,341.68,46.0,1,INDUSTRIAL,,,,,0.0,0.0,0.0,0.0,unknown
45,17.92134,81.94908,3,2,1.0,0.5153129290227837,1.0,0.0333333333333333,3.0,0.6599296956074241,51.53192724548181,10.616666666666664,22.77,338.03666666666663,350.65,36.666666666666664,1,INDUSTRIAL,,,,,0.0,0.0,0.0,0.0,unknown
46,17.913216,81.79266,5,2,1.0,1.4028286411157698,1.0,0.0333333333333333,5.0,0.416176161249536,51.65685655832406,4.754,8.0,336.892,344.2,46.0,1,INDUSTRIAL,,,,,0.0,0.0,0.0,0.0,unknown
47,17.60638375,83.198120625,16,2,1.5097222222222222,1.6397275551361892,1.0,0.050324074074074,10.597976080956762,0.3788269732814938,63.83464131748172,2.568125,6.77,317.939375,345.29,50.0,1,INDUSTRIAL,1.455,8.653,14.205,5.165,114.0,7.0,2.0,44.0,industrial
48,17.369899999999998,81.63163666666667,3,2,1.0,0.4397946576738956,1.0,0.0333333333333333,3.0,0.6945434855381257,52.22420304409585,5.9799999999999995,8.27,340.6433333333334,345.96,36.666666666666664,1,INDUSTRIAL,13.069,4.305,3.709,3.828,1.0,15.0,8.0,39.0,farmland
49,17.43745555555556,81.99008111111112,9,2,1.0,1.1445742690652243,1.0,0.0333333333333333,9.0,0.4662930141542168,62.659193616417674,4.541111111111111,5.57,340.4711111111111,349.46,45.55555555555556,1,INDUSTRIAL,,,,,0.0,0.0,0.0,0.0,unknown
50,17.37356714285714,81.56543,7,2,1.0,1.104508614809128,1.0,0.0333333333333333,7.0,0.4751703048222954,57.83673942977923,6.054285714285713,6.97,345.40714285714284,354.13,47.142857142857146,1,INDUSTRIAL,,9.32,10.58,9.538,0.0,9.0,6.0,14.0,forest
51,17.382704285714283,81.51526571428572,7,2,1.0,0.9597292471743668,1.0,0.0333333333333333,7.0,0.5102745705519519,58.53882474437238,5.424285714285714,7.46,337.87,346.34,44.285714285714285,1,INDUSTRIAL,,13.751,,14.617,0.0,3.0,0.0,1.0,forest
52,17.3486075,81.31704500000001,4,2,1.0,0.3285293270560492,1.0,0.0333333333333333,4.0,0.7527120249697062,55.887573832727455,3.0075,4.39,333.845,337.21,45.0,1,INDUSTRIAL,,12.657,,3.907,0.0,1.0,0.0,85.0,population
53,17.3589475,81.3549175,4,1,1.0,0.6319871178597639,1.0,0.0333333333333333,4.0,0.6127499347613905,53.08833202856115,2.645,2.8,333.67999999999995,336.13,30.0,1,INDUSTRIAL,,8.477,,3.887,0.0,1.0,0.0,63.0,population
54,9.420503333333334,76.43732333333334,3,1,1.0,0.4205034361184543,1.0,0.0333333333333333,3.0,0.7039757698386947,52.41284873010723,9.5,9.5,342.37999999999994,346.42,50.0,1,INDUSTRIAL,,,,,0.0,0.0,0.0,0.0,unknown
55,10.39298214285714,77.16913785714287,14,3,2.4972222222222222,1.8954711774068915,1.0,0.0832407407407407,5.60622914349277,0.3453669329547856,53.00393003634615,3.3264285714285715,9.86,320.61642857142857,344.76,50.0,1,INDUSTRIAL,,2.968,,4.188,0.0,10.0,0.0,10.0,forest
56,11.001262,78.918646,5,2,1.0,0.6258149611950693,1.0,0.0333333333333333,5.0,0.6150761457287497,55.63485624790832,6.706,7.34,342.934,353.87,38.0,1,INDUSTRIAL,,,,,0.0,0.0,0.0,0.0,unknown
57,11.01865,79.00939199999999,5,2,2.0430555555555556,0.6331919260420087,0.9789259007477906,0.0681018518518518,2.4473147518694764,0.6122979081971522,49.434568362346745,13.128,22.56,346.342,367.0,52.0,1,INDUSTRIAL,,,,,0.0,0.0,0.0,0.0,unknown
58,14.63394,75.69207,3,1,1.0,0.3010460259850562,1.0,0.0333333333333333,3.0,0.7686123165726391,53.70557966478612,11.376666666666669,18.39,343.49666666666667,344.41,50.0,1,INDUSTRIAL,,2.544,7.44,1.355,0.0,1.0,41.0,39.0,population
59,15.23888142857143,79.12082000000001,7,2,1.0,1.0296837801794518,1.0,0.0333333333333333,7.0,0.4926875850146401,58.18708503362614,8.897142857142857,12.95,341.89571428571423,353.53,47.142857142857146,1,INDUSTRIAL,,,,0.673,0.0,0.0,0.0,34.0,population
60,15.467993333333334,78.74522,3,2,1.0,0.4487099161881159,1.0,0.0333333333333333,3.0,0.6902693139777952,52.13871961288924,2.2933333333333334,4.0,334.7766666666667,337.23,36.666666666666664,1,INDUSTRIAL,,,,,0.0,0.0,0.0,0.0,unknown
61,11.425842,76.60261,5,1,1.0,0.6444700320982201,1.0,0.0333333333333333,5.0,0.6080986460568546,55.495306254470435,12.594,35.22,324.04,344.17,50.0,1,INDUSTRIAL,,12.208,,13.476,0.0,1.0,0.0,10.0,forest
62,11.507765,76.90444749999999,4,2,2.4972222222222222,0.3613683995673356,0.8008898776418243,0.0832407407407407,1.6017797552836486,0.7345550258973367,44.80326475392909,24.637500000000003,75.09,326.6525,340.34,50.0,1,INDUSTRIAL,,12.238,,,0.0,2.0,0.0,0.0,forest
63,11.480005625,76.5980078125,32,3,2.4972222222222222,1.6341261277010963,1.0,0.0832407407407407,12.814238042269189,0.3796325428322366,64.67366937516326,14.8940625,168.9,323.31156250000004,349.79,49.375,1,INDUSTRIAL,,,,,0.0,0.0,0.0,0.0,unknown
64,11.810703333333334,77.92238666666667,3,1,1.0,0.2159054489990993,1.0,0.0333333333333333,3.0,0.8224323699043976,54.781980731421285,2.0533333333333332,3.37,319.7333333333333,337.77,43.333333333333336,1,INDUSTRIAL,7.984,8.387,,5.234,12.0,7.0,0.0,15.0,population
65,12.27791,78.65157333333333,3,1,1.0,0.5505195463791374,1.0,0.0333333333333333,3.0,0.6449451103891322,51.232235541115976,2.69,4.16,317.60999999999996,334.86,50.0,1,INDUSTRIAL,,,,,0.0,0.0,0.0,0.0,unknown
66,12.148435714285714,77.62389428571429,7,1,1.0,0.4885009127684099,1.0,0.0333333333333333,7.0,0.6718168537365123,61.76967040806358,5.532857142857142,8.35,334.65142857142854,346.05,44.285714285714285,1,INDUSTRIAL,,12.892,,12.511,0.0,1.0,0.0,4.0,population
67,17.416659999999997,81.62725833333334,6,3,2.495833333333333,0.5835321335735635,1.0,0.0831944444444444,2.4040066777963274,0.6314996575050839,50.719870955703605,3.741666666666667,5.32,331.0683333333333,342.43,43.333333333333336,1,INDUSTRIAL,,2.124,7.63,7.975,0.0,12.0,6.0,26.0,forest
68,17.4591,81.761552,5,3,2.495833333333333,1.0493140986594165,1.0,0.0831944444444444,2.003338898163606,0.4879681453683269,46.847571263886664,3.398000000000001,5.43,326.72799999999995,333.11,34.0,1,INDUSTRIAL,,10.69,14.024,9.226,0.0,6.0,5.0,17.0,population
69,17.418605714285714,81.40662714285715,7,2,1.0,1.351390000692866,1.0,0.0333333333333333,7.0,0.425280365956025,56.83894065245383,4.181428571428571,9.34,328.05571428571426,342.37,38.57142857142857,1,INDUSTRIAL,,5.129,,12.226,0.0,1.0,0.0,8.0,forest
70,17.4540975,81.6144175,4,3,2.495833333333333,0.9129229076602634,1.0,0.0831944444444444,1.6026711185308848,0.5227602199730679,46.54174330689968,4.609999999999999,9.57,323.29499999999996,349.15,45.0,1,INDUSTRIAL,,5.948,11.804,12.14,0.0,3.0,6.0,5.0,forest
71,17.448850000000004,81.31242333333334,3,1,1.0,0.7827566536474676,1.0,0.0333333333333333,3.0,0.5609290521810868,49.551914376955075,3.823333333333333,5.35,330.56666666666666,330.7,30.0,1,INDUSTRIAL,,14.85,,9.742,0.0,1.0,0.0,6.0,population
72,17.61358,82.20822,3,1,1.0,0.526871822553627,1.0,0.0333333333333333,3.0,0.6549338230157024,51.43200979364738,5.44,6.32,337.1433333333333,337.94,36.666666666666664,1,INDUSTRIAL,,3.863,1.275,1.289,0.0,3.0,4.0,66.0,farmland
73,15.54718,78.80396,3,1,1.0,0.5798876371147907,1.0,0.0333333333333333,3.0,0.6329564055746468,50.99246144482627,6.483333333333333,7.39,343.28666666666663,347.87,30.0,1,INDUSTRIAL,,,,,0.0,0.0,0.0,0.0,unknown
74,15.732042000000002,78.78653,5,2,1.0,0.9440043709424016,1.0,0.0333333333333333,5.0,0.5144021355853365,53.62137604504007,7.785999999999999,14.2,339.848,347.08,38.0,1,INDUSTRIAL,,2.238,,,0.0,21.0,0.0,0.0,forest
75,17.538574,81.508568,10,2,1.0,1.436512403896698,1.0,0.0333333333333333,10.0,0.4104227002500404,64.04178733833415,6.697,10.12,339.24,345.98,46.0,1,INDUSTRIAL,,,,,0.0,0.0,0.0,0.0,unknown
76,18.045726666666667,81.91943333333333,3,1,1.0,0.4556701520405594,1.0,0.0333333333333333,3.0,0.6869688154271758,52.07270964187685,22.55333333333333,54.84,342.7833333333333,350.19,43.333333333333336,1,INDUSTRIAL,,14.932,,,0.0,1.0,0.0,0.0,forest
77,18.05024,81.88788,3,2,1.5083333333333333,0.4689615190265294,1.0,0.0502777777777777,1.988950276243094,0.6807530265753272,49.84438066655873,4.446666666666666,7.07,325.2366666666667,335.32,43.333333333333336,1,INDUSTRIAL,,12.508,,13.098,0.0,2.0,0.0,12.0,forest
78,18.062345555555556,81.92037444444446,9,2,1.5083333333333333,0.959778592741036,1.0,0.0502777777777777,5.966850828729282,0.510261722270042,56.37930596166849,7.253333333333334,21.27,335.83888888888885,367.0,48.888888888888886,1,INDUSTRIAL,,13.691,,13.706,0.0,2.0,0.0,7.0,forest
79,18.094302,81.960288,5,3,1.9729166666666669,0.9738201307483288,1.0,0.0657638888888888,2.5343189017951424,0.5066317768381827,48.11253001347374,54.712,255.61,338.964,367.0,56.0,1,INDUSTRIAL,,,,13.631,0.0,0.0,0.0,5.0,population
80,18.08508666666667,81.93110333333333,3,2,1.0,0.4963951708462606,1.0,0.0333333333333333,3.0,0.6682726725417506,51.69878678416835,7.54,8.46,337.6566666666667,345.23,36.666666666666664,1,INDUSTRIAL,,13.091,,12.191,0.0,3.0,0.0,9.0,population
81,18.16373875,81.65344875,8,2,1.5083333333333333,0.7168270903048575,1.0,0.0502777777777777,5.303867403314917,0.5824698396519534,56.16600974577081,1.7975,5.03,317.92125,341.19,47.5,1,INDUSTRIAL,,2.979,,1.675,0.0,20.0,0.0,51.0,population
82,18.27141,82.2493,3,2,1.9729166666666669,0.5592570440220926,1.0,0.0657638888888888,1.5205913410770855,0.6413310774088324,48.27219712309159,4.663333333333333,6.44,338.96000000000004,345.67,43.333333333333336,1,INDUSTRIAL,,,,,0.0,0.0,0.0,0.0,unknown
83,22.0317875,80.32335125,8,1,1.0,1.5160710000893505,1.0,0.0333333333333333,8.0,0.3974450641355066,58.78223461604346,9.9575,29.72,350.55375,367.0,46.25,1,INDUSTRIAL,,8.286,,13.092,0.0,1.0,0.0,1.0,forest
84,21.798119999999997,78.79369666666666,3,2,2.0444444444444443,0.5741059072294297,0.9782608695652176,0.0681481481481481,1.4673913043478262,0.6352812700894386,47.42563345331857,7.78,12.46,339.7266666666667,345.22,36.666666666666664,1,INDUSTRIAL,,1.165,,1.682,0.0,21.0,0.0,51.0,forest
85,22.33450142857143,81.81923714285713,7,2,1.50625,1.097767086848061,1.0,0.0502083333333333,4.647302904564315,0.4766973446525568,52.407412487795256,3.825714285714286,6.4,330.9114285714286,352.68,44.285714285714285,1,INDUSTRIAL,,,10.317,3.378,0.0,0.0,14.0,90.0,population
86,22.027896666666667,79.51368333333335,6,1,1.0,0.9342006697849324,1.0,0.0333333333333333,6.0,0.5170094373461219,56.17352208025578,84.31333333333333,123.47,361.6783333333333,367.0,55.0,1,INDUSTRIAL,,,,,0.0,0.0,0.0,0.0,unknown
87,23.574508571428577,91.88680428571428,7,1,1.0,0.4602050141444518,1.0,0.0333333333333333,7.0,0.6848353418276061,62.03004016988546,31.227142857142855,43.79,350.7657142857143,367.0,58.57142857142857,1,INDUSTRIAL,,6.643,,,0.0,1.0,0.0,0.0,forest
88,16.83182,73.7622275,4,2,1.0,0.7182987163674754,1.0,0.0333333333333333,4.0,0.581970987043524,52.472753074203816,7.717499999999999,12.06,344.71,367.0,57.5,1,INDUSTRIAL,,3.429,,1.249,0.0,7.0,0.0,34.0,population
89,18.23948625,81.70216125,8,2,1.0,1.4471912512388958,1.0,0.0333333333333333,8.0,0.4086317321924667,59.00596797718267,3.19625,7.86,323.0325,340.93,45.0,1,INDUSTRIAL,,2.863,,2.631,0.0,34.0,0.0,98.0,population
90,18.17134857142857,81.21367,7,2,1.0,1.2058003462139737,1.0,0.0333333333333333,7.0,0.4533501872535272,57.400337078403886,3.557142857142857,5.43,337.4342857142857,341.97,47.142857142857146,1,INDUSTRIAL,,2.949,,1.03,0.0,6.0,0.0,60.0,population
91,18.17437,81.19097999999998,3,2,1.0,0.4859458176701079,1.0,0.0333333333333333,3.0,0.6729720479094939,51.792774291523216,4.163333333333333,5.16,338.84333333333336,342.6,36.666666666666664,1,INDUSTRIAL,,2.136,,1.733,0.0,6.0,0.0,57.0,population
92,18.18003,80.77860333333332,3,2,1.0,0.2271684689864973,1.0,0.0333333333333333,3.0,0.8148840401887828,54.63101413710899,3.0700000000000003,3.71,333.00333333333333,334.78,30.0,1,INDUSTRIAL,,7.018,,3.11,0.0,1.0,0.0,28.0,population
93,18.29814,81.4148725,4,2,1.50625,0.7779811137307816,1.0,0.0502083333333333,2.6556016597510372,0.5624356705913908,49.14292589453874,1.6675000000000002,2.61,319.72499999999997,334.26,40.0,1,INDUSTRIAL,,3.687,,4.822,0.0,1.0,0.0,19.0,forest
94,18.295995714285716,81.38128190476189,21,3,1.9729166666666669,2.2512156477532117,1.0,0.0657638888888888,10.6441393875396,0.3075772598138979,62.79564241850019,1.9666666666666672,5.42,319.81190476190477,335.62,46.19047619047619,1,INDUSTRIAL,,1.311,,3.369,0.0,1.0,0.0,27.0,forest
95,18.283937647058824,81.26349617647058,34,3,2.4944444444444445,3.574247443303826,1.0,0.0831481481481481,13.630289532293986,0.2186151957004174,61.45100761771205,2.125294117647059,4.75,317.60323529411767,341.22,46.47058823529411,1,INDUSTRIAL,,10.412,,3.367,0.0,4.0,0.0,78.0,population
96,18.29867,81.313666875,16,3,1.9729166666666669,1.9115971730355916,1.0,0.0657638888888888,8.109820485744455,0.3434541045928457,58.78773052844027,3.105,6.93,324.431875,345.21,43.75,1,INDUSTRIAL,,7.503,,1.33,0.0,4.0,0.0,54.0,population
97,22.227157499999997,80.56303750000001,4,1,1.0,0.3827954651599855,1.0,0.0333333333333333,4.0,0.723172750558813,55.296788344509594,7.262499999999999,8.01,349.3025,353.29,50.0,1,INDUSTRIAL,,4.183,,,0.0,1.0,0.0,0.0,forest
98,22.51458,82.17601666666667,3,2,1.50625,0.682315069738884,1.0,0.0502083333333333,1.9917012448132776,0.5944189753678021,48.12284095272257,4.133333333333334,6.4,322.00000000000006,342.79,43.333333333333336,1,INDUSTRIAL,,,,12.517,0.0,0.0,0.0,5.0,population
99,23.649798,92.020788,15,2,1.9729166666666669,1.202276640889463,1.0,0.0657638888888888,7.602956705385428,0.4540755604600686,59.73300019488717,81.70266666666664,137.32,328.2766666666667,367.0,52.0,1,INDUSTRIAL,,,,,0.0,0.0,0.0,0.0,unknown
100,18.703793333333333,83.87741,3,2,1.9729166666666669,0.4974510929982233,1.0,0.0657638888888888,1.5205913410770855,0.6678014425150822,48.80160442521658,6.146666666666667,8.46,336.3,342.4,50.0,1,INDUSTRIAL,,5.478,,0.87,0.0,5.0,0.0,174.0,population
101,18.36779,81.22902333333333,3,1,1.0,0.8236214100971083,1.0,0.0333333333333333,3.0,0.5483594316578844,49.300521966491026,1.25,1.44,313.77666666666664,330.99,43.333333333333336,1,INDUSTRIAL,,5.447,,1.94,0.0,2.0,0.0,45.0,population
102,18.311471666666662,80.74095166666667,6,1,1.0,0.8168298470535141,1.0,0.0333333333333333,6.0,0.5504092755971469,56.84151884527627,4.26,5.25,338.97999999999996,348.99,36.666666666666664,1,INDUSTRIAL,,,,1.755,0.0,0.0,0.0,23.0,population
103,23.686779166666668,91.98163583333331,12,1,1.0,0.8165699507046416,1.0,0.0333333333333333,12.0,0.5504880225570743,66.84309378447482,42.94166666666666,49.0,354.25416666666666,367.0,62.5,1,INDUSTRIAL,,12.987,,,0.0,2.0,0.0,0.0,forest
104,22.49237111111111,81.7636488888889,9,2,1.50625,0.930624341542279,1.0,0.0502083333333333,5.975103734439834,0.5179671562625954,56.55231079468482,3.0244444444444443,3.87,320.36555555555555,341.12,47.77777777777778,1,INDUSTRIAL,,,,12.931,0.0,0.0,0.0,1.0,population
105,23.67611333333333,91.86713000000002,3,1,1.0,0.2906177660420566,1.0,0.0333333333333333,3.0,0.7748227448214234,53.82978822976181,14.193333333333332,17.28,360.50666666666666,367.0,70.0,1,INDUSTRIAL,,4.911,,11.428,0.0,2.0,0.0,1.0,forest
106,23.672960833333335,91.88862583333332,12,2,1.9729166666666669,1.076993552381918,1.0,0.0657638888888888,6.082365364308342,0.4814651441036923,56.47931351506692,30.474166666666665,136.01,337.2558333333333,349.51,50.0,1,INDUSTRIAL,,4.975,,12.356,0.0,2.0,0.0,1.0,forest
107,23.730115,92.30435666666664,6,2,1.0,1.2144211835830014,1.0,0.0333333333333333,6.0,0.4515852753819711,54.86503884097276,7.161666666666668,9.99,333.7316666666666,338.04,50.0,1,INDUSTRIAL,,11.235,,3.095,0.0,2.0,0.0,3.0,population
108,23.699165714285716,91.89276714285714,7,1,1.0,0.4460100728934022,1.0,0.0333333333333333,7.0,0.691558114805552,62.164495629444374,16.881428571428568,21.55,354.2014285714286,367.0,62.857142857142854,1,INDUSTRIAL,,7.852,,9.874,0.0,2.0,0.0,1.0,forest
109,23.6907175,91.830545,4,1,1.0,0.2734604401642606,1.0,0.0333333333333333,4.0,0.7852619276269095,56.53857188587153,20.11,29.9,353.575,367.0,65.0,1,INDUSTRIAL,,7.617,,9.738,0.0,1.0,0.0,1.0,forest
110,23.66687333333333,91.46972666666666,3,1,1.0,0.2609232497259453,1.0,0.0333333333333333,3.0,0.7930696814555085,54.194726962443504,36.61,47.75,355.34666666666664,367.0,60.0,1,INDUSTRIAL,,,,,0.0,0.0,0.0,0.0,unknown
111,23.714934999999997,91.977909375,16,3,1.9729166666666669,1.8443333875657983,1.0,0.0657638888888888,8.109820485744455,0.3515762267431692,58.95017297144675,23.200625,55.22,348.020625,367.0,57.5,1,INDUSTRIAL,,10.487,,,0.0,2.0,0.0,0.0,forest
112,22.519218571428578,81.72021642857143,14,2,1.50625,2.5683682973340876,1.0,0.0502083333333333,9.29460580912863,0.2802401312518934,60.09652548119278,3.8428571428571416,16.75,321.1321428571429,367.0,50.714285714285715,1,INDUSTRIAL,,12.357,,11.581,0.0,2.0,0.0,3.0,population
113,22.87663,84.08564333333334,3,1,1.0,0.8020397070264269,1.0,0.0333333333333333,3.0,0.554926728917708,49.4318679116875,3.606666666666667,4.79,333.84666666666664,334.7,30.0,1,INDUSTRIAL,,1.752,,7.64,0.0,1.0,0.0,30.0,forest
114,18.61757333333333,82.28066333333334,3,2,1.50625,0.4556721284000061,1.0,0.0502083333333333,1.9917012448132776,0.6869678827327308,49.973819100021146,1.5533333333333337,2.45,325.37,334.53,43.333333333333336,1,INDUSTRIAL,,3.989,,2.759,0.0,6.0,0.0,125.0,population
115,18.66555857142857,82.19531428571429,7,2,1.50625,1.0727673237907158,1.0,0.0502083333333333,4.647302904564315,0.4824468180881881,52.52240195650788,1.8514285714285712,2.73,313.02000000000004,334.79,47.142857142857146,1,INDUSTRIAL,10.935,2.981,,1.841,1.0,10.0,0.0,154.0,population
116,18.970666666666663,84.27313666666667,3,2,1.0,0.5698773797374032,1.0,0.0333333333333333,3.0,0.6369924255914001,51.07318184516134,4.760000000000001,9.42,339.06,346.35,50.0,1,INDUSTRIAL,,5.769,,10.344,0.0,2.0,0.0,4.0,forest
117,18.512634117647057,81.20411470588235,17,2,1.50625,1.5655740694920397,1.0,0.0502083333333333,11.286307053941908,0.3897763124016883,64.0507345813671,2.8947058823529415,9.8,321.07000000000005,340.66,45.294117647058826,1,INDUSTRIAL,13.762,,,14.531,2.0,0.0,0.0,2.0,industrial
118,18.656193333333334,81.99950666666666,3,2,1.50625,0.3499829917526175,1.0,0.0502083333333333,1.9917012448132776,0.7407500732299955,51.04946290996644,2.61,3.62,319.0566666666667,337.47,50.0,1,INDUSTRIAL,,12.361,,13.586,0.0,2.0,0.0,6.0,forest
119,18.664613333333335,81.98010666666666,3,1,1.0,0.4559850058152794,1.0,0.0333333333333333,3.0,0.6868202598281907,52.069738529897144,7.926666666666667,13.64,342.27,347.58,43.333333333333336,1,INDUSTRIAL,,11.15,,11.338,0.0,8.0,0.0,16.0,forest
120,22.546466,81.624068,5,3,2.4944444444444445,0.8921111943517905,1.0,0.0831481481481481,2.0044543429844097,0.5285101652509303,47.66004286618333,2.65,3.73,315.31,339.17,46.0,1,INDUSTRIAL,,2.779,,14.362,0.0,1.0,0.0,1.0,forest
121,23.71882666666667,91.8469,3,2,1.9729166666666669,0.5312994737736939,1.0,0.0657638888888888,1.5205913410770855,0.6530401251530679,48.506378077976294,14.656666666666666,28.03,350.82666666666665,367.0,60.0,1,INDUSTRIAL,,9.916,,6.48,0.0,2.0,0.0,1.0,population
122,23.712783333333338,91.78696666666669,3,1,1.0,0.4579063974660313,1.0,0.0333333333333333,3.0,0.6859150914887865,52.05163516310907,13.61,19.59,348.09999999999997,355.47,50.0,1,INDUSTRIAL,,12.27,,9.359,0.0,1.0,0.0,1.0,population
123,23.747738,91.872986,10,2,1.9729166666666669,1.677171361529021,1.0,0.0657638888888888,5.068637803590285,0.373528573616919,51.78626320353632,18.6,30.75,344.926,367.0,53.0,1,INDUSTRIAL,,8.022,,4.248,0.0,2.0,0.0,1.0,population
124,22.004875,78.1412375,4,2,2.564583333333333,0.627905334211216,0.7798537774167345,0.0854861111111111,1.559707554833469,0.6142863340911278,41.71776166918604,5.7675,12.79,323.7175,351.74,50.0,1,INDUSTRIAL,14.941,14.932,,,1.0,1.0,0.0,0.0,forest
125,23.747124,91.776809,10,2,1.9729166666666669,0.9613008308563528,1.0,0.0657638888888888,5.068637803590285,0.5098656892748957,54.513005516695856,56.912,127.78,332.17199999999997,367.0,54.0,1,INDUSTRIAL,,,,7.816,0.0,0.0,0.0,1.0,population
126,18.77971,82.54668333333335,3,2,1.50625,0.4940425747653614,1.0,0.0502083333333333,1.9917012448132776,0.6693249689735579,49.62096082483769,8.203333333333333,18.38,327.92333333333335,341.0,43.333333333333336,1,INDUSTRIAL,,7.466,,8.048,0.0,42.0,0.0,37.0,forest
127,18.5885375,81.17258,4,2,1.0,0.7975559220637068,1.0,0.0333333333333333,4.0,0.5563109262558783,51.9595518584509,4.64,7.71,338.13750000000005,342.77,40.0,1,INDUSTRIAL,9.581,,,5.962,4.0,0.0,0.0,7.0,population
128,18.590806,81.14761800000001,5,2,1.0,0.7051307616447559,1.0,0.0333333333333333,5.0,0.5864652861199969,55.06263905573328,6.9719999999999995,11.86,341.488,353.69,50.0,1,INDUSTRIAL,11.905,,,6.662,3.0,0.0,0.0,5.0,population
129,19.058929999999997,84.34096199999999,5,2,1.50625,1.182560534020744,1.0,0.0502083333333333,3.3195020746887964,0.458177440860156,48.71751233725845,4.156,7.01,330.026,347.15,46.0,1,INDUSTRIAL,,6.937,,,0.0,7.0,0.0,0.0,forest
130,18.76577,82.17677333333334,3,2,1.50625,0.2985118825401959,1.0,0.0502083333333333,1.9917012448132776,0.7701123212240182,51.63670786984689,1.9766666666666663,2.23,325.71000000000004,338.71,43.333333333333336,1,INDUSTRIAL,4.81,7.595,,2.302,1.0,12.0,0.0,183.0,population
131,18.815032,82.155,5,1,1.0,0.6408974851293776,1.0,0.0333333333333333,5.0,0.6094225928569538,55.521785190472414,4.316000000000001,5.05,339.726,349.36,46.0,1,INDUSTRIAL,7.904,8.059,,1.563,1.0,13.0,0.0,117.0,population
132,23.791726000000004,91.887542,5,1,1.0,0.4265718862597283,1.0,0.0333333333333333,5.0,0.7009811490270287,57.35295631387392,12.15,19.41,351.70799999999997,367.0,62.0,1,INDUSTRIAL,,4.317,,4.503,0.0,1.0,0.0,1.0,forest
133,23.802516666666666,91.90565,3,1,1.0,0.5581628097276347,1.0,0.0333333333333333,3.0,0.6417814581101439,51.16896249553622,6.95,7.65,340.1566666666667,345.08,50.0,1,INDUSTRIAL,,2.464,,6.67,0.0,1.0,0.0,1.0,forest
134,22.354712857142857,79.79704714285715,7,3,2.0444444444444443,1.5237443705762117,1.0,0.0681481481481481,3.423913043478261,0.3962366441145082,48.18821919468952,11.771428571428572,26.78,339.6485714285714,367.0,55.714285714285715,1,INDUSTRIAL,,10.442,,1.112,0.0,6.0,0.0,23.0,population
135,23.78829166666667,91.77633666666668,6,2,1.9729166666666669,0.9403469121260456,1.0,0.0657638888888888,3.041182682154171,0.5153717583956655,49.55448909552096,17.331666666666667,65.58,340.0083333333333,347.9,50.0,1,INDUSTRIAL,,,,7.225,0.0,0.0,0.0,1.0,population
136,23.80787666666667,91.88027999999998,3,2,1.9729166666666669,0.665337143392,1.0,0.0657638888888888,1.5205913410770855,0.600479010492239,47.45515578475971,6.033333333333334,8.21,336.59,345.87,50.0,1,INDUSTRIAL,,5.112,,4.866,0.0,1.0,0.0,1.0,population
137,22.397836666666667,79.86775333333333,3,1,1.0,0.4538822611342308,1.0,0.0333333333333333,3.0,0.6878136054977799,52.08960544328893,55.120000000000005,69.03,360.7166666666667,367.0,46.666666666666664,1,INDUSTRIAL,,,,6.737,0.0,0.0,0.0,13.0,population
138,18.567563333333336,80.28263666666668,3,2,1.0,0.3722884916973752,1.0,0.0333333333333333,3.0,0.7287097472945402,52.90752827922414,3.1999999999999997,4.47,335.77,336.89,30.0,1,INDUSTRIAL,,,,7.381,0.0,0.0,0.0,10.0,population
139,18.689918749999997,80.91402000000001,8,2,1.0,1.0767119758239554,1.0,0.0333333333333333,8.0,0.481530424845381,60.463941830240955,4.745,7.37,338.82000000000005,345.25,35.0,1,INDUSTRIAL,,4.272,,6.467,0.0,14.0,0.0,6.0,forest
140,19.2351925,84.37636499999999,8,3,1.9729166666666669,0.7983431150433188,1.0,0.0657638888888888,4.054910242872228,0.5560674109600668,52.90272104860413,4.2925,5.23,338.4275,341.64,37.5,1,INDUSTRIAL,,6.124,,11.062,0.0,21.0,0.0,3.0,forest
141,18.94485,82.1246575,4,1,1.0,0.7755717255436425,1.0,0.0333333333333333,4.0,0.5631988759529392,52.09731085239212,3.0075,3.53,333.15749999999997,335.16,35.0,1,INDUSTRIAL,,5.705,,12.226,0.0,2.0,0.0,12.0,forest
142,19.045522,82.74532400000001,5,2,1.50625,0.8616399306987241,1.0,0.0502083333333333,3.3195020746887964,0.5371608029618664,50.29717957929265,4.188,9.31,324.978,337.97,50.0,1,INDUSTRIAL,,8.395,,7.944,0.0,7.0,0.0,43.0,population
143,18.676419999999997,80.25166666666667,3,2,1.0,0.4711188595483929,1.0,0.0333333333333333,3.0,0.6797547278450241,51.92842789023382,6.353333333333333,7.54,341.47,349.31,36.666666666666664,1,INDUSTRIAL,,9.348,,1.616,0.0,1.0,0.0,40.0,population
144,18.986588,82.163676,5,1,1.0,0.8042011794293072,1.0,0.0333333333333333,5.0,0.5542619145811185,54.4185716249557,6.286,6.93,340.524,346.46,46.0,1,INDUSTRIAL,,11.669,,13.892,0.0,2.0,0.0,2.0,forest
145,18.98206,82.14810750000001,4,1,1.0,0.7528509150052576,1.0,0.0333333333333333,4.0,0.5704991744817046,52.24331682296742,2.9075,3.23,335.47999999999996,344.46,35.0,1,INDUSTRIAL,,10.083,,14.086,0.0,2.0,0.0,1.0,forest
146,19.1229575,82.7985225,4,1,1.0,0.4761382781631381,1.0,0.0333333333333333,4.0,0.6774433092029629,54.38219951739259,9.7925,27.09,336.53749999999997,339.82,35.0,1,INDUSTRIAL,,4.436,,0.962,0.0,12.0,0.0,62.0,population
147,18.887228,81.020036,5,1,1.0,0.5898323717395867,1.0,0.0333333333333333,5.0,0.6289971306256678,55.9132759458467,2.596,2.85,337.504,340.29,42.0,1,INDUSTRIAL,,,,,0.0,0.0,0.0,0.0,unknown
148,19.100025,82.166785,4,2,1.50625,0.468285310926456,1.0,0.0502083333333333,2.6556016597510372,0.6810665424208472,51.515543331127866,2.78,5.5,315.73,338.69,45.0,1,INDUSTRIAL,,10.587,,4.316,0.0,12.0,0.0,34.0,population
149,18.80372,80.21888833333334,6,2,1.0,0.9181261509128636,1.0,0.0333333333333333,6.0,0.5213421440107502,56.26017621354834,4.068333333333333,6.04,340.17333333333335,348.65,46.666666666666664,1,INDUSTRIAL,,6.936,13.596,3.899,0.0,4.0,1.0,39.0,population
150,18.71765,79.539264,5,2,1.50625,0.406610049574475,1.0,0.0502083333333333,3.3195020746887964,0.7109290882021766,53.77254528409886,5.651999999999999,8.44,326.43600000000004,338.24,42.0,1,INDUSTRIAL,,,,9.116,0.0,0.0,0.0,10.0,population
151,17.589433333333332,73.36101000000001,3,1,1.0,0.3229149036058066,1.0,0.0333333333333333,3.0,0.755906519213252,53.45146371759838,3.986666666666667,4.21,341.78666666666663,346.34,50.0,1,INDUSTRIAL,,,,,0.0,0.0,0.0,0.0,unknown
152,23.15476,85.06630666666668,3,1,1.0,0.368174282163104,1.0,0.0333333333333333,3.0,0.7309010358088189,52.95135404950971,7.396666666666667,7.47,346.19666666666666,350.3,50.0,1,INDUSTRIAL,,4.026,,,0.0,1.0,0.0,0.0,forest
153,21.10454103448276,72.64048896551725,29,3,2.564583333333333,0.9588250881262926,1.0,0.0854861111111111,11.307879772542648,0.5105101042771238,67.34735486332025,9.268620689655172,18.95,328.20758620689656,347.29,49.310344827586206,1,INDUSTRIAL,5.047,13.948,13.925,7.202,30.0,14.0,19.0,3.0,industrial
154,22.376266666666663,79.49111,3,1,1.0,0.4179060780086722,1.0,0.0333333333333333,3.0,0.7052653313993931,52.4386399613212,33.74,54.2,351.32,352.44,30.0,1,INDUSTRIAL,,12.711,,,0.0,5.0,0.0,0.0,forest
155,23.663884000000003,87.15559800000001,5,3,2.4930555555555554,0.3643678359394601,1.0,0.0831018518518518,2.005571030640669,0.7329401746790901,51.75027736647977,4.348000000000001,7.53,323.798,341.19,42.0,1,INDUSTRIAL,,,,,0.0,0.0,0.0,0.0,unknown
156,19.370343333333334,83.02686333333334,6,1,1.0,0.5897900706663053,1.0,0.0333333333333333,6.0,0.6290138669572171,58.41361067247768,14.676666666666668,21.12,343.4183333333333,355.08,50.0,1,INDUSTRIAL,,14.615,,12.203,0.0,1.0,0.0,9.0,population
157,19.3931,83.07026666666667,3,1,1.0,0.2925575121407824,1.0,0.0333333333333333,3.0,0.7736599653068917,53.80653263947117,6.23,6.23,341.53000000000003,349.62,50.0,1,INDUSTRIAL,,13.371,,10.158,0.0,2.0,0.0,26.0,population
158,19.401443333333333,83.02557,3,1,1.0,0.3754777723917122,1.0,0.0333333333333333,3.0,0.7270201089917848,52.87373551316903,39.89,41.18,345.75333333333333,351.98,43.333333333333336,1,INDUSTRIAL,,,,14.171,0.0,0.0,0.0,5.0,population
159,19.01575,80.51582666666667,3,1,1.0,0.6244605373911541,1.0,0.0333333333333333,3.0,0.6155889767602337,50.645112868538014,1.6,1.78,334.25666666666666,335.27,30.0,1,INDUSTRIAL,,3.247,,,0.0,1.0,0.0,0.0,forest
160,22.05955666666667,76.02069,3,2,1.9729166666666669,0.3057884658179032,1.0,0.0657638888888888,1.5205913410770855,0.7658208248712265,50.76199207233947,13.103333333333332,17.28,342.99,346.64,43.333333333333336,1,INDUSTRIAL,,,,,0.0,0.0,0.0,0.0,unknown
161,23.263536,83.421028,5,2,1.0,0.5589058477237032,1.0,0.0333333333333333,5.0,0.6414755589378208,56.16284451208975,6.475999999999999,17.97,326.498,345.92,38.0,1,INDUSTRIAL,,5.075,,4.051,0.0,6.0,0.0,28.0,population
162,22.043716666666665,75.76388,3,2,1.9729166666666669,0.5526973305345373,1.0,0.0657638888888888,1.5205913410770855,0.6440405224730671,48.32638602437627,7.8,9.76,337.55333333333334,342.97,30.0,1,INDUSTRIAL,,,,,0.0,0.0,0.0,0.0,unknown
163,23.679958749999997,86.39612125000001,24,3,2.4930555555555554,0.9484860714862828,1.0,0.0831018518518518,9.62674094707521,0.5132189624723421,66.40877791343117,4.576666666666666,10.78,322.93833333333333,349.3,45.833333333333336,1,INDUSTRIAL,3.528,,,4.038,10.0,0.0,0.0,19.0,industrial
164,23.16498714285714,82.34001642857143,14,3,2.4930555555555554,0.650672778489604,1.0,0.0831018518518518,5.615598885793872,0.6058135888779957,58.23281528834089,3.660714285714285,9.03,323.82214285714286,347.76,45.714285714285715,1,INDUSTRIAL,,4.728,,3.245,0.0,3.0,0.0,32.0,population
165,23.71335736842105,86.44711421052631,19,3,2.4930555555555554,1.440230630994291,1.0,0.0831018518518518,7.621169916434541,0.4097973311614985,59.326417710612624,4.230526315789473,10.68,320.4252631578947,349.54,48.94736842105263,1,INDUSTRIAL,6.86,,,7.165,12.0,0.0,0.0,14.0,industrial
166,23.736825000000003,86.43432874999999,8,3,2.4930555555555554,0.3231921395165227,1.0,0.0831018518518518,3.20891364902507,0.7557481412830847,55.21479324452066,9.595,17.28,338.25625,352.39,45.0,1,INDUSTRIAL,5.104,,,5.572,22.0,0.0,0.0,17.0,industrial
167,23.4164,83.81593,6,3,1.9729166666666669,0.605360337263228,1.0,0.0657638888888888,3.041182682154171,0.6229131097786875,51.7053161231814,4.125,5.84,335.955,344.3,46.666666666666664,1,INDUSTRIAL,,,,,0.0,0.0,0.0,0.0,unknown
168,23.761344827586207,86.40207103448276,29,3,2.4930555555555554,1.1249387681558003,1.0,0.0831018518518518,11.632311977715878,0.470601795678039,66.48958220985706,4.461034482758621,12.41,323.5341379310345,348.15,46.55172413793103,1,INDUSTRIAL,1.959,,,3.949,34.0,0.0,0.0,19.0,industrial
169,23.778668461538462,86.38997769230767,13,3,2.4930555555555554,0.5516444550252239,1.0,0.0831018518518518,5.2144846796657385,0.6444775391432981,58.0033087783266,5.239230769230769,15.38,324.02384615384614,352.68,45.38461538461539,1,INDUSTRIAL,2.182,,,3.759,34.0,0.0,0.0,20.0,industrial
170,23.776233333333337,86.36637000000002,9,3,2.4930555555555554,1.0129588218717946,1.0,0.0831018518518518,3.610027855153203,0.4967811507788955,51.03823894975721,3.09,6.39,317.7722222222222,341.67,47.77777777777778,1,INDUSTRIAL,2.228,,,1.624,34.0,0.0,0.0,28.0,population
171,19.159153333333332,81.15509666666667,3,1,1.0,0.2830129993855563,1.0,0.0333333333333333,3.0,0.7794153297580826,53.92163992849499,315.2366666666666,386.45,367.0,367.0,63.333333333333336,1,INDUSTRIAL,,,12.899,8.382,0.0,0.0,1.0,8.0,population
172,19.09438,80.59385,5,2,1.0,0.9549133090674228,1.0,0.0333333333333333,5.0,0.5115316343500893,53.56396602033512,5.752000000000001,9.61,340.192,350.53,46.0,1,INDUSTRIAL,,9.013,,11.422,0.0,1.0,0.0,4.0,forest
173,19.1912675,80.9227525,4,2,1.0,0.905100330653556,1.0,0.0333333333333333,4.0,0.52490673793382,51.331468092009736,6.8825,9.36,343.195,347.76,40.0,1,INDUSTRIAL,,,,7.581,0.0,0.0,0.0,4.0,population
174,22.76142666666667,79.02695,3,1,1.0,0.5218562074616154,1.0,0.0333333333333333,3.0,0.6570923028713421,51.47517939076018,9.9,11.63,344.22333333333336,349.63,30.0,1,INDUSTRIAL,,11.888,,,0.0,1.0,0.0,0.0,forest
175,23.79534625,86.35313375,8,3,2.4930555555555554,0.4751876273121478,1.0,0.0831018518518518,3.20891364902507,0.6778798720146813,53.6574278591526,6.4425,9.77,331.495,344.32,42.5,1,INDUSTRIAL,3.201,13.778,,1.138,34.0,2.0,0.0,28.0,population
176,23.77828181818182,86.20940909090909,11,3,2.4930555555555554,0.4752704447090804,1.0,0.0831018518518518,4.412256267409471,0.6778418178079868,56.665023320979714,5.04,11.99,322.8281818181818,351.31,50.0,1,INDUSTRIAL,2.058,1.969,,1.34,30.0,28.0,0.0,41.0,population
177,23.802921875,86.32776000000001,16,3,2.4930555555555554,0.6602919969820111,1.0,0.0831018518518518,6.41782729805014,0.6023036922527759,60.16818838647716,3.4562500000000003,8.26,318.770625,347.52,47.5,1,INDUSTRIAL,2.826,11.237,,1.22,36.0,6.0,0.0,33.0,population
178,23.549109130434783,84.19019913043478,23,3,2.4930555555555554,2.449120610906428,1.0,0.0831018518518518,9.225626740947076,0.2899289740225119,60.94019262911422,2.744782608695652,4.94,316.40521739130435,336.63,47.391304347826086,1,INDUSTRIAL,,7.84,,8.839,0.0,3.0,0.0,13.0,forest
179,23.540053333333333,84.11632666666667,3,2,1.0,0.1993958854692363,1.0,0.0333333333333333,3.0,0.8337530686198517,55.00839470573037,5.91,11.48,330.33666666666664,343.2,36.666666666666664,1,INDUSTRIAL,,12.141,,13.064,0.0,1.0,0.0,1.0,forest
180,23.073421666666672,80.73703,6,1,1.0,0.4276531185227639,1.0,0.0333333333333333,6.0,0.7004502613595174,59.842338560523686,5.636666666666667,6.58,364.7366666666667,367.0,33.333333333333336,1,INDUSTRIAL,,1.133,2.043,12.869,0.0,19.0,3.0,1.0,forest
181,23.549238888888887,84.13386111111112,9,3,2.4930555555555554,1.744883853459135,1.0,0.0831018518518518,3.610027855153203,0.3643141398277337,48.388898730733985,4.285555555555556,7.26,326.3366666666667,342.95,38.888888888888886,1,INDUSTRIAL,,10.187,,11.133,0.0,1.0,0.0,2.0,forest
182,23.566925,83.8998775,4,1,1.0,1.2114381139934254,1.0,0.0333333333333333,4.0,0.4521944311587337,49.877221956508,4.685,6.58,330.9825,342.05,35.0,1,INDUSTRIAL,,,,,0.0,0.0,0.0,0.0,unknown
183,23.61369666666667,84.14939333333332,3,2,1.0,0.4836545040093297,1.0,0.0333333333333333,3.0,0.6740113667283496,51.813560667900326,3.9866666666666664,6.18,337.67,341.39,30.0,1,INDUSTRIAL,,5.028,,5.531,0.0,8.0,0.0,13.0,forest
184,23.600156666666663,83.95367666666667,3,2,1.9729166666666669,0.5858314633793922,1.0,0.0657638888888888,1.5205913410770855,0.6305840331033723,48.05725623698238,4.903333333333332,5.39,338.97,342.0,36.666666666666664,1,INDUSTRIAL,,,,,0.0,0.0,0.0,0.0,unknown
185,23.60687090909091,84.05595727272728,11,3,1.9729166666666669,1.1833619904882853,1.0,0.0657638888888888,5.575501583949314,0.4580092556142561,54.74303629438063,3.71,8.88,323.9318181818182,343.38,40.90909090909091,1,INDUSTRIAL,,9.867,,,0.0,3.0,0.0,0.0,forest
186,23.6284625,84.14254833333334,12,3,2.4930555555555554,1.130137549192587,1.0,0.0831018518518518,4.813370473537605,0.4694532521522109,53.50003752318453,3.235,8.84,323.6408333333334,351.14,46.666666666666664,1,INDUSTRIAL,,5.78,,5.996,0.0,9.0,0.0,13.0,forest
187,23.624609999999997,84.09261000000001,5,3,1.9729166666666669,0.7477976400407319,1.0,0.0657638888888888,2.5343189017951424,0.5721486155437854,49.42286678758579,3.26,6.45,325.54200000000003,341.84,42.0,1,INDUSTRIAL,,7.05,,11.09,0.0,5.0,0.0,2.0,forest
188,19.266885,80.95373375,8,1,1.0,1.2264828803777237,1.0,0.0333333333333333,8.0,0.4491388677690393,59.81611068871412,12.75875,52.6,343.75375,352.3,37.5,1,INDUSTRIAL,,11.78,,7.651,0.0,1.0,0.0,1.0,population
189,19.290253333333336,81.01650666666667,3,1,1.0,0.6460408907357719,1.0,0.0333333333333333,3.0,0.6075183220709693,50.48369977475272,7.853333333333334,11.27,343.76666666666665,347.48,43.333333333333336,1,INDUSTRIAL,,9.137,,11.467,0.0,1.0,0.0,3.0,forest
190,19.1423125,79.9429425,4,2,1.0,0.5538202433832521,1.0,0.0333333333333333,4.0,0.6435750880826621,53.70483509498658,5.455,8.42,339.65999999999997,348.58,40.0,1,INDUSTRIAL,,13.213,,11.556,0.0,1.0,0.0,4.0,population
191,19.268236,80.69095,5,1,1.0,1.0176480468655444,1.0,0.0333333333333333,5.0,0.4956265794490369,53.24586492231407,2.74,3.72,337.19,345.97,30.0,1,INDUSTRIAL,,,,3.256,0.0,0.0,0.0,25.0,population
192,19.338845625,81.023240625,16,1,1.0,1.938029678438772,1.0,0.0333333333333333,16.0,0.3403641587893646,62.640616509120626,5.97375,12.35,344.639375,367.0,48.75,1,INDUSTRIAL,,4.921,,10.954,0.0,1.0,0.0,3.0,forest
193,19.212093333333335,80.232995,6,3,1.9729166666666669,1.0776832562624967,1.0,0.0657638888888888,3.041182682154171,0.4813053178273574,48.8731602841548,4.216666666666668,6.85,334.93833333333333,343.72,36.666666666666664,1,INDUSTRIAL,,9.908,12.549,4.67,0.0,1.0,1.0,37.0,population
194,22.35455333333333,75.62275666666666,3,2,1.0,0.8401358018303715,1.0,0.0333333333333333,3.0,0.5434381522305616,49.20209637794457,12.186666666666667,16.1,343.02333333333337,344.95,36.666666666666664,1,INDUSTRIAL,,,,,0.0,0.0,0.0,0.0,unknown
195,23.88559,85.38332,8,2,1.9729166666666669,1.2096832461582656,1.0,0.0657638888888888,4.054910242872228,0.4525535511655757,50.832443852714306,9.10125,12.73,345.22625,351.9,42.5,1,INDUSTRIAL,8.163,7.391,,,9.0,2.0,0.0,0.0,forest
196,23.575644615384615,82.47579269230769,26,3,1.9729166666666669,2.0139441313000837,1.0,0.0657638888888888,13.178458289334742,0.3317911535303223,63.27992029282867,4.255000000000001,17.29,323.3088461538461,348.57,47.69230769230769,1,INDUSTRIAL,,,,,0.0,0.0,0.0,0.0,unknown
197,21.909176666666667,72.75722666666665,3,1,1.0,0.3986004082937934,1.0,0.0333333333333333,3.0,0.7150005062703639,52.63334345874061,11.03,15.48,335.2633333333334,354.91,50.0,1,INDUSTRIAL,,,,,0.0,0.0,0.0,0.0,unknown
198,24.028031666666667,85.25916333333333,6,2,1.0,1.143909673104096,1.0,0.0333333333333333,6.0,0.466437561500496,55.162084563343264,7.156666666666666,10.74,345.2,350.68,46.666666666666664,1,INDUSTRIAL,,,,,0.0,0.0,0.0,0.0,unknown
199,19.296281666666665,80.72377833333334,6,2,1.50625,0.7502479195137262,1.0,0.0502083333333333,3.983402489626555,0.5713476295848599,52.64066714909692,2.8033333333333332,3.5,324.415,334.09,36.666666666666664,1,INDUSTRIAL,,,,2.171,0.0,0.0,0.0,20.0,population
200,19.37527375,81.065505,8,2,2.4944444444444445,1.2716617402554773,0.8017817371937639,0.0831481481481481,3.2071269487750556,0.4402063838463632,42.95410086838152,3.733750000000001,4.77,335.65999999999997,346.83,35.0,1,INDUSTRIAL,,8.194,,9.36,0.0,1.0,0.0,12.0,forest
201,19.22392,80.13524666666666,3,2,1.0,0.2825095515446483,1.0,0.0333333333333333,3.0,0.779721288465731,53.927759102647954,3.676666666666667,4.09,338.05333333333334,341.75,36.666666666666664,1,INDUSTRIAL,,12.419,2.213,3.592,0.0,1.0,1.0,23.0,farmland
202,19.670803333333332,83.02246666666666,3,1,1.0,0.2999056177154229,1.0,0.0333333333333333,3.0,0.7692866207913576,53.719065749160485,5.050000000000001,8.05,342.8566666666666,344.02,50.0,1,INDUSTRIAL,,,,,0.0,0.0,0.0,0.0,unknown
203,24.007810000000003,84.96076666666666,3,2,1.50625,0.5264366851272023,1.0,0.0502083333333333,1.9917012448132776,0.6551205233361298,49.33687191208912,5.06,7.14,331.71999999999997,347.06,50.0,1,INDUSTRIAL,,,,,0.0,0.0,0.0,0.0,unknown
204,24.0886075,85.212725,4,2,1.0,0.5886190000660754,1.0,0.0333333333333333,4.0,0.6294775524895567,53.42288438312447,6.5249999999999995,8.7,341.79,344.67,30.0,1,INDUSTRIAL,,,,,0.0,0.0,0.0,0.0,unknown
205,23.84049285714286,83.00609857142857,7,2,1.50625,1.0853324048235775,1.0,0.0502083333333333,4.647302904564315,0.4795398554623245,52.464262703990606,3.87,9.58,326.4342857142857,352.67,47.142857142857146,1,INDUSTRIAL,,,,,0.0,0.0,0.0,0.0,unknown
206,23.9390325,83.6632625,4,2,1.0,0.7477875816433124,1.0,0.0333333333333333,4.0,0.5721519082197482,52.276371497728306,3.185,6.26,325.74749999999995,342.38,40.0,1,INDUSTRIAL,,,,,0.0,0.0,0.0,0.0,unknown
207,23.84857000000001,82.94624,3,2,1.9729166666666669,0.4596244752873923,1.0,0.0657638888888888,1.5205913410770855,0.6851077225209623,49.14773002533418,24.99,63.77,345.5266666666667,347.92,30.0,1,INDUSTRIAL,,,,,0.0,0.0,0.0,0.0,unknown
208,23.351605999999997,79.44907499999998,10,2,1.975,1.1948706563228813,1.0,0.0658333333333333,5.063291139240506,0.4556077129735397,53.41621544090539,10.066,16.25,356.3449999999999,367.0,41.0,1,INDUSTRIAL,,,,,0.0,0.0,0.0,0.0,unknown
209,23.882125,83.0146175,4,1,1.0,0.6654028015323116,1.0,0.0333333333333333,4.0,0.600455336738905,52.84244006811143,9.35,14.45,347.6775,349.26,30.0,1,INDUSTRIAL,,,,,0.0,0.0,0.0,0.0,unknown
210,23.159699999999997,78.24736333333334,3,1,1.0,0.3125170398941543,1.0,0.0333333333333333,3.0,0.7618948703939442,53.57123074121222,12.386666666666663,14.82,347.02666666666664,348.63,30.0,1,INDUSTRIAL,,2.752,,1.291,0.0,25.0,0.0,54.0,population
211,23.89616,82.93485333333332,3,1,1.0,0.2414538039505665,1.0,0.0333333333333333,3.0,0.8055072180839836,54.44347769501301,9.776666666666667,12.41,357.48,367.0,60.0,1,INDUSTRIAL,,,,,0.0,0.0,0.0,0.0,unknown
212,23.117490000000004,77.74921333333333,3,1,1.0,0.2697242458355175,1.0,0.0333333333333333,3.0,0.787572579857266,54.084784930478655,5.613333333333332,14.94,320.46666666666664,348.84,43.333333333333336,1,INDUSTRIAL,,2.422,,3.102,0.0,10.0,0.0,29.0,forest
213,19.222872,80.042092,5,2,1.0,0.9536216041155372,1.0,0.0333333333333333,5.0,0.5118698513025146,53.570730359383624,4.803999999999999,8.08,338.058,354.77,34.0,1,INDUSTRIAL,,8.046,7.656,8.359,0.0,1.0,1.0,10.0,farmland
214,19.392555,81.04892333333332,6,1,1.0,1.1649397188289528,1.0,0.0333333333333333,6.0,0.4619066255299314,55.07146584393197,3.94,5.44,337.28333333333336,342.7,30.0,1,INDUSTRIAL,,6.976,,11.951,0.0,1.0,0.0,8.0,forest
215,19.7818375,83.6534,8,3,2.4944444444444445,1.224403685082465,1.0,0.0831481481481481,3.2071269487750556,0.4495586869893749,49.08769481542885,4.45,7.2,331.33625,348.32,47.5,1,INDUSTRIAL,,7.409,,4.754,0.0,9.0,0.0,14.0,population
216,19.79899526315789,83.61923105263159,19,3,2.4944444444444445,3.168379679264117,1.0,0.0831481481481481,7.616926503340757,0.23990137102303,55.91904738251621,15.601052631578945,100.4,327.7694736842106,367.0,42.63157894736842,1,INDUSTRIAL,,11.404,,3.357,0.0,4.0,0.0,7.0,population
217,19.82223,83.88003499999999,4,1,1.0,0.2910580598015734,1.0,0.0333333333333333,4.0,0.7745585044825117,56.32450342298356,4.17,5.01,339.165,345.17,40.0,1,INDUSTRIAL,,0.903,,3.048,0.0,2.0,0.0,27.0,forest
218,19.417186666666662,81.09504333333332,3,1,1.0,0.2852481968143427,1.0,0.0333333333333333,3.0,0.7780598350409142,53.89453003415162,8.226666666666667,12.84,339.56666666666666,345.29,43.333333333333336,1,INDUSTRIAL,,12.516,,10.773,0.0,1.0,0.0,12.0,population
219,19.41159,81.05186,4,1,1.0,0.4180521142645932,1.0,0.0333333333333333,4.0,0.7051927005648897,54.937187344631134,12.005,22.03,345.5275,350.93,30.0,1,INDUSTRIAL,,8.296,,13.447,0.0,1.0,0.0,6.0,forest
220,19.418756666666663,80.98947833333334,6,1,1.0,1.1183617103527146,1.0,0.0333333333333333,6.0,0.4720629131053811,55.27459159544096,4.891666666666667,7.17,341.86999999999995,355.16,36.666666666666664,1,INDUSTRIAL,,5.665,,,0.0,1.0,0.0,0.0,forest
221,19.4121025,80.95055166666666,12,2,1.0,1.5256748922942285,1.0,0.0333333333333333,12.0,0.3959337771662439,63.752008876658216,7.853333333333334,31.62,342.2250000000001,349.75,43.333333333333336,1,INDUSTRIAL,,6.284,,,0.0,1.0,0.0,0.0,forest
222,19.426747999999996,81.01902,5,1,1.0,0.7228788500606091,1.0,0.0333333333333333,5.0,0.5804238643737608,54.94181062080855,3.776,4.75,338.22999999999996,346.64,30.0,1,INDUSTRIAL,,7.324,,,0.0,1.0,0.0,0.0,forest
223,23.124235,77.71727166666666,6,1,1.0,0.6339583468912076,1.0,0.0333333333333333,6.0,0.6120107051092302,58.07354743551794,40.175,90.97,356.6066666666666,367.0,48.333333333333336,1,INDUSTRIAL,,2.075,,0.465,0.0,9.0,0.0,28.0,population
224,23.169803333333338,77.58777333333335,6,1,1.0,0.8862581064087665,1.0,0.0333333333333333,6.0,0.5301501404300883,56.43633614193511,45.879999999999995,115.16,361.9666666666667,367.0,46.666666666666664,1,INDUSTRIAL,,5.941,,5.747,0.0,4.0,0.0,24.0,population
225,23.572190000000003,80.04728999999999,3,1,1.0,0.286276553276935,1.0,0.0333333333333333,3.0,0.7774377892937463,53.88208911920827,7.123333333333332,8.26,354.1133333333333,367.0,30.0,1,INDUSTRIAL,,,,,0.0,0.0,0.0,0.0,unknown
226,23.490208,79.240638,5,1,1.0,0.6552206542126285,1.0,0.0333333333333333,5.0,0.6041490585892246,55.416314505117825,31.050000000000004,49.56,360.278,367.0,30.0,1,INDUSTRIAL,,,,,0.0,0.0,0.0,0.0,unknown
227,19.836503333333336,83.66912666666667,3,1,1.0,0.5604060830503826,1.0,0.0333333333333333,3.0,0.6408588192921777,51.150509719176895,3.7566666666666664,7.05,333.4266666666667,338.7,36.666666666666664,1,INDUSTRIAL,,7.224,,5.827,0.0,3.0,0.0,9.0,population
228,19.88307,83.893796,5,2,2.4944444444444445,0.9217570295004562,0.8017817371937639,0.0831481481481481,2.0044543429844097,0.520357144347192,41.550434563921485,3.74,4.73,330.01599999999996,336.49,46.0,1,INDUSTRIAL,,7.711,,7.616,0.0,1.0,0.0,17.0,population
229,19.797268333333335,83.24622666666667,6,2,1.50625,1.178730993942848,1.0,0.0502083333333333,3.983402489626555,0.4589827761114743,50.39337007962921,2.0383333333333336,3.1,317.77,336.31,43.333333333333336,1,INDUSTRIAL,,,,,0.0,0.0,0.0,0.0,unknown
230,19.476654166666663,81.04306583333334,12,1,1.0,1.2482469491201773,1.0,0.0333333333333333,12.0,0.4447909961098078,64.7291532555295,7.787499999999999,14.15,342.5233333333333,353.01,38.333333333333336,1,INDUSTRIAL,,13.417,,,0.0,1.0,0.0,0.0,forest
231,18.47803,75.22775666666666,3,1,1.0,0.2507141687825577,1.0,0.0333333333333333,3.0,0.79954319296902,54.32419719271373,8.386666666666667,11.66,344.3066666666667,355.07,43.333333333333336,1,INDUSTRIAL,,,,11.372,0.0,0.0,0.0,5.0,population
232,19.826573333333332,83.27892333333334,3,2,1.50625,0.5335569186142997,1.0,0.0502083333333333,1.9917012448132776,0.6520788291989748,49.276038029346026,5.376666666666666,9.35,331.0466666666667,346.71,43.333333333333336,1,INDUSTRIAL,,,,,0.0,0.0,0.0,0.0,unknown
233,19.835668333333334,83.26502,6,2,1.0,1.2012532292129108,1.0,0.0333333333333333,6.0,0.4542866703062437,54.91906673945821,3.1649999999999996,4.73,336.3016666666667,340.35,36.666666666666664,1,INDUSTRIAL,,,,,0.0,0.0,0.0,0.0,unknown
234,19.476126,80.850242,10,1,1.0,1.0653786309909707,1.0,0.0333333333333333,10.0,0.484172725036958,65.5167878340725,3.463,7.45,336.66700000000003,343.31,36.0,1,INDUSTRIAL,,,,,0.0,0.0,0.0,0.0,unknown
235,19.50642625,81.02640875,8,1,1.0,0.8346134418220221,1.0,0.0333333333333333,8.0,0.5450739524762575,61.734812382858486,5.9125,7.51,345.58875,353.38,40.0,1,INDUSTRIAL,,,,,0.0,0.0,0.0,0.0,unknown
236,19.47017,80.8239,3,1,1.0,0.2884754370631365,1.0,0.0333333333333333,3.0,0.7761110310952702,53.85555395523875,7.343333333333334,8.75,340.44,351.01,36.666666666666664,1,INDUSTRIAL,,,,,0.0,0.0,0.0,0.0,unknown
237,19.883866923076923,83.60812615384614,13,2,1.50625,0.8599671607745532,1.0,0.0502083333333333,8.630705394190871,0.5376439009727281,63.584849838265065,4.764615384615385,5.79,336.32461538461536,344.3,43.84615384615385,1,INDUSTRIAL,,,,12.643,0.0,0.0,0.0,2.0,population
238,19.82959,83.2411225,4,2,1.50625,0.7977289292964727,1.0,0.0502083333333333,2.6556016597510372,0.5562573888107493,49.019360258925914,2.1925,2.99,327.265,333.89,40.0,1,INDUSTRIAL,,,,,0.0,0.0,0.0,0.0,unknown
239,19.11865333333333,78.61626,3,1,1.0,0.5024448835857035,1.0,0.0333333333333333,3.0,0.6655818199556319,51.64496973244598,4.206666666666667,5.3,337.0566666666667,338.95,30.0,1,INDUSTRIAL,,,,,0.0,0.0,0.0,0.0,unknown
240,19.86010333333333,83.37203166666667,6,2,1.50625,1.2150732041373498,1.0,0.0502083333333333,3.983402489626555,0.4514523484515923,50.242761526431565,2.4466666666666668,3.24,332.05,340.55,43.333333333333336,1,INDUSTRIAL,,,,,0.0,0.0,0.0,0.0,unknown
241,19.516336666666664,80.99606333333334,3,1,1.0,0.286594014477258,1.0,0.0333333333333333,3.0,0.7772459600679077,53.8782525346915,3.803333333333333,5.35,338.3533333333333,342.47,30.0,1,INDUSTRIAL,,,,,0.0,0.0,0.0,0.0,unknown
242,23.30013,77.77521375,8,1,1.0,1.2385047015834294,1.0,0.0333333333333333,8.0,0.4467267811823847,59.76786895698103,14.933750000000002,31.28,352.34375,367.0,30.0,1,INDUSTRIAL,2.762,2.569,,1.647,1.0,61.0,0.0,63.0,population
243,24.204943333333333,83.54494,3,2,1.975,0.5415079722128452,1.0,0.0658333333333333,1.5189873417721518,0.6487154254314321,48.41761019639236,8.863333333333333,11.26,347.27666666666664,351.25,30.0,1,INDUSTRIAL,,,,,0.0,0.0,0.0,0.0,unknown
244,22.30805,72.05470666666668,3,2,1.05625,0.4532694709402136,1.0,0.0352083333333333,2.840236686390533,0.6881036311545412,51.74287267240049,6.626666666666666,10.62,348.23333333333335,367.0,60.0,1,INDUSTRIAL,,,,,0.0,0.0,0.0,0.0,unknown
245,23.4174125,77.71731249999999,4,1,1.0,0.4861536496687699,1.0,0.0333333333333333,4.0,0.6728779357523883,54.2908920483811,19.925,30.18,351.51000000000005,353.35,30.0,1,INDUSTRIAL,12.463,5.457,,5.024,1.0,13.0,0.0,24.0,population
246,23.688790833333332,79.31500583333333,12,2,1.0,1.3137112739802914,1.0,0.0333333333333333,12.0,0.4322060454326671,64.47745424198668,8.565,19.43,345.1041666666667,367.0,40.0,1,INDUSTRIAL,,,,,0.0,0.0,0.0,0.0,unknown
247,19.483771666666662,80.77887333333332,6,2,1.0,0.6039110238903936,1.0,0.0333333333333333,6.0,0.6234759815880765,58.302852965094864,5.781666666666666,7.19,339.915,348.3,50.0,1,INDUSTRIAL,,,,,0.0,0.0,0.0,0.0,unknown
248,19.499097391304343,80.82346173913044,23,3,2.4944444444444445,2.1664162194763152,1.0,0.0831481481481481,9.220489977728285,0.3158144510027135,61.44621766807868,4.631304347826087,9.98,334.6760869565218,351.05,43.04347826086956,1,INDUSTRIAL,,,,,0.0,0.0,0.0,0.0,unknown
249,19.984283,83.919072,10,3,2.4944444444444445,1.3003443860549428,1.0,0.0831481481481481,4.008908685968819,0.4347175171083776,50.79532576079331,3.5839999999999996,6.03,327.59,349.27,48.0,1,INDUSTRIAL,,,,,0.0,0.0,0.0,0.0,unknown
250,19.410064285714288,80.07531714285713,7,2,1.50625,0.957445382777142,1.0,0.0502083333333333,4.647302904564315,0.5108699373165865,53.09086434107585,4.8742857142857146,6.02,334.7114285714286,343.1,44.285714285714285,1,INDUSTRIAL,,11.531,,11.44,0.0,1.0,0.0,4.0,population
251,19.9452625,83.6217,4,2,1.0,0.4503153490867174,1.0,0.0333333333333333,4.0,0.689505217351325,54.623437680359835,5.09,6.9,341.2275,347.13,45.0,1,INDUSTRIAL,,12.658,,,0.0,1.0,0.0,0.0,forest
252,19.988498,83.89994800000001,5,2,1.0,0.5789711056910316,1.0,0.0333333333333333,5.0,0.6333238121937343,55.999809577208026,3.246,4.09,334.754,338.94,38.0,1,INDUSTRIAL,,,,,0.0,0.0,0.0,0.0,unknown
253,19.919,83.36419333333333,3,2,1.0,0.4577979862045335,1.0,0.0333333333333333,3.0,0.685966100559352,52.052655344520375,2.776666666666667,4.01,335.3733333333333,339.43,36.666666666666664,1,INDUSTRIAL,,,,,0.0,0.0,0.0,0.0,unknown
254,19.558456666666668,80.9366,3,2,1.0,0.3003169500590901,1.0,0.0333333333333333,3.0,0.7690432705307403,53.71419874394814,4.3066666666666675,6.48,336.17333333333335,341.41,43.333333333333336,1,INDUSTRIAL,,,,,0.0,0.0,0.0,0.0,unknown
255,19.57397,80.92025500000001,6,1,1.0,0.5122293379204435,1.0,0.0333333333333333,6.0,0.6612753601085134,59.058840535503606,3.565,6.57,338.3683333333333,350.05,50.0,1,INDUSTRIAL,,,,,0.0,0.0,0.0,0.0,unknown
256,24.174426666666665,82.49619666666668,3,1,1.0,0.3022086562666438,1.0,0.0333333333333333,3.0,0.7679260886400047,53.69185510613343,10.99,12.57,347.7866666666667,349.16,30.0,1,INDUSTRIAL,,13.794,13.236,,0.0,1.0,6.0,0.0,farmland
257,23.491116666666667,77.69307333333333,3,1,1.0,0.5164528172070587,1.0,0.0333333333333333,3.0,0.6594336392488357,51.522006118310046,76.29,178.07,363.1933333333333,367.0,63.333333333333336,1,INDUSTRIAL,,13.93,,13.584,0.0,3.0,0.0,4.0,population
258,23.536914999999997,77.90427666666666,6,2,1.0,0.8555190231056006,1.0,0.0333333333333333,6.0,0.5389327662759771,56.61198865885289,6.786666666666666,13.93,336.0249999999999,367.0,51.666666666666664,1,INDUSTRIAL,,,,,0.0,0.0,0.0,0.0,unknown
259,24.2793375,82.74734,4,1,1.0,0.2855189608609446,1.0,0.0333333333333333,4.0,0.7778959552103958,56.39125243754125,30.870000000000005,78.26,362.7925,367.0,30.0,1,INDUSTRIAL,9.688,8.687,2.549,9.987,19.0,38.0,51.0,61.0,farmland
260,23.50516162162162,77.74402945945944,37,3,2.564583333333333,2.1966707628026136,1.0,0.0854861111111111,14.427294882209589,0.3128254594236884,63.39366196625155,32.507027027027036,163.59,335.85486486486485,367.0,48.37837837837838,1,INDUSTRIAL,,,,,0.0,0.0,0.0,0.0,unknown
261,23.5209075,77.7212575,4,1,1.0,0.5053768998621531,1.0,0.0333333333333333,4.0,0.6642854690354089,54.11904271404151,12.8625,19.96,348.925,352.08,30.0,1,INDUSTRIAL,,,,,0.0,0.0,0.0,0.0,unknown
262,23.8526775,79.744865,4,1,1.0,0.2693525830116192,1.0,0.0333333333333333,4.0,0.7878031788673221,56.58939691067978,8.1,8.1,359.145,367.0,35.0,1,INDUSTRIAL,,,,,0.0,0.0,0.0,0.0,unknown
263,19.982333333333333,83.55903666666667,3,2,1.50625,0.4420251260839208,1.0,0.0502083333333333,1.9917012448132776,0.6934691926732791,50.10384529883212,3.1233333333333335,4.03,329.8066666666667,343.42,43.333333333333336,1,INDUSTRIAL,,13.061,,,0.0,1.0,0.0,0.0,forest
264,19.98037,83.50874833333333,6,2,1.0,0.9905121462620936,1.0,0.0333333333333333,6.0,0.5023832694906492,55.88099872314633,3.19,5.04,337.09,340.58,33.333333333333336,1,INDUSTRIAL,,,,,0.0,0.0,0.0,0.0,unknown
265,19.604025,80.90958,6,1,1.0,1.218975426770408,1.0,0.0333333333333333,6.0,0.4506584380952081,54.846502095237504,6.311666666666665,8.49,340.27500000000003,354.86,33.333333333333336,1,INDUSTRIAL,,,,,0.0,0.0,0.0,0.0,unknown
266,20.01534714285714,83.60790714285713,7,3,1.9729166666666669,1.3221937746718468,1.0,0.0657638888888888,3.5480464625131996,0.4306272848144689,49.1267590747946,3.922857142857143,11.67,325.59857142857146,344.86,44.285714285714285,1,INDUSTRIAL,,,,,0.0,0.0,0.0,0.0,unknown
267,20.006751428571427,83.58348285714285,7,2,1.50625,0.9286655049834164,1.0,0.0502083333333333,4.647302904564315,0.518493226231367,53.24333011937146,12.06,39.97,332.36428571428576,346.45,41.42857142857143,1,INDUSTRIAL,,,,,0.0,0.0,0.0,0.0,unknown
268,19.601006666666667,80.82557,3,1,1.0,0.3718524836639073,1.0,0.0333333333333333,3.0,0.7289413489482678,52.912160312298695,3.036666666666666,3.87,335.78666666666663,336.02,43.333333333333336,1,INDUSTRIAL,,,,,0.0,0.0,0.0,0.0,unknown
269,20.02418,83.57844,5,1,1.0,0.5560116644171239,1.0,0.0333333333333333,5.0,0.6426687041414926,56.18670741616319,3.232,4.6,335.27200000000005,337.52,38.0,1,INDUSTRIAL,,,,,0.0,0.0,0.0,0.0,unknown
270,19.487065,80.04308750000001,4,3,1.9729166666666669,0.410474331447494,1.0,0.0657638888888888,2.027455121436114,0.7089813530840747,50.892362087494,3.505,6.57,329.5325,346.41,45.0,1,INDUSTRIAL,,,,,0.0,0.0,0.0,0.0,unknown
271,19.413061666666668,79.60743833333333,6,2,1.50625,0.9897731328611172,1.0,0.0502083333333333,3.983402489626555,0.5025698575807428,51.265111709014576,2.4066666666666667,3.62,317.8666666666667,344.18,43.333333333333336,1,INDUSTRIAL,,,,11.735,0.0,0.0,0.0,8.0,population
272,19.630270555555555,80.82653499999999,18,3,2.4944444444444445,2.3857601947580074,1.0,0.0831481481481481,7.216035634743875,0.2953546448883907,56.025885688331215,2.9777777777777783,5.3,331.0800000000001,347.63,41.111111111111114,1,INDUSTRIAL,,,,,0.0,0.0,0.0,0.0,unknown
273,25.457669999999997,93.35835666666668,3,3,1.9729166666666669,0.4865389101541394,1.0,0.0657638888888888,1.5205913410770855,0.6727035486049334,48.8996465470136,9.913333333333334,11.39,337.43,340.12,50.0,1,INDUSTRIAL,,9.668,,10.906,0.0,2.0,0.0,6.0,forest
274,19.67865,81.12849666666666,3,2,1.50625,0.693858854746469,1.0,0.0502083333333333,1.9917012448132776,0.5903679620045299,48.041820685457125,3.266666666666667,4.53,327.02333333333337,341.25,43.333333333333336,1,INDUSTRIAL,,10.583,,6.983,0.0,2.0,0.0,63.0,population
275,19.622601666666668,80.77467416666666,12,3,2.4944444444444445,1.4465271598283689,1.0,0.0831481481481481,4.810690423162583,0.4087426522050763,52.280282805711686,3.3441666666666667,5.55,331.5491666666667,347.93,41.666666666666664,1,INDUSTRIAL,,,,,0.0,0.0,0.0,0.0,unknown
276,20.046065,83.59957,4,3,1.9729166666666669,0.6922270402899795,1.0,0.0657638888888888,2.027455121436114,0.5909372538029178,48.53148010187087,4.909999999999999,6.92,330.2825,342.41,40.0,1,INDUSTRIAL,,,,,0.0,0.0,0.0,0.0,unknown
277,20.0248825,83.39201,4,1,1.0,0.7670614910583803,1.0,0.0333333333333333,4.0,0.5659112628848307,52.151558591029946,4.205,6.92,343.375,352.66,40.0,1,INDUSTRIAL,,,,,0.0,0.0,0.0,0.0,unknown
278,19.68011,80.841005,4,3,2.4944444444444445,0.6812585320699287,1.0,0.0831481481481481,1.6035634743875278,0.5947925205582879,47.98346280083828,2.1575,3.25,327.37,336.78,40.0,1,INDUSTRIAL,,,,,0.0,0.0,0.0,0.0,unknown
279,19.698874545454547,80.91048363636362,11,2,1.50625,1.0441651319313567,1.0,0.0502083333333333,7.302904564315352,0.4891972690362766,59.29641512484724,41.90727272727273,198.26,340.5163636363637,367.0,51.81818181818182,1,INDUSTRIAL,,,,,0.0,0.0,0.0,0.0,unknown
280,19.70775088235294,80.856635,34,2,1.0,2.4304682925515935,1.0,0.0333333333333333,34.0,0.2915053907279221,61.663441147891774,4.7176470588235295,14.17,340.25029411764706,353.33,42.94117647058823,1,INDUSTRIAL,,,,,0.0,0.0,0.0,0.0,unknown
281,19.70462,80.89227333333332,3,1,1.0,0.286763586601952,1.0,0.0333333333333333,3.0,0.7771435331339854,53.87620399601305,5.03,5.03,342.87999999999994,347.22,43.333333333333336,1,INDUSTRIAL,,,,,0.0,0.0,0.0,0.0,unknown
282,19.697755,80.80959999999999,4,2,1.50625,0.4141218898264491,1.0,0.0502083333333333,2.6556016597510372,0.7071526204312748,52.03726489133642,3.96,4.38,325.175,342.08,45.0,1,INDUSTRIAL,,,,,0.0,0.0,0.0,0.0,unknown
283,19.572284,80.01357,5,1,1.0,0.9933126831414448,1.0,0.0333333333333333,5.0,0.5016774379943282,53.3668820932199,3.3880000000000003,3.66,339.216,346.69,34.0,1,INDUSTRIAL,,13.014,,,0.0,1.0,0.0,0.0,forest
284,20.145053333333333,83.74068,3,2,1.0,0.38013938886618,1.0,0.0333333333333333,3.0,0.724564495490217,52.82462324313768,5.180000000000001,7.45,337.9866666666667,341.27,43.333333333333336,1,INDUSTRIAL,,,,,0.0,0.0,0.0,0.0,unknown
285,19.7290955,80.945777,20,3,2.4944444444444445,2.106121877225991,1.0,0.0831481481481481,8.017817371937639,0.3219448687226265,58.56214450800034,13.281,76.03,331.963,367.0,49.5,1,INDUSTRIAL,,,,,0.0,0.0,0.0,0.0,unknown
286,20.16940333333333,83.76598750000001,12,3,2.4944444444444445,1.2680371726518385,1.0,0.0831481481481481,4.810690423162583,0.4409098810451939,52.92362738251404,2.4775,4.18,326.37,338.43,38.333333333333336,1,INDUSTRIAL,,,,,0.0,0.0,0.0,0.0,unknown
287,20.16427142857143,83.70311857142858,7,2,2.4944444444444445,0.9958496162328232,0.8017817371937639,0.0831481481481481,2.8062360801781736,0.5010397536300882,43.168541092563814,3.882857142857143,5.53,326.79428571428576,337.85,47.142857142857146,1,INDUSTRIAL,,,,,0.0,0.0,0.0,0.0,unknown
288,18.43612625,73.4643475,8,3,2.0430555555555556,0.9784391584037524,1.0,0.0681018518518518,3.9157036029911625,0.5054489523988303,51.6007843517508,9.54125,25.21,339.22375,353.19,42.5,1,INDUSTRIAL,,,,,0.0,0.0,0.0,0.0,unknown
289,19.773115454545454,80.96373818181819,11,3,2.4944444444444445,1.773607919247387,1.0,0.0831481481481481,4.409799554565701,0.3605412261266358,50.31402711265067,4.554545454545454,6.21,332.9490909090909,348.81,46.36363636363637,1,INDUSTRIAL,,,,,0.0,0.0,0.0,0.0,unknown
290,19.643403333333335,80.07591000000001,3,1,1.0,0.520407679596902,1.0,0.0333333333333333,3.0,0.6577183300370628,51.48769993407459,7.533333333333334,10.59,342.31,348.25,30.0,1,INDUSTRIAL,,3.906,,8.535,0.0,8.0,0.0,9.0,forest
291,19.806622222222224,81.0241,9,2,1.0,0.931135228120834,1.0,0.0333333333333333,9.0,0.5178301267763049,63.68993586885943,4.464444444444445,6.58,339.5788888888889,349.4,43.333333333333336,1,INDUSTRIAL,,9.708,,,0.0,1.0,0.0,0.0,forest
292,20.196156666666667,83.68042428571428,21,3,2.4944444444444445,2.11032396505073,1.0,0.0831481481481481,8.41870824053452,0.3215099170493289,59.55567264602658,2.9600000000000004,8.86,324.2528571428571,349.06,45.23809523809524,1,INDUSTRIAL,,,,,0.0,0.0,0.0,0.0,unknown
293,19.546885,79.43063,6,1,1.0,1.232919988982047,1.0,0.0333333333333333,6.0,0.4478440808154009,54.79021494964136,2.5933333333333333,3.19,313.9216666666666,334.01,46.666666666666664,1,INDUSTRIAL,,5.938,,,0.0,2.0,0.0,0.0,forest
294,19.843371428571427,81.18497714285715,7,3,2.4944444444444445,0.9798882918036368,1.0,0.0831481481481481,2.8062360801781736,0.5050790007394916,49.19587391893897,5.144285714285714,9.68,330.10571428571427,344.69,47.142857142857146,1,INDUSTRIAL,,2.847,,2.141,0.0,9.0,0.0,47.0,population
295,20.245540645161295,83.71626806451613,31,3,2.4944444444444445,3.233640948616015,1.0,0.0831481481481481,12.42761692650334,0.2362033087210434,61.80276987812457,3.2403225806451608,7.1,326.79193548387093,349.2,41.61290322580645,1,INDUSTRIAL,,,,,0.0,0.0,0.0,0.0,unknown
296,20.24132,83.57890666666667,3,2,1.50625,0.6354874638068949,1.0,0.0502083333333333,1.9917012448132776,0.6114384989979182,48.46323142532489,3.0833333333333335,6.01,330.71,344.66,43.333333333333336,1,INDUSTRIAL,,,,,0.0,0.0,0.0,0.0,unknown
297,20.05919,82.244336,5,2,1.0,0.517616636290867,1.0,0.0333333333333333,5.0,0.6589279374559648,56.51189208245263,3.152,3.71,329.05600000000004,344.17,38.0,1,INDUSTRIAL,,,,6.488,0.0,0.0,0.0,10.0,population
298,20.072701538461537,82.23091230769231,13,2,1.50625,1.103474730517347,1.0,0.0502083333333333,8.630705394190871,0.4754038570047624,62.34004895890576,4.860769230769231,7.96,330.75307692307695,345.31,42.30769230769231,1,INDUSTRIAL,,,,5.311,0.0,0.0,0.0,17.0,population
299,20.282968333333333,83.59174,6,2,1.50625,0.9699165278269228,1.0,0.0502083333333333,3.983402489626555,0.5076357225669514,51.36642900873875,3.265,4.01,332.30333333333334,342.47,40.0,1,INDUSTRIAL,,,,,0.0,0.0,0.0,0.0,unknown
300,20.32008333333333,83.75934333333333,6,3,1.9729166666666669,0.5700559252490445,1.0,0.0657638888888888,3.041182682154171,0.6369199873191642,51.98545367399093,4.706666666666667,7.02,339.1816666666666,347.16,43.333333333333336,1,INDUSTRIAL,,,,,0.0,0.0,0.0,0.0,unknown
301,20.367896666666667,83.99849999999999,3,2,1.0,0.4558049989829296,1.0,0.0333333333333333,3.0,0.6869051835229518,52.071437003792376,3.3866666666666667,4.35,340.42,344.86,43.333333333333336,1,INDUSTRIAL,,,,,0.0,0.0,0.0,0.0,unknown
302,19.91358,80.85829,3,1,1.0,0.2480686958143329,1.0,0.0333333333333333,3.0,0.801237947361163,54.35809228055659,3.7566666666666664,7.25,326.57,345.98,43.333333333333336,1,INDUSTRIAL,,,,,0.0,0.0,0.0,0.0,unknown
303,18.536406666666668,73.19064333333334,3,1,1.0,0.3826766987033719,1.0,0.0333333333333333,3.0,0.7232348682362021,52.798030698057374,9.65,9.65,357.4066666666667,367.0,70.0,1,INDUSTRIAL,,,,,0.0,0.0,0.0,0.0,unknown
304,20.417945,83.94123499999999,4,2,1.50625,0.570961882382978,1.0,0.0502083333333333,2.6556016597510372,0.636552682286033,50.62526612843159,2.3925,3.54,321.655,336.19,40.0,1,INDUSTRIAL,,,,,0.0,0.0,0.0,0.0,unknown
305,20.232226666666666,82.45065000000001,3,2,1.50625,0.6862590301439041,1.0,0.0502083333333333,1.9917012448132776,0.5930286996978518,48.09503543932357,7.476666666666667,12.84,334.31,344.86,36.666666666666664,1,INDUSTRIAL,,,,10.916,0.0,0.0,0.0,3.0,population
306,19.783247083333332,79.54013291666668,24,2,1.0,1.6403091012156534,1.0,0.0333333333333333,24.0,0.3787435340580309,63.408204014493954,21.0525,73.55,343.8208333333334,367.0,45.416666666666664,1,INDUSTRIAL,,9.579,,9.415,0.0,2.0,0.0,17.0,population
307,20.384086666666665,83.21887333333332,3,1,1.0,0.3001333386940421,1.0,0.0333333333333333,3.0,0.7691518786869045,53.71637090707142,4.11,4.11,343.34999999999997,346.54,43.333333333333336,1,INDUSTRIAL,,,,,0.0,0.0,0.0,0.0,unknown
308,20.534477142857146,84.24368714285715,7,3,2.4944444444444445,1.3354068871988347,1.0,0.0831481481481481,2.8062360801781736,0.4281909098929795,47.65811210200873,2.0328571428571434,2.62,324.85571428571427,334.29,35.714285714285715,1,INDUSTRIAL,,,,,0.0,0.0,0.0,0.0,unknown
309,20.56836142857143,84.18138142857143,7,2,1.50625,1.2258908924301484,1.0,0.0502083333333333,4.647302904564315,0.4492583187256926,51.85863196925797,4.064285714285714,5.02,335.61571428571426,345.35,41.42857142857143,1,INDUSTRIAL,,,,,0.0,0.0,0.0,0.0,unknown
310,20.329089375,82.43435062500001,16,3,1.9729166666666669,1.5101198800277802,1.0,0.0657638888888888,8.109820485744455,0.3983873471369554,59.886395379322465,4.86125,10.79,329.670625,345.51,42.5,1,INDUSTRIAL,,7.398,,11.426,0.0,1.0,0.0,5.0,forest
311,20.596903333333337,84.16347,3,2,1.0,0.4990596035186027,1.0,0.0333333333333333,3.0,0.6670848828510842,51.67503099035502,2.8233333333333337,3.4,333.1466666666667,334.98,30.0,1,INDUSTRIAL,,,,,0.0,0.0,0.0,0.0,unknown
312,20.760811666666665,85.29784666666667,6,3,2.4944444444444445,0.3741941648670733,1.0,0.0831481481481481,2.4053452115812917,0.7276992040616986,52.64605081389091,4.425,8.57,322.4866666666667,340.49,43.333333333333336,1,INDUSTRIAL,,,,,0.0,0.0,0.0,0.0,unknown
313,20.60234,84.07444333333333,3,2,1.0,0.3762448204851626,1.0,0.0333333333333333,3.0,0.7266149053679807,52.86563144069295,3.573333333333333,4.52,337.15333333333336,339.79,36.666666666666664,1,INDUSTRIAL,,,,,0.0,0.0,0.0,0.0,unknown
314,20.27886,81.76312333333334,3,1,1.0,0.4853046751810161,1.0,0.0333333333333333,3.0,0.6732625411538065,51.79858415640947,4.366666666666667,9.22,317.99666666666667,341.23,43.333333333333336,1,INDUSTRIAL,,6.541,12.32,0.945,0.0,6.0,2.0,52.0,population
315,20.581166,83.79676199999999,5,2,1.0,0.5077632495572574,1.0,0.0333333333333333,5.0,0.6632340987841706,56.598015309016745,6.632,7.22,345.732,351.67,46.0,1,INDUSTRIAL,,,,,0.0,0.0,0.0,0.0,unknown
316,19.7290575,78.26811500000001,4,2,1.50625,0.8930162392115476,1.0,0.0502083333333333,2.6556016597510372,0.5282574862730738,48.4593622081724,4.6825,5.74,337.17750000000007,349.47,40.0,1,INDUSTRIAL,,,,,,,,,unknown
317,20.794611250000003,85.2591975,24,3,2.4944444444444445,1.4078474813185733,1.0,0.0831481481481481,9.621380846325168,0.4153086969829107,64.43832975917483,4.939166666666667,11.78,324.40375,346.19,45.0,1,INDUSTRIAL,,,,,0.0,0.0,0.0,0.0,unknown
318,20.082856666666668,80.09787555555555,9,2,1.0,1.2392730482463068,1.0,0.0333333333333333,9.0,0.4465734988339867,62.26480331001307,5.794444444444444,8.08,339.41999999999996,351.82,41.111111111111114,1,INDUSTRIAL,,,,,,,,,unknown
319,20.95158571428572,86.04848714285713,7,3,2.4944444444444445,0.2332249740996322,1.0,0.0831481481481481,2.8062360801781736,0.8108820539659375,55.31193498346789,4.4471428571428575,6.23,330.5557142857143,337.13,38.57142857142857,1,INDUSTRIAL,,,,,,,,,unknown
320,20.697076666666668,84.11847666666667,3,1,1.0,0.2822135660458885,1.0,0.0333333333333333,3.0,0.7799012789139462,53.93135891161226,6.073333333333333,8.4,339.65333333333336,341.69,30.0,1,INDUSTRIAL,,,,,0.0,0.0,0.0,0.0,unknown
321,20.965422000000004,86.010598,20,3,2.4944444444444445,1.4194632296004626,1.0,0.0831481481481481,8.017817371937639,0.4133148161814117,60.389543457176046,5.681499999999999,11.08,326.90250000000003,345.81,44.0,1,INDUSTRIAL,,,,,,,,,unknown
322,20.864925454545457,84.99194363636364,11,3,2.4944444444444445,0.4884982353669813,1.0,0.0831481481481481,4.409799554565701,0.671818062151384,56.539563833145635,3.7718181818181815,5.92,324.90909090909093,342.79,46.36363636363637,1,INDUSTRIAL,,,,,,,,,unknown
323,20.998708,86.019316,5,3,2.4944444444444445,0.8935362944073801,1.0,0.0831481481481481,2.0044543429844097,0.5281124016231069,47.65208759362687,2.7960000000000003,4.43,317.6940000000001,335.36,42.0,1,INDUSTRIAL,,,,,,,,,unknown
324,20.88483,84.9822775,8,3,2.4944444444444445,0.331303226720762,1.0,0.0831481481481481,3.2071269487750556,0.7511436763081982,55.119394601805304,4.38875,7.81,329.19375,340.01,45.0,1,INDUSTRIAL,,,,,,,,,unknown
325,20.965357260273972,85.17258301369864,73,3,2.4944444444444445,2.708091808455469,1.0,0.0831481481481481,29.265033407572385,0.269680485720371,62.47231341811113,4.545342465753425,13.95,328.1271232876712,349.72,46.16438356164384,1,INDUSTRIAL,,,,,0.0,0.0,0.0,0.0,unknown
326,20.95244666666667,85.06268666666666,3,2,1.50625,0.1667782903512012,1.0,0.0502083333333333,1.9917012448132776,0.8570608557509235,53.375678560385,2.963333333333334,3.91,332.0,337.34,43.333333333333336,1,INDUSTRIAL,,,,,0.0,0.0,0.0,0.0,unknown
327,20.958496363636367,85.01204454545454,11,3,2.4944444444444445,0.8241315590580874,1.0,0.0831481481481481,4.409799554565701,0.5482060737529053,54.06732406517606,4.373636363636364,9.91,325.1363636363636,341.05,44.54545454545455,1,INDUSTRIAL,,,,,0.0,0.0,0.0,0.0,unknown
328,20.9744525,85.12888625,8,3,2.4944444444444445,0.9246990507996088,1.0,0.0831481481481481,3.2071269487750556,0.5195617463335651,50.48775600231264,2.6625,6.26,319.53499999999997,337.7,45.0,1,INDUSTRIAL,,,,,0.0,0.0,0.0,0.0,unknown
329,19.1461075,73.5743075,4,1,1.0,0.2963880641916125,1.0,0.0333333333333333,4.0,0.7713739640325746,56.260812613984825,19.6275,35.69,341.84749999999997,353.52,50.0,1,INDUSTRIAL,,,,,,,,,unknown
330,20.334674,79.99623199999999,5,2,1.0,0.5903105895655764,1.0,0.0333333333333333,5.0,0.6288079866670377,55.90949306667409,7.52,10.66,349.00000000000006,367.0,52.0,1,INDUSTRIAL,,,,,,,,,unknown
331,21.041516,84.777454,5,1,1.0,0.5487165165681561,1.0,0.0333333333333333,5.0,0.6456959613344395,56.24725256002212,4.8660000000000005,6.62,339.41999999999996,349.32,38.0,1,INDUSTRIAL,,,,,,,,,unknown
332,19.273909999999997,73.60823,3,2,2.0430555555555556,0.7258121150891421,0.9789259007477906,0.0681018518518518,1.4683888511216858,0.5794373508314071,46.33004246316237,6.623333333333332,10.51,337.96000000000004,346.17,43.333333333333336,1,INDUSTRIAL,,,,,,,,,unknown
333,20.88981,82.84311,4,1,1.0,0.6933174122587905,1.0,0.0333333333333333,4.0,0.59055673364042,52.64446800614173,3.3775,5.32,325.20000000000005,348.13,50.0,1,INDUSTRIAL,,,,,,,,,unknown
334,21.13938,83.94585333333333,3,2,1.9729166666666669,0.443231302718427,1.0,0.0657638888888888,1.5205913410770855,0.6928896276822919,49.30336812856078,4.1000000000000005,5.99,334.4066666666667,336.0,30.0,1,INDUSTRIAL,,,,,,,,,unknown
335,21.175852,83.978404,5,3,1.9729166666666669,0.8582414388648907,1.0,0.0657638888888888,2.5343189017951424,0.5381432030763728,48.74275853823754,4.436,8.6,334.56000000000006,340.86,34.0,1,INDUSTRIAL,,,,,,,,,unknown
336,20.96820333333333,81.66371,3,2,1.0,0.5602161026812966,1.0,0.0333333333333333,3.0,0.640936853735491,51.15207040804316,15.86,17.25,349.23,351.25,36.666666666666664,1,INDUSTRIAL,,,,,,,,,unknown
337,21.19212625,83.11756625000001,8,2,1.50625,1.815515942963226,1.0,0.0502083333333333,5.3112033195020745,0.3551746892072424,51.63671041623337,3.49125,4.81,325.3775,346.16,47.5,1,INDUSTRIAL,,,,,,,,,unknown
338,21.55203,85.36169333333333,3,1,1.0,0.5900062300540423,1.0,0.0333333333333333,3.0,0.6289283532970882,50.9119003992751,6.513333333333333,6.82,337.74666666666667,339.95,43.333333333333336,1,INDUSTRIAL,,,,,,,,,unknown
339,21.25514,82.96182999999999,4,1,1.0,0.2776554359693846,1.0,0.0333333333333333,4.0,0.7826836342939977,56.48700601921328,7.695,8.38,345.4225,349.35,40.0,1,INDUSTRIAL,,,,,,,,,unknown
340,21.319536,83.12556599999999,5,1,1.0,0.5953638241237159,1.0,0.0333333333333333,5.0,0.6268162690408686,55.8696587141507,11.2,16.48,348.59000000000003,352.48,46.0,1,INDUSTRIAL,,,,,,,,,unknown
341,20.694176666666664,78.96891333333333,3,1,1.0,0.4131325554309973,1.0,0.0333333333333333,3.0,0.7076476981276578,52.48628729588649,19.32,27.66,361.17333333333335,367.0,30.0,1,INDUSTRIAL,,,,,,,,,unknown
342,21.711455,84.796945,4,1,1.0,0.3212488183134969,1.0,0.0333333333333333,4.0,0.7568597119174314,55.97052757168196,4.64,4.64,339.99249999999995,340.55,30.0,1,INDUSTRIAL,,,,,,,,,unknown
343,21.74747838709677,83.84329451612903,31,3,2.4944444444444445,1.3806896844368837,1.0,0.0831481481481481,12.42761692650334,0.4200463447786707,65.47963059927712,5.288387096774193,17.04,330.921935483871,354.21,43.54838709677419,1,INDUSTRIAL,,,,,,,,,unknown
344,21.1841675,79.99534750000001,4,2,2.0444444444444443,0.6570285774212647,0.9782608695652176,0.0681481481481481,1.956521739130435,0.6034898936723473,48.012632011933256,6.6775,7.08,340.8475,348.41,35.0,1,INDUSTRIAL,,,,,,,,,unknown
345,20.547504999999997,76.2050775,4,1,1.0,0.4565799191773323,1.0,0.0333333333333333,4.0,0.6865397406856976,54.564128147047285,5.7925,6.85,350.84250000000003,367.0,57.5,1,INDUSTRIAL,,,,,,,,,unknown
346,21.873153333333335,84.32034666666667,3,1,1.0,0.3338526751798596,1.0,0.0333333333333333,3.0,0.7497079839534436,53.32749301240221,6.38,8.94,340.72333333333336,345.83,36.666666666666664,1,INDUSTRIAL,,,,,,,,,unknown
347,21.19871666666667,79.58362999999999,3,1,1.0,0.295625780441018,1.0,0.0333333333333333,3.0,0.7718278032871575,53.76988939907649,11.31,12.52,347.49,349.76,36.666666666666664,1,INDUSTRIAL,,,,,,,,,unknown
348,21.471873333333335,81.14694666666666,3,1,1.0,0.2845427918319355,1.0,0.0333333333333333,3.0,0.7784871055746315,53.903075444825966,15.163333333333334,24.42,361.72,367.0,36.666666666666664,1,INDUSTRIAL,,,,,,,,,unknown
349,21.56250857142857,81.59385571428572,7,1,1.0,0.7307654538474261,1.0,0.0333333333333333,7.0,0.5777790386196107,59.88891410572555,25.319999999999997,35.16,360.4,367.0,42.857142857142854,1,INDUSTRIAL,,,,,,,,,unknown
350,21.314643333333333,79.97276,3,2,1.50625,0.3406712210628045,1.0,0.0502083333333333,1.9917012448132776,0.745895029511605,51.15236203559863,2.463333333333334,3.07,327.9866666666666,341.46,43.333333333333336,1,INDUSTRIAL,,,,,,,,,unknown
351,21.23851,79.48915124999999,8,3,2.4944444444444445,0.9521341264281444,1.0,0.0831481481481481,3.2071269487750556,0.5122598834075599,50.34171874379254,57.54625,129.29,345.765,367.0,48.75,1,INDUSTRIAL,,,,,,,,,unknown
352,21.248498,79.26247599999999,5,1,1.0,0.6923119783562984,1.0,0.0333333333333333,5.0,0.5909075943380581,55.1514852200945,14.112,23.71,356.812,367.0,44.0,1,INDUSTRIAL,,,,,,,,,unknown
353,22.36480333333333,87.30188444444444,9,3,2.4930555555555554,0.3297296817730851,1.0,0.0831018518518518,3.610027855153203,0.7520325474472243,56.143266883123786,3.9122222222222223,9.47,318.5722222222222,340.64,43.333333333333336,1,INDUSTRIAL,,,,,,,,,unknown
354,22.37736111111111,87.28104222222223,9,3,2.4930555555555554,1.04739356675667,1.0,0.0831018518518518,3.610027855153203,0.4884258777779234,50.87113348973777,4.32,8.46,327.56888888888886,343.14,43.333333333333336,1,INDUSTRIAL,,,,,,,,,unknown
355,21.920260000000003,83.35137571428571,14,3,2.4944444444444445,0.4712896198770273,1.0,0.0831481481481481,5.612472160356347,0.6796758343769064,59.7034007921327,6.074285714285715,12.03,328.19714285714286,345.65,47.142857142857146,1,INDUSTRIAL,,,,,,,,,unknown
356,22.184986666666664,85.29093,3,1,1.0,0.5306373134588981,1.0,0.0333333333333333,3.0,0.6533226331326156,51.399785995985646,3.2300000000000004,4.87,334.3933333333334,337.24,43.333333333333336,1,INDUSTRIAL,,,,,,,,,unknown
357,22.199446,85.168534,5,3,2.4944444444444445,0.5950804911596659,1.0,0.0831481481481481,2.0044543429844097,0.6269276099496229,49.628391760157186,3.592,4.69,331.888,341.48,46.0,1,INDUSTRIAL,,,,,,,,,unknown
358,21.662156666666665,81.29047666666666,3,1,1.0,0.2809062716427939,1.0,0.0333333333333333,3.0,0.7806972470495248,53.94727827432384,11.113333333333332,14.45,356.69,367.0,30.0,1,INDUSTRIAL,,,,,,,,,unknown
359,21.243851666666664,78.54732499999999,6,1,1.0,1.1073762706660075,1.0,0.0333333333333333,6.0,0.4745237069998722,55.323807473330774,14.426666666666668,23.28,344.35999999999996,348.88,33.333333333333336,1,INDUSTRIAL,,,,,,,,,unknown
360,22.23211333333333,85.17997666666666,3,3,1.9729166666666669,0.646204090388566,1.0,0.0657638888888888,1.5205913410770855,0.607458094557378,47.59473746606249,4.62,6.56,334.58666666666664,339.65,36.666666666666664,1,INDUSTRIAL,,,,,,,,,unknown
361,22.038794375,83.735624375,16,3,2.4944444444444445,1.8929739166003796,1.0,0.0831481481481481,6.414253897550111,0.3456650591496276,55.027639630571535,4.75,13.56,323.400625,351.14,46.25,1,INDUSTRIAL,,,,,,,,,unknown
362,21.739663333333336,81.48557666666666,3,1,1.0,0.2851087044561807,1.0,0.0333333333333333,3.0,0.7781442896872837,53.89621912707901,11.926666666666668,17.78,367.0,367.0,46.666666666666664,1,INDUSTRIAL,,,,,,,,,unknown
363,22.335143999999996,85.47572799999999,10,3,1.9729166666666669,1.0212587763618444,1.0,0.0657638888888888,5.068637803590285,0.4947412036968098,54.21051580513414,4.0729999999999995,7.19,333.457,350.55,44.0,1,INDUSTRIAL,,,,,,,,,unknown
364,17.956176666666664,81.96633833333333,6,2,1.0,0.9061380332451616,1.0,0.0333333333333333,6.0,0.52462097841756,56.32575290168453,7.593333333333334,13.51,332.93833333333333,335.97,46.666666666666664,1,INDUSTRIAL,,,,,0.0,0.0,0.0,0.0,unknown
365,17.743180000000002,80.542506,5,1,1.0,0.743833562361639,1.0,0.0333333333333333,5.0,0.5734492222100142,54.80231777753362,3.5759999999999996,4.79,338.87399999999997,342.55,30.0,1,INDUSTRIAL,,,,,,,,,unknown
366,17.95785666666667,81.90955222222222,9,2,1.5083333333333333,0.9637553863320444,1.0,0.0502777777777777,5.966850828729282,0.5092283931899619,56.35863938006689,5.144444444444445,12.81,325.25444444444446,345.82,47.77777777777778,1,INDUSTRIAL,,,,,0.0,0.0,0.0,0.0,unknown
367,17.970946666666666,81.86552,3,2,1.0,0.4800031419145089,1.0,0.0333333333333333,3.0,0.6756742412765527,51.846818158864394,8.683333333333332,9.35,342.8333333333333,348.51,43.333333333333336,1,INDUSTRIAL,,,,,0.0,0.0,0.0,0.0,unknown
368,21.334729999999997,78.10361,3,1,1.0,0.5215915041430871,1.0,0.0333333333333333,3.0,0.6572066137837492,51.47746560900832,12.386666666666668,14.68,351.0,355.45,36.666666666666664,1,INDUSTRIAL,,,,,,,,,unknown
369,21.5172025,79.012055,4,1,1.0,1.192395129096036,1.0,0.0333333333333333,4.0,0.4561221591530893,49.955776516395126,12.64,19.26,356.35499999999996,367.0,52.5,1,INDUSTRIAL,,,,,,,,,unknown
370,22.501122,85.49494,5,2,1.0,0.9810721640246984,1.0,0.0333333333333333,5.0,0.504777169736424,53.428876728061816,4.442,8.18,338.398,344.94,38.0,1,INDUSTRIAL,,,,,,,,,unknown
371,21.5017568,77.4078052,25,1,1.0,2.044547300824958,1.0,0.0333333333333333,25.0,0.3284560564156903,62.40245446164714,12.7972,35.17,344.75480000000005,354.88,35.6,1,INDUSTRIAL,,,,,,,,,unknown
372,22.791266153846152,86.20510307692308,13,3,2.4930555555555554,0.9808634356075528,1.0,0.0831018518518518,5.2144846796657385,0.5048303593393801,55.210365182248246,4.639230769230769,17.63,317.8876923076923,341.56,46.92307692307692,1,INDUSTRIAL,,,,,,,,,unknown
373,21.766496666666665,78.99763333333334,3,1,1.0,0.6668676921770377,1.0,0.0333333333333333,3.0,0.5999276395440449,50.33188612421423,17.16333333333333,27.88,347.25666666666666,351.45,30.0,1,INDUSTRIAL,,5.25,,11.076,0.0,3.0,0.0,4.0,forest
374,21.981146666666664,80.31859000000001,3,2,1.50625,0.4084593958082894,1.0,0.0502083333333333,1.9917012448132776,0.7099956186000791,50.434373817368105,2.74,6.1,318.08666666666664,343.67,50.0,1,INDUSTRIAL,,,,,,,,,unknown
375,22.020503333333338,80.49965666666667,3,1,1.0,0.6414099776859383,1.0,0.0333333333333333,3.0,0.6092323146529188,50.51797962639171,4.163333333333333,4.22,344.66333333333336,347.57,36.666666666666664,1,INDUSTRIAL,,,,,0.0,0.0,0.0,0.0,unknown
376,18.03137333333333,82.035195,6,1,1.0,0.9350404558795908,1.0,0.0333333333333333,6.0,0.5167850609849087,56.16903455303152,3.0416666666666665,4.34,334.18333333333334,339.7,40.0,1,INDUSTRIAL,,,,,0.0,0.0,0.0,0.0,unknown
377,18.0215025,81.95748,4,1,1.0,0.4876998056936664,1.0,0.0333333333333333,4.0,0.6721786184100039,54.27690570153341,7.1225,8.36,339.4675,346.63,50.0,1,INDUSTRIAL,,,,,0.0,0.0,0.0,0.0,unknown
378,25.391285,73.0354375,4,1,1.0,0.3550275557894035,1.0,0.0333333333333333,4.0,0.7379923719834806,55.59318077300295,11.27,14.11,349.3625,353.3,45.0,1,INDUSTRIAL,,,,,,,,,unknown
379,25.032563333333332,87.37426888888889,18,3,2.4916666666666667,0.5984864504660768,1.0,0.0830555555555555,7.224080267558528,0.6255917901014589,62.6484253598144,5.163333333333333,11.62,332.3433333333333,348.31,43.333333333333336,1,INDUSTRIAL,,,,,,,,,unknown
380,24.234506000000003,80.813144,5,1,1.0,0.7284723332483024,1.0,0.0333333333333333,5.0,0.5785455634807352,54.90424460294804,25.252,94.06,353.536,367.0,48.0,1,INDUSTRIAL,,,,,,,,,unknown
381,24.85956333333333,85.34186333333334,3,1,1.0,0.312565689098097,1.0,0.0333333333333333,3.0,0.7618666313661832,53.570665960657,16.553333333333335,19.79,351.0933333333334,356.3,43.333333333333336,1,INDUSTRIAL,,,,,,,,,unknown
382,24.285006666666664,80.9509,3,1,1.0,0.4514401212200762,1.0,0.0333333333333333,3.0,0.6889708954437631,52.1127512422086,19.656666666666663,23.88,361.41,367.0,53.333333333333336,1,INDUSTRIAL,,,,,,,,,unknown
383,24.33455,81.2773,5,1,1.0,0.8160295255978179,1.0,0.0333333333333333,5.0,0.5506518401295323,54.34637013592398,8.723999999999998,16.08,332.24800000000005,350.35,42.0,1,INDUSTRIAL,,,,,,,,,unknown
384,24.7531225,84.0218975,8,1,1.0,1.0966685905867537,1.0,0.0333333333333333,8.0,0.4769470981201419,60.372275295736166,36.15375,94.12,353.385,367.0,41.25,1,INDUSTRIAL,,,,,,,,,unknown
385,23.959269999999997,78.61803,4,1,1.0,0.4316770957256691,1.0,0.0333333333333333,4.0,0.6984815242106905,54.802963817547145,10.145,12.56,362.9375,367.0,30.0,1,INDUSTRIAL,,,,,,,,,unknown
386,23.9393775,78.28173,4,1,1.0,0.5325592050229853,1.0,0.0333333333333333,4.0,0.652503339983529,53.88340013300391,14.845,22.12,359.235,367.0,30.0,1,INDUSTRIAL,,,,,,,,,unknown
387,25.0229975,85.72498666666667,12,3,1.9736111111111112,2.088765982077186,1.0,0.065787037037037,6.080225193525686,0.3237538893534119,53.320316696808376,9.458333333333334,17.55,339.29,353.96,46.666666666666664,1,INDUSTRIAL,,,,,,,,,unknown
388,23.376516666666664,75.07746333333333,3,1,1.0,0.2546082535939759,1.0,0.0333333333333333,3.0,0.7970615505958771,54.27456434525089,9.0,9.62,344.98,345.61,43.333333333333336,1,INDUSTRIAL,,,,,,,,,unknown
389,23.43429666666667,75.17154,3,1,1.0,0.3291188505491235,1.0,0.0333333333333333,3.0,0.7523781636133229,53.380896605599794,12.616666666666664,14.45,350.3533333333333,351.86,50.0,1,INDUSTRIAL,,,,,,,,,unknown
390,23.85496,77.468935,4,2,2.0430555555555556,0.5394603479387272,0.9789259007477906,0.0681018518518518,1.9578518014955812,0.6495782767896283,48.95651835826153,9.812499999999998,19.11,344.13750000000005,348.32,40.0,1,INDUSTRIAL,,,,,,,,,unknown
391,23.906278888888885,77.68583777777776,18,3,2.563194444444445,2.4121699492171302,1.0,0.0854398148148148,7.0224871308588455,0.2930686381050377,55.55358595961823,9.931666666666668,26.58,334.91666666666674,355.68,43.333333333333336,1,INDUSTRIAL,,,,,0.0,0.0,0.0,0.0,unknown
392,25.071020000000004,85.270892,5,1,1.0,0.4137438509282865,1.0,0.0333333333333333,5.0,0.7073417149389434,57.4801676321122,7.43,11.79,345.48799999999994,347.75,42.0,1,INDUSTRIAL,,,,,,,,,unknown
393,24.8921025,83.61627250000001,4,2,1.5048611111111112,0.7421572567205809,1.0,0.050162037037037,2.658052607291186,0.574000995686457,49.37920235788303,16.2575,33.7,339.045,354.89,35.0,1,INDUSTRIAL,,,,,,,,,unknown
394,24.998379999999997,84.04351333333334,3,1,1.0,0.5522520252901089,1.0,0.0333333333333333,3.0,0.6442252828197177,51.217838989727696,12.3,12.95,349.96,354.51,36.666666666666664,1,INDUSTRIAL,,,,,,,,,unknown
395,25.0108625,83.76755625,8,2,2.4916666666666667,1.4991410252481554,0.802675585284281,0.0830555555555555,3.210702341137124,0.4001374831981335,42.186161964222805,23.03125,64.8,346.43125,367.0,43.75,1,INDUSTRIAL,,,,,,,,,unknown
396,24.510422500000004,80.0994525,4,1,1.0,0.551262988227772,1.0,0.0333333333333333,4.0,0.6446360208351531,53.72605375003639,35.865,104.76,341.6825,367.0,35.0,1,INDUSTRIAL,,,,,,,,,unknown
397,25.053585,83.704304,10,1,1.0,1.0988650579295367,1.0,0.0333333333333333,10.0,0.4764479718321996,65.36229276997733,31.417,74.71,355.483,367.0,47.0,1,INDUSTRIAL,,,,,,,,,unknown
398,25.0689425,83.75031,4,1,1.0,0.6859446533855765,1.0,0.0333333333333333,4.0,0.593139281287723,52.69611895908779,11.6275,13.24,349.7875,350.61,30.0,1,INDUSTRIAL,,,,,,,,,unknown
399,25.125703333333337,84.16301333333332,3,1,1.0,0.6633024382759861,1.0,0.0333333333333333,3.0,0.6012135718603892,50.35760477054112,23.276666666666667,51.32,353.61999999999995,367.0,30.0,1,INDUSTRIAL,,,,,,,,,unknown
400,25.071943333333333,83.62691000000001,3,1,1.0,0.4229749118533568,1.0,0.0333333333333333,3.0,0.702753078546935,52.38839490427204,3.63,6.75,328.9833333333333,350.55,50.0,1,INDUSTRIAL,,,,,,,,,unknown
401,25.155473333333333,84.21833666666667,3,2,2.4916666666666667,0.4051874160254046,0.802675585284281,0.0830555555555555,1.2040133779264215,0.7116488438449843,43.39966676913306,4.516666666666667,10.97,318.6933333333333,347.89,43.333333333333336,1,INDUSTRIAL,,,,,,,,,unknown
402,25.10332777777778,83.42674333333333,9,1,1.0,1.93304617254307,1.0,0.0333333333333333,9.0,0.3409424677187947,60.152182687709235,14.45,27.8,350.1644444444444,354.22,32.22222222222222,1,INDUSTRIAL,,,,,,,,,unknown
403,25.1630125,83.8894775,4,2,1.5048611111111112,0.912178794791928,1.0,0.050162037037037,2.658052607291186,0.5229636489661073,48.35845542347603,4.547500000000001,10.64,331.04499999999996,351.27,40.0,1,INDUSTRIAL,,,,,,,,,unknown
404,25.236134,84.36245600000001,5,1,1.0,0.6970279218722398,1.0,0.0333333333333333,5.0,0.5892654959364214,55.11864325206176,10.846,14.04,350.866,355.34,42.0,1,INDUSTRIAL,,,,,,,,,unknown
405,25.12837875,83.41805125,8,2,1.5048611111111112,1.2114633650866673,1.0,0.050162037037037,5.316105214582372,0.4521892678791041,53.58809931996393,10.0525,13.05,350.10749999999996,367.0,35.0,1,INDUSTRIAL,,,,,,,,,unknown
406,25.221042500000003,84.10006,4,1,1.0,0.5247327202734267,1.0,0.0333333333333333,4.0,0.6558526531920115,53.95038639717357,8.4375,12.35,338.625,354.41,40.0,1,INDUSTRIAL,,,,,,,,,unknown
407,25.237593428571422,84.21153942857143,35,3,2.4916666666666667,3.9299304513409137,1.0,0.0830555555555555,14.046822742474916,0.2028426181403848,61.13324125169658,6.892857142857143,15.69,336.4002857142857,367.0,49.42857142857143,1,INDUSTRIAL,,,,,,,,,unknown
408,25.150037142857144,83.42642,7,2,1.5048611111111112,0.919075951368302,1.0,0.050162037037037,4.651592062759575,0.5210841182637922,53.304713448100706,7.498571428571429,12.79,333.3885714285714,355.26,44.285714285714285,1,INDUSTRIAL,,,,,,,,,unknown
409,25.24264,84.12565375,8,1,1.0,0.5408272871206828,1.0,0.0333333333333333,8.0,0.6490020058436806,63.813373450206946,41.098749999999995,97.42,358.555,367.0,41.25,1,INDUSTRIAL,,,,,,,,,unknown
410,25.157134,83.46472400000002,5,1,1.0,0.6505030257499447,1.0,0.0333333333333333,5.0,0.6058758962563104,55.450851258459544,17.05,33.71,353.606,367.0,48.0,1,INDUSTRIAL,,,,,,,,,unknown
411,25.132493333333333,83.31342000000001,3,1,1.0,0.325938882838606,1.0,0.0333333333333333,3.0,0.7541825742821364,53.41698481897607,18.2,18.2,357.53333333333336,367.0,36.666666666666664,1,INDUSTRIAL,,,,,,,,,unknown
412,24.252948333333332,77.48354833333333,6,1,1.0,1.2349935520238786,1.0,0.0333333333333333,6.0,0.447428583896566,54.781905011264655,11.323333333333336,21.22,337.50500000000005,367.0,36.666666666666664,1,INDUSTRIAL,,,,,,,,,unknown
413,24.27849666666667,77.48460333333334,3,1,1.0,0.5941447824130808,1.0,0.0333333333333333,3.0,0.6272955951254848,50.87924523584303,9.98,10.38,347.96333333333337,351.13,30.0,1,INDUSTRIAL,,,,,,,,,unknown
414,25.193767,83.44446199999999,10,2,1.0,2.0558721818876005,1.0,0.0333333333333333,10.0,0.3272388177513052,62.37810968835944,17.356,43.73,353.63,367.0,37.0,1,INDUSTRIAL,,,,,,,,,unknown
415,24.493121666666667,78.63258666666667,6,2,2.0430555555555556,1.0667886979240877,0.9789259007477906,0.0681018518518518,2.9367777022433716,0.4838423981147247,48.08911553663294,17.203333333333337,29.54,353.58,367.0,50.0,1,INDUSTRIAL,,,,,,,,,unknown
416,25.313746666666663,84.30846333333332,9,1,1.0,1.039623807644378,1.0,0.0333333333333333,9.0,0.4902864911912014,63.13906315715736,44.495555555555555,62.04,356.24,367.0,40.0,1,INDUSTRIAL,,,,,,,,,unknown
417,26.15001,93.2267,3,1,1.0,0.5071122751469358,1.0,0.0333333333333333,3.0,0.6635205727473125,51.603744788279585,43.20000000000001,43.2,340.9433333333333,345.64,50.0,1,INDUSTRIAL,,,,,,,,,unknown
418,25.26509555555556,83.75679111111111,9,3,1.9736111111111112,1.2199040428726329,1.0,0.065787037037037,4.5601688951442645,0.4504699215313673,52.05449659441393,22.35555555555555,50.57,348.6733333333333,367.0,40.0,1,INDUSTRIAL,,,,,,,,,unknown
419,25.193336666666667,83.21759666666667,3,1,1.0,0.3235243312248752,1.0,0.0333333333333333,3.0,0.7555584558649823,53.44450245063298,25.16,25.16,358.23,367.0,60.0,1,INDUSTRIAL,,,,,,,,,unknown
420,25.282855714285713,83.8089657142857,7,1,1.0,0.9015765627153152,1.0,0.0333333333333333,7.0,0.5258794305773687,58.85092194488071,57.02142857142858,91.28,360.7371428571428,367.0,42.857142857142854,1,INDUSTRIAL,,,,,,,,,unknown
421,25.28752333333333,83.82863333333334,3,1,1.0,0.4910563784538621,1.0,0.0333333333333333,3.0,0.6706654519911187,51.74664237315571,3.1533333333333338,7.7,321.38,348.37,43.333333333333336,1,INDUSTRIAL,,,,,,,,,unknown
422,25.346933999999997,84.169334,5,2,2.4916666666666667,0.5429368128779212,0.802675585284281,0.0830555555555555,2.0066889632107023,0.648114680817536,44.1356724717948,5.0,6.35,338.87800000000004,350.98,38.0,1,INDUSTRIAL,,,,,,,,,unknown
423,25.2998925,83.78397375,8,3,1.9736111111111112,1.9627881679357877,1.0,0.065787037037037,4.053483462350457,0.337519911420705,48.52878281021617,6.733749999999999,12.32,334.745,350.62,42.5,1,INDUSTRIAL,,,,,,,,,unknown
424,24.95656862068966,81.22623137931035,29,3,1.9736111111111112,2.2439989995689227,1.0,0.065787037037037,14.693877551020408,0.3082615007380965,62.80990594068786,9.963448275862069,33.16,339.70241379310346,367.0,46.55172413793103,1,INDUSTRIAL,,,,,,,,,unknown
425,25.33285,83.822248,5,1,1.0,0.6546624712910093,1.0,0.0333333333333333,5.0,0.6043528618980369,55.42039057129408,21.106,25.55,357.28200000000004,367.0,44.0,1,INDUSTRIAL,,,,,,,,,unknown
426,25.316566923076923,83.62377615384615,13,2,1.0,2.2936711486035435,1.0,0.0333333333333333,13.0,0.3036125814879793,61.90558496309292,9.21,23.79,334.4269230769231,351.58,42.30769230769231,1,INDUSTRIAL,,,,,,,,,unknown
427,22.924143,70.10723800000001,10,3,2.563194444444445,0.4357309086361335,1.0,0.0854398148148148,3.9013817393660255,0.6965093486424596,55.81963669163462,5.982,10.77,331.60599999999994,367.0,53.0,1,INDUSTRIAL,,,,,,,,,unknown
428,25.346466666666668,83.78273,6,2,1.5048611111111112,1.016853533171228,1.0,0.050162037037037,3.987078910936779,0.4958218252108946,51.13818470748577,2.2233333333333336,8.23,315.34,347.55,50.0,1,INDUSTRIAL,,,,,,,,,unknown
429,25.34664363636364,83.49447068181819,44,3,2.4916666666666667,3.4581099677789884,1.0,0.0830555555555555,17.65886287625418,0.2243103035204391,61.56259495929767,10.242045454545456,53.74,342.21886363636366,367.0,47.04545454545455,1,INDUSTRIAL,,,,,,,,,unknown
430,24.433145,77.49595250000002,4,1,1.0,0.8187983252810946,1.0,0.0333333333333333,4.0,0.5498135698170111,51.82960472967355,14.0675,15.06,351.3025,355.45,30.0,1,INDUSTRIAL,,,,,,,,,unknown
431,24.67922,78.8760725,4,1,1.0,0.2744960204503795,1.0,0.0333333333333333,4.0,0.7846238701056293,56.52581073544592,25.852499999999996,38.73,363.78,367.0,35.0,1,INDUSTRIAL,,,,,,,,,unknown
432,24.692432,78.87069399999999,5,1,1.0,0.5020364953688378,1.0,0.0333333333333333,5.0,0.6657627847813654,56.64858902896064,10.27,15.43,359.73,367.0,38.0,1,INDUSTRIAL,,,,,,,,,unknown
433,25.439664545454544,83.97204090909091,11,2,1.5048611111111112,1.158679858812416,1.0,0.050162037037037,7.309644670050761,0.4632460880744695,58.793084362542224,24.37,63.86,345.69,367.0,35.45454545454545,1,INDUSTRIAL,,,,,,,,,unknown
434,24.6562175,78.5693175,4,1,1.0,0.2326097351798727,1.0,0.0333333333333333,4.0,0.8112867937507175,57.059069208347694,52.725,64.34,362.8625,367.0,42.5,1,INDUSTRIAL,,,,,,,,,unknown
435,25.538133333333334,84.32259555555557,9,2,1.9736111111111112,1.4393072017959687,1.0,0.065787037037037,4.5601688951442645,0.4099524648899237,51.244147461585065,8.86,12.83,346.6477777777778,352.76,36.666666666666664,1,INDUSTRIAL,,,,,,,,,unknown
436,24.6293475,76.87348,4,1,1.0,0.4867614609418073,1.0,0.0333333333333333,4.0,0.6726028527579251,54.28539038849184,9.4475,29.84,332.61,367.0,57.5,1,INDUSTRIAL,,,,,,,,,unknown
437,24.70699833333333,77.14424166666667,6,2,2.563194444444445,0.9017980634923424,0.7802763478732051,0.0854398148148148,2.3408290436196153,0.525818181854525,41.912722052706066,15.061666666666666,22.13,347.91,367.0,61.666666666666664,1,INDUSTRIAL,,,,,,,,,unknown
438,24.2164275,74.3036725,4,1,1.0,0.4349088888917643,1.0,0.0333333333333333,4.0,0.6969083596466803,54.771500526266934,10.47,12.01,346.025,347.57,30.0,1,INDUSTRIAL,,,,,,,,,unknown
439,24.659713333333332,76.288345,6,2,2.0430555555555556,0.8162927557482814,0.9789259007477906,0.0681018518518518,2.9367777022433716,0.5505720357223013,49.42370828878447,10.19,18.26,362.215,367.0,45.0,1,INDUSTRIAL,,,,,,,,,unknown
440,25.703819999999997,82.92854999999999,3,1,1.0,0.3195826176831857,1.0,0.0333333333333333,3.0,0.7578153778319068,53.48964088997148,17.37,17.37,352.42333333333335,353.36,43.333333333333336,1,INDUSTRIAL,,,,,,,,,unknown
441,25.358013333333332,79.42630000000001,3,1,1.0,0.2872425454606952,1.0,0.0333333333333333,3.0,0.7768543725705608,53.87042078474455,7.213333333333334,11.94,361.21,367.0,30.0,1,INDUSTRIAL,,,,,,,,,unknown
442,25.925918000000003,83.095702,5,1,1.0,0.8162246176424616,1.0,0.0333333333333333,5.0,0.5505926911716699,54.34518715676673,11.614,20.19,353.164,367.0,48.0,1,INDUSTRIAL,,,,,,,,,unknown
443,25.985986666666665,83.44513333333333,3,1,1.0,0.40282119074315,1.0,0.0333333333333333,3.0,0.7128492259731591,52.59031785279652,17.856666666666666,18.99,347.75,350.19,43.333333333333336,1,INDUSTRIAL,,,,,,,,,unknown
444,25.933562857142856,82.96885142857143,7,2,2.4916666666666667,1.2919937349999946,0.802675585284281,0.0830555555555555,2.809364548494983,0.4363013671152125,41.90609516095903,13.460000000000004,52.34,326.20285714285717,350.98,41.42857142857143,1,INDUSTRIAL,,,,,,,,,unknown
445,24.963050000000003,76.59184,7,2,2.563194444444445,1.2971724962038509,0.7802763478732051,0.0854398148148148,2.7309672175562176,0.4353177663638804,41.07805917773468,3.7428571428571433,15.84,313.88714285714286,349.07,47.142857142857146,1,INDUSTRIAL,,,,,,,,,unknown
446,25.971703333333338,83.03097,3,1,1.0,0.2572769816772255,1.0,0.0333333333333333,3.0,0.7953696874860348,54.24072708305403,6.456666666666667,9.47,349.50333333333333,354.11,50.0,1,INDUSTRIAL,,,,,,,,,unknown
447,24.94806857142857,76.25995,7,1,1.0,1.1175626963387664,1.0,0.0333333333333333,7.0,0.47224103528504,57.778154039034135,8.97,13.51,337.5014285714286,350.31,38.57142857142857,1,INDUSTRIAL,,,,,,,,,unknown
448,25.00476090909091,76.43297151515152,33,3,2.563194444444445,2.5639241297016744,1.0,0.0854398148148148,12.874559739907884,0.2805895870975533,62.74778711232144,8.136969696969697,137.16,320.6096969696969,367.0,52.121212121212125,1,INDUSTRIAL,,,,,,,,,unknown
449,26.108746666666665,83.43008,6,1,1.0,0.7773455108863996,1.0,0.0333333333333333,6.0,0.5626368052103043,57.08606943753942,30.92333333333333,49.19,345.90166666666664,367.0,40.0,1,INDUSTRIAL,,,,,,,,,unknown
450,26.136803333333333,83.57488,3,1,1.0,0.513092137718376,1.0,0.0333333333333333,3.0,0.6608982857500808,51.551299048334954,15.72,16.22,351.25666666666666,352.68,43.333333333333336,1,INDUSTRIAL,,,,,,,,,unknown
451,25.04190888888889,76.41428777777777,9,2,1.9736111111111112,1.355110796218146,1.0,0.065787037037037,4.5601688951442645,0.4246084734551798,51.537267632890185,9.363333333333337,33.43,333.22555555555556,353.35,43.333333333333336,1,INDUSTRIAL,,,,,,,,,unknown
452,25.062114,76.46499499999999,20,3,1.9736111111111112,2.252559568979978,1.0,0.065787037037037,10.133708655876143,0.3074501723310807,62.79367937254754,9.533000000000005,42.07,327.81449999999995,367.0,44.5,1,INDUSTRIAL,,,,,,,,,unknown
453,25.045176249999997,76.03200749999999,8,2,1.5048611111111112,1.0374928369655445,1.0,0.050162037037037,5.316105214582372,0.4907992714660576,54.360299391703,11.5,34.69,328.6625,367.0,42.5,1,INDUSTRIAL,,,,,,,,,unknown
454,25.539495,78.77425,4,2,2.561111111111111,0.6355050251983101,0.7809110629067246,0.0853703703703703,1.5618221258134493,0.6114319336186368,41.69478513336736,7.6675,14.42,327.345,355.74,40.0,1,INDUSTRIAL,,,,,,,,,unknown
455,25.108615,76.13580700000001,10,1,1.0,1.1816067193711983,1.0,0.0333333333333333,10.0,0.4583777594378828,65.00088852209099,26.459000000000003,64.08,348.586,367.0,50.0,1,INDUSTRIAL,,,,,,,,,unknown
456,25.205548333333336,76.5194975,24,3,2.0430555555555556,2.329426065480408,1.0,0.0681018518518518,11.747110808973488,0.3003520667925414,62.70958763214713,23.076666666666664,114.76,335.38666666666666,367.0,53.75,1,INDUSTRIAL,,,,,,,,,unknown
457,26.334406666666663,83.72736666666667,3,1,1.0,0.3465179231450317,1.0,0.0333333333333333,3.0,0.7426562861222986,53.18645905577931,42.03666666666666,55.23,352.0466666666666,353.14,43.333333333333336,1,INDUSTRIAL,,,,,,,,,unknown
458,25.73758571428571,79.31927714285715,7,1,1.0,0.7742454029485508,1.0,0.0333333333333333,7.0,0.5636198906521827,59.60573114637698,3.0728571428571434,7.03,325.76714285714286,367.0,44.285714285714285,1,INDUSTRIAL,,,,,,,,,unknown
459,26.39448666666667,83.59538111111111,9,2,2.4916666666666667,1.2417415004779515,0.802675585284281,0.0830555555555555,3.612040133779264,0.4460817626772732,44.10839203541095,9.455555555555556,38.27,336.0433333333333,350.94,36.666666666666664,1,INDUSTRIAL,,,,,,,,,unknown
460,25.798163333333335,79.11349666666666,3,1,1.0,0.2881508942600116,1.0,0.0333333333333333,3.0,0.776306568163707,53.859464696607475,8.056666666666667,13.15,360.92,367.0,30.0,1,INDUSTRIAL,,,,,,,,,unknown
461,26.4521625,83.243455,4,2,1.5034722222222223,0.7990100151106546,1.0,0.0501157407407407,2.6605080831408774,0.5558612745902315,49.02138921817534,4.512499999999999,7.15,334.7975,349.38,40.0,1,INDUSTRIAL,,,,,,,,,unknown
462,26.5713675,83.769785,4,3,1.9736111111111112,0.5820503993051992,1.0,0.065787037037037,2.0267417311752287,0.6320911144418517,49.35335254270103,7.9175,16.02,335.4625,350.01,40.0,1,INDUSTRIAL,,,,,,,,,unknown
463,26.60282913043478,83.70891782608696,23,3,2.4916666666666667,2.286529573516853,1.0,0.0830555555555555,9.23076923076923,0.3042723266688633,61.23875849918924,10.73391304347826,23.72,344.5082608695652,367.0,43.04347826086956,1,INDUSTRIAL,,,,,,,,,unknown
464,25.781434,77.99572400000001,5,2,1.5048611111111112,1.1552999023215498,1.0,0.050162037037037,3.3225657591139823,0.4639725538533475,48.83991640077783,6.514,17.19,323.446,347.59,42.0,1,INDUSTRIAL,,,,,,,,,unknown
465,25.381666666666664,75.75054666666666,3,1,1.0,0.3689002789208851,1.0,0.0333333333333333,3.0,0.7305134021802581,52.943601376938496,22.673333333333336,25.78,350.33666666666664,353.53,36.666666666666664,1,INDUSTRIAL,,,,,,,,,unknown
466,26.57376166666667,83.03368916666666,12,3,1.9736111111111112,1.4116701600068584,1.0,0.065787037037037,6.080225193525686,0.4146504014450948,55.138246938642034,11.044166666666667,58.62,334.6125,367.0,45.833333333333336,1,INDUSTRIAL,,,,,,,,,unknown
467,25.563324999999995,76.41308666666667,6,1,1.0,1.168933767758933,1.0,0.0333333333333333,6.0,0.461056033552033,55.054454004374,17.963333333333335,29.56,351.9583333333333,355.42,36.666666666666664,1,INDUSTRIAL,,,,,,,,,unknown
468,25.534543333333332,76.10411,3,1,1.0,0.3555060664061633,1.0,0.0333333333333333,3.0,0.7377318514341199,53.08797036201574,17.94666666666667,21.17,357.34,367.0,36.666666666666664,1,INDUSTRIAL,,,,,,,,,unknown
469,25.608518000000004,76.427144,5,2,1.5048611111111112,1.145412437239858,1.0,0.050162037037037,3.3225657591139823,0.4661108431377102,48.88268218646509,5.965999999999999,13.5,323.318,351.63,42.0,1,INDUSTRIAL,,,,,,,,,unknown
470,26.73402,83.76850333333334,3,2,1.0,0.5291901868985892,1.0,0.0333333333333333,3.0,0.653940895362492,51.412151240583185,25.49,57.26,346.3566666666666,350.2,30.0,1,INDUSTRIAL,,,,,,,,,unknown
471,26.688085,82.93338,4,1,1.0,0.4121457377885407,1.0,0.0333333333333333,4.0,0.7081422074509305,54.996177482351946,11.195,14.15,347.15999999999997,348.81,40.0,1,INDUSTRIAL,,,,,,,,,unknown
472,26.082165,78.4333825,4,1,1.0,0.5086023062837381,1.0,0.0333333333333333,4.0,0.6628652202338075,54.09063773800949,25.78,36.67,350.245,353.22,40.0,1,INDUSTRIAL,,,,,,,,,unknown
473,26.81522,83.12399666666666,3,1,1.0,0.33010425871334,1.0,0.0333333333333333,3.0,0.7518207640108886,53.3697486135511,12.403333333333334,14.95,347.65333333333336,349.07,43.333333333333336,1,INDUSTRIAL,,,,,,,,,unknown
474,26.899908333333332,83.55639333333333,6,2,1.0,1.0562365291314142,1.0,0.0333333333333333,6.0,0.4863253744560287,55.55984082245391,25.371666666666663,91.85,346.4883333333334,354.34,40.0,1,INDUSTRIAL,,,,,,,,,unknown
475,26.914223333333336,83.57997999999999,3,2,1.5034722222222223,0.710673455272924,1.0,0.0501157407407407,1.995381062355658,0.5845651003221173,47.93264818085001,7.069999999999999,11.41,335.4066666666667,349.15,43.333333333333336,1,INDUSTRIAL,,,,,,,,,unknown
476,26.8588375,83.1067325,4,2,1.9736111111111112,0.8282472235500199,1.0,0.065787037037037,2.0267417311752287,0.5469719779244289,47.65096981235257,13.15,16.22,346.345,351.31,45.0,1,INDUSTRIAL,,,,,,,,,unknown
477,26.926056666666668,83.470955,6,3,1.9736111111111112,1.3081808897739884,1.0,0.065787037037037,3.040112596762843,0.4332416078957822,47.909789575748675,10.39,14.11,337.96166666666664,350.21,36.666666666666664,1,INDUSTRIAL,,,,,,,,,unknown
478,26.989230000000003,83.67757333333333,3,1,1.0,0.5228928499249934,1.0,0.0333333333333333,3.0,0.65664501612786,51.466233655890534,7.03,9.13,342.62999999999994,350.76,36.666666666666664,1,INDUSTRIAL,,,,,,,,,unknown
479,27.019499999999997,83.70833666666667,3,2,1.5034722222222223,0.4788832859952283,1.0,0.0501157407407407,1.995381062355658,0.676185882597923,49.76506382636613,2.536666666666666,3.34,327.6766666666667,336.14,36.666666666666664,1,INDUSTRIAL,,,,,,,,,unknown
480,26.98091166666666,83.358585,6,3,1.9736111111111112,0.8761056064141706,1.0,0.065787037037037,3.040112596762843,0.5330190350591806,49.90533811901665,13.896666666666668,25.08,348.5316666666667,367.0,41.666666666666664,1,INDUSTRIAL,,,,,,,,,unknown
481,26.9981475,83.40508,4,2,1.9736111111111112,0.6886609074402242,1.0,0.065787037037037,2.0267417311752287,0.5921852016553526,48.55523428697105,10.75,11.28,345.52,355.21,40.0,1,INDUSTRIAL,,,,,,,,,unknown
482,27.008433076923072,83.11849999999998,13,2,1.9736111111111112,1.8007850647735264,1.0,0.065787037037037,6.586910626319493,0.3570427493981444,55.25280747968755,11.470769230769232,19.35,349.6284615384615,367.0,46.15384615384615,1,INDUSTRIAL,,,,,,,,,unknown
483,27.090175,83.6602175,4,3,1.9736111111111112,1.053835361172446,1.0,0.065787037037037,2.0267417311752287,0.4868939443272332,46.44940914040866,3.4075,6.67,329.745,339.89,35.0,1,INDUSTRIAL,,,,,,,,,unknown
484,27.031938888888888,82.93000777777777,9,2,2.4916666666666667,1.1969106325031271,0.802675585284281,0.0830555555555555,3.612040133779264,0.4551846512120591,44.290449806106665,4.902222222222222,11.88,321.01444444444445,348.88,47.77777777777778,1,INDUSTRIAL,,,,,,,,,unknown
485,27.13958333333333,83.19574,3,1,1.0,0.3354793475160494,1.0,0.0333333333333333,3.0,0.7487948067935076,53.30922946920349,11.93,17.87,348.46,350.04,50.0,1,INDUSTRIAL,,,,,,,,,unknown
486,27.078418,82.666806,5,2,1.0,1.1108192678817783,1.0,0.0333333333333333,5.0,0.4737497024098642,52.80832738153062,4.466,10.42,325.466,348.24,42.0,1,INDUSTRIAL,,,,,,,,,unknown
487,27.20093,83.09551166666667,12,3,1.9736111111111112,1.16487789704093,1.0,0.065787037037037,6.080225193525686,0.4619198160629997,56.08363523100013,13.95,39.93,348.19416666666666,367.0,52.5,1,INDUSTRIAL,,,,,,,,,unknown
488,27.226003333333335,83.1651,3,2,2.4916666666666667,0.7993139061030562,0.802675585284281,0.0830555555555555,1.2040133779264215,0.5557673936760674,40.28203776575472,8.296666666666667,12.49,332.25333333333333,347.85,50.0,1,INDUSTRIAL,,,,,,,,,unknown
489,27.202475000000003,82.7276475,4,2,2.4916666666666667,0.8925325780986303,0.802675585284281,0.0830555555555555,1.605351170568562,0.5283924892879094,40.73788415959691,16.0475,47.11,326.5525,349.88,40.0,1,INDUSTRIAL,,,,,,,,,unknown
490,27.244454615384615,82.48556692307692,13,2,2.4916666666666667,1.7696121052357168,0.802675585284281,0.0830555555555555,5.217391304347826,0.3610613912719347,46.42136253372558,9.11076923076923,14.68,343.4107692307692,367.0,53.07692307692308,1,INDUSTRIAL,,,,,,,,,unknown
491,27.3336425,82.998105,4,1,1.0,1.2876625871034009,1.0,0.0333333333333333,4.0,0.4371274005342645,49.575881344018626,8.795,19.17,342.435,346.93,35.0,1,INDUSTRIAL,,,,,,,,,unknown
492,27.421273333333332,83.58797333333335,3,2,1.0,0.4060084712743578,1.0,0.0333333333333333,3.0,0.7112332680994692,52.55799869532272,7.123333333333334,8.16,340.59,341.71,36.666666666666664,1,INDUSTRIAL,,,,,,,,,unknown
493,27.33691333333333,82.93670666666667,3,2,1.5034722222222223,0.2828278952921276,1.0,0.0501157407407407,1.995381062355658,0.7795277945466553,51.83190206534077,2.5266666666666664,4.1,322.25333333333333,339.24,43.333333333333336,1,INDUSTRIAL,,,,,,,,,unknown
494,27.297665,82.55021166666667,6,1,1.0,0.9885803304431808,1.0,0.0333333333333333,6.0,0.5028713121069327,55.890759575472,20.766666666666666,39.37,348.6033333333333,352.54,40.0,1,INDUSTRIAL,,,,,,,,,unknown
495,27.442979999999995,83.562855,6,2,1.9736111111111112,0.6414254534835452,1.0,0.065787037037037,3.040112596762843,0.6092265706479277,51.42948883079159,6.8566666666666665,9.28,342.5133333333333,348.87,40.0,1,INDUSTRIAL,,,,,,,,,unknown
496,27.4491875,83.5481475,4,1,1.0,0.5429128615035871,1.0,0.0333333333333333,4.0,0.6481247418117236,53.795828169567805,7.069999999999999,9.02,340.97,344.85,50.0,1,INDUSTRIAL,,,,,,,,,unknown
497,27.355728,82.520353,10,2,2.4916666666666667,1.557203073704445,0.802675585284281,0.0830555555555555,4.013377926421405,0.3910522438686766,44.01114614084437,8.466,27.3,339.187,350.48,46.0,1,INDUSTRIAL,,,,,,,,,unknown
498,27.401296666666667,82.72751333333333,3,1,1.0,0.4944039490820637,1.0,0.0333333333333333,3.0,0.6691631139052122,51.716595611437576,15.090000000000002,30.19,352.0466666666666,353.25,50.0,1,INDUSTRIAL,,,,,,,,,unknown
499,28.039416666666664,81.34023666666667,3,1,1.0,0.477082331536639,1.0,0.0333333333333333,3.0,0.6770103322268296,51.87353997786993,38.73,91.81,347.96000000000004,367.0,30.0,1,INDUSTRIAL,,,,,,,,,unknown
500,28.566279999999995,80.12312666666666,3,1,1.0,0.2864847904300986,1.0,0.0333333333333333,3.0,0.7773119491491844,53.879572316317024,6.253333333333333,7.0,344.8733333333333,350.67,36.666666666666664,1,INDUSTRIAL,,,,,,,,,unknown
501,28.91644,79.94200000000001,3,1,1.0,0.5317267462561903,1.0,0.0333333333333333,3.0,0.6528579607584551,51.39049254850244,7.12,7.38,349.42333333333335,352.43,50.0,1,INDUSTRIAL,,,,,,,,,unknown
502,29.34867,79.5001325,4,2,1.5034722222222223,0.9594910038455936,1.0,0.0501157407407407,2.6605080831408774,0.5103366119249605,48.11089596486992,4.04,7.52,324.22499999999997,339.38,45.0,1,INDUSTRIAL,,,,,,,,,unknown
503,29.366760999999997,79.52307599999999,10,1,1.0,0.9665427505213792,1.0,0.0333333333333333,10.0,0.5085066163625862,66.00346566058506,2.03,4.9,314.40199999999993,340.23,50.0,1,INDUSTRIAL,,,,,,,,,unknown
504,29.3668725,79.476015,4,1,1.0,0.5203040318412626,1.0,0.0333333333333333,4.0,0.6577631704290656,53.98859674191465,2.5225000000000004,2.71,325.84749999999997,334.84,50.0,1,INDUSTRIAL,,,,,,,,,unknown
505,29.769965,80.042435,4,1,1.0,0.4959060628514541,1.0,0.0333333333333333,4.0,0.6684911739002034,54.20315681133741,5.827500000000001,8.55,336.3575,355.42,45.0,1,INDUSTRIAL,,,,,,,,,unknown
506,29.828157999999995,80.31082933333333,15,3,2.561111111111111,1.7856340575491434,1.0,0.0853703703703703,5.856832971800435,0.3589846976812956,53.956035642386254,2.1580000000000004,5.41,313.64533333333344,344.09,48.666666666666664,1,INDUSTRIAL,,,,,,,,,unknown
507,30.483746666666665,78.15402333333333,3,1,1.0,0.4233868774713759,1.0,0.0333333333333333,3.0,0.702549683313425,52.38432699960184,2.126666666666667,2.41,315.09,329.61,50.0,1,INDUSTRIAL,,,,,,,,,unknown
508,23.699445,69.48986,4,2,1.0,0.4355940035767675,1.0,0.0333333333333333,4.0,0.6965757710804799,54.76484875494293,10.855,11.51,348.995,367.0,57.5,1,INDUSTRIAL,,,,,,,,,unknown
509,23.7264075,69.26641,4,1,1.0,0.7587492484148636,1.0,0.0333333333333333,4.0,0.5685858861922961,52.205051057179254,11.884999999999998,17.48,343.59999999999997,349.95,50.0,1,INDUSTRIAL,,,,,,,,,unknown
510,29.822420000000005,80.35378666666666,3,1,1.0,0.4736920129899959,1.0,0.0333333333333333,3.0,0.6785678358743934,51.9046900508212,0.98,0.99,303.2466666666666,306.08,50.0,1,INDUSTRIAL,,,,,,,,,unknown
511,29.843358,80.063326,5,2,1.0,0.7234910319574297,1.0,0.0333333333333333,5.0,0.5802176985303281,54.937687303939896,1.392,1.77,305.12399999999997,311.97,50.0,1,INDUSTRIAL,,,,,,,,,unknown
512,29.98824,78.55371333333333,3,1,1.0,0.5196604519651955,1.0,0.0333333333333333,3.0,0.658041734722266,51.494168027778656,1.5733333333333337,1.84,308.58,315.0,50.0,1,INDUSTRIAL,,,,,,,,,unknown
513,29.565086666666662,79.33025666666667,3,2,1.0,0.2547203486928924,1.0,0.0333333333333333,3.0,0.7969903421441695,54.27314017621673,3.6133333333333337,5.09,326.36000000000007,337.91,50.0,1,INDUSTRIAL,,,,,,,,,unknown
514,29.536534,79.46871200000001,5,2,1.0,0.4543419292527955,1.0,0.0333333333333333,5.0,0.6875962109637965,57.08525755260927,6.525999999999999,15.25,329.678,352.66,46.0,1,INDUSTRIAL,,,,,,,,,unknown
515,29.533926,79.31765200000001,10,2,1.0,1.4347454011649652,1.0,0.0333333333333333,10.0,0.4107205622080752,64.04774457749484,2.5580000000000003,8.3,314.198,343.12,50.0,1,INDUSTRIAL,,,,,,,,,unknown
516,29.826283333333333,79.80000666666666,3,2,1.0,0.1639209152574315,1.0,0.0333333333333333,3.0,0.8591649027793473,55.51663138892029,6.023333333333333,8.93,326.3633333333333,340.75,43.333333333333336,1,INDUSTRIAL,,,,,,,,,unknown
517,29.759292,80.056136,5,2,1.0,0.9109023225112796,1.0,0.0333333333333333,5.0,0.5233129858180374,53.79959304969408,1.104,1.45,304.81,311.75,50.0,1,INDUSTRIAL,,,,,,,,,unknown
518,29.786637999999993,79.795626,5,3,2.0444444444444443,0.6052078033328447,1.0,0.0681481481481481,2.4456521739130435,0.6229723017317322,50.27728017312095,2.0,4.76,310.778,350.79,50.0,1,INDUSTRIAL,,,,,,,,,unknown
519,29.80745545454545,79.55492,11,2,1.0,1.0942815543161175,1.0,0.0333333333333333,11.0,0.4774907165367014,65.38314766406737,3.6927272727272737,7.87,319.51,350.12,50.0,1,INDUSTRIAL,,,,,,,,,unknown
520,30.33439,78.75653999999999,3,2,1.0,0.3402364815170994,1.0,0.0333333333333333,3.0,0.7461369793993639,53.256072921320616,7.32,20.54,311.06666666666666,332.74,50.0,1,INDUSTRIAL,,,,,,,,,unknown
521,29.726688000000003,80.097452,5,2,1.0,0.5536776722428667,1.0,0.0333333333333333,5.0,0.6436341448843854,56.20601623102104,1.976,2.51,317.126,333.03,42.0,1,INDUSTRIAL,,,,,,,,,unknown
522,29.534888,80.044806,5,2,1.0,0.5357230562625126,1.0,0.0333333333333333,5.0,0.6511590718926229,56.35651477118579,1.2959999999999998,1.63,308.938,319.53,50.0,1,INDUSTRIAL,,,,,,,,,unknown
523,29.7389125,78.375415,4,2,1.0,0.5394448334582221,1.0,0.0333333333333333,4.0,0.6495848232207135,53.8250297977476,4.58,9.33,326.6725,339.29,40.0,1,INDUSTRIAL,,,,,,,,,unknown
524,29.496625,80.088695,4,2,1.0,0.3839899772180529,1.0,0.0333333333333333,4.0,0.72254858522176,55.28430503776853,1.4449999999999998,1.87,308.6475,317.96,50.0,1,INDUSTRIAL,,,,,,,,,unknown
525,30.370203333333333,78.62611,3,2,1.0569444444444445,0.34375186865674,1.0,0.0352314814814814,2.838370565045992,0.7441850116269114,52.860413682190256,1.3133333333333337,1.66,299.17333333333335,300.67,50.0,1,INDUSTRIAL,,,,,,,,,unknown
526,30.1951525,78.83647500000001,4,2,1.0,0.7363568969050113,1.0,0.0333333333333333,4.0,0.575918465715465,52.35170264764264,2.1175,5.53,310.7225,333.07,45.0,1,INDUSTRIAL,,,,,,,,,unknown
527,18.275823333333335,81.29637666666666,3,1,1.0,0.6999758222260817,1.0,0.0333333333333333,3.0,0.5882436602483685,50.0982065383007,1.8333333333333333,2.29,318.02,338.99,50.0,1,INDUSTRIAL,,9.207,,1.817,0.0,7.0,0.0,66.0,population
528,18.26777,81.32278666666667,3,2,1.0,0.4208262642006206,1.0,0.0333333333333333,3.0,0.7038158184404171,52.40964970214168,1.6333333333333335,2.15,312.4266666666667,315.42,50.0,1,INDUSTRIAL,,6.631,,1.956,0.0,6.0,0.0,53.0,population
529,19.26881666666667,74.06591,3,1,1.0,0.2557909157740942,1.0,0.0333333333333333,3.0,0.796310904497649,54.25955142328631,2.4599999999999995,3.88,309.9766666666667,314.45,50.0,1,INDUSTRIAL,,,,,,,,,unknown
530,18.0655,81.88551666666667,3,1,1.0,0.6473660583811076,1.0,0.0333333333333333,3.0,0.6070296246012957,50.47392582535926,3.0500000000000003,4.7,318.47333333333336,334.75,50.0,1,INDUSTRIAL,,10.961,,11.495,0.0,5.0,0.0,21.0,forest
531,17.93723,81.8350575,4,3,1.4527777777777775,1.039862597411985,1.0,0.0484259259259259,2.7533460803059273,0.4902290974248561,47.89859529741008,3.89,7.79,324.3375,348.91,45.0,1,INDUSTRIAL,,,,,0.0,0.0,0.0,0.0,unknown
532,18.02067333333333,81.17542666666667,3,2,1.0,0.1221275189825538,1.0,0.0333333333333333,3.0,0.891164313398812,56.15661960130958,5.843333333333334,9.03,330.04333333333335,343.96,50.0,1,INDUSTRIAL,,,,12.947,0.0,0.0,0.0,7.0,population
533,17.9086625,81.74675500000001,4,2,1.0,0.3424296368026391,1.0,0.0333333333333333,4.0,0.7449179998601428,55.73169333053619,2.1425,3.81,315.66999999999996,334.39,50.0,1,INDUSTRIAL,,,,,0.0,0.0,0.0,0.0,unknown
534,17.88609,81.72309333333332,3,2,1.0,0.3580965412485975,1.0,0.0333333333333333,3.0,0.7363246791576591,53.05982691648652,3.383333333333333,4.47,327.7833333333333,344.83,43.333333333333336,1,INDUSTRIAL,,,,,0.0,0.0,0.0,0.0,unknown
535,17.824640000000002,81.70347333333332,3,2,1.0,0.4673603573811826,1.0,0.0333333333333333,3.0,0.6814958540823013,51.96325041497936,2.973333333333333,3.6,325.49666666666667,335.68,43.333333333333336,1,INDUSTRIAL,,,,,0.0,0.0,0.0,0.0,unknown
536,17.957582,80.783908,5,3,1.9743055555555555,0.5424169769945936,1.0,0.0658101851851851,2.53253605346465,0.6483331128450781,50.94325702019281,2.944,6.36,310.578,316.35,50.0,1,INDUSTRIAL,,,,,,,,,unknown
537,18.686331818181817,73.03632454545455,11,3,2.0444444444444443,1.0153363875609007,1.0,0.0681481481481481,5.380434782608696,0.4961950799738544,55.078692259702535,3.9209090909090913,7.61,318.9809090909091,336.2,44.54545454545455,1,INDUSTRIAL,,,,,0.0,0.0,0.0,0.0,unknown
538,17.464039999999997,80.65425333333333,3,3,1.9743055555555555,0.2371284477955403,1.0,0.0658101851851851,1.51952163207879,0.808323502528712,51.61052876040084,1.68,2.82,307.71,310.09,50.0,1,INDUSTRIAL,,,,,,,,,unknown
539,15.447658,78.73030399999999,5,2,1.0,0.8296851761283277,1.0,0.0333333333333333,5.0,0.5465421117506302,54.26417556834594,3.642,5.39,334.062,350.33,50.0,1,INDUSTRIAL,,,,,0.0,0.0,0.0,0.0,unknown
540,18.694715,82.1512525,4,1,1.0,0.2789441029601041,1.0,0.0333333333333333,4.0,0.7818950004816547,56.47123334296643,0.89,0.89,307.8475,310.22,50.0,1,INDUSTRIAL,5.953,7.082,,2.028,1.0,8.0,0.0,123.0,population
541,18.663913333333333,82.03725666666666,6,1,1.0,0.6969546453643821,1.0,0.0333333333333333,6.0,0.5892909411172111,57.61915215567757,1.9483333333333333,3.14,313.0066666666667,323.98,50.0,1,INDUSTRIAL,13.857,13.034,,9.674,1.0,1.0,0.0,10.0,population
542,18.66352,82.0124975,4,2,1.0,0.2946676148713715,1.0,0.0333333333333333,4.0,0.772399022353975,56.28131378041283,3.3524999999999996,5.14,316.34,334.91,50.0,1,INDUSTRIAL,,11.958,,12.242,0.0,1.0,0.0,8.0,forest
543,18.632236666666667,81.98570000000001,3,1,1.0,0.475909762205311,1.0,0.0333333333333333,3.0,0.6775481981403765,51.88429729614087,1.4400000000000002,2.14,309.90333333333336,315.21,50.0,1,INDUSTRIAL,,14.348,,13.649,0.0,3.0,0.0,5.0,population
544,18.392186666666667,82.22977666666667,3,1,1.0,0.7628106919856965,1.0,0.0333333333333333,3.0,0.5672758876187449,49.67885108570824,3.323333333333333,4.14,313.2133333333333,315.62,50.0,1,INDUSTRIAL,,,,,0.0,0.0,0.0,0.0,unknown
545,18.553373333333333,81.10554666666667,6,2,1.0,0.529754195811456,1.0,0.0333333333333333,6.0,0.6536997922529321,58.907329178391976,3.056666666666666,5.6,319.5316666666667,337.08,50.0,1,INDUSTRIAL,,,,12.64,0.0,0.0,0.0,1.0,population
546,18.3346875,81.3198,4,2,1.0,0.9526769009747248,1.0,0.0333333333333333,4.0,0.5121174934270111,51.07568320187356,0.9425,1.08,306.615,308.99,50.0,1,INDUSTRIAL,,8.719,,2.361,0.0,3.0,0.0,45.0,population
547,18.3255575,81.3568125,4,1,1.0,0.4836060418475575,1.0,0.0333333333333333,4.0,0.6740333833870645,54.314001001074615,1.0475,1.34,307.21500000000003,311.05,50.0,1,INDUSTRIAL,,5.359,,1.826,0.0,2.0,0.0,32.0,population
548,18.31638333333333,81.31622666666667,6,2,1.0,0.7385503627196425,1.0,0.0333333333333333,6.0,0.5751918503158481,57.3371703396503,1.3316666666666668,1.57,311.875,321.66,50.0,1,INDUSTRIAL,,7.91,,2.628,0.0,3.0,0.0,49.0,population
549,18.31066142857143,81.25742714285714,7,2,1.0,0.575124648116014,1.0,0.0333333333333333,7.0,0.6348703902234575,61.03074113780248,1.758571428571429,3.25,317.81857142857143,335.89,47.142857142857146,1,INDUSTRIAL,,8.316,,2.093,0.0,3.0,0.0,67.0,population
550,18.282116666666667,81.41304333333333,3,2,1.0,0.3905508199621005,1.0,0.0333333333333333,3.0,0.719139484616071,52.71612302565476,1.5333333333333332,2.66,314.99333333333334,330.6,50.0,1,INDUSTRIAL,,3.169,,3.524,0.0,1.0,0.0,22.0,forest
551,29.2581375,79.79507749999999,4,2,1.0,0.5113128141840645,1.0,0.0333333333333333,4.0,0.6616763853351467,54.066861040036265,5.5874999999999995,8.45,332.78749999999997,347.3,50.0,1,INDUSTRIAL,,,,,,,,,unknown
552,29.222824615384617,79.81973769230768,13,3,1.9729166666666669,2.074701521405772,1.0,0.0657638888888888,6.589229144667371,0.3252348213438272,54.62186651076719,1.4930769230769232,2.94,310.4030769230769,336.89,48.46153846153846,1,INDUSTRIAL,,,,,,,,,unknown
553,23.629290000000005,78.386514,5,3,2.0444444444444443,0.4642456682777706,1.0,0.0681481481481481,2.4456521739130435,0.6829455067988617,51.47674427446355,3.1519999999999997,8.26,313.80400000000003,336.67,50.0,1,INDUSTRIAL,,,,,,,,,unknown
554,23.616486666666663,78.25482,3,1,1.0,0.6148866168210366,1.0,0.0333333333333333,3.0,0.6192385208867087,50.71810375106751,1.143333333333333,1.81,309.67,313.2,50.0,1,INDUSTRIAL,,,,,,,,,unknown
555,23.59622,78.23562666666668,3,1,1.0,0.2601963500395275,1.0,0.0333333333333333,3.0,0.7935271356472615,54.203876046278566,1.0833333333333333,1.37,300.78666666666663,304.92,50.0,1,INDUSTRIAL,,,,,,,,,unknown
556,23.55842,77.99485333333332,3,2,1.0,0.7081756201435285,1.0,0.0333333333333333,3.0,0.5854198995744803,50.04173132482295,1.2233333333333334,1.26,302.96000000000004,305.72,50.0,1,INDUSTRIAL,,,,,0.0,0.0,0.0,0.0,unknown
557,22.359072500000003,85.32090000000001,4,2,1.0,0.3584732020835651,1.0,0.0333333333333333,4.0,0.7361205200560784,55.5557437344549,3.06,3.73,330.8425,341.59,40.0,1,INDUSTRIAL,,,,,,,,,unknown
558,23.492523333333335,77.92694999999999,3,2,1.0,0.4766514736843633,1.0,0.0333333333333333,3.0,0.6772078705240582,51.877490743814505,2.143333333333333,3.21,316.9533333333333,334.7,43.333333333333336,1,INDUSTRIAL,,,,,0.0,0.0,0.0,0.0,unknown
559,23.8236925,74.6277725,4,2,1.0,0.3523375987199212,1.0,0.0333333333333333,4.0,0.7394603248083671,55.622539829500674,2.3975,2.92,322.85,339.43,45.0,1,INDUSTRIAL,,,,,,,,,unknown
560,23.3452325,77.792625,4,1,1.0,0.5125322499519875,1.0,0.0333333333333333,4.0,0.6611429277172391,54.05619188767812,4.7375,9.24,318.3325,333.62,50.0,1,INDUSTRIAL,2.559,1.007,,1.886,1.0,46.0,0.0,51.0,forest
561,22.545745,82.6953775,4,2,1.9743055555555555,0.6280399494907518,1.0,0.0658101851851851,2.02602884277172,0.6142355415251317,48.99503756706156,2.8549999999999995,3.37,307.42749999999995,310.59,50.0,1,INDUSTRIAL,,,,,,,,,unknown
562,23.702526666666667,74.31630333333332,6,2,1.0,0.5275702174355673,1.0,0.0333333333333333,6.0,0.6546343916541957,58.92602116641725,7.164999999999999,12.07,335.69666666666666,346.2,43.333333333333336,1,INDUSTRIAL,,,,,,,,,unknown
563,23.62143,74.952774,5,3,1.5243055555555556,0.8956376703257755,1.0,0.0508101851851851,3.2801822323462413,0.5275269718754558,50.02124964800435,2.838,3.55,323.64399999999995,342.64,46.0,1,INDUSTRIAL,,,,,,,,,unknown
564,22.54217,81.77465749999999,4,1,1.0,0.4302770287006013,1.0,0.0333333333333333,4.0,0.6991652525584463,54.816638384502255,1.3075,1.6,310.63250000000005,317.14,50.0,1,INDUSTRIAL,,8.496,,8.945,0.0,2.0,0.0,5.0,forest
565,23.0554,78.30754,3,2,2.0444444444444443,0.5519017313847705,0.9782608695652176,0.0681481481481481,1.4673913043478262,0.6443706967887035,47.607421987303866,0.9266666666666667,1.32,302.6666666666667,304.6,50.0,1,INDUSTRIAL,,12.185,,7.666,0.0,3.0,0.0,18.0,population
566,23.14597555555555,77.52081555555556,9,1,1.0,0.5657904837176219,1.0,0.0333333333333333,9.0,0.6386550502119045,66.10643433757141,3.005555555555555,3.9,317.6133333333334,339.31,50.0,1,INDUSTRIAL,,9.677,,13.086,0.0,2.0,0.0,6.0,forest
567,21.925778,85.22285,5,3,1.9743055555555555,0.3373518642414789,1.0,0.0658101851851851,2.53253605346465,0.7477463685798064,52.93152213488737,2.29,2.6,316.258,336.77,46.0,1,INDUSTRIAL,,,,,,,,,unknown
568,23.266563333333337,75.63263,3,2,1.0,0.3856694757284148,1.0,0.0333333333333333,3.0,0.7216728213445871,52.76678976022507,4.876666666666666,6.54,340.6166666666667,351.88,50.0,1,INDUSTRIAL,,,,,,,,,unknown
569,22.568003333333337,80.64127666666667,3,1,1.0,0.3847679000034377,1.0,0.0333333333333333,3.0,0.7221426782044251,52.77618689742184,1.75,2.45,305.1466666666667,307.47,50.0,1,INDUSTRIAL,,,,,,,,,unknown
570,22.97993333333333,77.74970666666667,3,1,1.0,0.3401760218003323,1.0,0.0333333333333333,3.0,0.746170640075059,53.25674613483451,3.4599999999999995,3.46,324.02000000000004,343.65,50.0,1,INDUSTRIAL,,,,,,,,,unknown
571,22.65298,79.84854999999999,3,2,1.9743055555555555,0.3321340357799159,1.0,0.0658101851851851,1.51952163207879,0.7506752122090601,50.457562954007805,1.0366666666666666,1.3,301.71,302.43,50.0,1,INDUSTRIAL,,,,,,,,,unknown
572,22.038201428571423,83.35189714285714,7,3,1.9743055555555555,0.3205877070464129,1.0,0.0658101851851851,3.54555047485051,0.7572386102522264,55.65390302180043,3.365714285714286,5.21,316.13,333.92,47.142857142857146,1,INDUSTRIAL,,,,,,,,,unknown
573,22.899962,77.716194,5,2,1.0,0.8103166584544022,1.0,0.0333333333333333,5.0,0.5523895476130525,54.38112428559438,4.523999999999999,5.35,331.378,338.09,42.0,1,INDUSTRIAL,,,,,,,,,unknown
574,23.163022,75.42949999999999,5,2,2.0444444444444443,0.6043366367164671,0.9782608695652176,0.0681481481481481,2.4456521739130435,0.6233105802823656,49.63187183109015,1.748,2.48,309.048,319.11,50.0,1,INDUSTRIAL,,,,,,,,,unknown
575,21.664414285714283,85.1646742857143,7,3,1.9743055555555555,0.960936725619049,1.0,0.0658101851851851,3.54555047485051,0.5099603607476471,50.70833803170884,2.5928571428571425,3.4,315.03000000000003,334.49,47.142857142857146,1,INDUSTRIAL,,,,,,,,,unknown
576,21.984956666666665,83.23304666666667,3,3,1.9743055555555555,0.2085294505541845,1.0,0.0658101851851851,1.51952163207879,0.8274519082190664,51.993096874207936,2.62,3.62,310.87333333333333,319.04,50.0,1,INDUSTRIAL,,,,,,,,,unknown
577,22.004363333333337,82.67071666666666,3,2,1.9743055555555555,0.2599119599526598,1.0,0.0658101851851851,1.51952163207879,0.793706252330182,51.31818375643024,4.803333333333334,5.05,311.9433333333333,314.47,50.0,1,INDUSTRIAL,,,,,,,,,unknown
578,21.79747142857143,83.8811857142857,7,3,1.9743055555555555,0.2680044477894936,1.0,0.0658101851851851,3.54555047485051,0.788640766791706,56.281946152590024,3.298571428571428,6.9,321.2414285714286,342.68,47.142857142857146,1,INDUSTRIAL,,,,,,,,,unknown
579,22.413088,79.82595,5,2,1.0,0.7617766025503988,1.0,0.0333333333333333,5.0,0.5676088549208629,54.68551043175059,3.2879999999999994,5.14,320.31800000000004,337.31,50.0,1,INDUSTRIAL,,14.063,,5.664,0.0,1.0,0.0,13.0,population
580,21.756703333333338,83.81950666666667,3,3,1.9743055555555555,0.1864345054056941,1.0,0.0658101851851851,1.51952163207879,0.8428615279172582,52.30128926817177,2.77,3.88,310.52000000000004,312.35,50.0,1,INDUSTRIAL,,,,,,,,,unknown
581,22.328368,79.83764,5,1,1.0,0.6272191849540592,1.0,0.0333333333333333,5.0,0.6145453601127697,55.62424053558873,1.686,3.33,304.13800000000003,308.48,50.0,1,INDUSTRIAL,,14.167,,2.019,0.0,1.0,0.0,24.0,population
582,22.249546666666664,79.72431666666667,3,1,1.0,0.2916073279805191,1.0,0.0333333333333333,3.0,0.7742291161846696,53.81791565702672,1.1566666666666665,1.16,301.99666666666667,309.18,50.0,1,INDUSTRIAL,,5.622,,3.128,0.0,9.0,0.0,46.0,population
583,22.40462666666667,78.45971,3,1,1.0,0.5709003761999029,1.0,0.0333333333333333,3.0,0.6365776055252191,51.06488544383772,1.096666666666667,1.38,302.7233333333333,312.56,50.0,1,INDUSTRIAL,,13.194,,,0.0,1.0,0.0,0.0,forest
584,22.1736175,79.37535249999999,4,1,1.0,0.5761274407367776,1.0,0.0333333333333333,4.0,0.6344664613748108,53.522662560829545,0.775,0.96,299.305,302.88,50.0,1,INDUSTRIAL,,6.355,,0.808,0.0,14.0,0.0,33.0,population
585,22.10417,79.222845,4,2,1.0,0.6129411827476665,1.0,0.0333333333333333,4.0,0.619985409695155,53.23304152723644,2.0675,3.93,313.12750000000005,332.79,50.0,1,INDUSTRIAL,,,,2.171,0.0,0.0,0.0,35.0,population
586,22.93252,69.7007175,4,3,2.0444444444444443,0.4848731847128085,1.0,0.0681481481481481,1.956521739130435,0.673458185045891,50.064171752447606,1.375,1.63,308.36,309.2,50.0,1,INDUSTRIAL,,,,,,,,,unknown
587,28.742343333333334,76.92772000000001,3,2,2.042361111111111,0.1405871652220246,0.9792587555253316,0.0680787037037037,1.4688881332879973,0.876741410469354,52.286778800959624,1.1900000000000002,1.49,310.8533333333333,314.78,50.0,1,INDUSTRIAL,,,,,,,,,unknown
588,27.632215,82.50960749999999,4,3,1.4548611111111112,0.5704512517968067,1.0,0.0484953703703703,2.7494033412887826,0.6367596567266038,50.82108574701329,5.21,16.96,326.865,346.25,50.0,1,INDUSTRIAL,,,,,,,,,unknown
589,27.336138181818185,82.50263181818183,11,3,1.9729166666666669,1.5251425367484268,1.0,0.0657638888888888,5.575501583949314,0.3960172487085339,53.503196156266185,3.929090909090909,11.29,327.7281818181818,367.0,49.09090909090909,1,INDUSTRIAL,,,,,,,,,unknown
590,27.224536666666665,83.17970666666666,3,3,1.4548611111111112,0.4176357348511574,1.0,0.0484953703703703,2.062052505966587,0.705399825509473,50.47551203436519,3.5700000000000003,6.25,329.92,342.25,36.666666666666664,1,INDUSTRIAL,,,,,,,,,unknown
591,27.277875,82.582875,4,2,1.9729166666666669,0.4577830827747733,1.0,0.0657638888888888,2.027455121436114,0.685973113432336,50.43219729445922,1.025,1.63,306.8525,315.2,50.0,1,INDUSTRIAL,,,,,,,,,unknown
592,27.222675,82.536045,4,2,1.4548611111111112,0.5185308736425939,1.0,0.0484953703703703,2.7494033412887826,0.6585312273574249,51.25651715962971,10.31,13.21,345.0175,367.0,57.5,1,INDUSTRIAL,,,,,,,,,unknown
593,27.069366666666667,82.63723333333333,6,3,1.9729166666666669,1.1286418628788526,1.0,0.0657638888888888,3.041182682154171,0.4697831126216618,48.642716180040885,4.115,9.05,325.16833333333335,367.0,55.0,1,INDUSTRIAL,,,,,,,,,unknown
594,27.012356666666665,82.69107333333334,3,1,1.0,0.2863249684598286,1.0,0.0333333333333333,3.0,0.7774085277978724,53.881503889290784,2.4,2.4,323.92333333333335,335.29,50.0,1,INDUSTRIAL,,,,,,,,,unknown
595,26.641481666666664,79.47875833333333,6,3,2.042361111111111,0.5915329393247294,1.0,0.0680787037037037,2.9377762665759946,0.6283250414058595,51.61290908714976,4.273333333333333,6.96,316.6566666666667,325.38,50.0,1,INDUSTRIAL,,,,,,,,,unknown
596,25.84377,82.9568525,4,2,1.4548611111111112,0.8064586253369815,1.0,0.0484953703703703,2.7494033412887826,0.553569279680268,49.15727820608657,4.115,7.04,328.5925,344.53,40.0,1,INDUSTRIAL,,,,,,,,,unknown
597,25.0332625,87.39104750000001,4,2,1.0,0.195256298783773,1.0,0.0333333333333333,4.0,0.83664064436853,57.56614622070393,1.625,2.7,318.0625,331.1,45.0,1,INDUSTRIAL,,,,,,,,,unknown
598,25.155555,85.3544525,4,2,1.0,0.3665573454864586,1.0,0.0333333333333333,4.0,0.7317658518340672,55.46865037001467,2.12,3.63,320.0925,335.2,50.0,1,INDUSTRIAL,,,,,,,,,unknown
599,25.348449999999996,83.884858,5,3,1.4548611111111112,0.8809645809730573,1.0,0.0484953703703703,3.4367541766109784,0.5316421213432322,50.43711212765135,3.951999999999999,6.58,329.27200000000005,351.24,42.0,1,INDUSTRIAL,,,,,,,,,unknown
600,25.338060666666664,83.55374066666667,15,2,1.4548611111111112,1.1692562353384648,1.0,0.0484953703703703,10.310262529832936,0.4609874959488001,65.43213417823526,15.049333333333337,27.46,347.518,367.0,52.666666666666664,1,INDUSTRIAL,,,,,,,,,unknown
601,25.29315142857143,83.73115,7,3,1.4548611111111112,1.1645668290309652,1.0,0.0484953703703703,4.8114558472553695,0.4619861981566449,52.480747840530576,2.198571428571429,4.32,321.60714285714283,345.56,47.142857142857146,1,INDUSTRIAL,,,,,,,,,unknown
602,25.322993333333333,83.53329666666667,3,2,1.0,0.4698447561021667,1.0,0.0333333333333333,3.0,0.6803439586721167,51.94021250677567,1.5533333333333337,1.56,313.25666666666666,319.01,50.0,1,INDUSTRIAL,,,,,,,,,unknown
603,25.172683999999997,84.23022399999999,10,3,1.9729166666666669,1.6167067262029335,1.0,0.0657638888888888,5.068637803590285,0.3821597544678176,51.9588868205543,3.535,9.99,322.48900000000003,349.87,44.0,1,INDUSTRIAL,,,,,,,,,unknown
604,25.296426666666665,83.45675333333334,3,1,1.0,0.2974909432547488,1.0,0.0333333333333333,3.0,0.7707182891708713,53.747699116750766,3.06,3.06,318.9266666666667,331.71,50.0,1,INDUSTRIAL,,,,,,,,,unknown
605,25.170011,84.11655400000001,10,3,1.9729166666666669,1.2294310005244282,1.0,0.0657638888888888,5.068637803590285,0.4485449425278334,53.2865905817546,2.364,5.77,318.121,349.93,46.0,1,INDUSTRIAL,,,,,,,,,unknown
606,25.23654,83.72805125,8,3,1.9729166666666669,1.5427604224450933,1.0,0.0657638888888888,4.054910242872228,0.3932733855588368,49.64684054057953,4.483750000000001,15.85,320.96375,354.56,45.0,1,INDUSTRIAL,,,,,,,,,unknown
607,25.211727142857143,83.75048857142858,7,3,1.9729166666666669,1.2448613438991756,1.0,0.0657638888888888,3.5480464625131996,0.4454618111348767,49.423449601202755,5.8028571428571425,10.52,335.64428571428573,367.0,51.42857142857143,1,INDUSTRIAL,,,,,,,,,unknown
608,25.21285846153846,83.67974923076925,13,3,1.4548611111111112,1.4408276664358544,1.0,0.0484953703703703,8.935560859188543,0.4096970932242095,61.7452282717148,8.477692307692307,20.0,333.98692307692306,354.84,40.76923076923077,1,INDUSTRIAL,,,,,,,,,unknown
609,25.145556666666664,84.00575555555555,9,3,1.9729166666666669,1.3900376896418964,1.0,0.0657638888888888,4.561774023231257,0.4184034437339068,51.4166011549785,3.776666666666667,7.05,330.0544444444444,351.4,43.333333333333336,1,INDUSTRIAL,,,,,,,,,unknown
610,25.1933125,83.62072,4,2,1.0,0.7176700363853017,1.0,0.0333333333333333,4.0,0.5821839927442756,52.47701318821885,1.23,1.3,310.47749999999996,312.29,50.0,1,INDUSTRIAL,,,,,,,,,unknown
611,25.11038,84.093246,5,2,1.0,0.607649459842509,1.0,0.0333333333333333,5.0,0.6220261474774256,55.77385628288185,1.128,1.26,309.132,316.02,50.0,1,INDUSTRIAL,,,,,,,,,unknown
612,25.082533333333338,84.18332666666667,3,2,1.0,0.502959297691737,1.0,0.0333333333333333,3.0,0.6653540129368853,51.64041359207104,7.523333333333333,11.83,338.56,354.79,43.333333333333336,1,INDUSTRIAL,,,,,,,,,unknown
613,25.101946666666663,84.00479666666666,3,1,1.0,0.6113182531751205,1.0,0.0333333333333333,3.0,0.6206098627812904,50.74553058895914,1.3133333333333337,1.44,310.55,312.1,50.0,1,INDUSTRIAL,,,,,,,,,unknown
614,25.134253333333337,83.82635333333333,3,2,1.0,0.4558201139737006,1.0,0.0333333333333333,3.0,0.6868980517589311,52.07129436851196,2.0833333333333335,2.62,315.4066666666667,320.09,50.0,1,INDUSTRIAL,,,,,,,,,unknown
615,25.087082857142857,84.05648142857142,7,2,1.0,0.8929162934767307,1.0,0.0333333333333333,7.0,0.5282853781998431,58.8990408973302,18.595714285714287,29.73,345.4385714285714,367.0,48.57142857142857,1,INDUSTRIAL,,,,,,,,,unknown
616,25.125156153846152,83.62467307692306,13,2,2.4916666666666667,1.667694084613945,0.802675585284281,0.0830555555555555,5.217391304347826,0.3748555749954796,46.697246208196475,6.237692307692309,14.37,337.0561538461538,353.0,43.84615384615385,1,INDUSTRIAL,,,,,,,,,unknown
617,24.98442,84.12205,4,2,1.9729166666666669,1.0172882191160528,1.0,0.0657638888888888,2.027455121436114,0.4957149853570184,46.62703473295288,2.1725,3.01,317.2825,323.79,50.0,1,INDUSTRIAL,,,,,,,,,unknown
618,25.866308000000004,78.02140999999999,5,2,2.042361111111111,0.5882429635137497,0.9792587555253316,0.0680787037037037,2.4481468888133286,0.6296265892389976,49.792629265165814,5.324,8.26,324.764,346.17,50.0,1,INDUSTRIAL,,,,,,,,,unknown
619,24.92617,84.15133999999999,4,2,1.0,0.5330944793314751,1.0,0.0333333333333333,4.0,0.6522755208381302,53.87884375009594,2.1375,2.8,312.14,318.44,50.0,1,INDUSTRIAL,,,,,,,,,unknown
620,25.638893333333332,79.05971,3,1,1.0,0.8235024290899472,1.0,0.0333333333333333,3.0,0.5483952113510858,49.301237560355055,2.223333333333333,3.05,316.46999999999997,319.23,50.0,1,INDUSTRIAL,,,,,,,,,unknown
621,25.621982000000003,79.13703000000001,5,2,1.9729166666666669,0.3984921909315997,1.0,0.0657638888888888,2.5343189017951424,0.7150558340507102,52.28101115772428,1.098,1.47,307.992,316.09,50.0,1,INDUSTRIAL,,,,,,,,,unknown
622,24.9454925,83.50410499999998,4,2,1.0,0.4208614789963065,1.0,0.0333333333333333,4.0,0.7037983749875447,54.90930083308423,3.627499999999999,6.71,320.855,345.65,45.0,1,INDUSTRIAL,,,,,,,,,unknown
623,25.5417025,78.8019325,4,2,1.9729166666666669,0.5583790726759277,1.0,0.0657638888888888,2.027455121436114,0.6416923953443995,49.5465829327005,0.82,1.02,305.3575,312.07,50.0,1,INDUSTRIAL,,,,,,,,,unknown
624,25.518733333333333,78.882515,6,2,1.9729166666666669,1.1951634404622806,1.0,0.0657638888888888,3.041182682154171,0.4555469454198861,48.35799283600537,2.5716666666666668,3.72,318.19,331.47,50.0,1,INDUSTRIAL,,,,,,,,,unknown
625,25.036795,82.096832,10,2,1.0,1.057226019904055,1.0,0.0333333333333333,10.0,0.4860914602113762,65.55516253756086,3.887999999999999,22.38,316.131,350.71,48.0,1,INDUSTRIAL,,,,,,,,,unknown
626,24.714104,83.820928,5,2,1.4548611111111112,0.597925209857076,1.0,0.0484953703703703,3.4367541766109784,0.6258115172295476,52.32050004537766,10.006,15.83,339.70599999999996,350.32,38.0,1,INDUSTRIAL,,,,,,,,,unknown
627,25.60380333333333,76.61808666666666,3,1,1.0,0.4050458896833151,1.0,0.0333333333333333,3.0,0.7117205262423074,52.56774385817948,2.486666666666667,2.5,312.81,317.59,50.0,1,INDUSTRIAL,,,,,,,,,unknown
628,24.917835,81.55948500000001,4,3,1.9729166666666669,0.8734257529099964,1.0,0.0657638888888888,2.027455121436114,0.5337814954484841,47.38836493478219,2.1625,2.29,310.6325,313.82,50.0,1,INDUSTRIAL,,,,,,,,,unknown
629,25.571348,76.69575400000001,5,2,1.0,0.6767979614100726,1.0,0.0333333333333333,5.0,0.5963747708513841,55.26082875036102,11.588,17.42,338.606,350.65,38.0,1,INDUSTRIAL,,,,,,,,,unknown
630,25.473115714285715,76.4012717142857,35,3,2.042361111111111,3.6401045333777615,1.0,0.0680787037037037,17.137028221693303,0.2155123861556736,61.01221531570605,7.510857142857143,21.22,327.27628571428573,367.0,46.285714285714285,1,INDUSTRIAL,,,,,,,,,unknown
631,25.443066538461537,76.36332461538461,26,3,2.0444444444444443,1.6242018394153686,1.0,0.0681481481481481,12.717391304347828,0.3810682490119679,64.32506868394306,4.97423076923077,19.71,316.81,350.98,47.69230769230769,1,INDUSTRIAL,,,,,,,,,unknown
632,25.401315,76.44767333333334,12,3,2.0444444444444443,2.163621816330449,1.0,0.0681481481481481,5.869565217391305,0.3160934075109903,52.699484897401774,5.411666666666666,22.18,324.53333333333336,367.0,50.833333333333336,1,INDUSTRIAL,,,,,,,,,unknown
633,23.69105368421053,87.11273789473684,19,3,1.9729166666666669,2.033112795841385,1.0,0.0657638888888888,9.630411826821542,0.3296942999848445,62.31401278897296,2.084736842105263,7.07,310.5552631578947,340.98,48.94736842105263,1,INDUSTRIAL,,,,,0.0,0.0,0.0,0.0,unknown
634,24.47253111111111,82.7177111111111,9,2,1.0,1.6464513602364133,1.0,0.0333333333333333,9.0,0.3778644924389118,60.89062318211157,8.732222222222221,30.7,319.1511111111111,349.27,45.55555555555556,1,INDUSTRIAL,,13.321,,,0.0,7.0,0.0,0.0,forest
635,24.046647142857147,85.12198714285715,7,2,1.50625,0.8929079687887009,1.0,0.0502083333333333,4.647302904564315,0.5282877015092892,53.439219624929905,3.818571428571429,8.05,331.93,345.62,38.57142857142857,1,INDUSTRIAL,,,,,0.0,0.0,0.0,0.0,unknown
636,24.007296666666665,85.18947666666666,3,1,1.0,0.3502649546307981,1.0,0.0333333333333333,3.0,0.7405953894977814,53.14524112328897,1.6866666666666668,1.98,309.95,320.23,50.0,1,INDUSTRIAL,,,,,0.0,0.0,0.0,0.0,unknown
637,23.87,85.66306666666667,3,2,1.0,0.5064105518593043,1.0,0.0333333333333333,3.0,0.6638296570385401,51.60992647410414,2.51,2.97,327.59999999999997,339.23,36.666666666666664,1,INDUSTRIAL,,,,,,,,,unknown
638,25.064878571428572,77.87481285714284,7,2,1.5243055555555556,0.9551065006584536,1.0,0.0508101851851851,4.592255125284738,0.5114810879423772,52.98051420168901,10.76142857142857,17.37,340.6057142857143,367.0,54.285714285714285,1,INDUSTRIAL,,,,,,,,,unknown
639,25.31173,75.75691,6,2,1.0,1.519650730609748,1.0,0.0333333333333333,6.0,0.3968804040383815,53.77094141410097,11.355000000000002,28.06,341.44666666666666,367.0,53.333333333333336,1,INDUSTRIAL,,,,,,,,,unknown
640,23.61416,86.79057,3,2,1.9729166666666669,0.2063436049555287,1.0,0.0657638888888888,1.5205913410770855,0.8289512174575373,52.02459992406568,2.5933333333333333,3.6,311.80333333333334,312.78,50.0,1,INDUSTRIAL,,,,,,,,,unknown
641,25.242377499999996,76.2948475,4,1,1.0,0.2474280499921834,1.0,0.0333333333333333,4.0,0.8016494418305458,56.86632216994425,2.1799999999999997,2.21,318.8825,327.95,50.0,1,INDUSTRIAL,,,,,,,,,unknown
642,25.152036666666664,76.98145666666667,3,2,1.0,0.6248058744301037,1.0,0.0333333333333333,3.0,0.6154581391766246,50.64249611686583,2.0033333333333334,3.76,312.43333333333334,323.83,50.0,1,INDUSTRIAL,,,,,,,,,unknown
643,23.483712857142855,87.36213285714287,7,3,1.9729166666666669,0.8025101702222033,1.0,0.0657638888888888,3.5480464625131996,0.5547818905658245,51.60985118982171,2.8314285714285714,4.14,317.94999999999993,339.58,47.142857142857146,1,INDUSTRIAL,,,,,,,,,unknown
644,23.8237175,85.497775,4,2,1.9729166666666669,0.3578973595890553,1.0,0.0657638888888888,2.027455121436114,0.7364326861218974,51.44138874825046,3.4324999999999997,4.6,312.64,316.28,50.0,1,INDUSTRIAL,,,,,0.0,0.0,0.0,0.0,unknown
645,25.12875,76.8985088235294,17,2,1.0,1.8361507752776496,1.0,0.0333333333333333,17.0,0.3525905634907944,62.88514460314922,6.749411764705883,26.65,328.6552941176471,367.0,49.411764705882355,1,INDUSTRIAL,,,,,,,,,unknown
646,23.75618,85.85278,3,3,1.9729166666666669,0.2628547307533865,1.0,0.0657638888888888,1.5205913410770855,0.7918567160954655,51.28270989682424,2.8166666666666664,5.45,309.15333333333336,311.71,50.0,1,INDUSTRIAL,,,,,,,,,unknown
647,25.192423333333338,76.30428777777777,9,3,2.0444444444444443,1.411636765182378,1.0,0.0681481481481481,4.4021739130434785,0.4146561432622611,51.00226135155762,22.38888888888889,96.59,318.6877777777778,367.0,45.55555555555556,1,INDUSTRIAL,,,,,,,,,unknown
648,25.154086666666668,76.64681,3,2,1.4548611111111112,0.5173999525145415,1.0,0.0484953703703703,2.062052505966587,0.6590220319585892,49.54795616334751,14.013333333333334,39.57,328.5466666666667,367.0,60.0,1,INDUSTRIAL,,,,,,,,,unknown
649,25.11346,76.8791875,4,2,1.0,0.9182706565238709,1.0,0.0333333333333333,4.0,0.5213028706867237,51.2593907470678,13.31,27.92,339.9675,355.46,45.0,1,INDUSTRIAL,,,,,,,,,unknown
650,23.7864325,85.5533375,4,3,1.9729166666666669,0.2354553945738768,1.0,0.0657638888888888,2.027455121436114,0.8094181339059285,52.90109770393108,1.5575,2.8,309.72,315.39,50.0,1,INDUSTRIAL,,,,,,,,,unknown
651,23.92331,84.75859666666668,3,2,1.0,0.2225526807252836,1.0,0.0333333333333333,3.0,0.8179606619542534,54.6925465724184,2.3966666666666665,3.15,330.06666666666666,342.05,43.333333333333336,1,INDUSTRIAL,,,,,,,,,unknown
652,23.67625,86.091402,10,3,1.9729166666666669,1.0892477602655846,1.0,0.0657638888888888,5.068637803590285,0.4786411736408325,53.88851520401459,2.44,7.14,310.11800000000005,327.77,50.0,1,INDUSTRIAL,7.271,5.154,,8.475,11.0,21.0,0.0,11.0,forest
653,25.1729425,76.29119999999999,4,2,1.05625,0.3820362652578472,1.0,0.0352083333333333,3.7869822485207103,0.7235700141438977,54.81906423751306,1.245,1.46,308.8675,317.17,50.0,1,INDUSTRIAL,,,,,,,,,unknown
654,25.094616666666667,76.56883,3,1,1.0,0.29104146272905,1.0,0.0333333333333333,3.0,0.7745684618727612,53.82470257078856,1.2166666666666666,1.45,303.9733333333333,306.9,50.0,1,INDUSTRIAL,,,,,,,,,unknown
655,24.70445,79.597595,4,1,1.0,0.3633587728491453,1.0,0.0333333333333333,4.0,0.7334826458850602,55.502986251034535,0.8625,1.32,307.2825,310.89,50.0,1,INDUSTRIAL,,,,,,,,,unknown
656,24.19990666666667,82.7134788888889,9,3,1.9729166666666669,0.8187388718929187,1.0,0.0657638888888888,4.561774023231257,0.5498315428642121,54.04516313758461,3.281111111111111,5.99,315.7366666666666,326.43,50.0,1,INDUSTRIAL,0.649,3.725,4.184,0.696,19.0,32.0,51.0,60.0,industrial
657,25.112084,76.31653399999999,10,2,1.5243055555555556,1.191174354196963,1.0,0.0508101851851851,6.560364464692483,0.4563762797262599,56.79869138588604,8.346,18.93,339.628,367.0,49.0,1,INDUSTRIAL,,,,,,,,,unknown
658,23.81042,84.84595250000001,4,3,1.9729166666666669,0.2638509760228068,1.0,0.0657638888888888,2.027455121436114,0.7912325258052849,52.537385541918205,2.2175,2.98,311.4475,315.9,50.0,1,INDUSTRIAL,,,,,,,,,unknown
659,23.711793333333333,85.28299,3,2,1.9729166666666669,0.3969154449375247,1.0,0.0657638888888888,1.5205913410770855,0.7158629419010567,49.762834412936066,2.5866666666666664,3.43,310.64000000000004,314.48,50.0,1,INDUSTRIAL,3.355,6.367,,0.476,22.0,8.0,0.0,47.0,population
660,23.694652499999997,85.36953249999999,4,2,1.9729166666666669,0.3317080386843086,1.0,0.0657638888888888,2.027455121436114,0.7509153440178772,51.73104190617006,1.93,2.21,309.90500000000003,312.98,50.0,1,INDUSTRIAL,2.858,8.325,,0.693,19.0,2.0,0.0,46.0,population
661,25.04845444444445,76.33769333333333,9,3,2.0444444444444443,1.29083724207782,1.0,0.0681481481481481,4.4021739130434785,0.4365216269546005,51.439571025404405,6.916666666666667,20.59,326.4288888888889,367.0,56.666666666666664,1,INDUSTRIAL,,,,,,,,,unknown
662,25.024756000000004,76.525116,5,2,2.0444444444444443,0.6481957472106609,0.9782608695652176,0.0681481481481481,2.4456521739130435,0.6067240506428676,49.300141238300185,1.45,2.46,307.96799999999996,322.32,50.0,1,INDUSTRIAL,,,,,,,,,unknown
663,24.94864,77.13582000000001,3,1,1.0,0.3777263809047355,1.0,0.0333333333333333,3.0,0.7258335282389763,52.85000389811286,1.4800000000000002,1.8,311.2733333333333,316.59,50.0,1,INDUSTRIAL,,,,,,,,,unknown
664,23.825617857142863,84.57282357142857,14,3,1.9729166666666669,0.508640720476055,1.0,0.0657638888888888,7.096092925026399,0.6628483418400954,62.64129637159013,3.5228571428571427,12.24,319.89571428571435,345.06,48.57142857142857,1,INDUSTRIAL,,,,,,,,,unknown
665,24.959975,77.01697,4,1,1.0,0.3426510787745878,1.0,0.0333333333333333,4.0,0.7447951413502614,55.72923616033856,1.485,1.59,310.36,315.55,50.0,1,INDUSTRIAL,,,,,,,,,unknown
666,23.65648333333333,85.50790333333333,3,3,1.9729166666666669,0.1451611840240445,1.0,0.0657638888888888,1.5205913410770855,0.8732395176773677,52.91036592846229,1.8666666666666665,2.14,309.74,310.29,50.0,1,INDUSTRIAL,,,,,,,,,unknown
667,25.029593333333334,76.38940000000001,3,1,1.0,0.4328262405531687,1.0,0.0333333333333333,3.0,0.6979213331645376,52.29175999662409,1.68,2.43,309.53,313.47,50.0,1,INDUSTRIAL,,,,,,,,,unknown
668,24.95137,76.98099571428573,7,1,1.0,0.7857667542915867,1.0,0.0333333333333333,7.0,0.5599835463376065,59.53300426008546,2.6342857142857143,3.49,316.8285714285715,332.2,50.0,1,INDUSTRIAL,,,,,,,,,unknown
669,23.737657499999997,85.00785250000001,4,3,1.9729166666666669,0.3683602747895296,1.0,0.0657638888888888,2.027455121436114,0.7308016890170332,51.32876880615318,2.45,3.52,308.825,310.28,50.0,1,INDUSTRIAL,,8.396,,,0.0,3.0,0.0,0.0,forest
670,23.728136666666668,85.02758333333333,3,3,1.9729166666666669,0.139008050356939,1.0,0.0657638888888888,1.5205913410770855,0.8779569202224891,53.00471397936472,2.12,3.04,313.34,320.76,50.0,1,INDUSTRIAL,,6.174,,,0.0,4.0,0.0,0.0,forest
671,24.99248,76.59905666666667,3,1,1.0,0.3119061333459229,1.0,0.0333333333333333,3.0,0.7622496568787064,53.57832647090747,3.49,5.42,317.9166666666667,324.76,50.0,1,INDUSTRIAL,,,,,,,,,unknown
672,23.647884,85.43840499999999,10,3,1.9729166666666669,0.5226562168458384,1.0,0.0657638888888888,5.068637803590285,0.6567470640690558,57.450633012579054,2.0309999999999997,6.04,313.214,341.31,48.0,1,INDUSTRIAL,9.477,14.211,,7.584,10.0,1.0,0.0,21.0,population
673,23.7209325,85.00742,4,3,1.9729166666666669,0.2581752185354428,1.0,0.0657638888888888,2.027455121436114,0.7948018569019605,52.60877216385171,2.075,3.59,310.87,316.69,50.0,1,INDUSTRIAL,,8.073,,,0.0,2.0,0.0,0.0,forest
674,23.66673,84.997332,5,3,1.9729166666666669,0.4305496304367836,1.0,0.0657638888888888,2.5343189017951424,0.6990320214858077,51.96053490642624,2.306,3.2,310.676,317.09,50.0,1,INDUSTRIAL,,,,,,,,,unknown
675,24.932338,76.21396100000001,10,1,1.0,1.06311325011516,1.0,0.0333333333333333,10.0,0.4847043660565804,65.52742065446495,2.601,3.25,319.00600000000003,351.85,50.0,1,INDUSTRIAL,,,,,,,,,unknown
676,24.770298571428576,77.52461714285714,7,3,1.5243055555555556,1.1323432380492076,1.0,0.0508101851851851,4.592255125284738,0.4689676512468314,52.1302454677781,35.98142857142857,83.64,334.63428571428574,367.0,58.57142857142857,1,INDUSTRIAL,,,,,,,,,unknown
677,24.634376666666668,78.52521833333333,6,1,1.0,0.5134966335615628,1.0,0.0333333333333333,6.0,0.6607216546275352,59.04776642588404,1.3533333333333335,2.49,311.8183333333333,322.27,50.0,1,INDUSTRIAL,,,,,,,,,unknown
678,24.893745,76.44610333333333,6,2,2.0444444444444443,0.6861673634767318,0.9782608695652176,0.0681481481481481,2.9347826086956523,0.5930609390624701,50.24970509364876,2.8333333333333335,4.58,314.18833333333333,336.1,50.0,1,INDUSTRIAL,,,,,,,,,unknown
679,24.893715000000004,76.31722899999998,20,3,1.5243055555555556,2.059731246960244,1.0,0.0508101851851851,13.120728929384963,0.3268260900343687,62.806776430317,7.382500000000002,19.93,329.25149999999996,367.0,51.0,1,INDUSTRIAL,,,,,,,,,unknown
680,24.689398,77.886164,5,3,2.0444444444444443,0.7081987788788369,1.0,0.0681481481481481,2.4456521739130435,0.5854119628023281,49.52607339453288,1.9119999999999997,5.88,311.392,341.0,46.0,1,INDUSTRIAL,,,,,,,,,unknown
681,24.659894,77.916102,5,2,1.5243055555555556,0.972131589404618,1.0,0.0508101851851851,3.2801822323462413,0.5070655555504274,49.61202132150378,13.994000000000003,27.19,346.454,367.0,62.0,1,INDUSTRIAL,,,,,,,,,unknown
682,23.61419857142857,84.50202357142858,14,3,1.9729166666666669,1.713767143269981,1.0,0.0657638888888888,7.096092925026399,0.368491453837502,56.754158611538266,3.2921428571428573,5.47,313.43857142857144,332.0,48.57142857142857,1,INDUSTRIAL,,,,,,,,,unknown
683,24.775719999999996,76.79424666666667,3,2,1.0,0.4447740319439885,1.0,0.0333333333333333,3.0,0.6921497603708096,52.17632854074953,1.4333333333333331,2.45,306.36,309.9,50.0,1,INDUSTRIAL,,,,,,,,,unknown
684,24.770234285714288,76.51143714285715,7,3,1.5243055555555556,1.0926126004406516,1.0,0.0508101851851851,4.592255125284738,0.4778715371346923,52.30832318553532,12.382857142857144,23.3,341.2314285714286,353.15,38.57142857142857,1,INDUSTRIAL,,,,,,,,,unknown
685,24.76940666666667,76.49272,3,2,1.0,0.5005204836570758,1.0,0.0333333333333333,3.0,0.6664354208366388,51.66204175006611,1.97,2.17,310.2966666666667,316.67,50.0,1,INDUSTRIAL,,,,,,,,,unknown
686,23.6393875,84.12216,4,3,1.4527777777777775,0.7082897897032024,1.0,0.0484259259259259,2.7533460803059273,0.5853807744022983,49.80162883695893,3.4450000000000003,9.55,315.77250000000004,345.38,50.0,1,INDUSTRIAL,,6.056,,8.173,0.0,7.0,0.0,7.0,forest
687,23.627265714285713,84.22412095238094,21,3,1.9729166666666669,2.848508256915497,1.0,0.0657638888888888,10.6441393875396,0.2598409392010711,61.84091600624364,4.742857142857143,11.89,324.8571428571429,354.63,47.142857142857146,1,INDUSTRIAL,,2.771,,2.228,0.0,13.0,0.0,14.0,population
688,23.768126666666664,83.2827,3,2,1.9729166666666669,0.6707813519540551,1.0,0.0657638888888888,1.5205913410770855,0.5985223613074532,47.416022801063995,1.0133333333333334,1.56,305.0133333333334,308.12,50.0,1,INDUSTRIAL,,,,,0.0,0.0,0.0,0.0,unknown
689,23.60202,84.21944,3,2,1.0,0.4384217095752981,1.0,0.0333333333333333,3.0,0.695206415019456,52.23746163372246,3.4033333333333338,4.57,318.5966666666667,334.1,43.333333333333336,1,INDUSTRIAL,,2.875,,3.417,0.0,10.0,0.0,14.0,forest
690,23.581803333333337,84.30833,3,2,1.0,0.3028007502296659,1.0,0.0333333333333333,3.0,0.7675770833135563,53.68487499960446,4.8133333333333335,9.01,329.3533333333333,343.74,43.333333333333336,1,INDUSTRIAL,,4.617,,6.014,0.0,7.0,0.0,13.0,forest
691,24.68283,76.8988375,4,2,1.0,1.018552574443001,1.0,0.0333333333333333,4.0,0.4954044856998286,50.7414230473299,6.532500000000001,12.4,329.3075,351.1,45.0,1,INDUSTRIAL,,,,,,,,,unknown
692,24.674518749999997,76.93594125,8,2,1.0,1.3721032574312175,1.0,0.0333333333333333,8.0,0.421566808640073,59.264669506134794,9.775,29.78,326.64874999999995,352.04,45.0,1,INDUSTRIAL,,,,,,,,,unknown
693,24.226606666666665,80.13394333333333,6,1,1.0,1.010678117843572,1.0,0.0333333333333333,6.0,0.4973446476219118,55.780226285771576,1.71,2.02,313.07,320.85,50.0,1,INDUSTRIAL,,,,,,,,,unknown
694,23.559174,84.169012,5,1,1.0,0.5155387454096719,1.0,0.0333333333333333,5.0,0.6598313655977733,56.5299606452888,2.124,2.24,315.572,323.35,50.0,1,INDUSTRIAL,,7.317,,8.328,0.0,2.0,0.0,8.0,forest
695,23.591690000000003,83.847895,4,3,1.9729166666666669,1.0153864765952647,1.0,0.0657638888888888,2.027455121436114,0.4961827478813745,46.63638998344,2.535,3.65,312.22249999999997,333.02,50.0,1,INDUSTRIAL,,,,,0.0,0.0,0.0,0.0,unknown
696,24.94925,73.928718,5,3,1.5243055555555556,0.3379744567324451,1.0,0.0508101851851851,3.2801822323462413,0.7473984237652528,54.41867868580028,6.616,12.77,346.062,367.0,56.0,1,INDUSTRIAL,,,,,,,,,unknown
697,23.62009875,83.533065,8,2,1.4527777777777775,1.510471459925279,1.0,0.0484259259259259,5.506692160611855,0.39833155483463,52.94400964637038,3.31,6.27,328.895,344.97,42.5,1,INDUSTRIAL,,,,,0.0,0.0,0.0,0.0,unknown
698,23.514218235294123,84.13121294117646,17,3,1.9729166666666669,1.5589365521142466,1.0,0.0657638888888888,8.616684266103485,0.3907873367058589,61.00155462159811,4.878235294117648,13.01,322.9664705882353,355.84,46.47058823529411,1,INDUSTRIAL,,13.534,,14.528,0.0,1.0,0.0,1.0,forest
699,24.59949333333334,76.76725666666665,3,2,1.0,0.2726407205194334,1.0,0.0333333333333333,3.0,0.7857677220887965,54.04868777510927,1.7133333333333332,2.32,308.8666666666667,312.5,50.0,1,INDUSTRIAL,,,,,,,,,unknown
700,24.601155,76.306835,8,3,1.4548611111111112,1.170663769193257,1.0,0.0484953703703703,5.498806682577565,0.4606885756294063,54.1731724782913,7.593750000000001,22.82,329.30875,367.0,51.25,1,INDUSTRIAL,,,,,,,,,unknown
701,24.91972,73.23610333333335,3,1,1.0,0.3171526667172385,1.0,0.0333333333333333,3.0,0.7592134346068756,53.51760202547084,2.3133333333333335,2.57,308.5466666666667,310.57,50.0,1,INDUSTRIAL,,,,,,,,,unknown
702,24.4339,77.60135333333334,3,1,1.0,0.2509588723244731,1.0,0.0333333333333333,3.0,0.7993867921028026,54.32106917538939,0.89,1.27,305.06,306.35,50.0,1,INDUSTRIAL,,,,,,,,,unknown
703,23.5937925,83.27435,4,2,1.0,0.6817154092939699,1.0,0.0333333333333333,4.0,0.5946309312940334,52.725951959214,3.9275,6.19,312.215,314.54,50.0,1,INDUSTRIAL,,,,,0.0,0.0,0.0,0.0,unknown
704,23.520404000000003,83.681331,10,3,1.4527777777777775,1.1753167228178418,1.0,0.0484259259259259,6.8833652007648185,0.4597031731106398,57.61312461227299,3.148000000000001,6.89,319.835,345.31,48.0,1,INDUSTRIAL,,,,,0.0,0.0,0.0,0.0,unknown
705,24.355683999999997,78.051772,5,2,1.0,0.8208126433776249,1.0,0.0333333333333333,5.0,0.5492053252359839,54.31743983805302,1.394,2.91,312.50600000000003,335.25,50.0,1,INDUSTRIAL,,,,,,,,,unknown
706,24.356150000000003,77.522425,4,2,1.0,0.4197417212906605,1.0,0.0333333333333333,4.0,0.7043534644392354,54.92040262211803,2.9825,7.31,316.88750000000005,343.26,45.0,1,INDUSTRIAL,,,,,,,,,unknown
707,24.343338999999997,77.488966,10,2,2.0444444444444443,0.957685662095423,0.9782608695652176,0.0681481481481481,4.891304347826087,0.5108072349723616,53.49593535967267,13.416,43.29,329.537,367.0,53.0,1,INDUSTRIAL,,,,,,,,,unknown
708,23.983882,79.81700500000001,10,2,1.0,1.125887651147915,1.0,0.0333333333333333,10.0,0.4703917441074698,65.24116821548273,8.478,18.6,340.717,367.0,53.0,1,INDUSTRIAL,,,,,0.0,0.0,0.0,0.0,unknown
709,24.30285921052632,77.46871973684212,38,3,2.0444444444444443,3.094216672817928,1.0,0.0681481481481481,18.586956521739133,0.2442469658821768,61.58864302134723,5.481578947368422,16.3,323.5118421052632,353.36,45.78947368421053,1,INDUSTRIAL,,,,,,,,,unknown
710,22.87362333333333,86.06234666666667,3,2,1.9729166666666669,0.3001795441485251,1.0,0.0657638888888888,1.5205913410770855,0.7691245447603856,50.82806647012264,1.6033333333333335,1.98,307.68666666666667,308.98,50.0,1,INDUSTRIAL,,,,,,,,,unknown
711,23.91680666666667,79.29081000000001,3,1,1.0,0.3045958020841216,1.0,0.0333333333333333,3.0,0.7665209395910036,53.66375212515341,0.96,0.96,308.3533333333333,316.38,50.0,1,INDUSTRIAL,,,,,0.0,0.0,0.0,0.0,unknown
712,24.426103333333337,74.99594333333333,3,1,1.0,0.2415455541057419,1.0,0.0333333333333333,3.0,0.8054476911403208,54.44228715613975,1.14,1.54,306.99666666666667,310.3,50.0,1,INDUSTRIAL,,,,,,,,,unknown
713,23.86499,79.22550833333334,6,2,2.0444444444444443,0.9360970488323924,0.9782608695652176,0.0681481481481481,2.9347826086956523,0.5165030340824458,48.718546994048275,11.249999999999998,25.54,326.7916666666667,367.0,51.666666666666664,1,INDUSTRIAL,,,,,0.0,0.0,0.0,0.0,unknown
714,23.77559,79.40633166666667,6,2,1.4548611111111112,1.0273161191585076,1.0,0.0484953703703703,4.124105011933174,0.4932629847658277,51.38790648440874,5.776666666666666,12.2,332.2433333333333,367.0,60.0,1,INDUSTRIAL,,,,,0.0,0.0,0.0,0.0,unknown
715,24.44471,73.779264,5,2,1.5243055555555556,0.9061230858501184,1.0,0.0508101851851851,3.2801822323462413,0.5246250923790718,49.963212058076664,4.068,5.35,331.87399999999997,354.75,46.0,1,INDUSTRIAL,,,,,,,,,unknown
716,23.84407,78.54063000000001,4,1,1.0,0.4820569037388408,1.0,0.0333333333333333,4.0,0.6747379250265373,54.32809183386408,1.88,2.07,312.64750000000004,320.76,50.0,1,INDUSTRIAL,,,,,,,,,unknown
717,23.1087525,83.3004725,4,2,1.9729166666666669,0.4427630202897663,1.0,0.0657638888888888,2.027455121436114,0.6931145211908458,50.57502544962943,1.4125,1.67,306.6975,309.9,50.0,1,INDUSTRIAL,,1.843,,6.557,0.0,4.0,0.0,32.0,forest
718,22.363805,87.017465,10,3,1.9729166666666669,0.4430174576111707,1.0,0.0657638888888888,5.068637803590285,0.6929923090850476,58.17553791289889,1.4320000000000002,2.67,309.473,317.33,50.0,1,INDUSTRIAL,,,,,,,,,unknown
719,23.865776666666665,77.80382166666666,6,1,1.0,0.3855454238907867,1.0,0.0333333333333333,6.0,0.7217374347727075,60.26808202878748,2.2483333333333335,4.08,309.91833333333335,330.2,50.0,1,INDUSTRIAL,,,,,0.0,0.0,0.0,0.0,unknown
720,22.94009,83.87187800000001,5,1,1.0,0.3426296430998249,1.0,0.0333333333333333,5.0,0.7448070323333756,58.22947398000085,1.368,1.95,308.36199999999997,312.44,50.0,1,INDUSTRIAL,,,,,,,,,unknown
721,22.57306,85.89575666666667,3,2,1.9729166666666669,0.1933750777984391,1.0,0.0657638888888888,1.5205913410770855,0.8379595138226105,52.20476585136714,3.4,5.07,307.3433333333333,320.2,50.0,1,INDUSTRIAL,,,,,,,,,unknown
722,23.176814,82.300964,5,1,1.0,0.4886321657685825,1.0,0.0333333333333333,5.0,0.6717576195081737,56.76848572349681,1.11,1.65,304.61199999999997,311.39,50.0,1,INDUSTRIAL,14.4,6.913,,5.586,1.0,4.0,0.0,47.0,population
723,23.796065,77.65342678571427,28,3,2.0444444444444443,2.413729342821272,1.0,0.0681481481481481,13.695652173913045,0.292934764175988,62.56239898722347,5.0878571428571435,12.24,320.90214285714285,355.74,49.285714285714285,1,INDUSTRIAL,,,,,0.0,0.0,0.0,0.0,unknown
724,23.726436,78.05278799999999,5,1,1.0,0.345012228132287,1.0,0.0333333333333333,5.0,0.7434876643379084,58.203086620091504,1.158,1.41,302.308,309.51,50.0,1,INDUSTRIAL,,,,,,,,,unknown
725,23.577578,79.12974,5,2,1.5243055555555556,0.7958137964073079,1.0,0.0508101851851851,3.2801822323462413,0.5568506055586568,50.60772232166837,1.4620000000000002,5.11,308.26000000000005,334.11,46.0,1,INDUSTRIAL,,,,,0.0,0.0,0.0,0.0,unknown
726,15.177063846153846,76.66386076923078,13,2,1.9743055555555555,1.4831949487965304,1.0,0.0658101851851851,6.58459373900809,0.4027070047338191,56.16087907182623,2.3669230769230767,4.0,309.14,323.75,50.0,1,INDUSTRIAL,,,,,,,,,unknown
727,15.18483,76.64025333333333,3,2,1.9743055555555555,0.3542014196430053,1.0,0.0658101851851851,1.51952163207879,0.7384425872656523,50.21291045513965,2.686666666666666,3.42,313.87666666666667,322.02,50.0,1,INDUSTRIAL,,,,,,,,,unknown
728,15.16993,76.3795875,4,2,2.0444444444444443,0.4349188078529148,0.9782608695652176,0.0681481481481481,1.956521739130435,0.6969035422264144,49.8809049830146,1.7825,2.63,306.4975,308.13,50.0,1,INDUSTRIAL,,,,,,,,,unknown
729,14.617326666666663,78.95316666666666,3,2,1.0,0.4709499583733841,1.0,0.0333333333333333,3.0,0.6798327803794405,51.929988940922144,3.286666666666666,4.22,325.3233333333333,332.18,43.333333333333336,1,INDUSTRIAL,,,,13.482,0.0,0.0,0.0,6.0,population
730,14.448306666666667,78.95147666666666,3,1,1.0,0.2851623025918898,1.0,0.0333333333333333,3.0,0.7781118369121315,53.895570071575975,2.936666666666666,3.71,318.8333333333333,328.68,50.0,1,INDUSTRIAL,,,,,0.0,0.0,0.0,0.0,unknown
731,14.334495714285714,78.95329571428572,7,2,1.0,0.4749821404093103,1.0,0.0333333333333333,7.0,0.6779743107414833,61.89281954816301,9.19285714285714,15.76,343.26714285714286,367.0,62.857142857142854,1,INDUSTRIAL,,,,,0.0,0.0,0.0,0.0,unknown
732,14.246426,79.378848,5,1,1.0,0.5990805288092673,1.0,0.0333333333333333,5.0,0.6253593749557039,55.84052083244742,2.458,4.11,317.65600000000006,332.88,50.0,1,INDUSTRIAL,,4.148,,4.008,0.0,4.0,0.0,75.0,population
733,13.829166666666666,79.45669333333333,3,2,1.0,0.45626710631059,1.0,0.0333333333333333,3.0,0.6866872125770049,52.06707758487343,20.123333333333335,29.28,333.54,343.18,50.0,1,INDUSTRIAL,,,,,,,,,unknown
734,21.181036666666667,81.38670666666667,6,3,1.9729166666666669,0.625778741635829,1.0,0.0657638888888888,3.041182682154171,0.6150898485693189,51.548850898994026,3.22,5.05,321.8666666666667,335.31,50.0,1,INDUSTRIAL,,,,,,,,,unknown
735,13.553211999999998,75.765864,5,1,1.0,0.5985882885493379,1.0,0.0333333333333333,5.0,0.6255519367700764,55.84437206873486,2.1420000000000003,2.16,311.202,321.18,50.0,1,INDUSTRIAL,,,,,,,,,unknown
736,10.312146666666663,77.38424333333334,3,1,1.0,0.2910947857089357,1.0,0.0333333333333333,3.0,0.7745364717361967,53.82406276805727,1.61,2.77,313.65000000000003,323.31,50.0,1,INDUSTRIAL,,2.046,3.248,3.103,0.0,27.0,14.0,11.0,forest
737,20.842016,82.832942,5,2,1.0,0.3772074116828786,1.0,0.0333333333333333,5.0,0.7261070420598811,57.85547417453096,3.82,5.1,320.784,339.43,46.0,1,INDUSTRIAL,,,,,,,,,unknown
738,19.955213333333333,81.27339666666667,3,2,1.0,0.3762379633269205,1.0,0.0333333333333333,3.0,0.7266185257545126,52.865703848423585,3.2100000000000004,3.74,315.6233333333333,322.53,50.0,1,INDUSTRIAL,,9.736,,7.988,0.0,4.0,0.0,9.0,population
739,18.95673,84.40020799999999,5,2,1.0,0.9773987321543592,1.0,0.0333333333333333,5.0,0.5057148989422626,53.447631312178586,3.684,5.12,322.606,334.55,42.0,1,INDUSTRIAL,,11.829,,14.431,0.0,1.0,0.0,3.0,forest
740,22.416563333333333,69.03859,3,3,1.975,0.1022734964876098,1.0,0.0658333333333333,1.5189873417721518,0.9072158617498252,53.587618922760214,1.19,1.94,307.5733333333333,313.0,50.0,1,INDUSTRIAL,,,,,,,,,unknown
741,10.44501,79.62771,3,1,1.0,0.4510242642361701,1.0,0.0333333333333333,3.0,0.6891683513827437,52.11670036098821,7.576666666666667,8.48,357.8933333333334,367.0,70.0,1,INDUSTRIAL,,,,,,,,,unknown
742,11.176347142857145,78.95975571428572,7,1,1.0,1.0628377649152665,1.0,0.0333333333333333,7.0,0.4847690967307244,58.02871526794782,6.367142857142857,10.73,339.43142857142857,352.25,41.42857142857143,1,INDUSTRIAL,10.542,14.46,9.635,9.7,1.0,1.0,4.0,17.0,farmland
743,11.053684285714285,78.89373428571427,7,2,1.0569444444444445,0.9109737378367504,1.0,0.0352314814814814,6.622864651773981,0.523293428999194,57.903817246455866,6.305714285714286,9.74,347.27000000000004,367.0,55.714285714285715,1,INDUSTRIAL,12.735,13.107,,14.088,1.0,1.0,0.0,3.0,industrial
744,11.310755,79.1151875,4,1,1.0,0.3098247981119039,1.0,0.0333333333333333,4.0,0.7634608853348077,56.10255104002949,3.1399999999999997,3.9,334.565,337.79,35.0,1,INDUSTRIAL,10.221,6.538,10.896,2.471,3.0,1.0,1.0,82.0,population
745,21.06277857142857,84.716135,14,2,1.507638888888889,1.2457685901001578,1.0,0.0502546296296296,9.286043298019344,0.4452818533522198,63.3771110528335,3.454285714285714,8.4,327.46785714285716,351.22,50.0,1,INDUSTRIAL,,,,,,,,,unknown
746,18.935186666666667,73.76761,3,1,1.0,0.1352938425144738,1.0,0.0333333333333333,3.0,0.880829229008393,55.94991791350119,5.38,7.76,332.49,335.05,50.0,1,INDUSTRIAL,,,,,,,,,unknown
747,20.2718175,80.06051000000001,4,1,1.0,0.4549764645592658,1.0,0.0333333333333333,4.0,0.6872963407713368,54.57926014876007,7.175,7.52,346.07000000000005,348.96,50.0,1,INDUSTRIAL,,,,,,,,,unknown
748,20.14022142857143,79.15258857142858,7,1,1.0,0.8050080018139565,1.0,0.0333333333333333,7.0,0.5540141644774108,59.41361662288155,6.251428571428571,10.36,338.95571428571424,345.22,47.142857142857146,1,INDUSTRIAL,,,,,,,,,unknown
749,21.151216666666667,84.72549666666666,3,1,1.0,0.3990454796644913,1.0,0.0333333333333333,3.0,0.7147730467202629,52.628794267738584,6.203333333333334,9.73,343.4766666666667,349.86,36.666666666666664,1,INDUSTRIAL,,,,,,,,,unknown
750,21.189668750000003,84.55954249999999,8,2,1.507638888888889,0.8274172735646667,1.0,0.0502546296296296,5.3063104560110546,0.5472203937578755,55.46654975592589,4.561249999999999,7.05,327.61875,347.16,47.5,1,INDUSTRIAL,,,,,,,,,unknown
751,21.428870000000003,85.5138575,4,1,1.0,0.4163846817438511,1.0,0.0333333333333333,4.0,0.7060228855121486,54.9537910435763,43.522499999999994,71.55,349.98749999999995,367.0,57.5,1,INDUSTRIAL,,,,,,,,,unknown
752,25.328405,93.80433999999998,4,1,1.0,0.3381770543487856,1.0,0.0333333333333333,4.0,0.7472852689785828,55.77903871290499,21.305,29.64,344.1875,353.94,50.0,1,INDUSTRIAL,,,,,,,,,unknown
753,21.96952333333333,73.25693,3,1,1.0,0.2273686148600357,1.0,0.0333333333333333,3.0,0.8147511577962551,54.62835648925844,7.663333333333334,8.83,341.65333333333336,350.33,50.0,1,INDUSTRIAL,,,,,,,,,unknown
754,23.935603333333333,82.65202333333333,3,1,1.0,0.3153590026169793,1.0,0.0333333333333333,3.0,0.7602487214596508,53.53830776252635,32.919999999999995,45.12,341.9166666666667,347.71,43.333333333333336,1,INDUSTRIAL,,,,9.203,0.0,0.0,0.0,1.0,population
755,25.33387666666667,92.64225,3,1,1.0,0.309365970986037,1.0,0.0333333333333333,3.0,0.763728416774827,53.60790166882987,10.113333333333332,14.28,336.40333333333336,339.88,50.0,1,INDUSTRIAL,,,,,,,,,unknown
756,24.11332,83.48468333333334,3,1,1.0,0.2966818299045125,1.0,0.0333333333333333,3.0,0.7711992078069297,53.75731748947194,9.41,9.7,347.49333333333334,353.51,30.0,1,INDUSTRIAL,,,,,,,,,unknown
757,22.276063333333337,73.93527333333333,3,1,1.0,0.5031970799909423,1.0,0.0333333333333333,3.0,0.6652487643243862,51.63830861982106,12.906666666666666,17.94,346.14000000000004,351.57,50.0,1,INDUSTRIAL,,,,,,,,,unknown
758,25.471814,93.44071,5,1,1.0,0.8707115360522826,1.0,0.0333333333333333,5.0,0.5345559594453968,54.02445252224128,10.502,14.23,336.248,345.27,50.0,1,INDUSTRIAL,,,,,0.0,0.0,0.0,0.0,unknown
759,25.422516666666667,92.86488333333334,3,2,1.0,0.2743011103943341,1.0,0.0333333333333333,3.0,0.7847438818369614,54.02821097007256,6.233333333333333,11.3,335.3933333333333,338.93,50.0,1,INDUSTRIAL,,,,,,,,,unknown
760,23.944238,81.79975800000001,5,3,1.975,1.1797871816766865,1.0,0.0658333333333333,2.531645569620253,0.4587603819336174,47.15015489605632,19.204,58.73,346.064,352.72,46.0,1,INDUSTRIAL,,,,,,,,,unknown
761,25.54191666666667,93.59223666666666,3,1,1.0,0.4339795085250604,1.0,0.0333333333333333,3.0,0.6973600348226482,52.280534029786295,32.27,32.27,345.42,349.83,50.0,1,INDUSTRIAL,,,,,,,,,unknown
762,23.161905,77.61891833333334,6,2,1.0576388888888888,0.4879620229628594,1.0,0.0352546296296296,5.673013788575181,0.6720601632081847,58.50510347634239,7.989999999999999,19.56,336.21333333333337,367.0,56.666666666666664,1,INDUSTRIAL,,4.552,,3.59,0.0,8.0,0.0,25.0,population
763,25.528212545454547,92.980336,55,2,1.0,4.4511499417605505,1.0,0.0333333333333333,55.0,0.1834475313803295,59.50228396093993,53.869090909090914,157.24,341.95763636363654,367.0,49.81818181818182,1,INDUSTRIAL,,,,,,,,,unknown
764,25.541275,93.1126225,4,1,1.0,0.3841490868676984,1.0,0.0333333333333333,4.0,0.7224655273681392,55.282643880696114,17.697499999999998,23.09,347.55,351.54,50.0,1,INDUSTRIAL,,10.854,,,0.0,1.0,0.0,0.0,forest
765,23.02532,76.779572,5,2,1.0,0.9655370893740064,1.0,0.0333333333333333,5.0,0.5087667922453117,53.50866917823958,5.14,8.87,326.684,351.89,42.0,1,INDUSTRIAL,,,,,,,,,unknown
766,23.209163333333333,77.60772666666666,3,2,1.0,0.7321197410329956,1.0,0.0333333333333333,3.0,0.5773272922827053,49.87987917898744,21.376666666666665,54.38,335.13333333333327,367.0,60.0,1,INDUSTRIAL,,4.096,,2.359,0.0,10.0,0.0,30.0,population
767,23.20497333333333,77.57980166666667,6,1,1.0,1.0243747064571558,1.0,0.0333333333333333,6.0,0.4939796949696596,55.71292723272653,21.77333333333333,27.34,347.52500000000003,354.23,50.0,1,INDUSTRIAL,,2.022,,4.248,0.0,6.0,0.0,25.0,forest
768,25.558743333333336,93.10998,3,2,1.0,0.4660508721622726,1.0,0.0333333333333333,3.0,0.682104570167544,51.97542473668422,27.916666666666668,35.81,337.06666666666666,341.85,50.0,1,INDUSTRIAL,,10.542,,,0.0,1.0,0.0,0.0,forest
769,25.552901666666667,92.922265,6,2,1.0,0.8192842988378504,1.0,0.0333333333333333,6.0,0.5496667017017598,56.826667367368536,48.876666666666665,110.77,338.04833333333335,343.43,46.666666666666664,1,INDUSTRIAL,,,,,,,,,unknown
770,25.554371538461535,92.86422923076924,13,2,1.0,1.3434914234261708,1.0,0.0333333333333333,13.0,0.4267137442892817,64.36760821911898,20.07,63.68,344.2576923076923,355.17,50.0,1,INDUSTRIAL,,,,,,,,,unknown
771,25.583468684210526,93.17897473684212,38,2,1.0,3.390412150066238,1.0,0.0333333333333333,38.0,0.2277690489684238,60.38871431270181,86.0721052631579,358.89,339.4342105263158,367.0,47.89473684210526,1,INDUSTRIAL,,3.458,,,0.0,4.0,0.0,0.0,forest
772,25.57299,92.93176,8,2,1.0,0.9325925036790678,1.0,0.0333333333333333,8.0,0.517439655848972,61.182126450312765,17.00125,43.92,341.12749999999994,355.27,45.0,1,INDUSTRIAL,,,,,,,,,unknown
773,25.564943999999997,92.83279,5,1,1.0,0.6425751290479985,1.0,0.0333333333333333,5.0,0.6088001591620218,55.50933651657377,93.006,160.23,341.07399999999996,345.24,50.0,1,INDUSTRIAL,,,,,,,,,unknown
774,25.659953333333338,93.57836333333334,3,2,1.0,0.2659249239899477,1.0,0.0333333333333333,3.0,0.7899362600810447,54.13205853495423,7.883333333333334,8.18,343.56,345.87,50.0,1,INDUSTRIAL,,,,,,,,,unknown
775,23.967830000000003,80.85522666666667,3,1,1.0,0.3733076105852654,1.0,0.0333333333333333,3.0,0.7281689785246496,52.89671290382633,13.076666666666668,17.57,347.1333333333334,353.87,50.0,1,INDUSTRIAL,,,,,,,,,unknown
776,23.424909999999997,77.61335666666668,3,1,1.0,0.4080738086213274,1.0,0.0333333333333333,3.0,0.710190043928961,52.53713421191255,6.483333333333334,7.01,339.95,343.33,43.333333333333336,1,INDUSTRIAL,,8.034,,11.379,0.0,4.0,0.0,7.0,forest
777,22.810879999999997,74.58796000000001,3,1,1.0,0.3485601559139027,1.0,0.0333333333333333,3.0,0.7415316221635752,53.16396577660484,2.813333333333333,5.25,341.00666666666666,348.62,36.666666666666664,1,INDUSTRIAL,,,,,,,,,unknown
778,23.7898125,79.2728275,4,1,1.0,0.2587011013747362,1.0,0.0333333333333333,4.0,0.7944697902526768,56.722729138386875,24.465000000000003,28.97,345.28249999999997,349.32,50.0,1,INDUSTRIAL,,,,,0.0,0.0,0.0,0.0,unknown
779,23.513350000000003,77.86192333333334,3,1,1.0,0.4691091152727811,1.0,0.0333333333333333,3.0,0.6806846337035504,51.94702600740434,4.696666666666667,7.29,327.92333333333335,337.66,43.333333333333336,1,INDUSTRIAL,,,,,0.0,0.0,0.0,0.0,unknown
780,23.421995,77.375438,10,2,1.0576388888888888,0.974335864100662,1.0,0.0352546296296296,9.455022980958637,0.5064994351685518,64.64891189650837,6.453,10.83,332.992,367.0,53.0,1,INDUSTRIAL,,,,,,,,,unknown
781,24.832015,84.76729,4,1,1.0,0.7460971969083062,1.0,0.0333333333333333,4.0,0.5727058045626732,52.2874494245868,7.5075,11.07,346.4525,349.19,45.0,1,INDUSTRIAL,,,,,,,,,unknown
782,23.279263333333333,76.25737666666667,3,1,1.0,0.1875551199634625,1.0,0.0333333333333333,3.0,0.8420661771310177,55.17465687595369,15.466666666666669,19.6,362.31666666666666,367.0,70.0,1,INDUSTRIAL,,,,,,,,,unknown
783,23.900336666666664,79.24996333333334,3,1,1.0,0.2438845432118478,1.0,0.0333333333333333,3.0,0.8039331346765424,54.41199602686419,5.349999999999999,8.95,338.7966666666667,343.13,43.333333333333336,1,INDUSTRIAL,,,,,0.0,0.0,0.0,0.0,unknown
784,25.041496666666664,85.90245666666665,3,1,1.0,0.2879414570020431,1.0,0.0333333333333333,3.0,0.7764328064473615,53.86198946228057,6.55,6.55,345.75333333333333,350.28,36.666666666666664,1,INDUSTRIAL,,,,,,,,,unknown
785,24.716504285714283,83.80679857142856,7,2,1.0,1.003455452067871,1.0,0.0333333333333333,7.0,0.4991376269274407,58.31608587188215,9.612857142857145,13.56,349.46714285714285,367.0,48.57142857142857,1,INDUSTRIAL,,,,,,,,,unknown
786,24.47364333333333,82.01107666666667,3,2,1.0,0.4028498227649656,1.0,0.0333333333333333,3.0,0.7128346767931556,52.59002686919645,10.47,21.32,342.7166666666667,367.0,60.0,1,INDUSTRIAL,,,,,0.0,0.0,0.0,0.0,unknown
787,25.01492,85.31967666666667,3,1,1.0,0.4503294988988034,1.0,0.0333333333333333,3.0,0.6894984903494504,52.12330314032234,8.403333333333334,9.65,345.94,349.8,36.666666666666664,1,INDUSTRIAL,,,,,,,,,unknown
788,23.688235405405404,77.73831216216217,37,2,1.5777777777777775,2.9173747071216103,1.0,0.0525925925925925,23.450704225352112,0.2552730016309252,61.42027484743332,22.287027027027023,86.52,338.5091891891892,367.0,55.13513513513514,1,INDUSTRIAL,,,,,0.0,0.0,0.0,0.0,unknown
789,23.46852,76.57275333333332,3,1,1.0,0.2965777841406291,1.0,0.0333333333333333,3.0,0.7712610938053356,53.758555209440054,25.613333333333333,26.66,346.82,350.95,43.333333333333336,1,INDUSTRIAL,,,,,,,,,unknown
790,23.70659,77.67961199999999,5,1,1.0,0.7493484768341071,1.0,0.0333333333333333,5.0,0.5716413929200403,54.76616119173414,8.092,14.5,328.92199999999997,352.97,50.0,1,INDUSTRIAL,,,,,0.0,0.0,0.0,0.0,unknown
791,24.8970375,84.258625,4,1,1.0,0.5205292547240632,1.0,0.0333333333333333,4.0,0.6576657416443291,53.98664816621992,2.5575,4.42,318.855,342.07,45.0,1,INDUSTRIAL,,,,,,,,,unknown
792,23.746566666666663,77.70771333333333,3,1,1.0,0.3896042597844951,1.0,0.0333333333333333,3.0,0.7196293426411082,52.72592018615549,10.986666666666666,13.41,343.78,344.83,50.0,1,INDUSTRIAL,,,,,0.0,0.0,0.0,0.0,unknown
793,23.731835,77.63813375,8,1,1.0,1.0746356567004542,1.0,0.0333333333333333,8.0,0.4820123460089478,60.47358025351228,39.65375,104.32,340.0425,367.0,53.75,1,INDUSTRIAL,,,,,0.0,0.0,0.0,0.0,unknown
794,23.736981,77.602517,10,1,1.0,1.4367590013624258,1.0,0.0333333333333333,10.0,0.4103811659014642,64.04095665136262,13.549,28.95,341.05800000000005,367.0,54.0,1,INDUSTRIAL,,,,,0.0,0.0,0.0,0.0,unknown
795,23.751391666666667,77.63974,6,2,1.0576388888888888,1.143526550565662,1.0,0.0352546296296296,5.673013788575181,0.4665209300701719,54.39431881358213,21.540000000000003,49.41,343.35833333333335,367.0,55.0,1,INDUSTRIAL,,,,,0.0,0.0,0.0,0.0,unknown
796,23.771058,77.638788,5,1,1.0,0.6488087642990487,1.0,0.0333333333333333,5.0,0.6064984743243561,55.463302819820456,33.748000000000005,62.8,343.188,349.82,46.0,1,INDUSTRIAL,,,,,0.0,0.0,0.0,0.0,unknown
797,23.796965333333336,77.69948133333332,15,2,1.0576388888888888,1.705822739447899,1.0,0.0352546296296296,14.182534471437952,0.3695733594891888,63.272832930524515,23.92933333333333,110.01,348.26933333333335,367.0,60.666666666666664,1,INDUSTRIAL,,,,,0.0,0.0,0.0,0.0,unknown
798,24.73666,82.54539333333334,3,1,1.0,0.4271471419434732,1.0,0.0333333333333333,3.0,0.7006985969493034,52.3473052723194,4.3999999999999995,4.69,342.3433333333333,346.03,43.333333333333336,1,INDUSTRIAL,,,,,,,,,unknown
799,25.0002625,83.70918750000001,4,1,1.0,0.9531900460265212,1.0,0.0333333333333333,4.0,0.5119829491422779,51.07299231617889,46.275,79.82,358.8775,367.0,42.5,1,INDUSTRIAL,,,,,,,,,unknown
800,13.560616666666668,79.65426166666666,6,2,1.05625,0.6317269908392579,1.0,0.0352083333333333,5.680473372781066,0.6128476182683372,57.33834413065274,7.3183333333333325,11.59,334.295,348.28,50.0,1,INDUSTRIAL,,,,,,,,,unknown
801,23.944285625,77.77858125,16,2,1.5777777777777775,1.6880422179970584,1.0,0.0525925925925925,10.140845070422536,0.3720179665723889,63.7551741462626,14.4925,35.37,340.453125,367.0,51.25,1,INDUSTRIAL,,,,,0.0,0.0,0.0,0.0,unknown
802,25.04453333333333,83.84105333333333,6,2,1.0,1.0279435704397788,1.0,0.0333333333333333,6.0,0.4931103678506895,55.69554069034712,8.385,12.38,345.74333333333334,367.0,45.0,1,INDUSTRIAL,,,,,,,,,unknown
803,25.344635,85.63161,4,2,1.50625,0.6805388490568178,1.0,0.0502083333333333,2.6556016597510372,0.5950472377126169,49.79515723696327,5.31,8.95,331.695,345.03,50.0,1,INDUSTRIAL,,,,,,,,,unknown
804,25.095423333333333,83.84678333333333,3,1,1.0,0.466257550803325,1.0,0.0333333333333333,3.0,0.6820084230441819,51.97350179421697,12.503333333333336,13.69,357.57,367.0,53.333333333333336,1,INDUSTRIAL,,,,,,,,,unknown
805,23.6178,75.81468,3,1,1.0,0.3475917571714,1.0,0.0333333333333333,3.0,0.7420644974105538,53.174623281544406,12.486666666666666,13.63,357.93333333333334,367.0,60.0,1,INDUSTRIAL,,,,,,,,,unknown
806,23.59071666666667,75.68777333333334,3,1,1.0,0.2442973035891555,1.0,0.0333333333333333,3.0,0.8036664526359706,54.40666238605275,6.633333333333333,7.78,352.23,367.0,60.0,1,INDUSTRIAL,,,,,,,,,unknown
807,13.6840625,78.35225750000001,4,1,1.0,0.3561568157628622,1.0,0.0333333333333333,4.0,0.7373778521604688,55.58089037654271,15.47,21.22,354.48,367.0,65.0,1,INDUSTRIAL,,,,,,,,,unknown
808,13.761403333333334,78.28793,3,1,1.0,0.1945315074553922,1.0,0.0333333333333333,3.0,0.8371482826185256,55.07629898570385,13.269999999999998,18.43,357.35999999999996,367.0,60.0,1,INDUSTRIAL,,,,,,,,,unknown
809,13.68935142857143,77.90978285714286,7,1,1.0,0.4955051666522806,1.0,0.0333333333333333,7.0,0.6686703745989195,61.706740825311726,6.117142857142857,8.71,345.19428571428574,367.0,48.57142857142857,1,INDUSTRIAL,,,,,,,,,unknown
810,25.128026,83.59487999999999,5,1,1.0,0.5623962707409728,1.0,0.0333333333333333,5.0,0.640042490325291,56.13418313983915,24.77,37.85,357.566,367.0,30.0,1,INDUSTRIAL,,,,,,,,,unknown
811,25.212656666666664,84.11821333333332,3,1,1.0,0.2869734972518581,1.0,0.0333333333333333,3.0,0.7770167778399107,53.873668890131555,18.823333333333338,29.71,353.2633333333333,355.54,43.333333333333336,1,INDUSTRIAL,,,,,,,,,unknown
812,25.148710000000005,83.45194333333333,3,1,1.0,0.4610766769566,1.0,0.0333333333333333,3.0,0.684426776343446,52.02186886020226,11.53,14.05,355.77,367.0,30.0,1,INDUSTRIAL,,,,,,,,,unknown
813,25.19507333333333,83.72682666666667,3,2,1.50625,0.6340237874058302,1.0,0.0502083333333333,1.9917012448132776,0.611986194881285,48.47418534299223,7.236666666666667,12.47,337.0233333333333,354.49,50.0,1,INDUSTRIAL,,,,,,,,,unknown
814,23.631663333333332,75.38497,3,1,1.0,0.4229947328564221,1.0,0.0333333333333333,3.0,0.7027432898452607,52.388199130238554,5.163333333333333,7.28,342.8233333333333,347.38,36.666666666666664,1,INDUSTRIAL,,,,,,,,,unknown
815,24.618196,80.194228,5,1,1.0,0.781086349411613,1.0,0.0333333333333333,5.0,0.5614550919052032,54.56243517143739,33.852000000000004,35.6,350.268,352.9,42.0,1,INDUSTRIAL,,,,,,,,,unknown
816,25.175203333333332,83.21391333333332,3,1,1.0,0.2973469148760292,1.0,0.0333333333333333,3.0,0.7708038524881042,53.74941038309542,25.13,45.89,358.19666666666666,367.0,30.0,1,INDUSTRIAL,,,,,,,,,unknown
817,25.338320000000003,83.52922600000001,5,1,1.0,0.5768951499357936,1.0,0.0333333333333333,5.0,0.6341575722651674,56.01648477863669,2.738,5.46,323.212,350.03,42.0,1,INDUSTRIAL,,,,,,,,,unknown
818,24.13361571428571,77.02863428571429,7,1,1.0,0.9003635249816175,1.0,0.0333333333333333,7.0,0.5262151092958244,58.85763551924982,15.531428571428568,26.81,341.1814285714285,367.0,58.57142857142857,1,INDUSTRIAL,,,,,,,,,unknown
819,24.2843875,77.68027,4,1,1.0,0.3643315640965487,1.0,0.0333333333333333,4.0,0.7329596604782748,55.49252654289882,13.82,13.82,355.3225,367.0,65.0,1,INDUSTRIAL,,,,,,,,,unknown
820,23.886337500000003,75.70950500000001,4,1,1.0,0.5265205691071126,1.0,0.0333333333333333,4.0,0.6550845237446861,53.93502380822706,13.035,17.43,351.8625,367.0,52.5,1,INDUSTRIAL,,,,,,,,,unknown
821,23.919075000000003,75.62777,6,2,1.0576388888888888,0.5377612105099304,1.0,0.0352546296296296,5.673013788575181,0.6502960233132647,58.06982067844398,8.068333333333333,14.45,348.76500000000004,367.0,65.0,1,INDUSTRIAL,,,,,,,,,unknown
822,23.91463,75.4020425,4,1,1.0,0.3491532594044742,1.0,0.0333333333333333,4.0,0.7412056362235726,55.65744605780478,10.765,11.03,361.9725,367.0,72.5,1,INDUSTRIAL,,,,,,,,,unknown
823,23.571126666666668,73.63518333333333,6,1,1.0,0.4501991581592309,1.0,0.0333333333333333,6.0,0.6895604609709756,59.62454255275284,11.125,26.61,348.94166666666666,367.0,56.666666666666664,1,INDUSTRIAL,,,,,,,,,unknown
824,24.531890000000004,77.422135,4,3,1.9729166666666669,1.1815480973289394,1.0,0.0657638888888888,2.027455121436114,0.4583900768561498,45.88053656293551,8.7725,16.41,330.485,367.0,57.5,1,INDUSTRIAL,,,,,,,,,unknown
825,14.244241666666666,78.91885333333335,6,1,1.0,0.7753345255398354,1.0,0.0333333333333333,6.0,0.5632741241800188,57.098815816933715,3.233333333333334,3.35,337.6433333333334,341.68,43.333333333333336,1,INDUSTRIAL,,,,9.242,0.0,0.0,0.0,36.0,population
826,24.813066666666668,77.39391666666667,3,1,1.0,0.3882699762529132,1.0,0.0333333333333333,3.0,0.7203209873479401,52.73975308029214,7.39,7.39,347.34666666666664,349.48,50.0,1,INDUSTRIAL,,,,,,,,,unknown
827,24.717495294117644,76.79811823529411,17,2,1.5777777777777775,1.5478310084070652,1.0,0.0525925925925925,10.774647887323944,0.3924907094310043,64.1646290034349,5.34,22.69,321.10588235294114,349.62,44.11764705882353,1,INDUSTRIAL,,,,,,,,,unknown
828,24.276616666666666,74.68911000000001,3,1,1.0,0.2539824304942017,1.0,0.0333333333333333,3.0,0.7974593388887388,54.28252011110811,3.65,3.89,340.0133333333333,343.18,36.666666666666664,1,INDUSTRIAL,,,,,,,,,unknown
829,25.021768,77.906024,5,1,1.0,0.837888339715594,1.0,0.0333333333333333,5.0,0.544102695681037,54.21538724695407,11.44,19.72,336.684,367.0,56.0,1,INDUSTRIAL,,,,,,,,,unknown
830,24.83189333333333,76.98724,3,1,1.0,0.6547940895653501,1.0,0.0333333333333333,3.0,0.6043047931496184,50.4194291963257,39.38666666666667,68.87,351.6833333333334,367.0,30.0,1,INDUSTRIAL,,,,,,,,,unknown
831,24.349552,74.577956,5,1,1.0,0.4681988248040159,1.0,0.0333333333333333,5.0,0.6811066615132907,56.95546656359915,15.428,21.09,346.686,350.68,50.0,1,INDUSTRIAL,,,,,,,,,unknown
832,14.414697142857149,78.90665285714286,7,3,2.4972222222222222,1.6996364496266207,1.0,0.0832407407407407,2.803114571746385,0.3704202468218664,46.49720988432181,3.532857142857143,7.96,328.53285714285715,338.76,38.57142857142857,1,INDUSTRIAL,,,,,0.0,0.0,0.0,0.0,unknown
833,24.7272475,76.26401999999999,4,1,1.0,0.6139636368996363,1.0,0.0333333333333333,4.0,0.6195926457927904,53.225186249189136,42.74,87.93,335.4575,367.0,52.5,1,INDUSTRIAL,,,,,,,,,unknown
834,25.361964,78.9369,5,1,1.0,0.6530287484117097,1.0,0.0333333333333333,5.0,0.6049501564693515,55.432336462720365,10.604,15.57,350.81800000000004,367.0,52.0,1,INDUSTRIAL,,,,,,,,,unknown
835,24.9044375,76.579555,4,2,1.0576388888888888,0.7876805107119043,1.0,0.0352546296296296,3.782009192383454,0.55938407003261,51.52407012235158,13.21,33.22,342.59000000000003,352.57,35.0,1,INDUSTRIAL,,,,,,,,,unknown
836,24.921625999999996,76.573432,5,2,1.0,0.5328751252068649,1.0,0.0333333333333333,5.0,0.6523688613350339,56.38071056003402,7.436,17.91,328.722,354.77,46.0,1,INDUSTRIAL,,,,,,,,,unknown
837,25.192649999999997,77.86277666666666,3,2,1.0,0.2937376247999315,1.0,0.0333333333333333,3.0,0.7729542534983813,53.79241840330096,7.510000000000001,8.4,346.3833333333334,348.63,43.333333333333336,1,INDUSTRIAL,,,,,,,,,unknown
838,25.15759125,77.653475,8,1,1.0,1.3133628398552986,1.0,0.0333333333333333,8.0,0.4322711434504369,59.47875620234206,14.03375,20.69,346.145,367.0,48.75,1,INDUSTRIAL,,,,,,,,,unknown
839,24.906408947368423,76.36797,19,2,1.0576388888888888,1.5304842361518425,1.0,0.0352546296296296,17.964543663821406,0.395181280212486,63.78499134499046,6.24,21.21,328.1705263157895,367.0,48.421052631578945,1,INDUSTRIAL,,,,,,,,,unknown
840,25.05975666666667,76.90854333333333,3,1,1.0,0.3146522024608135,1.0,0.0333333333333333,3.0,0.7606574561151336,53.546482455636,24.886666666666667,32.91,350.2266666666667,353.21,43.333333333333336,1,INDUSTRIAL,,,,,,,,,unknown
841,26.361652000000003,83.74911,5,1,1.0,0.4904918023841796,1.0,0.0333333333333333,5.0,0.6709194900638886,56.75172313461111,17.387999999999998,24.8,348.64,367.0,34.0,1,INDUSTRIAL,,,,,,,,,unknown
842,25.034840000000003,76.70354333333334,3,2,1.0576388888888888,0.7165822033905477,1.0,0.0352546296296296,2.8365068942875906,0.5825529345607955,49.62369166767563,12.116666666666667,16.69,343.33,348.97,30.0,1,INDUSTRIAL,,,,,,,,,unknown
843,14.617087142857144,79.20002857142858,7,1,1.0,1.089383821116544,1.0,0.0333333333333333,7.0,0.4786100044871654,57.90553342307665,31.541428571428572,67.58,344.09285714285716,355.06,47.142857142857146,1,INDUSTRIAL,,,,6.045,0.0,0.0,0.0,32.0,population
844,14.584566666666667,78.41247,3,2,1.0,0.2631811279495987,1.0,0.0333333333333333,3.0,0.7916521058410716,54.16637545015477,8.360000000000001,12.3,341.8533333333334,355.61,36.666666666666664,1,INDUSTRIAL,,,,,,,,,unknown
845,25.080494285714284,76.66358857142856,7,1,1.0,0.7663207764895611,1.0,0.0333333333333333,7.0,0.5661485803204048,59.65630493974143,5.079999999999999,15.61,319.1042857142857,351.49,47.142857142857146,1,INDUSTRIAL,,,,,,,,,unknown
846,24.587265,74.42901166666667,6,2,1.0576388888888888,0.9710596399552508,1.0,0.0352546296296296,5.673013788575181,0.5073413202366129,55.210726616910954,15.435,20.13,353.10833333333335,367.0,60.0,1,INDUSTRIAL,,,,,,,,,unknown
847,25.170374,77.00682800000001,5,1,1.0,0.6876470961035028,1.0,0.0333333333333333,5.0,0.5925409419474215,55.18415217228176,2.218,6.5,315.162,345.25,46.0,1,INDUSTRIAL,,,,,,,,,unknown
848,25.628658461538464,79.2192023076923,13,1,1.0,1.2638440242162898,1.0,0.0333333333333333,13.0,0.4417265453374975,64.66786424008329,8.116923076923076,15.39,335.94076923076926,355.67,48.46153846153846,1,INDUSTRIAL,,,,,,,,,unknown
849,25.581548,79.00261,5,1,1.0,0.572910814648396,1.0,0.0333333333333333,5.0,0.6357639547564158,56.04861242846165,8.976,18.57,343.04599999999994,367.0,56.0,1,INDUSTRIAL,,,,,,,,,unknown
850,25.05373,76.374845,4,2,1.0,0.8552797945122093,1.0,0.0333333333333333,4.0,0.5390022588279847,51.613378509893025,17.0925,36.65,344.5,367.0,47.5,1,INDUSTRIAL,,,,,,,,,unknown
851,25.04667,76.36236666666667,3,1,1.0,0.5452921318436561,1.0,0.0333333333333333,3.0,0.6471268308387235,51.2758699501078,9.733333333333333,25.46,320.84666666666664,346.82,43.333333333333336,1,INDUSTRIAL,,,,,,,,,unknown
852,26.41842,83.460005,4,2,1.0,0.6216613289556558,1.0,0.0333333333333333,4.0,0.6166515672196465,53.166364677726264,8.5425,13.18,334.87,346.24,40.0,1,INDUSTRIAL,,,,,,,,,unknown
853,25.163736666666665,76.47714,3,1,1.0,0.4008655376991791,1.0,0.0333333333333333,3.0,0.7138443862659567,52.61022105865247,8.64,21.96,324.68333333333334,347.18,43.333333333333336,1,INDUSTRIAL,,,,,,,,,unknown
854,25.618412857142857,78.62911357142856,14,1,1.0,1.5725910785753785,1.0,0.0333333333333333,14.0,0.3887131570687749,63.60759647470884,29.712142857142855,117.58,352.05285714285714,367.0,45.0,1,INDUSTRIAL,,,,,,,,,unknown
855,26.5211275,83.59864999999999,4,1,1.0,0.476418762520662,1.0,0.0333333333333333,4.0,0.6773146111288364,54.37962555591006,8.425,14.13,345.58750000000003,350.75,40.0,1,INDUSTRIAL,,,,,,,,,unknown
856,26.50147571428571,83.18638142857142,7,2,1.0,0.7185162467553288,1.0,0.0333333333333333,7.0,0.5818973209523421,59.97127975238018,16.414285714285715,39.22,349.5657142857143,367.0,42.857142857142854,1,INDUSTRIAL,,,,,,,,,unknown
857,25.217302,76.2819,5,3,2.0444444444444443,1.0598893112380825,1.0,0.0681481481481481,2.4456521739130435,0.4854629782990411,47.527093704467134,17.948,43.42,326.51000000000005,367.0,42.0,1,INDUSTRIAL,,,,,,,,,unknown
858,25.617315,78.11875500000001,4,2,1.0,0.6939202371443887,1.0,0.0333333333333333,4.0,0.5903465689068101,52.64026471146954,19.255000000000003,22.44,350.365,355.63,45.0,1,INDUSTRIAL,,,,,,,,,unknown
859,25.7548175,78.702645,4,1,1.0,0.6228417542016204,1.0,0.0333333333333333,4.0,0.6162030262106264,53.15739385754586,11.769999999999998,41.16,322.27750000000003,354.59,50.0,1,INDUSTRIAL,,,,,,,,,unknown
860,26.551167999999997,83.12893,5,2,1.50625,0.941332262612901,1.0,0.0502083333333333,3.3195020746887964,0.5151101742130778,49.85616700431688,9.84,17.59,339.79200000000003,353.6,34.0,1,INDUSTRIAL,,,,,,,,,unknown
861,15.096089999999998,78.22149333333333,3,1,1.0,0.5327440842387687,1.0,0.0333333333333333,3.0,0.6524246351905811,51.38182603714496,5.050000000000001,5.69,335.71666666666664,339.57,36.666666666666664,1,INDUSTRIAL,,,,,,,,,unknown
862,25.3809475,76.467795,4,1,1.0,0.6546348867077032,1.0,0.0333333333333333,4.0,0.6043629371249039,52.92059207583141,9.2275,16.93,330.235,350.7,40.0,1,INDUSTRIAL,,,,,,,,,unknown
863,25.50462,76.5724825,4,1,1.0,0.3931461967767137,1.0,0.0333333333333333,4.0,0.7177997559148308,55.18932845162995,43.71,70.95,354.75,367.0,45.0,1,INDUSTRIAL,,,,,,,,,unknown
864,25.811104,78.019462,5,1,1.0,0.9212672476828278,1.0,0.0333333333333333,5.0,0.5204897971409571,53.74312927615248,12.082,17.73,344.6739999999999,367.0,52.0,1,INDUSTRIAL,,,,,,,,,unknown
865,25.34765125,75.73679999999999,8,1,1.0,0.8143476211478564,1.0,0.0333333333333333,8.0,0.5511622956615915,61.85657924656516,12.7975,28.57,351.87625,367.0,61.25,1,INDUSTRIAL,,,,,,,,,unknown
866,25.33452,75.72348,3,1,1.0,0.536207446478001,1.0,0.0333333333333333,3.0,0.6509537512610413,51.35240835855416,4.829999999999999,11.36,328.08,367.0,60.0,1,INDUSTRIAL,,,,,,,,,unknown
867,15.437987499999998,78.748115,4,1,1.0,1.127740123537866,1.0,0.0333333333333333,4.0,0.4699822073840794,50.23297748101492,4.364999999999999,7.06,340.23749999999995,348.36,45.0,1,INDUSTRIAL,,,,,0.0,0.0,0.0,0.0,unknown
868,15.46253,78.72772666666667,3,1,1.0,0.7972024565226281,1.0,0.0333333333333333,3.0,0.5564203389388196,49.46174011210973,3.49,4.42,331.6066666666667,333.78,36.666666666666664,1,INDUSTRIAL,,,,,0.0,0.0,0.0,0.0,unknown
869,24.961093333333334,73.97818666666666,3,1,1.0,0.3697450004386367,1.0,0.0333333333333333,3.0,0.7300628946846075,52.934591227025486,3.806666666666666,6.43,352.27333333333337,367.0,60.0,1,INDUSTRIAL,,,,,,,,,unknown
870,25.507583333333333,76.43516333333334,3,1,1.0,0.4431890885716201,1.0,0.0333333333333333,3.0,0.6929098951196607,52.19153123572655,13.506666666666668,21.12,335.99333333333334,351.73,50.0,1,INDUSTRIAL,,,,,,,,,unknown
871,25.472186363636364,76.2325690909091,11,1,1.0,1.4530828487435703,1.0,0.0333333333333333,11.0,0.4076503166259484,63.9863396658523,14.842727272727272,25.09,345.96181818181816,367.0,47.27272727272727,1,INDUSTRIAL,,,,,,,,,unknown
872,26.7870075,83.2398775,4,1,1.0,0.5944130924536548,1.0,0.0333333333333333,4.0,0.6271900329550683,53.3771339924347,15.485,20.64,352.4725,354.75,30.0,1,INDUSTRIAL,,,,,,,,,unknown
873,25.357255,75.651465,4,1,1.0,0.398581886255192,1.0,0.0333333333333333,4.0,0.7150099753383587,55.13353284010051,10.8175,10.97,362.1,367.0,67.5,1,INDUSTRIAL,,,,,,,,,unknown
874,25.86873,77.97958333333332,3,1,1.0,0.4623617192042185,1.0,0.0333333333333333,3.0,0.6838253401109102,52.00984013555154,22.263333333333332,28.31,350.33,354.14,43.333333333333336,1,INDUSTRIAL,,,,,,,,,unknown
875,15.650647499999998,78.47933,8,1,1.0,0.970491909896083,1.0,0.0333333333333333,8.0,0.5074874933400445,60.983083200134224,5.42,8.98,340.68,355.02,42.5,1,INDUSTRIAL,,,,,,,,,unknown
876,15.67636,78.46248666666666,3,1,1.0,0.6861328007201617,1.0,0.0333333333333333,3.0,0.5930730957685488,50.19479524870432,7.083333333333333,9.36,346.68666666666667,349.23,50.0,1,INDUSTRIAL,,,,,,,,,unknown
877,15.743245,78.754475,4,2,1.0,0.6950446301857169,1.0,0.0333333333333333,4.0,0.5899549676697512,52.63243268672836,4.63,6.78,335.9675,337.82,45.0,1,INDUSTRIAL,,4.017,,14.501,0.0,21.0,0.0,1.0,forest
878,25.588777500000003,76.2369975,4,1,1.0,0.8793951241646679,1.0,0.0333333333333333,4.0,0.5320860883069858,51.47505509947305,8.825,18.06,325.2475,346.33,40.0,1,INDUSTRIAL,,,,,,,,,unknown
879,24.946935555555555,73.38552888888889,9,2,1.5777777777777775,0.8526460886338375,1.0,0.0525925925925925,5.704225352112676,0.5397684998419808,56.37074819193613,18.87333333333333,50.62,343.2633333333334,367.0,50.0,1,INDUSTRIAL,,,,,,,,,unknown
880,24.94581,73.21939,4,1,1.0,0.6009187896254257,1.0,0.0333333333333333,4.0,0.6246413037815458,53.32615940896424,7.217499999999999,9.85,346.3775,354.71,50.0,1,INDUSTRIAL,,,,,,,,,unknown
881,15.807564285714284,78.83412142857142,7,1,1.0,0.7235101836789318,1.0,0.0333333333333333,7.0,0.5802112511255619,59.93755835584458,13.87,28.36,348.20285714285717,367.0,58.57142857142857,1,INDUSTRIAL,,12.043,,14.881,0.0,21.0,0.0,1.0,forest
882,15.763423333333334,78.54205999999999,3,1,1.0,0.6960589656996758,1.0,0.0333333333333333,3.0,0.5896021425101041,50.12537618353542,10.409999999999998,16.47,347.96,367.0,46.666666666666664,1,INDUSTRIAL,,,,,0.0,0.0,0.0,0.0,unknown
883,16.223489999999998,80.87677333333333,3,1,1.0,0.3168670993119789,1.0,0.0333333333333333,3.0,0.7593780727929706,53.52089478919275,6.783333333333334,10.43,339.3933333333334,343.23,43.333333333333336,1,INDUSTRIAL,,,,,,,,,unknown
884,16.28578,80.68247,4,1,1.0,0.3908351419177473,1.0,0.0333333333333333,4.0,0.7189924742778314,55.21318281888996,6.32,10.05,344.945,354.19,45.0,1,INDUSTRIAL,,,,,,,,,unknown
885,27.2088625,83.6894825,4,2,1.0,0.986678555466181,1.0,0.0333333333333333,4.0,0.5033526924869567,50.90038718307247,3.6925,4.86,339.1175,343.5,30.0,1,INDUSTRIAL,,,,,,,,,unknown
886,27.358061666666668,83.57747833333333,6,2,1.0,0.7330413425042632,1.0,0.0333333333333333,6.0,0.577020279594132,57.373738925215974,5.008333333333333,7.65,333.8533333333333,344.58,36.666666666666664,1,INDUSTRIAL,,,,,,,,,unknown
887,27.37645,83.61995333333334,3,1,1.0,0.5372082400027223,1.0,0.0333333333333333,3.0,0.6505299503196972,51.34393233972728,8.393333333333333,14.94,342.62000000000006,347.75,43.333333333333336,1,INDUSTRIAL,,,,,,,,,unknown
888,15.979150000000002,78.66311833333332,6,1,1.0,1.2273454390044556,1.0,0.0333333333333333,6.0,0.4489649348899219,54.812632031131784,4.658333333333332,5.27,341.62166666666667,367.0,48.333333333333336,1,INDUSTRIAL,,,,12.481,0.0,0.0,0.0,2.0,population
889,15.858143333333333,77.84759333333334,3,1,1.0,0.4057726307836993,1.0,0.0333333333333333,3.0,0.7113525886775257,52.56038510688386,6.533333333333334,8.85,332.37333333333333,345.07,50.0,1,INDUSTRIAL,,,,,,,,,unknown
890,27.204333333333334,82.50049,3,1,1.0,0.6015077007284311,1.0,0.0333333333333333,3.0,0.6244116088515586,50.82156551036451,19.173333333333336,25.39,347.09999999999997,349.25,30.0,1,INDUSTRIAL,,,,,,,,,unknown
891,27.4345025,83.5295625,4,1,1.0,0.7017810017608822,1.0,0.0333333333333333,4.0,0.5876196754842551,52.585726843018435,9.445,30.21,324.325,344.64,45.0,1,INDUSTRIAL,,,,,,,,,unknown
892,25.403819999999996,73.06888000000001,4,1,1.0,0.1786219531039003,1.0,0.0333333333333333,4.0,0.8484484760923555,57.80230285518044,11.080000000000002,15.36,353.2625,367.0,65.0,1,INDUSTRIAL,,,,,,,,,unknown
893,27.386138,82.94036200000001,5,1,1.0,1.427434188534063,1.0,0.0333333333333333,5.0,0.4119576154622358,51.57248564257806,10.3,24.22,327.37,367.0,46.0,1,INDUSTRIAL,,,,,,,,,unknown
894,16.189753333333332,78.84489,6,1,1.0,1.1762292129396772,1.0,0.0333333333333333,6.0,0.4595104201589076,55.0235417365115,5.39,8.31,326.13666666666666,347.97,46.666666666666664,1,INDUSTRIAL,,,,7.109,0.0,0.0,0.0,5.0,population
895,23.716763333333333,84.22494,3,2,1.50625,0.651350920255974,1.0,0.0502083333333333,1.9917012448132776,0.6055648062042386,48.345757569451294,4.763333333333333,9.86,329.77,343.88,43.333333333333336,1,INDUSTRIAL,,1.659,,1.805,0.0,23.0,0.0,15.0,forest
896,16.476846666666663,78.86451333333333,3,1,1.0,0.5868134455287995,1.0,0.0333333333333333,3.0,0.6301938030697452,50.937209394728235,3.8433333333333337,4.51,331.8,333.83,30.0,1,INDUSTRIAL,,,,,0.0,0.0,0.0,0.0,unknown
897,16.760073333333334,79.99475333333332,3,1,1.0,0.3789045284423692,1.0,0.0333333333333333,3.0,0.7252133700145394,52.83760073362412,12.43,12.43,340.92,344.11,50.0,1,INDUSTRIAL,,,,,,,,,unknown
898,16.997773333333335,80.10416666666667,3,1,1.0,0.3720300709126098,1.0,0.0333333333333333,3.0,0.7288469992023185,52.910273317379705,10.2,10.2,341.18666666666667,342.05,50.0,1,INDUSTRIAL,,,,,,,,,unknown
899,23.673096666666662,83.89265333333334,3,2,1.0,0.2493954998144037,1.0,0.0333333333333333,3.0,0.8003870673045876,54.34107467942509,3.8633333333333337,4.81,340.04999999999995,342.07,50.0,1,INDUSTRIAL,,,,,0.0,0.0,0.0,0.0,unknown
900,17.419915714285715,81.37001714285715,7,1,1.0,1.050219589526356,1.0,0.0333333333333333,7.0,0.4877526315271532,58.0883859638764,5.0528571428571425,9.7,337.0042857142857,347.61,44.285714285714285,1,INDUSTRIAL,,7.97,,10.853,0.0,1.0,0.0,18.0,forest
901,17.438723333333336,81.45431666666667,3,1,1.0,0.4513920807481915,1.0,0.0333333333333333,3.0,0.6889937000927419,52.11320733518817,3.66,5.14,322.18666666666667,332.25,36.666666666666664,1,INDUSTRIAL,,7.025,,,0.0,1.0,0.0,0.0,forest
902,17.333046666666668,80.36079000000001,3,1,1.0,0.3745530264726885,1.0,0.0333333333333333,3.0,0.7275092198997601,52.88351773132853,6.916666666666667,8.76,339.9633333333333,348.31,50.0,1,INDUSTRIAL,,,,,,,,,unknown
903,22.3015475,76.4343775,4,2,1.0576388888888888,0.5360596400286345,1.0,0.0352546296296296,3.782009192383454,0.6510163889088048,53.356716499875475,9.1475,13.38,340.81,346.36,45.0,1,INDUSTRIAL,,9.226,,8.555,0.0,3.0,0.0,7.0,population
904,22.43416333333333,76.95276,3,1,1.0,0.2984516629714449,1.0,0.0333333333333333,3.0,0.7701480374799224,53.73629408293179,21.64,33.14,343.27,345.67,50.0,1,INDUSTRIAL,,,,,,,,,unknown
905,17.607897500000004,81.7702325,12,2,1.507638888888889,0.683449709645565,1.0,0.0502546296296296,7.959465684016582,0.594018338813662,63.035396727055435,26.175000000000008,127.55,333.5208333333333,367.0,50.0,1,INDUSTRIAL,,,,,0.0,0.0,0.0,0.0,unknown
906,17.66821,81.55388,5,2,1.507638888888889,1.1524604544991062,1.0,0.0502546296296296,3.316444035006909,0.4645846096311709,48.83916802088143,3.4299999999999997,4.46,322.46799999999996,335.14,46.0,1,INDUSTRIAL,,,,,0.0,0.0,0.0,0.0,unknown
907,17.759646666666665,81.76421,3,1,1.0,0.3258379026022832,1.0,0.0333333333333333,3.0,0.7542400153421877,53.41813364017709,3.936666666666666,6.93,335.4433333333333,340.67,43.333333333333336,1,INDUSTRIAL,,,,,0.0,0.0,0.0,0.0,unknown
908,17.77123,81.78730999999999,4,1,1.0,0.8275416758196179,1.0,0.0333333333333333,4.0,0.5471831440186002,51.77699621370534,4.755,5.39,333.5675,338.54,45.0,1,INDUSTRIAL,,,,,0.0,0.0,0.0,0.0,unknown
909,17.752962500000002,81.5971175,4,2,1.0,0.8945975047327045,1.0,0.0333333333333333,4.0,0.5278165929713303,51.389665192759935,4.8100000000000005,7.63,333.4575,335.06,35.0,1,INDUSTRIAL,,,,,0.0,0.0,0.0,0.0,unknown
910,17.800366666666665,81.70918333333333,3,2,1.0,0.7366220986529349,1.0,0.0333333333333333,3.0,0.5758305164812086,49.84994366295751,5.550000000000001,7.78,342.1566666666666,349.65,43.333333333333336,1,INDUSTRIAL,,,,,0.0,0.0,0.0,0.0,unknown
911,17.832520000000002,81.79849,5,2,1.507638888888889,0.967524323497628,1.0,0.0502546296296296,3.316444035006909,0.5082529288493473,49.71253440524496,13.334,34.6,312.072,335.06,46.0,1,INDUSTRIAL,,,,,0.0,0.0,0.0,0.0,unknown
912,17.898296,81.737824,5,2,1.507638888888889,0.7927651075109551,1.0,0.0502546296296296,3.316444035006909,0.5577975585370374,50.70342699899876,4.5600000000000005,6.08,328.776,337.57,42.0,1,INDUSTRIAL,,,,,0.0,0.0,0.0,0.0,unknown
913,22.35559,76.4763975,4,1,1.0,0.4954644936366821,1.0,0.0333333333333333,4.0,0.6686885608151032,54.20710454963539,1.77,2.52,332.85749999999996,336.09,35.0,1,INDUSTRIAL,,12.945,,13.715,0.0,2.0,0.0,2.0,forest
914,22.362305,76.49514749999999,4,1,1.0,0.6126319637587657,1.0,0.0333333333333333,4.0,0.6201042906709932,53.235419146753195,5.115,9.89,343.92500000000007,367.0,57.5,1,INDUSTRIAL,,14.979,,,0.0,1.0,0.0,0.0,forest
915,25.05530333333333,93.94838666666664,3,2,1.0,0.2488201797806477,1.0,0.0333333333333333,3.0,0.8007557983052833,54.34844929943901,4.723333333333334,5.62,331.79999999999995,332.71,43.333333333333336,1,INDUSTRIAL,,,,,,,,,unknown
916,18.054373333333334,82.29523666666667,3,2,1.0,0.4898402533715585,1.0,0.0333333333333333,3.0,0.6712129020121228,51.75759137357579,12.146666666666668,14.42,359.9166666666667,367.0,70.0,1,INDUSTRIAL,,,,,0.0,0.0,0.0,0.0,unknown
917,17.71124,80.05785333333333,3,1,1.0,0.2909721613302505,1.0,0.0333333333333333,3.0,0.774610041915679,53.825534171646915,5.793333333333334,8.58,337.77,342.74,43.333333333333336,1,INDUSTRIAL,,,,,,,,,unknown
918,18.06277,81.96399249999999,4,1,1.0,0.2811874744444674,1.0,0.0333333333333333,4.0,0.7805258948801443,56.443851230936225,7.864999999999999,10.94,336.74249999999995,339.25,45.0,1,INDUSTRIAL,,,,,0.0,0.0,0.0,0.0,unknown
919,17.988726666666665,81.09755666666666,3,2,1.0,0.7008974684019436,1.0,0.0333333333333333,3.0,0.5879249152740155,50.091831638813645,4.633333333333334,6.78,336.18333333333334,344.8,43.333333333333336,1,INDUSTRIAL,,,,,0.0,0.0,0.0,0.0,unknown
920,17.55778666666667,78.67214666666668,3,1,1.0,0.3470458061700892,1.0,0.0333333333333333,3.0,0.7423652524803093,53.18063838293951,11.55,14.76,340.76666666666665,344.23,43.333333333333336,1,INDUSTRIAL,,,,,,,,,unknown
921,22.1337175,76.03460999999999,4,1,1.0,0.4872797423703936,1.0,0.0333333333333333,4.0,0.6723684667460219,54.28070266825378,5.680000000000001,8.56,352.945,367.0,57.5,1,INDUSTRIAL,,,,12.349,0.0,0.0,0.0,5.0,population
922,24.9665725,94.50321,4,1,1.0,0.2254489782623287,1.0,0.0333333333333333,4.0,0.8160274460532722,57.15388225439878,5.29,5.67,345.11,348.6,50.0,1,INDUSTRIAL,,,,,,,,,unknown
923,24.97741666666667,94.39903,3,1,1.0,0.3845236843780066,1.0,0.0333333333333333,3.0,0.7222700566868577,52.778734467070485,7.46,7.46,351.93666666666667,367.0,60.0,1,INDUSTRIAL,,,,,,,,,unknown
924,18.347668,82.337496,5,1,1.0,0.7184410262263241,1.0,0.0333333333333333,5.0,0.5819227920762506,54.971789174858344,5.068,8.12,332.73400000000004,342.2,46.0,1,INDUSTRIAL,,,,,0.0,0.0,0.0,0.0,unknown
925,24.127206,85.35560400000001,15,2,1.50625,1.7400329198462727,1.0,0.0502083333333333,9.95850622406639,0.3649591188328147,63.450656270155605,4.242,11.47,332.19,350.71,43.333333333333336,1,INDUSTRIAL,,,,,0.0,0.0,0.0,0.0,unknown
926,24.11677333333333,85.28325666666667,3,2,1.0,0.3087553177337543,1.0,0.0333333333333333,3.0,0.7640847654637261,53.615028642607854,3.643333333333333,4.62,342.91333333333336,346.99,50.0,1,INDUSTRIAL,,,,,0.0,0.0,0.0,0.0,unknown
927,24.13849375,85.41506,8,2,1.0,0.9829528283216742,1.0,0.0333333333333333,8.0,0.5042984309648844,60.919301952631024,8.7625,21.04,340.30625,349.59,45.0,1,INDUSTRIAL,,,,,0.0,0.0,0.0,0.0,unknown
928,24.288591666666665,85.80665833333335,6,2,1.50625,1.1233769250281254,1.0,0.0502083333333333,3.983402489626555,0.4709479453285263,50.63267346397025,7.010000000000001,17.52,333.545,353.57,40.0,1,INDUSTRIAL,,,,,,,,,unknown
929,22.858283333333333,77.68002666666666,3,1,1.0,0.2549992726181495,1.0,0.0333333333333333,3.0,0.7968132108266676,54.26959754986669,4.523333333333333,5.14,324.61333333333334,334.61,43.333333333333336,1,INDUSTRIAL,,,,,,,,,unknown
930,22.56498333333333,76.26951333333334,3,1,1.0,0.4744088580128939,1.0,0.0333333333333333,3.0,0.6782379219748657,51.89809177283065,3.0966666666666662,4.3,318.7033333333333,337.05,43.333333333333336,1,INDUSTRIAL,,,,,,,,,unknown
931,21.79490833333333,72.71223499999999,6,1,1.0,0.5556127529744195,1.0,0.0333333333333333,6.0,0.6428335060174478,58.690003453682294,27.213333333333335,31.97,352.20166666666665,367.0,65.0,1,INDUSTRIAL,,,,,0.0,0.0,0.0,0.0,unknown
932,23.898275,83.02764,6,2,1.0,0.5691882227462322,1.0,0.0333333333333333,6.0,0.6372721802932618,58.578776939198576,8.623333333333333,14.75,335.535,347.44,40.0,1,INDUSTRIAL,,,,,0.0,0.0,0.0,0.0,unknown
933,16.811466666666668,73.78847,3,1,1.0,0.5418547958055075,1.0,0.0333333333333333,3.0,0.6485695038990831,51.304723411315,6.95,11.63,336.1066666666667,340.32,50.0,1,INDUSTRIAL,,4.999,,1.152,0.0,7.0,0.0,37.0,population
934,16.879276666666666,73.88179166666666,6,1,1.0,0.4837610403140604,1.0,0.0333333333333333,6.0,0.6739629716846689,59.312592767026715,11.253333333333332,13.92,341.8616666666667,351.84,50.0,1,INDUSTRIAL,,3.612,,5.588,0.0,7.0,0.0,22.0,forest
935,18.975576666666665,84.31352333333335,3,2,1.0,0.3274794575845414,1.0,0.0333333333333333,3.0,0.7533073256135976,53.39947984560529,5.170000000000001,9.39,336.00666666666666,340.87,36.666666666666664,1,INDUSTRIAL,,6.252,,11.007,0.0,1.0,0.0,4.0,forest
936,24.059383333333333,83.83958,3,1,1.0,0.2803590689536182,1.0,0.0333333333333333,3.0,0.7810309031647322,53.95395139662797,18.486666666666668,22.91,352.66333333333336,354.82,50.0,1,INDUSTRIAL,,,,,0.0,0.0,0.0,0.0,unknown
937,18.90855,83.33892666666667,3,1,1.0,0.5603362919841348,1.0,0.0333333333333333,3.0,0.6408874837669724,51.151083008672785,2.8966666666666665,3.51,332.7966666666667,333.88,30.0,1,INDUSTRIAL,,,,,,,,,unknown
938,18.90963,83.25147666666666,3,1,1.0,0.4030521929775427,1.0,0.0333333333333333,3.0,0.7127318605858921,52.58797054505118,3.97,4.73,335.6433333333333,337.11,30.0,1,INDUSTRIAL,,,,,,,,,unknown
939,18.92483,83.34849333333334,3,1,1.0,0.7336489287858208,1.0,0.0333333333333333,3.0,0.5768180531800983,49.8696943969353,3.783333333333333,4.87,333.6166666666667,333.99,30.0,1,INDUSTRIAL,,,,,,,,,unknown
940,18.5655225,81.1811925,4,1,1.0,0.3816820258764934,1.0,0.0333333333333333,4.0,0.7237555249845803,55.30844383302493,4.1325,4.6,333.5,336.05,45.0,1,INDUSTRIAL,10.273,,,8.45,3.0,0.0,0.0,6.0,population
941,18.55153,80.59580333333334,3,1,1.0,0.3585366583716814,1.0,0.0333333333333333,3.0,0.7360861363863251,53.05505606105984,7.036666666666666,7.35,340.56,346.41,43.333333333333336,1,INDUSTRIAL,,,,12.867,0.0,0.0,0.0,2.0,population
942,18.774118,81.230904,5,1,1.0,0.7358776699077737,1.0,0.0333333333333333,5.0,0.5760774606041966,54.85488254541727,7.717999999999999,10.87,335.896,343.89,46.0,1,INDUSTRIAL,8.451,11.345,,3.982,1.0,2.0,0.0,39.0,population
943,19.190156,83.22935,5,1,1.0,0.6012307398991038,1.0,0.0333333333333333,5.0,0.6245196117475309,55.823725568283955,5.622,7.39,340.134,349.01,46.0,1,INDUSTRIAL,,3.938,,2.19,0.0,4.0,0.0,188.0,population
944,18.663621999999997,80.091858,5,1,1.0,0.931836701860144,1.0,0.0333333333333333,5.0,0.5176420962688572,53.68617525871048,4.946,6.25,336.834,340.92,46.0,1,INDUSTRIAL,,2.043,,6.333,0.0,3.0,0.0,16.0,forest
945,19.360396,83.172164,5,1,1.0,0.3217158579547167,1.0,0.0333333333333333,5.0,0.7565922690429435,58.46517871419221,15.966,36.23,342.85800000000006,350.79,42.0,1,INDUSTRIAL,,2.787,,0.978,0.0,2.0,0.0,118.0,population
946,19.44188,83.66256333333332,3,2,1.0,0.4100128410522964,1.0,0.0333333333333333,3.0,0.7092133992579083,52.5176013184915,5.9433333333333325,11.5,335.69,340.6,50.0,1,INDUSTRIAL,,,,,,,,,unknown
947,18.422406666666667,77.56298,3,1,1.0,0.2437245954539353,1.0,0.0333333333333333,3.0,0.8040365235641411,54.41406380461616,7.359999999999999,8.03,356.19666666666666,367.0,70.0,1,INDUSTRIAL,,,,,,,,,unknown
948,19.507788,83.16395800000001,5,2,1.0,0.6728566270461516,1.0,0.0333333333333333,5.0,0.5977798598112686,55.28893052955871,11.326,18.71,343.88599999999997,367.0,56.0,1,INDUSTRIAL,,,,,0.0,0.0,0.0,0.0,unknown
949,19.229944,81.219526,5,1,1.0,0.5801163861224793,1.0,0.0333333333333333,5.0,0.6328647742549816,55.99062881843297,17.268,22.19,349.038,367.0,56.0,1,INDUSTRIAL,,13.834,3.554,7.794,0.0,1.0,1.0,32.0,farmland
950,19.2385775,81.2404875,4,1,1.0,0.3287303691490256,1.0,0.0333333333333333,4.0,0.7525981367013096,55.885296067359526,38.525,76.28,329.1225,343.6,45.0,1,INDUSTRIAL,,13.093,3.821,7.723,0.0,1.0,1.0,37.0,farmland
951,19.156026666666666,80.56590333333332,3,1,1.0,0.8582819427872743,1.0,0.0333333333333333,3.0,0.5381314734727928,49.095962802789195,2.733333333333333,4.47,332.4733333333333,334.03,30.0,1,INDUSTRIAL,,13.225,,11.403,0.0,1.0,0.0,5.0,population
952,17.780170000000002,73.72953333333334,3,1,1.0,0.4911570463251942,1.0,0.0333333333333333,3.0,0.6706201754298107,51.74573684192955,15.463333333333331,22.67,348.8566666666666,367.0,60.0,1,INDUSTRIAL,,,,,,,,,unknown
953,19.70808166666667,83.187295,6,2,1.507638888888889,1.1762083454567454,1.0,0.0502546296296296,3.979732842008291,0.459514826366553,50.395994373092535,4.293333333333334,9.12,324.30833333333334,344.83,40.0,1,INDUSTRIAL,,,,,0.0,0.0,0.0,0.0,unknown
954,19.271358,80.761736,5,2,1.507638888888889,0.6404094932131984,1.0,0.0502546296296296,3.316444035006909,0.6096038849672967,51.739553527603945,3.264,4.43,323.238,337.29,50.0,1,INDUSTRIAL,,,,3.267,0.0,0.0,0.0,27.0,population
955,19.819163333333336,83.60653666666667,3,2,1.0,0.2730123786696149,1.0,0.0333333333333333,3.0,0.7855383158528816,54.04409965039096,2.736666666666667,4.21,331.29999999999995,332.73,36.666666666666664,1,INDUSTRIAL,,13.12,,5.457,0.0,3.0,0.0,4.0,population
956,19.83117,83.61525999999999,3,1,1.0,0.387955747499561,1.0,0.0333333333333333,3.0,0.7204840657214947,52.74301464776323,3.6366666666666663,6.42,329.63666666666666,347.7,43.333333333333336,1,INDUSTRIAL,,12.412,,6.808,0.0,3.0,0.0,4.0,population
957,19.773486666666667,83.27241,3,1,1.0,0.2795152437931331,1.0,0.0333333333333333,3.0,0.7815459838020311,53.964253009373955,3.3699999999999997,4.29,333.6233333333333,339.05,50.0,1,INDUSTRIAL,,,,,0.0,0.0,0.0,0.0,unknown
958,19.749526666666668,83.13609000000001,3,2,1.0,0.6021130595201071,1.0,0.0333333333333333,3.0,0.6241756747801166,50.81684682893567,2.9766666666666666,5.75,338.02000000000004,347.16,36.666666666666664,1,INDUSTRIAL,,,,,0.0,0.0,0.0,0.0,unknown
959,19.354046000000004,80.829944,5,2,1.0,0.6798889447357042,1.0,0.0333333333333333,5.0,0.5952774456512239,55.23888224635781,4.784000000000001,7.26,332.58,344.78,50.0,1,INDUSTRIAL,,,,11.475,0.0,0.0,0.0,6.0,population
960,19.794035,83.29105750000001,4,1,1.0,0.4559982858137604,1.0,0.0333333333333333,4.0,0.6868139954169644,54.56961324167262,2.0425,3.1,319.02,332.06,45.0,1,INDUSTRIAL,,,,,0.0,0.0,0.0,0.0,unknown
961,18.4933775,76.32061,4,1,1.0,0.2521025750490318,1.0,0.0333333333333333,4.0,0.7986566116285165,56.806465565903665,5.675,5.73,342.27500000000003,347.3,45.0,1,INDUSTRIAL,,,,,,,,,unknown
962,19.42346,80.87969,3,2,1.0,0.4703109230900405,1.0,0.0333333333333333,3.0,0.680128253348194,51.93589840029722,4.22,5.33,327.2866666666667,339.64,50.0,1,INDUSTRIAL,,12.916,,,0.0,1.0,0.0,0.0,forest
963,19.88937,83.35956,8,2,1.0,1.6935089954264246,1.0,0.0333333333333333,8.0,0.371262914546786,58.25859162426905,2.3875,5.75,322.57625,344.97,45.0,1,INDUSTRIAL,,,,,0.0,0.0,0.0,0.0,unknown
964,19.9873625,83.66340124999999,8,2,1.507638888888889,1.3226410007677574,1.0,0.0502546296296296,5.3063104560110546,0.4305443672394685,53.13302922555775,7.516249999999999,18.21,331.065,345.68,45.0,1,INDUSTRIAL,,7.407,,,0.0,1.0,0.0,0.0,forest
965,20.03875,83.88771285714286,7,2,1.507638888888889,0.7446980954993544,1.0,0.0502546296296296,4.643021649009673,0.5731650665405166,54.32722119407525,3.27,9.59,319.5857142857143,348.83,47.142857142857146,1,INDUSTRIAL,,,,,0.0,0.0,0.0,0.0,unknown
966,19.624163333333332,80.97967333333334,3,1,1.0,0.2674380563911207,1.0,0.0333333333333333,3.0,0.7889931937560571,54.11319720845448,20.123333333333335,29.43,337.80333333333334,341.5,43.333333333333336,1,INDUSTRIAL,,,,,0.0,0.0,0.0,0.0,unknown
967,20.144135,83.816255,4,1,1.0,0.8047605005291665,1.0,0.0333333333333333,4.0,0.5540901408839534,51.9151361510124,1.875,2.46,327.88,338.58,40.0,1,INDUSTRIAL,,,,,0.0,0.0,0.0,0.0,unknown
968,20.1762325,83.73352750000001,4,2,1.507638888888889,0.522755620704777,1.0,0.0502546296296296,2.6531552280055273,0.6567041923228429,51.02333765721141,2.3825,4.41,317.09749999999997,345.84,50.0,1,INDUSTRIAL,,,,,0.0,0.0,0.0,0.0,unknown
969,19.54290428571429,79.97478714285715,7,2,1.507638888888889,0.8453262218806498,1.0,0.0502546296296296,4.643021649009673,0.5419096028348082,53.70211191996109,4.462857142857143,9.65,335.38142857142856,350.18,44.285714285714285,1,INDUSTRIAL,,12.214,,,0.0,1.0,0.0,0.0,forest
970,19.11892,77.79694333333333,3,1,1.0,0.3293093546471323,1.0,0.0333333333333333,3.0,0.7522703398603945,53.378740130541225,6.206666666666667,7.88,356.96000000000004,367.0,70.0,1,INDUSTRIAL,,,,,,,,,unknown
971,20.2141625,83.7507975,4,1,1.0,0.2896380227961014,1.0,0.0333333333333333,4.0,0.7754113808089118,56.341560949511575,3.92,3.92,339.3625,345.24,40.0,1,INDUSTRIAL,,,,,0.0,0.0,0.0,0.0,unknown
972,20.18792285714286,83.5895442857143,7,2,1.0,0.4329417910159947,1.0,0.0333333333333333,7.0,0.6978650537444182,62.2906344082217,2.037142857142858,5.13,325.3885714285715,339.92,38.57142857142857,1,INDUSTRIAL,,,,,0.0,0.0,0.0,0.0,unknown
973,20.197624,83.613034,5,1,1.0,0.5283380230561834,1.0,0.0333333333333333,5.0,0.654305516786347,56.41944366906028,5.984,8.22,340.27799999999996,350.31,34.0,1,INDUSTRIAL,,,,,0.0,0.0,0.0,0.0,unknown
974,20.2214225,83.5856425,4,2,1.507638888888889,0.3744057427540874,1.0,0.0502546296296296,2.6531552280055273,0.7275871810577285,52.44099743190912,4.095,9.49,332.74750000000006,349.57,40.0,1,INDUSTRIAL,,,,,0.0,0.0,0.0,0.0,unknown
975,19.81693,81.089135,4,1,1.0,0.4909466135339236,1.0,0.0333333333333333,4.0,0.670714827025057,54.24762987383447,3.575,4.24,332.97249999999997,335.05,35.0,1,INDUSTRIAL,,10.42,,8.902,0.0,2.0,0.0,15.0,population
976,20.320238888888888,83.91410333333334,9,2,1.507638888888889,1.3494378281930304,1.0,0.0502546296296296,5.969599263012436,0.4256337358665528,54.69303861560289,4.013333333333333,12.94,328.1166666666666,348.11,43.333333333333336,1,INDUSTRIAL,,,,,0.0,0.0,0.0,0.0,unknown
977,18.338039999999996,73.77143666666667,3,1,1.0,0.3142115432160776,1.0,0.0333333333333333,3.0,0.7609125069414976,53.55158347216329,9.323333333333332,15.65,342.7,351.54,50.0,1,INDUSTRIAL,,,,,,,,,unknown
978,20.357963333333338,83.91606666666667,3,1,1.0,0.3281402541091791,1.0,0.0333333333333333,3.0,0.752932528704002,53.391983907413376,3.096666666666667,4.03,332.83,342.13,50.0,1,INDUSTRIAL,,,,,0.0,0.0,0.0,0.0,unknown
979,19.60301,79.35973333333334,3,1,1.0,0.3626004431733606,1.0,0.0333333333333333,3.0,0.73389085187078,53.011150370748936,6.473333333333333,6.52,340.69,347.8,43.333333333333336,1,INDUSTRIAL,,2.741,,6.397,0.0,3.0,0.0,30.0,forest
980,20.4274525,83.86412750000001,4,1,1.0,0.3427404765925958,1.0,0.0333333333333333,4.0,0.7447455539119883,55.7282444115731,2.6750000000000003,5.78,331.595,343.99,40.0,1,INDUSTRIAL,,,,,0.0,0.0,0.0,0.0,unknown
981,20.515016666666668,84.32626666666667,3,1,1.0,0.5486296662918225,1.0,0.0333333333333333,3.0,0.6457321732667626,51.24797679866859,3.5666666666666664,5.45,321.9633333333333,344.16,43.333333333333336,1,INDUSTRIAL,,,,,0.0,0.0,0.0,0.0,unknown
982,19.810841666666665,80.19885166666667,6,1,1.0,0.3754543923287347,1.0,0.0333333333333333,6.0,0.7270324669267545,60.37398267186843,5.811666666666667,9.23,341.6366666666667,349.86,50.0,1,INDUSTRIAL,,0.905,,1.347,0.0,16.0,0.0,41.0,forest
983,20.5523125,84.26571,4,1,1.0,0.70081313501773,1.0,0.0333333333333333,4.0,0.587954067034869,52.59241467403071,2.975,4.98,333.3275,343.69,40.0,1,INDUSTRIAL,,,,,0.0,0.0,0.0,0.0,unknown
984,20.58429333333333,84.30466333333332,3,1,1.0,0.7381813202319006,1.0,0.0333333333333333,3.0,0.575313972345868,49.8396127802507,2.1266666666666665,2.58,331.0133333333333,331.34,30.0,1,INDUSTRIAL,,,,,0.0,0.0,0.0,0.0,unknown
985,20.501702,83.791252,5,1,1.0,0.7230707925896203,1.0,0.0333333333333333,5.0,0.5803592077009733,54.9405174873528,4.954,6.23,334.506,347.28,38.0,1,INDUSTRIAL,,,,,0.0,0.0,0.0,0.0,unknown
986,20.5962625,84.29061250000001,4,3,2.4944444444444445,0.758672182604626,1.0,0.0831481481481481,1.6035634743875278,0.5686108018829192,47.459828427330905,2.6675000000000004,4.72,319.08500000000004,333.6,40.0,1,INDUSTRIAL,,,,,0.0,0.0,0.0,0.0,unknown
987,20.5985725,84.2254625,4,1,1.0,0.2889148389938021,1.0,0.0333333333333333,4.0,0.7758464483042612,56.35026229941855,5.91,5.91,344.57,353.74,40.0,1,INDUSTRIAL,,,,,0.0,0.0,0.0,0.0,unknown
988,20.31762,82.45821666666667,3,1,1.0,0.478500705749294,1.0,0.0333333333333333,3.0,0.6763608540133952,51.86055041360124,3.3266666666666667,4.48,323.52000000000004,338.77,43.333333333333336,1,INDUSTRIAL,,10.141,,13.475,0.0,1.0,0.0,3.0,forest
989,20.65181875,83.95917625,8,1,1.0,0.8857333627354372,1.0,0.0333333333333333,8.0,0.5302976654925402,61.43928664318413,3.685,5.81,340.82,348.42,42.5,1,INDUSTRIAL,,,,,0.0,0.0,0.0,0.0,unknown
990,20.65157,83.48266833333332,6,1,1.0,0.4746956241545305,1.0,0.0333333333333333,6.0,0.6781060332862369,59.39545399905808,14.120000000000005,17.94,344.1833333333334,350.26,43.333333333333336,1,INDUSTRIAL,,,,,,,,,unknown
991,20.491,82.472975,4,2,1.0,0.7885348479958689,1.0,0.0333333333333333,4.0,0.5591168665908542,52.01567066515042,9.045,17.02,341.93750000000006,347.87,40.0,1,INDUSTRIAL,,,,,0.0,0.0,0.0,0.0,unknown
992,20.925991666666665,84.94337333333333,6,2,1.0,0.9904454590390408,1.0,0.0333333333333333,6.0,0.5024001011727224,55.88133535678779,6.581666666666667,9.86,342.99333333333334,355.13,43.333333333333336,1,INDUSTRIAL,,,,,,,,,unknown
993,20.554053333333332,82.48415333333334,3,1,1.0,0.2518787889440429,1.0,0.0333333333333333,3.0,0.7987993796456108,54.309320926245555,3.5966666666666662,3.77,339.39,342.63,30.0,1,INDUSTRIAL,,,,,,,,,unknown
994,19.733416666666667,77.60015333333332,3,1,1.0,0.1717349398474189,1.0,0.0333333333333333,3.0,0.8534353342149361,55.40204001763206,10.13,12.5,362.37999999999994,367.0,70.0,1,INDUSTRIAL,,,,,,,,,unknown
995,21.054403333333333,84.76885833333334,6,2,1.507638888888889,0.894354068004992,1.0,0.0502546296296296,3.979732842008291,0.5278844208111177,51.763386261983825,1.8416666666666663,3.26,319.29833333333335,333.41,43.333333333333336,1,INDUSTRIAL,,,,,,,,,unknown
996,26.483005,77.36979,4,1,1.0,0.3986750021170963,1.0,0.0333333333333333,4.0,0.7149623740228114,55.13258081378956,8.6625,11.53,345.175,350.45,40.0,1,INDUSTRIAL,,,,,,,,,unknown
997,27.6884525,82.6168225,4,2,1.0,0.597234947426319,1.0,0.0333333333333333,4.0,0.6260819684739151,53.35497270281163,8.4525,11.1,347.7475,367.0,52.5,1,INDUSTRIAL,,,,,,,,,unknown
998,28.010548,81.34591400000001,5,1,1.0,1.1193546236557488,1.0,0.0333333333333333,5.0,0.471841752596866,52.77016838527066,4.078000000000001,7.55,332.43199999999996,345.48,42.0,1,INDUSTRIAL,,,,,,,,,unknown
999,27.67768666666667,77.81448666666667,3,1,1.0,0.2777502361919364,1.0,0.0333333333333333,3.0,0.7826255645863059,53.98584462505946,11.276666666666666,17.05,346.7833333333333,347.09,50.0,1,INDUSTRIAL,,,,,,,,,unknown
1000,29.55904,80.02265333333334,3,1,1.0,0.4936645110493059,1.0,0.0333333333333333,3.0,0.6694943828433706,51.723220990200744,2.013333333333333,3.59,316.69,334.5,43.333333333333336,1,INDUSTRIAL,,,,,,,,,unknown
1001,29.831123333333338,80.33639,3,1,1.0,0.3995653935119254,1.0,0.0333333333333333,3.0,0.7145075211460487,52.62348375625431,4.92,6.96,329.43666666666667,352.19,50.0,1,INDUSTRIAL,,,,,,,,,unknown
1002,29.176826666666667,76.56984333333334,3,1,1.0,0.2471098490433576,1.0,0.0333333333333333,3.0,0.8018539832454114,54.37041299824157,17.0,22.98,347.03,354.57,50.0,1,INDUSTRIAL,,,,,,,,,unknown
1003,29.0379575,75.88332249999999,4,2,1.0576388888888888,0.5805348892706048,1.0,0.0352546296296296,3.782009192383454,0.6326972006682411,52.99033273506421,8.83,11.34,354.9425,367.0,65.0,1,INDUSTRIAL,,,,,,,,,unknown
1004,29.7614675,79.08538,4,2,1.5048611111111112,0.5459354393863395,1.0,0.050162037037037,2.658052607291186,0.6468575430271208,50.8363333046963,3.665,10.18,312.94000000000005,342.91,50.0,1,INDUSTRIAL,,,,,,,,,unknown
1005,30.189243333333337,79.25571000000001,3,1,1.0,0.3496923258584506,1.0,0.0333333333333333,3.0,0.7409095990554483,53.1515253144423,5.84,5.84,335.63,344.24,50.0,1,INDUSTRIAL,,,,,,,,,unknown
1006,30.17414,78.997445,4,1,1.0,0.762923874446369,1.0,0.0333333333333333,4.0,0.5672394676225265,52.17812268578387,5.6499999999999995,8.45,328.995,334.71,40.0,1,INDUSTRIAL,,,,,,,,,unknown
1007,31.027500000000003,77.67773600000001,5,1,1.0,0.5995268663254821,1.0,0.0333333333333333,5.0,0.6251848725099898,55.83703078353312,4.0280000000000005,8.89,314.51800000000003,339.35,50.0,1,INDUSTRIAL,,,,,,,,,unknown
1008,30.54890333333334,74.24119333333333,3,1,1.0,0.3012877909008934,1.0,0.0333333333333333,3.0,0.768469516883495,53.70272367100324,10.666666666666666,14.4,344.64000000000004,349.89,43.333333333333336,1,INDUSTRIAL,,,,,,,,,unknown
1009,21.47190333333333,85.46821999999999,3,2,1.0,0.3622019244790232,1.0,0.0333333333333333,3.0,0.7341055551528837,53.015444436391014,4.91,7.75,338.6033333333333,340.35,50.0,1,INDUSTRIAL,,,,,,,,,unknown
1010,21.505493333333337,85.45311666666667,3,2,1.0,0.658603150718075,1.0,0.0333333333333333,3.0,0.6029169784026157,50.391672901385654,15.11,17.79,350.4266666666667,353.62,50.0,1,INDUSTRIAL,,,,,,,,,unknown
1011,20.91622,81.41771333333332,3,1,1.0,0.2900789277264197,1.0,0.0333333333333333,3.0,0.7751463716738305,53.83626076680994,8.9,10.36,343.4766666666667,349.52,43.333333333333336,1,INDUSTRIAL,,,,,,,,,unknown
1012,21.009,81.68422166666666,6,1,1.0,0.7270131143037983,1.0,0.0333333333333333,6.0,0.5790343985911912,57.41402130515715,9.758333333333333,14.7,345.325,367.0,51.666666666666664,1,INDUSTRIAL,,,,,,,,,unknown
1013,21.66738,85.14102666666666,3,2,1.50625,0.430389699142591,1.0,0.0502083333333333,1.9917012448132776,0.6991101799736277,50.21666504483908,4.193333333333333,5.87,323.2833333333333,338.08,43.333333333333336,1,INDUSTRIAL,,,,,,,,,unknown
1014,19.443573333333333,73.7132,3,1,1.0,0.6400531037628439,1.0,0.0333333333333333,3.0,0.6097363540885703,50.52806041510473,4.569999999999999,6.84,327.3033333333333,337.64,50.0,1,INDUSTRIAL,,,,,,,,,unknown
1015,19.514273333333332,73.58165333333334,3,1,1.0,0.4323795641755164,1.0,0.0333333333333333,3.0,0.6981389744802762,52.29611282293886,12.93,18.88,358.16,367.0,70.0,1,INDUSTRIAL,,,,,,,,,unknown
1016,21.089473333333338,81.08807333333334,3,1,1.0,0.438852718035453,1.0,0.0333333333333333,3.0,0.6949981658757656,52.23329665084865,6.283333333333334,9.41,336.99,338.77,30.0,1,INDUSTRIAL,,,,,,,,,unknown
1017,22.828793333333333,93.12701333333332,3,1,1.0,0.6574441811769123,1.0,0.0333333333333333,3.0,0.6033385687172423,50.40010470767818,95.82666666666664,133.48,346.0233333333333,352.19,50.0,1,INDUSTRIAL,,,,,,,,,unknown
1018,19.62225,73.64324333333333,3,1,1.0,0.3628684545686807,1.0,0.0333333333333333,3.0,0.7337465304503501,53.00826394234034,5.93,8.49,332.2633333333334,335.11,50.0,1,INDUSTRIAL,,,,,,,,,unknown
1019,22.83426,92.47164666666669,3,2,1.0,0.2731766889635824,1.0,0.0333333333333333,3.0,0.7854369379116112,54.042072091565565,6.726666666666667,9.38,337.64,340.53,50.0,1,INDUSTRIAL,,,,,,,,,unknown
1020,21.697773333333338,84.07725333333333,3,1,1.0,0.3165613556381777,1.0,0.0333333333333333,3.0,0.7595544223727191,53.52442178078771,5.1933333333333325,6.04,345.0933333333333,351.81,43.333333333333336,1,INDUSTRIAL,,,,,,,,,unknown
1021,20.87548888888889,79.11737555555555,18,2,1.054861111111111,2.1600236202578236,1.0,0.035162037037037,17.06385780118499,0.3164533307882081,62.2081175416901,7.377777777777778,12.17,339.3388888888889,354.66,42.22222222222222,1,INDUSTRIAL,,,,,,,,,unknown
1022,21.763400833333332,84.02113166666668,12,2,1.50625,0.991402742151286,1.0,0.0502083333333333,7.966804979253111,0.5021585934544377,61.21539265055487,3.2408333333333332,5.42,321.4175000000001,344.15,46.666666666666664,1,INDUSTRIAL,,,,,,,,,unknown
1023,22.357986666666665,87.29148666666667,3,1,1.0,0.225397113984676,1.0,0.0333333333333333,3.0,0.816061983978612,54.65457301290557,2.5933333333333333,5.62,317.47333333333336,335.35,43.333333333333336,1,INDUSTRIAL,,,,,,,,,unknown
1024,21.10506666666667,79.71489000000001,3,2,1.0,0.4177440787638263,1.0,0.0333333333333333,3.0,0.7053459188995026,52.440251711323384,3.11,3.63,331.76666666666665,332.92,30.0,1,INDUSTRIAL,,,,,,,,,unknown
1025,22.200552857142856,85.07207571428572,7,2,1.0,1.457811352479679,1.0,0.0333333333333333,7.0,0.4068660513717226,56.47065436076779,4.777142857142857,7.17,334.7557142857143,350.83,38.57142857142857,1,INDUSTRIAL,,,,,,,,,unknown
1026,22.309965,85.531695,4,2,1.5048611111111112,0.3670647949399565,1.0,0.050162037037037,2.658052607291186,0.7314942230254137,52.52906690466217,3.5225,4.51,330.69250000000005,339.14,40.0,1,INDUSTRIAL,,,,,,,,,unknown
1027,22.21159,84.87167666666667,3,2,1.50625,0.5199460913560664,1.0,0.0502083333333333,1.9917012448132776,0.6579180707046126,49.39282285945878,4.256666666666667,4.58,330.00666666666666,337.79,43.333333333333336,1,INDUSTRIAL,,,,,,,,,unknown
1028,22.304546666666667,85.43646333333334,3,1,1.0,0.2849798874432978,1.0,0.0333333333333333,3.0,0.7782222973074564,53.89777927948247,2.92,2.92,338.93,341.99,43.333333333333336,1,INDUSTRIAL,,,,,,,,,unknown
1029,22.3112575,85.4206825,4,2,1.0,0.5454211334216429,1.0,0.0333333333333333,4.0,0.6470728129528991,53.774789592391315,5.2700000000000005,7.45,340.96,345.47,40.0,1,INDUSTRIAL,,,,,,,,,unknown
1030,20.529176666666668,75.65550333333333,3,2,1.054861111111111,0.0851690165751274,1.0,0.035162037037037,2.8439763001974985,0.921515436513358,56.41930040668684,4.963333333333334,6.03,340.3433333333333,343.95,43.333333333333336,1,INDUSTRIAL,,,,,,,,,unknown
1031,22.33615,85.45654,4,2,1.0,0.4314120799772523,1.0,0.0333333333333333,4.0,0.6986108430885198,54.805550195103734,5.275,5.68,339.73749999999995,341.65,40.0,1,INDUSTRIAL,,,,,,,,,unknown
1032,22.31791,85.2213275,4,2,1.0,0.7656550245766482,1.0,0.0333333333333333,4.0,0.5663620503896396,52.16057434112613,4.555,6.86,334.8625,341.5,35.0,1,INDUSTRIAL,,,,,,,,,unknown
1033,22.359916666666667,85.35391333333332,3,2,1.0,0.5752795958564344,1.0,0.0333333333333333,3.0,0.6348079430663409,51.02949219466015,7.43,11.35,346.29,351.41,43.333333333333336,1,INDUSTRIAL,,,,,,,,,unknown
1034,22.376607142857143,85.28622285714286,7,2,1.5048611111111112,0.758892765713312,1.0,0.050162037037037,4.651592062759575,0.5685394922836322,54.25382092849751,4.971428571428571,8.99,334.69571428571425,344.05,44.285714285714285,1,INDUSTRIAL,,,,,,,,,unknown
1035,21.354930000000003,79.344175,4,1,1.0,0.338114959731045,1.0,0.0333333333333333,4.0,0.7473199464125231,55.77973226158379,46.65,46.65,346.6725,348.88,50.0,1,INDUSTRIAL,,,,,,,,,unknown
1036,22.435275000000004,85.5215325,4,2,1.5048611111111112,0.4683592271027025,1.0,0.050162037037037,2.658052607291186,0.6810322580075675,51.51982760430525,3.1199999999999997,4.13,329.01750000000004,338.54,50.0,1,INDUSTRIAL,,,,,,,,,unknown
1037,22.44495,85.53885249999999,4,2,1.5048611111111112,0.9090194074263444,1.0,0.050162037037037,2.658052607291186,0.5238291429148726,48.37576530245134,2.5475000000000003,3.75,322.865,339.52,45.0,1,INDUSTRIAL,,,,,,,,,unknown
1038,23.655710625,92.261143125,16,1,1.0,1.7478197211478463,1.0,0.0333333333333333,16.0,0.3639248937271147,63.111831207875625,54.425625,131.36,346.20624999999995,367.0,52.5,1,INDUSTRIAL,,10.165,,2.037,0.0,3.0,0.0,3.0,population
1039,20.5912025,73.956935,4,1,1.0,0.3468148053090045,1.0,0.0333333333333333,4.0,0.7424925803147571,55.683184939628475,8.8375,11.97,340.99,348.35,45.0,1,INDUSTRIAL,,,,,,,,,unknown
1040,23.67574,92.20966333333337,3,2,1.0,0.5690809400785004,1.0,0.0333333333333333,3.0,0.6373157524620562,51.07964838257446,27.090000000000003,39.39,339.91,348.49,50.0,1,INDUSTRIAL,,9.114,,4.089,0.0,2.0,0.0,2.0,population
1041,23.682818333333337,92.18530333333332,6,1,1.0,0.7724257071046965,1.0,0.0333333333333333,6.0,0.5641985421400404,57.11730417613414,27.3,34.05,345.53833333333336,349.29,50.0,1,INDUSTRIAL,,8.275,,6.592,0.0,1.0,0.0,3.0,population
1042,23.710385,92.20282,4,2,1.0,0.9388162942942984,1.0,0.0333333333333333,4.0,0.5157786237627974,51.14890580858928,13.3325,14.23,337.44999999999993,347.91,50.0,1,INDUSTRIAL,,5.2,,7.476,0.0,1.0,0.0,3.0,forest
1043,23.713046666666667,92.18778000000002,3,2,1.0,0.37956719483683,1.0,0.0333333333333333,3.0,0.7248650183496689,52.830633700326715,21.903333333333332,51.22,341.77666666666664,343.01,50.0,1,INDUSTRIAL,,4.912,,8.609,0.0,1.0,0.0,3.0,forest
1044,23.731075,92.16876705882352,34,2,1.0,1.8022781653387585,1.0,0.0333333333333333,34.0,0.3568525110636592,62.97038355460652,43.885,188.1,342.1482352941177,367.0,49.11764705882353,1,INDUSTRIAL,,3.931,,8.575,0.0,1.0,0.0,2.0,forest
1045,23.956596666666663,93.86707666666666,3,1,1.0,0.3874843321057183,1.0,0.0333333333333333,3.0,0.7207288593178908,52.74791051969115,41.15,60.1,341.1466666666667,341.91,50.0,1,INDUSTRIAL,,,,,,,,,unknown
1046,23.731585,91.8188475,4,2,1.0,0.4605695106761736,1.0,0.0333333333333333,4.0,0.6846644358179489,54.52662204969231,21.09,26.7,340.1525,344.36,50.0,1,INDUSTRIAL,,12.197,,5.78,0.0,2.0,0.0,1.0,population
1047,23.779223333333334,92.11760333333332,3,1,1.0,0.3633810614499606,1.0,0.0333333333333333,3.0,0.7334706548853601,53.002746431040535,6.79,9.66,337.19666666666666,339.59,50.0,1,INDUSTRIAL,,8.307,,5.191,0.0,1.0,0.0,2.0,population
1048,23.070166666666665,85.58194666666667,3,2,1.0,0.4887874702471492,1.0,0.0333333333333333,3.0,0.6716875443840167,51.76708422101367,6.313333333333333,12.41,342.5366666666667,351.38,36.666666666666664,1,INDUSTRIAL,,,,,,,,,unknown
1049,20.817305,73.542445,6,2,1.05625,0.7494240623243559,1.0,0.0352083333333333,5.680473372781066,0.5716166946231204,56.5137256577484,13.023333333333332,33.04,340.54999999999995,355.09,46.666666666666664,1,INDUSTRIAL,,,,,,,,,unknown
1050,22.339618,80.87628000000001,5,1,1.0,0.4189518692595583,1.0,0.0333333333333333,5.0,0.7047455390589272,57.42824411451189,7.224000000000001,10.52,339.544,347.33,38.0,1,INDUSTRIAL,,4.921,4.564,,0.0,31.0,5.0,0.0,farmland
1051,21.3789375,75.77269749999999,4,2,1.05625,0.8220855896733079,1.0,0.0352083333333333,3.7869822485207103,0.5488216391521409,51.32409673767793,4.85,6.76,328.9025,340.98,40.0,1,INDUSTRIAL,,,,,,,,,unknown
1052,24.055837500000003,92.0824,4,1,1.0,0.3413973058402932,1.0,0.0333333333333333,4.0,0.7454912840857159,55.74315901504765,16.21,16.21,344.39500000000004,355.58,50.0,1,INDUSTRIAL,,,,,,,,,unknown
1053,24.28365,93.98211125,8,1,1.0,0.7414484830645948,1.0,0.0333333333333333,8.0,0.5742346154508134,62.3180256423496,126.89875,191.72,343.545,367.0,53.75,1,INDUSTRIAL,,,,,,,,,unknown
1054,24.291156666666662,94.04528666666666,3,1,1.0,0.3548898896527758,1.0,0.0333333333333333,3.0,0.7380673570870581,53.0946804750745,7.109999999999999,12.29,355.5566666666667,367.0,70.0,1,INDUSTRIAL,,,,,,,,,unknown
1055,22.928233333333335,83.37310000000001,3,2,1.5048611111111112,0.3652214787318372,1.0,0.050162037037037,1.9935394554683896,0.7324818834002715,50.887537232602334,5.113333333333333,10.54,330.59999999999997,345.2,43.333333333333336,1,INDUSTRIAL,,,,,,,,,unknown
1056,23.23519,85.13048750000002,4,1,1.0,0.3963971891050484,1.0,0.0333333333333333,4.0,0.7161286257249633,55.1559058478326,4.5675,5.55,336.395,338.36,45.0,1,INDUSTRIAL,9.667,6.694,,7.127,10.0,17.0,0.0,11.0,forest
1057,24.5639575,94.357095,4,1,1.0,0.4290050213555529,1.0,0.0333333333333333,4.0,0.6997876040011398,54.829085413356125,55.05,83.98,315.4375,367.0,52.5,1,INDUSTRIAL,,,,,,,,,unknown
1058,21.94554666666666,76.95781666666666,3,1,1.0,0.704304997950328,1.0,0.0333333333333333,3.0,0.5867494381596274,50.06832209652588,3.5,4.0,339.4866666666667,341.86,36.666666666666664,1,INDUSTRIAL,,,,,,,,,unknown
1059,21.97281166666667,76.97306833333333,6,1,1.0,0.5101099695456406,1.0,0.0333333333333333,6.0,0.6622034289998617,59.077401913330576,6.101666666666667,7.54,348.0433333333333,367.0,51.666666666666664,1,INDUSTRIAL,,,,,,,,,unknown
1060,24.707408,94.497638,5,1,1.0,0.5210644083937757,1.0,0.0333333333333333,5.0,0.6574343561532592,56.48202045639851,23.35,33.19,364.806,367.0,70.0,1,INDUSTRIAL,,,,,,,,,unknown
1061,24.599506666666667,93.30444,3,1,1.0,0.4528720508872126,1.0,0.0333333333333333,3.0,0.6882918557001209,52.09917044733575,33.71333333333333,36.53,342.07,344.24,50.0,1,INDUSTRIAL,,,,,,,,,unknown
1062,23.437538,84.270046,5,1,1.0,0.7709156101524083,1.0,0.0333333333333333,5.0,0.5646796460921919,54.626926255177175,3.217999999999999,3.3,334.32,340.28,34.0,1,INDUSTRIAL,,,,,,,,,unknown
1063,24.738670000000003,94.427445,6,1,1.0,0.5816405447861567,1.0,0.0333333333333333,6.0,0.6322549098127751,58.47843152958884,12.833333333333334,15.82,363.8183333333333,367.0,75.0,1,INDUSTRIAL,,,,,,,,,unknown
1064,23.452202,84.27766199999999,10,2,1.5048611111111112,1.1671759892190003,1.0,0.050162037037037,6.645131518227965,0.4614299922916627,57.095479567329086,4.144,7.02,326.88,345.77,44.0,1,INDUSTRIAL,,,,,,,,,unknown
1065,21.94891,76.161685,4,1,1.0,0.3875163194039672,1.0,0.0333333333333333,4.0,0.7207122438960344,55.24757821125402,10.0525,15.06,357.85749999999996,367.0,65.0,1,INDUSTRIAL,,,,,,,,,unknown
1066,23.50249647058823,84.28608117647059,17,2,1.5048611111111112,2.376907664855814,1.0,0.050162037037037,11.29672358098754,0.2961289141563477,62.17662920905288,2.961764705882353,6.27,315.5417647058824,342.3,47.64705882352941,1,INDUSTRIAL,,13.679,,14.645,0.0,1.0,0.0,1.0,forest
1067,23.508443333333332,84.31246666666668,3,2,1.0,0.6111505749561748,1.0,0.0333333333333333,3.0,0.6206744518756114,50.74682237084557,15.176666666666668,23.99,354.6266666666667,367.0,60.0,1,INDUSTRIAL,,12.759,,14.106,0.0,2.0,0.0,1.0,forest
1068,23.5032625,84.2552225,4,2,1.5048611111111112,0.4818050631347665,1.0,0.050162037037037,2.658052607291186,0.6748526003039121,51.396234450232136,5.0425,13.97,323.1325,347.63,40.0,1,INDUSTRIAL,,14.136,,14.908,0.0,2.0,0.0,1.0,forest
1069,24.78093,94.48444333333332,3,1,1.0,0.384671672916356,1.0,0.0333333333333333,3.0,0.7221928631599926,52.77719059653319,22.876666666666665,24.71,357.03000000000003,367.0,53.333333333333336,1,INDUSTRIAL,,,,,,,,,unknown
1070,23.581085,84.4351,4,2,1.0,0.4565482500186815,1.0,0.0333333333333333,4.0,0.6865546678506353,54.564426690346046,5.885,8.44,338.5275,367.0,52.5,1,INDUSTRIAL,,10.484,,,0.0,3.0,0.0,0.0,forest
1071,24.885620000000003,94.61122363636365,11,1,1.0,1.246081846762867,1.0,0.0333333333333333,11.0,0.4452197507589652,64.73772834851263,13.919090909090908,38.08,345.3136363636363,367.0,58.18181818181818,1,INDUSTRIAL,,,,,,,,,unknown
1072,23.597453333333338,84.19861666666667,6,2,1.5048611111111112,1.23268256503333,1.0,0.050162037037037,3.987078910936779,0.447891704652189,50.17958229631165,3.9766666666666666,7.2,333.77500000000003,344.91,36.666666666666664,1,INDUSTRIAL,,2.421,,3.401,0.0,10.0,0.0,13.0,forest
1073,23.865513333333336,85.51623000000001,3,2,1.5048611111111112,0.564684392661333,1.0,0.050162037037037,1.9935394554683896,0.6391065218584591,49.02003000176608,4.343333333333334,6.66,328.6766666666667,341.6,36.666666666666664,1,INDUSTRIAL,,,,,,,,,unknown
1074,17.1542,74.59959333333335,3,1,1.0,0.41642430928124,1.0,0.0333333333333333,3.0,0.7060031329929989,52.45339599319332,8.776666666666666,11.79,339.61333333333334,346.5,50.0,1,INDUSTRIAL,,,,,,,,,unknown
1075,21.680885000000004,74.03698499999999,4,1,1.0,0.5186644161316953,1.0,0.0333333333333333,4.0,0.6584733199630604,54.00279973259454,11.7025,13.88,341.28,347.65,45.0,1,INDUSTRIAL,,,,,,,,,unknown
1076,21.735793333333337,73.32377333333334,3,1,1.0,0.4489777018916344,1.0,0.0333333333333333,3.0,0.6901417452418379,52.136168238170086,5.296666666666667,7.59,333.9866666666667,336.32,36.666666666666664,1,INDUSTRIAL,,,,,,,,,unknown
1077,22.95874,72.54750333333332,3,1,1.0,0.3393189004801228,1.0,0.0333333333333333,3.0,0.7466481654529904,53.266296642393144,10.226666666666668,11.09,342.61666666666673,354.94,43.333333333333336,1,INDUSTRIAL,,,,,,,,,unknown
1078,22.82401333333333,69.71255833333333,6,2,1.0,0.4392587076785075,1.0,0.0333333333333333,6.0,0.6948021190804382,59.7293757149421,14.476666666666668,17.38,351.0516666666667,367.0,55.0,1,INDUSTRIAL,,,,,,,,,unknown
1079,23.756805,73.98978833333332,6,2,1.0,1.018971959194828,1.0,0.0333333333333333,6.0,0.4953015793239659,55.73936491981266,10.821666666666667,27.01,346.175,367.0,48.333333333333336,1,INDUSTRIAL,,,,,,,,,unknown
1080,23.646790000000003,68.5542925,4,2,1.0,0.6979969623531831,1.0,0.0333333333333333,4.0,0.5889292043338769,52.61191742001087,16.197499999999998,23.24,342.85249999999996,349.57,45.0,1,INDUSTRIAL,,,,,,,,,unknown
1081,24.23031333333333,74.71447333333333,3,1,1.0,0.3988178410221507,1.0,0.0333333333333333,3.0,0.7148893663447096,52.63112066022752,15.226666666666668,23.89,353.2133333333333,367.0,60.0,1,INDUSTRIAL,,,,,,,,,unknown
1082,24.5773825,73.31615,4,1,1.0,0.5679507443294889,1.0,0.0333333333333333,4.0,0.6377751365063673,53.588836063460676,8.47,14.12,336.72749999999996,341.65,50.0,1,INDUSTRIAL,,,,,,,,,unknown
1083,20.731003333333337,73.47520333333334,3,1,1.0,0.315629667564077,1.0,0.0333333333333333,3.0,0.7600923152269181,53.5351796378717,8.646666666666667,9.52,341.93,351.1,50.0,1,INDUSTRIAL,,,,,,,,,unknown
1084,20.8182375,73.6164975,4,1,1.0,0.3901866696962679,1.0,0.0333333333333333,4.0,0.7193278584799572,55.21989050293248,6.7375,8.06,333.7125,337.25,40.0,1,INDUSTRIAL,,,,,,,,,unknown
1085,25.35849,73.06619666666666,3,1,1.0,0.802558555645503,1.0,0.0333333333333333,3.0,0.5547669987574391,49.42867330848212,10.89,24.75,346.19666666666666,367.0,53.333333333333336,1,INDUSTRIAL,,,,,,,,,unknown
1086,27.30353,83.5929825,4,2,1.0,0.824282110453173,1.0,0.0333333333333333,4.0,0.5481608322912229,51.79654997915779,3.5425,10.4,316.07750000000004,337.57,45.0,1,INDUSTRIAL,,,,,,,,,unknown
1087,27.385386666666665,82.84541666666668,3,2,1.0,0.4020863384492324,1.0,0.0333333333333333,3.0,0.7132228398331325,52.59779012999599,4.486666666666666,11.04,322.89000000000004,351.99,50.0,1,INDUSTRIAL,,,,,,,,,unknown
1088,27.363125,82.9641125,4,2,1.0,1.0734081837590534,1.0,0.0333333333333333,4.0,0.482297700873842,50.479287350810175,3.6925,5.11,328.78499999999997,344.33,45.0,1,INDUSTRIAL,,,,,,,,,unknown
1089,27.386996666666665,82.57465666666667,3,2,1.0,0.5495574101330195,1.0,0.0333333333333333,3.0,0.6453455634884521,51.24024460310238,0.89,1.39,307.4866666666667,309.17,50.0,1,INDUSTRIAL,,,,,,,,,unknown
1090,27.21070333333333,83.27791666666667,3,1,1.0,0.3427510014998744,1.0,0.0333333333333333,3.0,0.7447397163606535,53.228127660546406,2.18,2.18,314.49333333333334,325.13,50.0,1,INDUSTRIAL,,,,,,,,,unknown
1091,27.16204666666667,83.16360666666667,3,3,1.9729166666666669,0.8489234762311074,1.0,0.0657638888888888,1.5205913410770855,0.5408552667839046,46.262680910593026,1.6166666666666665,1.9,311.37333333333333,323.08,50.0,1,INDUSTRIAL,,,,,,,,,unknown
1092,27.211354,82.620554,5,2,1.0,0.7237314287739952,1.0,0.0333333333333333,5.0,0.5801367796091358,54.936068925516054,3.984,7.09,328.464,349.47,50.0,1,INDUSTRIAL,,,,,,,,,unknown
1093,27.140105,83.17081250000001,4,2,1.0,0.3671387432162057,1.0,0.0333333333333333,4.0,0.7314546566411332,55.462426466156,13.005,23.99,332.80999999999995,352.82,45.0,1,INDUSTRIAL,,,,,,,,,unknown
1094,27.0302825,83.6559775,4,2,1.0,0.5508747262051378,1.0,0.0333333333333333,4.0,0.6447974056853176,53.72928144703969,0.6825,0.87,304.95,306.67,50.0,1,INDUSTRIAL,,,,,,,,,unknown
1095,26.975403333333333,83.69235333333333,3,2,1.5034722222222223,0.5464377385025802,1.0,0.0501157407407407,1.995381062355658,0.6466474369464773,49.174294913337214,1.9766666666666663,4.23,317.67,337.22,43.333333333333336,1,INDUSTRIAL,,,,,,,,,unknown
1096,26.92577,83.66558000000002,6,1,1.0,1.3740177349738194,1.0,0.0333333333333333,6.0,0.4212268447990461,54.25787022931425,4.715,18.05,325.0516666666667,367.0,55.0,1,INDUSTRIAL,,,,,,,,,unknown
1097,26.923875,83.27515666666666,6,2,1.0,0.7096970230519108,1.0,0.0333333333333333,6.0,0.5848989537426582,57.531312408186494,6.165,8.21,340.4316666666667,349.27,40.0,1,INDUSTRIAL,,,,,,,,,unknown
1098,26.918758571428572,82.74390285714286,7,2,1.0,1.011454377124997,1.0,0.0333333333333333,7.0,0.4971527126701802,58.276387586736945,3.858571428571428,8.1,325.9528571428571,350.93,47.142857142857146,1,INDUSTRIAL,,,,,,,,,unknown
1099,26.79107,83.19261,4,2,1.5034722222222223,0.7025863014784817,1.0,0.0501157407407407,2.6605080831408774,0.5873417395239384,49.65099851684948,3.0725,8.99,317.25,344.11,45.0,1,INDUSTRIAL,,,,,,,,,unknown
1100,26.776176666666668,83.03904333333334,3,2,1.0,0.4055675721291157,1.0,0.0333333333333333,3.0,0.7114563681098783,52.5624606955309,4.183333333333333,5.85,333.94666666666666,349.01,50.0,1,INDUSTRIAL,,,,,,,,,unknown
1101,26.65769,83.77050333333334,3,1,1.0,0.228362324311543,1.0,0.0333333333333333,3.0,0.8140920477681268,54.61517428869587,4.65,7.11,323.34999999999997,332.28,50.0,1,INDUSTRIAL,,,,,,,,,unknown
1102,26.637641428571424,83.61593857142857,7,2,1.0,1.285309446670534,1.0,0.0333333333333333,7.0,0.4375775024502258,57.08488338233785,8.258571428571429,17.96,349.2042857142857,367.0,52.857142857142854,1,INDUSTRIAL,,,,,,,,,unknown
1103,26.6862925,83.1587325,4,2,1.0,0.9638236666366692,1.0,0.0333333333333333,4.0,0.5092106877969569,51.01754708927248,1.5875,2.08,309.395,315.95,50.0,1,INDUSTRIAL,,,,,,,,,unknown
1104,26.659738695652173,83.1704556521739,23,2,1.0,2.435109034138311,1.0,0.0333333333333333,23.0,0.2911115746434662,61.65556482620266,21.96130434782609,49.7,348.41695652173905,367.0,52.608695652173914,1,INDUSTRIAL,,,,,,,,,unknown
1105,26.563746666666663,83.68054,3,1,1.0,0.519959223872524,1.0,0.0333333333333333,3.0,0.6579123862627172,51.49158105858768,3.3033333333333332,3.89,328.06666666666666,331.62,50.0,1,INDUSTRIAL,,,,,,,,,unknown
1106,26.5751325,83.60315250000001,4,1,1.0,1.1435840240662098,1.0,0.0333333333333333,4.0,0.4665084217706935,50.1635017687472,1.63,2.48,311.61,318.17,50.0,1,INDUSTRIAL,,,,,,,,,unknown
1107,26.565056666666667,83.64474333333334,3,1,1.0,0.2519405040134849,1.0,0.0333333333333333,3.0,0.7987600024076134,54.3085333814856,2.3733333333333335,4.44,321.0,329.84,50.0,1,INDUSTRIAL,,,,,,,,,unknown
1108,26.547493333333335,83.68665666666666,3,1,1.0,0.7946342762382758,1.0,0.0333333333333333,3.0,0.5572165946234434,49.477665225802205,1.3633333333333333,1.89,310.7966666666667,315.32,50.0,1,INDUSTRIAL,,,,,,,,,unknown
1109,26.570003333333336,83.25349333333334,3,2,1.0,0.6443865465327515,1.0,0.0333333333333333,3.0,0.6081295192474885,50.49592371828311,1.3066666666666666,1.72,309.83666666666664,312.83,50.0,1,INDUSTRIAL,,,,,,,,,unknown
1110,26.44805535714286,83.85460321428572,28,2,1.0,2.9078195354489114,1.0,0.0333333333333333,28.0,0.2558971802379111,60.95127693809156,8.354285714285714,37.83,331.25714285714287,367.0,50.714285714285715,1,INDUSTRIAL,,,,,,,,,unknown
1111,26.54064928571429,83.18036214285713,14,2,1.0,1.5635952458312878,1.0,0.0333333333333333,14.0,0.3900771783791218,63.63487690091577,7.263571428571427,18.24,333.3507142857143,367.0,49.285714285714285,1,INDUSTRIAL,,,,,,,,,unknown
1112,26.41718142857143,83.97759857142857,7,2,1.0,0.6525437056672323,1.0,0.0333333333333333,7.0,0.6051277170888737,60.43588767511081,5.481428571428572,7.45,332.83142857142855,345.05,47.142857142857146,1,INDUSTRIAL,,,,,,,,,unknown
1113,26.41311333333333,84.00223833333332,6,1,1.0,0.8217635162463185,1.0,0.0333333333333333,6.0,0.5489186664910635,56.8117066631546,1.5516666666666663,1.74,309.845,314.79,50.0,1,INDUSTRIAL,,,,,,,,,unknown
1114,26.42480333333333,83.88415666666667,3,2,1.0,0.2969064837184386,1.0,0.0333333333333333,3.0,0.7710656184961308,53.75464570325595,3.3633333333333333,5.97,326.68,340.18,43.333333333333336,1,INDUSTRIAL,,,,,,,,,unknown
1115,26.461336,83.53743,5,2,1.0,1.3624055291235972,1.0,0.0333333333333333,5.0,0.4232973499562452,51.79928033245824,4.069999999999999,12.02,321.49600000000004,354.28,50.0,1,INDUSTRIAL,,,,,,,,,unknown
1116,26.48079,83.27593999999999,3,2,1.0,0.3019146091078014,1.0,0.0333333333333333,3.0,0.768099530494782,53.69532394322898,3.8433333333333337,7.18,326.00666666666666,344.27,43.333333333333336,1,INDUSTRIAL,,,,,,,,,unknown
1117,26.449774285714287,83.48659857142857,7,2,1.0,0.5574200523369394,1.0,0.0333333333333333,7.0,0.6420875334817222,61.175084002967786,8.155714285714284,12.02,346.07571428571424,367.0,58.57142857142857,1,INDUSTRIAL,,,,,,,,,unknown
1118,26.376959999999997,84.04497666666667,3,1,1.0,0.3181016008143156,1.0,0.0333333333333333,3.0,0.7586668579889485,53.50667049311231,7.253333333333333,16.48,328.80333333333334,352.12,50.0,1,INDUSTRIAL,,,,,,,,,unknown
1119,26.43225375,83.5990575,8,2,1.0,0.6342354311307313,1.0,0.0333333333333333,8.0,0.6119069388356717,63.07147211004677,5.90625,8.97,345.15,367.0,46.25,1,INDUSTRIAL,,,,,,,,,unknown
1120,26.43288,83.36069,3,2,1.0,0.5454688372097469,1.0,0.0333333333333333,3.0,0.6470528398394892,51.27439013012312,3.64,7.67,325.20666666666665,349.25,50.0,1,INDUSTRIAL,,,,,,,,,unknown
1121,26.387126,83.619706,5,2,1.0,0.6516560838144115,1.0,0.0333333333333333,5.0,0.6054529207379259,55.44239174809186,9.916,21.28,331.85799999999995,353.82,46.0,1,INDUSTRIAL,,,,,,,,,unknown
1122,26.39921666666667,83.46801333333333,3,2,1.0,0.544349941349856,1.0,0.0333333333333333,3.0,0.64752163562485,51.28376604583033,3.026666666666667,4.2,316.21666666666664,321.61,50.0,1,INDUSTRIAL,,,,,,,,,unknown
1123,26.370505,83.59886999999999,4,2,1.0,0.3271157338484935,1.0,0.0333333333333333,4.0,0.753513785191972,55.90360903717277,4.5075,5.23,338.3025,347.12,45.0,1,INDUSTRIAL,,,,,,,,,unknown
1124,31.110598571428575,77.40181,7,2,1.0,0.8852540001836334,1.0,0.0333333333333333,7.0,0.5304325040034896,58.94198341340313,10.021428571428572,26.46,319.9757142857143,343.17,50.0,1,INDUSTRIAL,,,,,,,,,unknown
1125,30.33872,79.13205500000001,4,1,1.0,0.3698920607795619,1.0,0.0333333333333333,4.0,0.729984521138791,55.43302375610916,1.87,2.77,304.83000000000004,317.63,50.0,1,INDUSTRIAL,,,,,,,,,unknown
1126,30.345438,78.905064,5,2,1.0,0.8679025305214388,1.0,0.0333333333333333,5.0,0.5353598400666242,54.04053013466582,5.223999999999999,10.7,317.11800000000005,341.39,50.0,1,INDUSTRIAL,,,,,,,,,unknown
1127,30.27185,78.70096000000001,4,2,1.0576388888888888,1.0170332484323548,1.0,0.0352546296296296,3.782009192383454,0.4957776480765518,50.25194168323041,1.5599999999999998,1.76,302.495,304.37,50.0,1,INDUSTRIAL,,,,,,,,,unknown
1128,26.444698181818183,77.31141090909091,11,2,1.0,1.2302993633146475,1.0,0.0333333333333333,11.0,0.448370302412592,64.80073938158517,30.70363636363636,48.02,353.46818181818185,367.0,63.63636363636363,1,INDUSTRIAL,,,,,,,,,unknown
1129,25.850046666666668,82.90850666666667,3,1,1.0,0.3453143831182058,1.0,0.0333333333333333,3.0,0.7433206784589437,53.19974690251221,1.106666666666667,1.28,307.0566666666667,307.31,50.0,1,INDUSTRIAL,,,,,,,,,unknown
1130,25.825239999999997,83.70964000000001,5,2,1.0,1.069527996249174,1.0,0.0333333333333333,5.0,0.4832019677010442,52.997372687354215,11.812,25.27,339.34800000000007,367.0,52.0,1,INDUSTRIAL,,,,,,,,,unknown
1131,26.16674,83.39269,3,1,1.0,0.2431167525222077,1.0,0.0333333333333333,3.0,0.8044296708020877,54.421926749375096,0.88,1.23,307.22,311.41,50.0,1,INDUSTRIAL,,,,,,,,,unknown
1132,26.183683333333335,83.37703666666667,3,1,1.0,0.7058259429817584,1.0,0.0333333333333333,3.0,0.5862262818280363,50.05785896989406,2.72,4.04,318.65000000000003,330.28,50.0,1,INDUSTRIAL,,,,,,,,,unknown
1133,26.158716666666663,83.93095333333333,3,2,1.0,0.3181625519735743,1.0,0.0333333333333333,3.0,0.7586317776231647,53.50596888579663,1.9066666666666665,3.24,313.15000000000003,328.07,50.0,1,INDUSTRIAL,,,,,,,,,unknown
1134,26.166616,83.967996,5,2,1.0,0.3256947262616904,1.0,0.0333333333333333,5.0,0.7543214740092444,58.419762813518226,4.58,8.89,333.096,347.72,46.0,1,INDUSTRIAL,,,,,,,,,unknown
1135,29.788273333333336,80.29872333333333,3,1,1.0,0.3877813251313285,1.0,0.0333333333333333,3.0,0.7205746192797111,52.74482571892756,1.7033333333333331,2.03,307.67,312.0,50.0,1,INDUSTRIAL,,,,,,,,,unknown
1136,29.766185,79.1162325,4,1,1.0,0.3738721613459365,1.0,0.0333333333333333,4.0,0.7278697597455744,55.39072852824483,2.3149999999999995,2.76,308.7025,310.55,50.0,1,INDUSTRIAL,,,,,,,,,unknown
1137,29.546436666666665,80.20901666666667,3,1,1.0,0.2804742323047015,1.0,0.0333333333333333,3.0,0.7809606587710233,53.952546508753805,1.6266666666666667,2.38,304.97999999999996,308.34,50.0,1,INDUSTRIAL,,,,,,,,,unknown
1138,29.5205975,80.05721249999999,4,2,1.0,0.5293888114141635,1.0,0.0333333333333333,4.0,0.6538559668651824,53.910452670636985,2.5825,4.08,318.52250000000004,334.72,45.0,1,INDUSTRIAL,,,,,,,,,unknown
1139,29.175196666666665,76.62981,3,1,1.0,0.3794299593246765,1.0,0.0333333333333333,3.0,0.7249371330818181,52.8320759949697,2.51,3.68,310.20666666666665,318.09,50.0,1,INDUSTRIAL,,,,,,,,,unknown
1140,28.479028,77.45546399999999,5,2,1.0576388888888888,0.3959601488351498,1.0,0.0352546296296296,4.727511490479317,0.7163528277182151,57.027201021303334,1.634,2.19,307.646,315.81,50.0,1,INDUSTRIAL,,,,,,,,,unknown
1141,27.680938,82.564734,5,2,1.0,0.5388180026438852,1.0,0.0333333333333333,5.0,0.6498494287705712,56.33032190874477,4.800000000000001,7.92,327.22999999999996,350.07,46.0,1,INDUSTRIAL,,,,,,,,,unknown
1142,27.656206000000005,82.61296,5,2,1.5048611111111112,0.995797585393108,1.0,0.050162037037037,3.3225657591139823,0.5010528158360469,49.581521640431816,3.126,4.04,327.492,342.38,50.0,1,INDUSTRIAL,,,,,,,,,unknown
1143,27.371255,84.0449575,4,2,1.0,0.8636848224937085,1.0,0.0333333333333333,4.0,0.5365714137554372,51.56476160844208,6.1175,9.35,326.48749999999995,349.8,45.0,1,INDUSTRIAL,,,,,,,,,unknown
1144,22.375673333333335,79.93940666666667,3,1,1.0,0.3386106627216444,1.0,0.0333333333333333,3.0,0.7470432052041287,53.27419743741591,1.9566666666666668,3.15,311.23333333333335,322.99,50.0,1,INDUSTRIAL,,,,10.827,0.0,0.0,0.0,7.0,population
1145,19.935655,83.55074499999999,4,2,1.0,0.610294424174418,1.0,0.0333333333333333,4.0,0.6210044479988125,53.25342229330958,1.88,2.21,307.845,312.62,50.0,1,INDUSTRIAL,,,,,0.0,0.0,0.0,0.0,unknown
1146,20.8229125,75.851595,4,1,1.0,0.3530604722256869,1.0,0.0333333333333333,4.0,0.7390652676114853,55.61463868556304,1.77,2.06,311.77,323.65,50.0,1,INDUSTRIAL,,,,,,,,,unknown
1147,19.802636666666668,83.65127333333334,3,2,1.0,0.5123723650613186,1.0,0.0333333333333333,3.0,0.6612128223854814,51.55758978104296,1.5733333333333333,1.99,309.40333333333336,312.67,50.0,1,INDUSTRIAL,,8.412,,5.653,0.0,6.0,0.0,12.0,population
1148,19.807053333333332,81.73554999999999,3,2,1.0,0.3211633969688299,1.0,0.0333333333333333,3.0,0.756908647555873,53.4715062844508,1.8033333333333337,3.11,323.1266666666666,333.98,50.0,1,INDUSTRIAL,,,,,,,,,unknown
1149,20.335089999999997,72.96749,3,1,1.0,0.1812655384650492,1.0,0.0333333333333333,3.0,0.8465497108291267,55.26432754991587,4.153333333333333,7.02,311.48333333333335,320.69,50.0,1,INDUSTRIAL,,,,,,,,,unknown
1150,18.9119925,82.6470125,4,1,1.0,0.4144484986168844,1.0,0.0333333333333333,4.0,0.7069893325758047,54.973119984849426,1.71,1.83,313.3175,316.69,50.0,1,INDUSTRIAL,,7.828,8.413,6.036,0.0,47.0,5.0,47.0,population
1151,19.085346666666663,81.21619333333332,3,1,1.0,0.5728077730090401,1.0,0.0333333333333333,3.0,0.6358056064835155,51.04944546300365,3.4600000000000004,3.97,311.67,315.0,50.0,1,INDUSTRIAL,,12.249,,5.819,0.0,1.0,0.0,9.0,population
1152,18.795693333333332,82.58589333333333,3,1,1.0,0.2525064452280479,1.0,0.0333333333333333,3.0,0.7983990851383816,54.30131503610097,1.5066666666666666,1.93,308.06333333333333,310.38,50.0,1,INDUSTRIAL,,3.045,11.565,4.312,0.0,62.0,3.0,57.0,forest
1153,18.550673333333332,81.22087,3,1,1.0,0.5147512093762868,1.0,0.0333333333333333,3.0,0.6601744192775786,51.53682171888491,1.6833333333333331,2.09,307.51666666666665,308.62,50.0,1,INDUSTRIAL,9.178,,,10.128,3.0,0.0,0.0,7.0,industrial
1154,19.14464333333333,75.12503666666667,3,1,1.0,0.3801263968976168,1.0,0.0333333333333333,3.0,0.7245713162561762,52.824759658456856,3.9,3.92,320.9366666666667,345.79,50.0,1,INDUSTRIAL,,,,,,,,,unknown
1155,18.205473333333337,82.37674666666668,3,2,1.0,0.3043594268951746,1.0,0.0333333333333333,3.0,0.7666598480300365,53.666530293934066,1.43,1.64,308.25,311.68,50.0,1,INDUSTRIAL,,,,,0.0,0.0,0.0,0.0,unknown
1156,25.469985,84.30096749999998,8,2,1.0,0.7990831744753738,1.0,0.0333333333333333,8.0,0.5558386706004338,61.950106745342005,9.33625,16.17,344.00125,352.04,40.0,1,INDUSTRIAL,,,,,,,,,unknown
1157,25.28279,84.9636675,4,1,1.0,0.2767703407993165,1.0,0.0333333333333333,4.0,0.78322621386549,56.49785761064313,2.83,4.56,319.52500000000003,344.92,50.0,1,INDUSTRIAL,,,,,,,,,unknown
1158,25.3484175,84.2012525,4,2,1.0,0.6007846276431932,1.0,0.0333333333333333,4.0,0.6246936550560722,53.32720643445478,2.5825,4.0,324.0075,343.46,45.0,1,INDUSTRIAL,,,,,,,,,unknown
1159,25.3326675,84.20878375,8,2,1.0,1.395049434728447,1.0,0.0333333333333333,8.0,0.4175279163343786,59.183891660020905,4.58875,7.88,331.32624999999996,352.89,45.0,1,INDUSTRIAL,,,,,,,,,unknown
1160,25.31734909090909,84.14069181818182,11,2,1.0,2.106622032034904,1.0,0.0333333333333333,11.0,0.3218930367737651,62.27119406880863,13.184545454545455,59.91,342.7427272727273,367.0,55.45454545454545,1,INDUSTRIAL,,,,,,,,,unknown
1161,25.306694545454548,84.17708,11,2,1.0,1.3445329463737512,1.0,0.0333333333333333,11.0,0.4265241832266349,64.36381699786602,5.13909090909091,13.02,325.49999999999994,348.39,48.18181818181818,1,INDUSTRIAL,,,,,,,,,unknown
1162,25.317709130434785,84.07173913043476,23,2,1.0,2.122376687191709,1.0,0.0333333333333333,23.0,0.3202688529228701,62.23871039179074,20.437391304347827,51.88,352.4608695652174,367.0,53.04347826086956,1,INDUSTRIAL,,,,,,,,,unknown
1163,25.3018875,84.141885,4,2,1.0,0.3743800382361386,1.0,0.0333333333333333,4.0,0.7276007888497762,55.38534911032886,2.8925,4.84,328.4475,349.97,45.0,1,INDUSTRIAL,,,,,,,,,unknown
1164,25.055942,85.762474,5,2,1.0,0.6889507183036626,1.0,0.0333333333333333,5.0,0.5920835872608371,55.17500507855008,0.7779999999999999,0.82,308.944,314.2,50.0,1,INDUSTRIAL,,,,,,,,,unknown
1165,25.285386666666668,84.00403,3,2,1.5048611111111112,0.6154135696626384,1.0,0.050162037037037,1.9935394554683896,0.6190365233893876,48.61863003238465,6.249999999999999,16.97,320.8066666666667,350.45,43.333333333333336,1,INDUSTRIAL,,,,,,,,,unknown
1166,25.270954,84.03365600000001,5,2,1.0,0.7484957296397724,1.0,0.0333333333333333,5.0,0.5719201843324041,54.771737019981416,3.4520000000000004,6.9,322.68600000000004,346.07,46.0,1,INDUSTRIAL,,,,,,,,,unknown
1167,25.25798375,84.05971625000001,8,2,1.0,0.939046622005592,1.0,0.0333333333333333,8.0,0.5157173575154586,61.147680483642496,4.06375,9.58,329.23125,351.84,47.5,1,INDUSTRIAL,,,,,,,,,unknown
1168,25.242854,84.19653600000001,5,3,1.4548611111111112,0.8260392283406506,1.0,0.0484953703703703,3.4367541766109784,0.5476333610361236,50.75693692150918,5.5,13.4,326.948,355.8,50.0,1,INDUSTRIAL,,,,,,,,,unknown
1169,25.33547333333333,83.44991333333333,3,2,1.0,0.6000752079794607,1.0,0.0333333333333333,3.0,0.6249706232638763,50.83274579861086,1.346666666666667,1.61,308.31,310.41,50.0,1,INDUSTRIAL,,,,,,,,,unknown
1170,25.258506,83.900268,5,2,1.0,0.8851970647936963,1.0,0.0333333333333333,5.0,0.5304485237512468,53.942303808358275,4.0920000000000005,10.52,323.11199999999997,346.62,42.0,1,INDUSTRIAL,,,,,,,,,unknown
1171,25.188791666666663,84.03933333333333,6,2,1.0,0.7691944572889519,1.0,0.0333333333333333,6.0,0.5652289921438953,57.13791317621124,1.9016666666666664,4.01,315.3483333333333,326.04,50.0,1,INDUSTRIAL,,,,,,,,,unknown
1172,25.2349,83.6668675,4,1,1.0,0.4485200659883135,1.0,0.0333333333333333,4.0,0.6903597840860479,54.6405290150543,1.365,1.64,306.9875,309.12,50.0,1,INDUSTRIAL,,,,,,,,,unknown
1173,25.191546666666664,83.99090333333334,3,2,1.0,0.6013845635455682,1.0,0.0333333333333333,3.0,0.6244596224818951,50.82252578297124,4.223333333333334,9.1,326.0266666666667,348.63,50.0,1,INDUSTRIAL,,,,,,,,,unknown
1174,25.2184075,83.7257925,4,3,1.4548611111111112,0.852762498742505,1.0,0.0484953703703703,2.7494033412887826,0.539734585883897,48.88058433015915,2.62,6.72,316.435,345.25,45.0,1,INDUSTRIAL,,,,,,,,,unknown
1175,25.16615625,83.87100125,8,2,1.0,0.8626621002949676,1.0,0.0333333333333333,8.0,0.5368660262329071,61.57065385799147,8.37875,10.98,340.6225,355.42,40.0,1,INDUSTRIAL,,,,,,,,,unknown
1176,25.180502500000003,83.71831250000001,4,1,1.0,0.4081098235824572,1.0,0.0333333333333333,4.0,0.7101718795312709,55.036770923958755,2.7575000000000003,4.19,320.4075,326.36,50.0,1,INDUSTRIAL,,,,,,,,,unknown
1177,25.765539473684207,78.53610157894737,19,2,1.05625,2.032373044881108,1.0,0.0352083333333333,17.988165680473376,0.329774729295949,62.47570291925232,4.72578947368421,12.55,319.01,346.66,47.89473684210526,1,INDUSTRIAL,,,,,,,,,unknown
1178,25.09539,83.67833555555555,9,2,1.0,1.7129312533462462,1.0,0.0333333333333333,9.0,0.3686049909176861,60.70543315168706,2.0066666666666664,4.33,312.91,340.37,47.77777777777778,1,INDUSTRIAL,,,,,,,,,unknown
1179,25.700978333333335,78.73337500000001,6,2,1.05625,0.8805515152185704,1.0,0.0352083333333333,5.680473372781066,0.531758897274225,55.71656971077049,3.931666666666666,10.74,315.2916666666667,343.33,46.666666666666664,1,INDUSTRIAL,,,,,,,,,unknown
1180,25.63492631578947,78.75585157894737,19,2,1.05625,1.582474823956701,1.0,0.0352083333333333,17.988165680473376,0.3872254593629937,63.62471752059321,3.2878947368421056,8.96,314.07684210526315,350.32,50.0,1,INDUSTRIAL,,,,,,,,,unknown
1181,25.00146666666667,83.88649333333335,3,2,1.0,0.6953362452943685,1.0,0.0333333333333333,3.0,0.5898534894040242,50.13040312141381,1.1133333333333335,1.25,306.3933333333333,308.11,50.0,1,INDUSTRIAL,,,,,,,,,unknown
1182,25.643145000000004,78.63418250000001,4,2,1.0,0.8459348151762914,1.0,0.0333333333333333,4.0,0.5417309385892358,51.667952105118054,7.094999999999999,10.27,342.3725,367.0,57.5,1,INDUSTRIAL,,,,,,,,,unknown
1183,25.04392,83.54177333333334,3,2,1.0,0.2637033275033512,1.0,0.0333333333333333,3.0,0.7913249717998769,54.15983276933088,1.106666666666667,1.63,307.95666666666665,308.62,50.0,1,INDUSTRIAL,,,,,,,,,unknown
1184,24.99461666666667,83.87183333333333,3,1,1.0,0.3143497874775057,1.0,0.0333333333333333,3.0,0.7608324736135846,53.54998280560503,1.36,1.36,313.2,321.04,50.0,1,INDUSTRIAL,,,,,,,,,unknown
1185,24.96579142857143,83.71172,7,2,1.0,1.0163907790070312,1.0,0.0333333333333333,7.0,0.4959356144707468,58.25204562274827,4.644285714285714,13.7,327.6542857142857,348.83,47.142857142857146,1,INDUSTRIAL,,,,,,,,,unknown
1186,25.726181666666665,76.639605,12,2,1.05625,0.9831775027468972,1.0,0.0352083333333333,11.360946745562131,0.5042412989331017,65.96503431199537,7.5925,25.22,321.7124999999999,367.0,55.0,1,INDUSTRIAL,,,,,,,,,unknown
1187,24.915303333333338,83.83344666666666,3,1,1.0,0.5778628605854489,1.0,0.0333333333333333,3.0,0.6337686404691476,51.008706142716285,1.7433333333333334,2.14,312.33,320.82,50.0,1,INDUSTRIAL,,,,,,,,,unknown
1188,25.48715,78.61416,4,2,1.0,0.6643650009389105,1.0,0.0333333333333333,4.0,0.6008297455401157,52.84992824413565,17.6175,29.2,350.50749999999994,367.0,65.0,1,INDUSTRIAL,,,,,,,,,unknown
1189,25.315665,79.38543499999999,6,2,1.0,0.6917561226012112,1.0,0.0333333333333333,6.0,0.5911017472556385,57.655368278446105,8.693333333333333,22.0,341.3766666666667,367.0,48.333333333333336,1,INDUSTRIAL,,,,,,,,,unknown
1190,25.3138675,79.2231275,4,2,1.0,0.5180435310399722,1.0,0.0333333333333333,4.0,0.6587426378444667,54.008186090222665,6.9275,9.83,339.1575,367.0,57.5,1,INDUSTRIAL,,,,,,,,,unknown
1191,25.54633,76.23846333333334,3,1,1.0,0.647133119293607,1.0,0.0333333333333333,3.0,0.6071154712916356,50.47564275916605,10.85,31.7,318.05333333333334,345.56,43.333333333333336,1,INDUSTRIAL,,,,,,,,,unknown
1192,25.46162,75.82504,3,1,1.0,0.3691726170479684,1.0,0.0333333333333333,3.0,0.7303680978926308,52.940695291185946,1.3533333333333335,2.0,310.18666666666667,312.7,50.0,1,INDUSTRIAL,,,,,,,,,unknown
1193,25.30614833333333,77.207345,6,2,1.05625,0.6675421906624321,1.0,0.0352083333333333,5.680473372781066,0.5996849768477218,57.07509130224043,3.0083333333333333,5.69,315.6066666666666,337.83,50.0,1,INDUSTRIAL,,,,,,,,,unknown
1194,25.269816666666667,77.04413666666666,3,1,1.0,0.2359895330175062,1.0,0.0333333333333333,3.0,0.8090683402137163,54.51470013760766,1.0366666666666668,1.09,307.8733333333334,310.44,50.0,1,INDUSTRIAL,,,,,,,,,unknown
1195,25.300273333333337,76.47263,3,1,1.0,0.7005172386266669,1.0,0.0333333333333333,3.0,0.5880563732524096,50.094460798381526,1.1533333333333335,1.35,306.9866666666667,308.35,50.0,1,INDUSTRIAL,,,,,,,,,unknown
1196,25.258672,76.49206799999999,5,1,1.0,0.3801751269133553,1.0,0.0333333333333333,5.0,0.7245457337261361,57.82424800785606,0.938,1.73,305.936,318.52,50.0,1,INDUSTRIAL,,,,,,,,,unknown
1197,25.30859,75.78607666666666,3,1,1.0,0.4387387838778062,1.0,0.0333333333333333,3.0,0.6950532029898565,52.23439739313047,2.9600000000000004,4.4,315.37999999999994,327.19,50.0,1,INDUSTRIAL,,,,,,,,,unknown
1198,25.23939428571429,76.42599857142856,7,1,1.0,1.3259193682202972,1.0,0.0333333333333333,7.0,0.4299375178964871,56.93208369126308,3.141428571428571,6.76,311.55999999999995,324.88,50.0,1,INDUSTRIAL,,,,,,,,,unknown
1199,25.2335925,76.45802499999999,4,1,1.0,0.4116599666755842,1.0,0.0333333333333333,4.0,0.7083858886747134,55.0010511068276,1.0625,1.09,306.755,318.28,50.0,1,INDUSTRIAL,,,,,,,,,unknown
1200,25.181686666666664,77.06612,3,1,1.0,0.6051942291747957,1.0,0.0333333333333333,3.0,0.622977569832209,50.79288472997752,7.276666666666666,19.97,326.8333333333333,355.54,50.0,1,INDUSTRIAL,,,,,,,,,unknown
1201,25.2931025,75.58679000000001,4,2,1.0,0.260542995424935,1.0,0.0333333333333333,4.0,0.7933089181641879,56.69951169661709,2.2875,3.26,315.46000000000004,333.02,45.0,1,INDUSTRIAL,,,,,,,,,unknown
1202,25.198155454545457,76.45389545454545,11,1,1.0,0.6075622132426957,1.0,0.0333333333333333,11.0,0.6220599064610066,68.27453146255347,2.641818181818182,4.09,315.28818181818184,331.58,50.0,1,INDUSTRIAL,,,,,,,,,unknown
1203,25.185547142857143,76.03166714285715,7,2,1.0583333333333331,1.215113874632354,1.0,0.0352777777777777,6.6141732283464565,0.4514440595817999,56.44625870694659,1.5942857142857143,3.24,312.35714285714283,340.56,50.0,1,INDUSTRIAL,,,,,,,,,unknown
1204,25.009083333333336,77.92164333333334,3,1,1.0,0.7420812041707917,1.0,0.0333333333333333,3.0,0.5740260543572004,49.81385442047734,7.896666666666668,18.35,325.24666666666667,349.55,50.0,1,INDUSTRIAL,,,,,,,,,unknown
1205,25.089620476190476,76.94371619047618,21,2,1.0,1.8850222881095344,1.0,0.0333333333333333,21.0,0.3466177728059318,62.76568878945197,2.3252380952380953,10.3,316.80619047619047,352.16,50.0,1,INDUSTRIAL,,,,,,,,,unknown
1206,25.142554444444443,76.37309666666665,9,2,1.0,0.7558506975126156,1.0,0.0333333333333333,9.0,0.5695245053674702,64.72382344068274,3.214444444444444,10.55,312.2755555555556,335.71,47.77777777777778,1,INDUSTRIAL,,,,,,,,,unknown
1207,25.122742727272733,76.48773181818181,22,2,1.0583333333333331,2.0838830033061453,1.0,0.0352777777777777,20.787401574803148,0.3242665168970184,62.3672747823848,3.136363636363637,14.97,313.43363636363637,350.85,50.0,1,INDUSTRIAL,,,,,,,,,unknown
1208,25.110956666666667,76.34558666666668,3,1,1.0,0.3039357642791753,1.0,0.0333333333333333,3.0,0.766908943979159,53.67151221291652,1.9433333333333336,2.97,321.1766666666667,330.01,50.0,1,INDUSTRIAL,,,,,,,,,unknown
1209,25.07729761904762,76.55896619047618,21,2,1.0583333333333331,2.431579530309325,1.0,0.0352777777777777,19.84251968503937,0.2914109934412213,61.71016431326887,6.820000000000001,18.52,329.3676190476191,367.0,48.57142857142857,1,INDUSTRIAL,,,,,,,,,unknown
1210,25.019362777777776,77.12261444444444,18,2,1.0583333333333331,1.1173864309806498,1.0,0.0352777777777777,17.00787401574803,0.47228034777613,65.32755139996705,3.0116666666666667,6.2,313.58333333333337,342.39,50.0,1,INDUSTRIAL,,,,,,,,,unknown
1211,25.067736666666665,76.59706,3,2,1.0,0.4607875213388435,1.0,0.0333333333333333,3.0,0.6845622552166096,52.024578437665525,5.62,7.93,332.3666666666666,346.5,43.333333333333336,1,INDUSTRIAL,,,,,,,,,unknown
1212,25.03626,76.60049,3,2,1.0,0.394502866820072,1.0,0.0333333333333333,3.0,0.7171014300460571,52.67536193425448,5.276666666666666,7.55,336.18,367.0,60.0,1,INDUSTRIAL,,,,,,,,,unknown
1213,25.071796,76.085118,10,1,1.0,1.022133119060252,1.0,0.0333333333333333,10.0,0.494527284368267,65.72387902069867,2.415,4.45,310.883,325.23,50.0,1,INDUSTRIAL,,,,,,,,,unknown
1214,24.60908166666667,80.70243833333335,6,2,1.0,1.0322847289122448,1.0,0.0333333333333333,6.0,0.4920570359918206,55.67447405316975,3.6316666666666664,6.75,321.12166666666667,341.23,50.0,1,INDUSTRIAL,,,,,,,,,unknown
1215,25.028734705882353,76.35797352941177,17,2,1.0583333333333331,1.2919117042068946,1.0,0.0352777777777777,16.062992125984252,0.4363169829642479,64.6082841037294,7.237058823529413,25.14,325.7664705882353,367.0,52.35294117647059,1,INDUSTRIAL,,,,,,,,,unknown
1216,25.02437,76.33076333333332,3,1,1.0,0.2052769065622917,1.0,0.0333333333333333,3.0,0.8296848587701017,54.92703050873538,1.9466666666666663,2.29,305.02,309.87,50.0,1,INDUSTRIAL,,,,,,,,,unknown
1217,24.95399,77.17748999999999,6,2,1.0583333333333331,1.0348524806499542,1.0,0.0352777777777777,5.669291338582677,0.4914361161358433,54.883895113618,4.006666666666667,9.56,319.6066666666667,350.67,50.0,1,INDUSTRIAL,,,,,,,,,unknown
1218,24.549356666666668,80.71789000000001,3,2,1.0,0.2984348530956112,1.0,0.0333333333333333,3.0,0.7701580080170294,53.73649349367393,5.973333333333334,8.91,334.33,345.5,36.666666666666664,1,INDUSTRIAL,,,,,,,,,unknown
1219,23.75172,86.417268,5,2,1.0,0.2386067442391051,1.0,0.0333333333333333,5.0,0.8073587558368376,59.48050845007009,3.872,5.76,320.8,340.11,46.0,1,INDUSTRIAL,3.124,,,4.383,32.0,0.0,0.0,17.0,industrial
1220,24.298173333333335,82.62352333333332,3,2,1.0,0.3414033054569648,1.0,0.0333333333333333,3.0,0.7454879497701389,53.24309232873612,3.88,8.02,319.1233333333334,341.91,43.333333333333336,1,INDUSTRIAL,12.536,1.87,7.761,10.064,3.0,32.0,51.0,60.0,forest
1221,23.71706,86.42440333333333,3,2,1.0,0.5072947916406216,1.0,0.0333333333333333,3.0,0.6634402278478954,51.602137890291246,3.1733333333333333,3.82,311.1766666666667,312.83,50.0,1,INDUSTRIAL,4.632,,,4.843,19.0,0.0,0.0,18.0,industrial
1222,25.157576666666667,73.68322666666667,3,1,1.0,0.5705124554011091,1.0,0.0333333333333333,3.0,0.6367348419052173,51.06803017143768,1.43,2.78,305.22,310.06,50.0,1,INDUSTRIAL,,,,,,,,,unknown
1223,24.16617666666667,83.20833666666668,3,2,1.0,0.4288643003044766,1.0,0.0333333333333333,3.0,0.6998565222652073,52.33046377863748,23.993333333333336,52.13,334.66,350.04,36.666666666666664,1,INDUSTRIAL,,,,,,,,,unknown
1224,24.91788,76.27212,3,1,1.0,0.2282091857541887,1.0,0.0333333333333333,3.0,0.8141935523678275,54.61720438068989,0.8933333333333334,1.19,302.96666666666664,303.86,50.0,1,INDUSTRIAL,,,,,,,,,unknown
1225,24.90033166666667,76.40203333333334,6,2,1.0583333333333331,0.7004487753131675,1.0,0.0352777777777777,5.669291338582677,0.5880800495244747,56.81677378139063,1.285,2.25,306.6816666666667,310.83,50.0,1,INDUSTRIAL,,,,,,,,,unknown
1226,25.11588857142857,73.483685,14,2,1.0583333333333331,1.1280693496832206,1.0,0.0352777777777777,13.228346456692911,0.4699094980851341,65.28013440614713,4.2299999999999995,6.97,322.88999999999993,367.0,52.142857142857146,1,INDUSTRIAL,,,,,,,,,unknown
1227,24.762646666666665,77.45428333333334,3,2,1.0583333333333331,0.0336340002786635,1.0,0.0352777777777777,2.8346456692913384,0.9674604354446584,57.31776732656596,1.2933333333333332,2.01,310.28000000000003,322.18,50.0,1,INDUSTRIAL,,,,,,,,,unknown
1228,24.161536666666667,82.63129333333333,3,2,1.0,0.2693925159678543,1.0,0.0333333333333333,3.0,0.7877783959026616,54.08890125138657,4.766666666666667,5.84,323.2833333333333,329.75,50.0,1,INDUSTRIAL,3.709,3.323,3.707,5.297,4.0,33.0,50.0,60.0,forest
1229,24.781816,77.17174800000001,5,2,1.0,0.5644094182623182,1.0,0.0333333333333333,5.0,0.6392188568583019,56.11771047049937,4.496,10.02,326.826,354.96,50.0,1,INDUSTRIAL,,,,,,,,,unknown
1230,24.768403333333335,77.21469,3,1,1.0,0.5064526865466172,1.0,0.0333333333333333,3.0,0.6638110900730602,51.60955513479454,0.3933333333333333,0.49,302.58666666666664,303.93,50.0,1,INDUSTRIAL,,,,,,,,,unknown
1231,23.745076666666662,85.50565999999999,3,2,1.0,0.2321590604189504,1.0,0.0333333333333333,3.0,0.8115835301815552,54.56500393696444,1.4,1.61,308.09,311.56,50.0,1,INDUSTRIAL,,,,,,,,,unknown
1232,24.142032,82.633676,5,2,1.0,0.3724587830357942,1.0,0.0333333333333333,5.0,0.728619330766394,57.905719948661215,3.5780000000000003,4.87,313.842,317.91,50.0,1,INDUSTRIAL,5.525,5.165,5.437,6.987,4.0,31.0,41.0,60.0,forest
1233,24.13044,82.62096599999998,5,2,1.0,0.2955741791853863,1.0,0.0333333333333333,5.0,0.7718585443164409,58.77050421966216,2.9080000000000004,3.39,318.12199999999996,338.54,50.0,1,INDUSTRIAL,7.223,5.863,7.164,8.747,4.0,31.0,41.0,60.0,forest
1234,24.525974285714288,78.64015571428571,7,2,1.0,1.217418441722766,1.0,0.0333333333333333,7.0,0.4509748729351577,57.35283079203649,11.072857142857144,23.02,345.11857142857144,367.0,60.0,1,INDUSTRIAL,,,,,,,,,unknown
1235,24.760431666666666,76.27710333333333,6,2,1.0,0.6902595980438379,1.0,0.0333333333333333,6.0,0.5916250977999561,57.665835289332456,12.688333333333333,28.17,343.18499999999995,367.0,65.0,1,INDUSTRIAL,,,,,,,,,unknown
1236,24.680843333333332,76.77012666666666,3,2,1.0,0.2621101775889613,1.0,0.0333333333333333,3.0,0.7923238539366851,54.17981041206704,8.746666666666666,12.92,330.57,342.51,36.666666666666664,1,INDUSTRIAL,,,,,,,,,unknown
1237,24.533707142857143,77.94387714285715,7,2,1.0583333333333331,1.2836530154967862,1.0,0.0352777777777777,6.6141732283464565,0.4378948961221501,56.175275437753584,5.521428571428572,17.05,326.0371428571429,367.0,54.285714285714285,1,INDUSTRIAL,,,,,,,,,unknown
1238,24.276355,79.51043333333332,6,2,1.0,1.2801448754954448,1.0,0.0333333333333333,6.0,0.4385686237514681,54.604705808362695,6.8933333333333335,12.94,335.9783333333333,367.0,55.0,1,INDUSTRIAL,,,,,,,,,unknown
1239,23.604386666666667,84.67801666666666,6,2,1.0,0.8053443019450922,1.0,0.0333333333333333,6.0,0.5539109625363938,56.91155258406122,2.496666666666666,3.54,308.60166666666663,310.43,50.0,1,INDUSTRIAL,,,,,,,,,unknown
1240,23.6294575,84.46402,4,2,1.0,0.6512585790277673,1.0,0.0333333333333333,4.0,0.6055986704328178,52.9453067419897,3.0749999999999997,3.57,308.8775,309.89,50.0,1,INDUSTRIAL,,9.171,,,0.0,2.0,0.0,0.0,forest
1241,23.62313,84.1125275,4,2,1.0,0.5753417710640518,1.0,0.0333333333333333,4.0,0.6347828886201361,53.528991105736054,3.4825,8.4,316.73,340.51,50.0,1,INDUSTRIAL,,7.42,,9.07,0.0,5.0,0.0,6.0,forest
1242,23.90352333333333,81.78633,3,2,1.0,0.7166446020335884,1.0,0.0333333333333333,3.0,0.5825317592327324,49.98396851798799,3.5066666666666664,6.45,317.26,335.66,43.333333333333336,1,INDUSTRIAL,,,,,,,,,unknown
1243,23.800473333333333,82.52326000000001,3,1,1.0,0.34810101612578,1.0,0.0333333333333333,3.0,0.7417841749528793,53.16901683239092,3.2733333333333334,4.05,314.8533333333333,322.21,50.0,1,INDUSTRIAL,,13.454,,,0.0,2.0,0.0,0.0,forest
1244,23.566998,84.23606400000001,5,2,1.0,0.534935113049881,1.0,0.0333333333333333,5.0,0.6514933377301031,56.3632000879354,6.134,8.78,334.022,367.0,56.0,1,INDUSTRIAL,,6.962,,7.641,0.0,6.0,0.0,13.0,forest
1245,23.57200333333334,84.15127666666666,3,2,1.0,0.1591404706016929,1.0,0.0333333333333333,3.0,0.862708209541605,55.58749752416543,4.116666666666667,5.19,331.7033333333333,343.0,50.0,1,INDUSTRIAL,,7.113,,8.048,0.0,3.0,0.0,6.0,forest
1246,23.25905,86.12223333333333,3,1,1.0,0.5111346941553494,1.0,0.0333333333333333,3.0,0.6617543782613973,51.568420898561286,1.5366666666666664,1.79,309.3833333333333,310.91,50.0,1,INDUSTRIAL,,,,,,,,,unknown
1247,23.740663333333337,82.56957,3,2,1.50625,0.5417109703808575,1.0,0.0502083333333333,1.9917012448132776,0.6486300086150157,49.207061617666845,2.6,3.48,320.99666666666667,341.13,43.333333333333336,1,INDUSTRIAL,,11.02,,,0.0,7.0,0.0,0.0,forest
1248,23.49637,84.22777666666667,3,2,1.0,0.743879232258603,1.0,0.0333333333333333,3.0,0.5734342043312483,49.8020174199583,3.06,5.4,318.17,336.35,43.333333333333336,1,INDUSTRIAL,,,,,,,,,unknown
1249,23.696986666666664,82.61897,3,1,1.0,0.8296226629036476,1.0,0.0333333333333333,3.0,0.5465607856064595,49.26454904546252,4.5633333333333335,5.09,309.67333333333335,311.18,50.0,1,INDUSTRIAL,,10.158,,,0.0,7.0,0.0,0.0,forest
1250,24.284873636363635,77.28526818181818,11,2,1.0,1.2136218178550722,1.0,0.0333333333333333,11.0,0.4517483483104478,64.8683002995423,8.026363636363635,16.35,338.13909090909095,355.51,46.36363636363637,1,INDUSTRIAL,,,,,,,,,unknown
1251,24.113716666666665,78.21616,3,2,1.0,0.5160486761572189,1.0,0.0333333333333333,3.0,0.6596094279338937,51.525521892011206,7.44,10.03,332.37,354.54,43.333333333333336,1,INDUSTRIAL,,,,,,,,,unknown
1252,24.154605,77.50450833333333,6,2,1.0,1.1226487931424685,1.0,0.0333333333333333,6.0,0.4711094945290281,55.255523223913904,4.951666666666667,14.46,324.36833333333334,367.0,55.0,1,INDUSTRIAL,,,,,,,,,unknown
1253,24.01007,78.72061749999999,4,1,1.0,0.528844942242359,1.0,0.0333333333333333,4.0,0.6540885686767545,53.91510470686842,1.29,1.81,308.02250000000004,310.89,50.0,1,INDUSTRIAL,,,,,,,,,unknown
1254,24.1289925,77.55475,4,1,1.0,0.752745097195701,1.0,0.0333333333333333,4.0,0.570533617010224,52.24400567353782,2.3775000000000004,4.49,307.51,315.26,50.0,1,INDUSTRIAL,,,,,,,,,unknown
1255,24.04738,78.19437666666667,3,2,1.0,0.540701992140419,1.0,0.0333333333333333,3.0,0.6490547848326923,51.31442902998719,6.336666666666666,8.84,336.01666666666665,353.15,50.0,1,INDUSTRIAL,,,,,,,,,unknown
1256,23.503612,82.6864,5,2,1.0,0.6751806598539306,1.0,0.0333333333333333,5.0,0.596950540300051,55.27234413933435,7.097999999999999,11.79,329.20000000000005,343.69,42.0,1,INDUSTRIAL,,,,,0.0,0.0,0.0,0.0,unknown
1257,24.105641428571428,77.44004857142856,7,2,1.0583333333333331,0.8328177019180227,1.0,0.0352777777777777,6.6141732283464565,0.5456079996136612,58.32953750758381,3.0142857142857147,5.67,321.23,344.22,47.142857142857146,1,INDUSTRIAL,,,,,,,,,unknown
1258,23.9269025,78.934625,4,2,1.0,0.6852390891491426,1.0,0.0333333333333333,4.0,0.593387612736237,52.70108558805807,1.5675,1.78,305.38750000000005,313.61,50.0,1,INDUSTRIAL,,,,,,,,,unknown
1259,24.23362,75.6411825,4,2,1.575,0.7837526402933026,1.0,0.0525,2.5396825396825395,0.5606158485268282,48.87402331974291,6.2525,21.53,319.065,349.14,45.0,1,INDUSTRIAL,,,,,,,,,unknown
1260,23.93961,78.64114666666666,3,1,1.0,0.2786427781131327,1.0,0.0333333333333333,3.0,0.7820792617901302,53.974918569135944,1.7733333333333334,2.31,307.71999999999997,313.74,50.0,1,INDUSTRIAL,,,,,,,,,unknown
1261,23.976630625,77.867539375,16,2,1.0583333333333331,1.6931007583027629,1.0,0.0352777777777777,15.118110236220472,0.3713191929106346,63.30832830265714,4.5962499999999995,14.06,318.639375,345.12,47.5,1,INDUSTRIAL,,,,,0.0,0.0,0.0,0.0,unknown
1262,23.966823333333338,77.78162666666667,3,1,1.0,0.435138880856617,1.0,0.0333333333333333,3.0,0.696796674760224,52.269266828537816,3.943333333333334,5.4,317.67333333333335,322.94,50.0,1,INDUSTRIAL,,,,,0.0,0.0,0.0,0.0,unknown
1263,23.917720000000003,78.13460125,8,2,1.0,1.0936541883776274,1.0,0.0333333333333333,8.0,0.4776337971911684,60.386009277156695,9.0225,18.18,340.51374999999996,367.0,57.5,1,INDUSTRIAL,,,,,,,,,unknown
1264,24.217879999999997,74.82792615384616,13,2,1.0,1.2604533770034827,1.0,0.0333333333333333,13.0,0.4423891287355931,64.6811159080452,16.908461538461538,56.37,349.9346153846154,367.0,62.30769230769231,1,INDUSTRIAL,,,,,,,,,unknown
1265,23.942891,77.727341,10,2,1.0583333333333331,1.043551219485327,1.0,0.0352777777777777,9.448818897637794,0.4893442309960072,64.29087630845906,2.6100000000000003,3.5,311.65500000000003,320.29,50.0,1,INDUSTRIAL,,,,,0.0,0.0,0.0,0.0,unknown
1266,23.83028666666667,78.48796333333333,6,1,1.0,0.6802539098572354,1.0,0.0333333333333333,6.0,0.5951481464399426,57.73629626213219,2.643333333333333,3.91,316.58166666666665,329.25,50.0,1,INDUSTRIAL,,,,,,,,,unknown
1267,23.62288,80.38805,3,1,1.0,0.374888562206992,1.0,0.0333333333333333,3.0,0.7273316743538726,52.879966820410786,0.79,1.02,307.75666666666666,313.93,50.0,1,INDUSTRIAL,,,,,0.0,0.0,0.0,0.0,unknown
1268,23.887946666666668,77.82776,3,1,1.0,0.4347579880983336,1.0,0.0333333333333333,3.0,0.6969816570426811,52.27296647418696,1.15,1.15,303.95666666666665,304.29,50.0,1,INDUSTRIAL,,,,,0.0,0.0,0.0,0.0,unknown
1269,24.0165525,76.0974425,4,1,1.0,0.3520176362377034,1.0,0.0333333333333333,4.0,0.73963532220092,55.626039777351735,1.515,1.75,306.7725,308.15,50.0,1,INDUSTRIAL,,,,,,,,,unknown
1270,23.799453333333332,78.22139666666666,3,2,1.0,0.584334577009518,1.0,0.0333333333333333,3.0,0.6311798117084156,50.95692956750165,3.9066666666666663,9.31,318.86666666666673,344.17,50.0,1,INDUSTRIAL,,,,,,,,,unknown
1271,23.990643333333335,76.11705333333333,3,1,1.0,0.3722752696709936,1.0,0.0333333333333333,3.0,0.7287167684948169,52.907668703229675,2.67,3.51,316.5,321.43,50.0,1,INDUSTRIAL,,,,,,,,,unknown
1272,24.03403,75.54244666666666,3,1,1.0,0.4517626563662857,1.0,0.0333333333333333,3.0,0.6888178281861631,52.1096898970566,1.91,2.98,309.11333333333334,325.08,50.0,1,INDUSTRIAL,,,,,,,,,unknown
1273,23.82443166666667,77.65007166666666,6,2,1.0,0.5284977648625678,1.0,0.0333333333333333,6.0,0.6542371359567629,58.91807605246859,20.695000000000004,33.53,338.6616666666667,367.0,55.0,1,INDUSTRIAL,,,,,0.0,0.0,0.0,0.0,unknown
1274,23.960373333333333,76.08634,3,1,1.0,0.2392405252354077,1.0,0.0333333333333333,3.0,0.8069458508145856,54.47225034962505,8.23,12.31,348.04,367.0,60.0,1,INDUSTRIAL,,,,,,,,,unknown
1275,23.758619999999997,77.58874000000002,3,2,1.0583333333333331,0.5821387543325959,1.0,0.0352777777777777,2.8346456692913384,0.6320558151183374,50.60967492003954,10.726666666666668,24.1,335.16,367.0,60.0,1,INDUSTRIAL,,,,,0.0,0.0,0.0,0.0,unknown
1276,23.89565,76.07275,3,1,1.0,0.3235916102012096,1.0,0.0333333333333333,3.0,0.7555200503635575,53.443734340604486,1.8833333333333335,1.94,312.5333333333333,321.28,50.0,1,INDUSTRIAL,,,,,,,,,unknown
1277,23.698972,78.01659400000001,5,1,1.0,0.883448701692512,1.0,0.0333333333333333,5.0,0.5309409271945533,53.952151877224395,2.0620000000000003,3.31,309.98999999999995,320.88,50.0,1,INDUSTRIAL,,,,,,,,,unknown
1278,23.679952857142855,78.04210714285713,7,2,1.0,0.8731662491074877,1.0,0.0333333333333333,7.0,0.5338554442118912,59.01044221757116,8.121428571428572,12.77,338.04571428571427,367.0,58.57142857142857,1,INDUSTRIAL,,,,,,,,,unknown
1279,23.8017,76.3257525,4,2,1.0,0.5837223171964867,1.0,0.0333333333333333,4.0,0.631423822940252,53.46180979213837,5.445,11.14,325.9275,341.72,45.0,1,INDUSTRIAL,,,,,,,,,unknown
1280,23.654953333333335,77.66533,3,1,1.0,0.6025530241386059,1.0,0.0333333333333333,3.0,0.6240043137028265,50.81341960738987,1.2133333333333334,1.44,304.57666666666665,307.78,50.0,1,INDUSTRIAL,,,,,0.0,0.0,0.0,0.0,unknown
1281,23.62423,77.64925285714286,7,2,1.0,1.3729898283660282,1.0,0.0333333333333333,7.0,0.4214093073835764,56.76151948100486,2.8814285714285712,4.05,312.19,321.73,50.0,1,INDUSTRIAL,,,,,0.0,0.0,0.0,0.0,unknown
1282,23.78487,75.88350333333334,3,1,1.0,0.2490979691294482,1.0,0.0333333333333333,3.0,0.8005777166517566,54.34488766636847,5.986666666666667,6.92,333.74333333333334,349.57,50.0,1,INDUSTRIAL,,,,,,,,,unknown
1283,23.6343975,77.50527,4,1,1.0,0.4769642666234283,1.0,0.0333333333333333,4.0,0.6770644507779167,54.37462234889166,2.165,4.27,310.005,325.08,50.0,1,INDUSTRIAL,,,,,0.0,0.0,0.0,0.0,unknown
1284,23.6034425,77.8718,4,2,1.0,0.5151188176147811,1.0,0.0333333333333333,4.0,0.6600142433543783,54.0336182004209,2.27,6.48,313.6875,348.7,50.0,1,INDUSTRIAL,,,,,0.0,0.0,0.0,0.0,unknown
1285,23.546795,78.23456499999999,10,2,1.0,1.0623842368880705,1.0,0.0333333333333333,10.0,0.4848756997429824,65.53084732819299,6.784000000000001,10.63,332.48600000000005,348.68,50.0,1,INDUSTRIAL,,,,,,,,,unknown
1286,23.54323181818182,77.63517454545455,11,1,1.0,1.6256783472824898,1.0,0.0333333333333333,11.0,0.3808539614286627,63.45041256190659,3.787272727272728,4.51,315.6981818181818,336.07,50.0,1,INDUSTRIAL,,,,,0.0,0.0,0.0,0.0,unknown
1287,23.48745,78.24345666666666,3,2,1.0,0.5039219603939171,1.0,0.0333333333333333,3.0,0.6649281188354171,51.631895710041675,10.33,14.13,344.6466666666667,367.0,60.0,1,INDUSTRIAL,,,,12.588,0.0,0.0,0.0,8.0,population
1288,23.490410000000004,78.0040325,4,2,1.0,0.4111409403070026,1.0,0.0333333333333333,4.0,0.7086464373873553,55.00626208108043,10.385000000000002,18.26,339.615,367.0,65.0,1,INDUSTRIAL,,,,,0.0,0.0,0.0,0.0,unknown
1289,23.624666666666663,76.46112000000001,3,1,1.0,0.4877977571051597,1.0,0.0333333333333333,3.0,0.6721343645158611,51.77602062365055,0.8066666666666666,0.9,306.22999999999996,307.06,50.0,1,INDUSTRIAL,,,,,,,,,unknown
1290,23.473785,78.0246875,4,2,1.0,0.9848309104859608,1.0,0.0333333333333333,4.0,0.5038212548570007,50.90975843047335,3.73,6.61,316.41999999999996,331.95,50.0,1,INDUSTRIAL,,,,,0.0,0.0,0.0,0.0,unknown
1291,22.054315,88.1243475,4,2,1.0,0.239726022185906,1.0,0.0333333333333333,4.0,0.80662983764492,56.96593008623173,4.3125,7.53,326.53499999999997,339.95,45.0,1,INDUSTRIAL,,,,,,,,,unknown
1292,23.463352307692308,77.73376615384615,13,2,1.0583333333333331,2.4252104916248127,1.0,0.0352777777777777,12.283464566929132,0.291952860253453,61.72100164951351,7.473846153846154,23.22,325.1469230769231,367.0,55.38461538461539,1,INDUSTRIAL,,9.696,,9.946,0.0,6.0,0.0,8.0,forest
1293,23.42597696969697,77.79480787878788,33,2,1.0,3.673510917237473,1.0,0.0333333333333333,33.0,0.2139718977250412,60.11277128783416,25.89636363636364,164.07,345.84818181818184,367.0,55.15151515151515,1,INDUSTRIAL,11.437,6.644,,5.644,1.0,16.0,0.0,24.0,population
1294,23.265780000000003,78.90145,3,1,1.0,0.2588611002822312,1.0,0.0333333333333333,3.0,0.7943688146180737,54.22070962569481,1.04,1.48,305.82666666666665,311.22,50.0,1,INDUSTRIAL,,,,,,,,,unknown
1295,23.3259,78.07770666666666,3,2,1.0,0.4975169155418119,1.0,0.0333333333333333,3.0,0.6677720896649727,51.68877512663279,1.393333333333333,1.74,305.6233333333333,310.31,50.0,1,INDUSTRIAL,,5.041,,4.874,0.0,18.0,0.0,17.0,population
1296,23.316023333333337,77.975025,6,2,1.0,0.9824401486275977,1.0,0.0333333333333333,6.0,0.5044288477976393,55.92191028928613,6.558333333333334,12.32,329.53833333333336,346.25,46.666666666666664,1,INDUSTRIAL,,8.926,,12.149,0.0,30.0,0.0,4.0,forest
1297,23.165325000000003,77.5118675,4,1,1.0,0.700814706643185,1.0,0.0333333333333333,4.0,0.587953523740191,52.59240380813715,3.275,4.1,315.645,318.67,50.0,1,INDUSTRIAL,,8.518,,12.302,0.0,2.0,0.0,6.0,forest
1298,22.810485,80.579565,4,2,1.0,0.4538725532436309,1.0,0.0333333333333333,4.0,0.6878181982106834,54.589697297547005,1.0875,1.39,302.955,305.64,50.0,1,INDUSTRIAL,,,,,,,,,unknown
1299,23.36481333333333,75.23592666666667,3,1,1.0,0.4454911186374484,1.0,0.0333333333333333,3.0,0.6918063951459086,52.1694612362515,0.6866666666666666,0.91,302.1433333333334,302.84,50.0,1,INDUSTRIAL,,,,,,,,,unknown
1300,22.552026666666663,82.21545666666667,3,2,1.0,0.4084206862327474,1.0,0.0333333333333333,3.0,0.7100151323925853,52.53363598118504,3.9333333333333336,5.28,312.6133333333334,315.47,50.0,1,INDUSTRIAL,,9.374,,8.391,0.0,1.0,0.0,5.0,population
1301,22.59649,81.74640333333333,3,1,1.0,0.2639261069847554,1.0,0.0333333333333333,3.0,0.7911854929443761,54.157043192220854,1.9166666666666667,2.49,308.8833333333334,309.42,50.0,1,INDUSTRIAL,,4.057,9.525,2.999,0.0,8.0,6.0,13.0,population
1302,22.579524285714285,81.8085557142857,7,1,1.0,0.7545662619767765,1.0,0.0333333333333333,7.0,0.5699414275032014,59.73216188339736,2.084285714285714,3.09,309.9185714285714,315.43,50.0,1,INDUSTRIAL,,5.357,12.809,5.859,0.0,4.0,6.0,19.0,forest
1303,22.482805,82.21220749999999,4,2,1.0,0.5843266555769369,1.0,0.0333333333333333,4.0,0.6311829675275187,53.45699268388371,7.135,13.03,325.27750000000003,342.22,50.0,1,INDUSTRIAL,,,,,,,,,unknown
1304,22.963148,77.623174,5,1,1.0,0.8613537223258918,1.0,0.0333333333333333,5.0,0.5372433987186648,54.07820130770663,2.87,3.97,315.246,325.6,50.0,1,INDUSTRIAL,,,,,,,,,unknown
1305,23.03977333333333,76.82840333333333,3,2,1.0,0.6812618175059796,1.0,0.0333333333333333,3.0,0.5947913582450959,50.229160498235245,4.06,10.51,317.0333333333333,341.29,43.333333333333336,1,INDUSTRIAL,,,,,,,,,unknown
1306,22.958658,77.602514,5,1,1.0,0.5947909673018879,1.0,0.0333333333333333,5.0,0.6270414245522271,55.87416182437788,2.434,3.75,311.14,317.91,50.0,1,INDUSTRIAL,,,,,,,,,unknown
1307,22.33049,82.60722799999999,5,2,1.0,0.3047408318173602,1.0,0.0333333333333333,5.0,0.7664357362121565,58.66204805757646,5.516,10.3,325.00999999999993,336.94,46.0,1,INDUSTRIAL,,,,,,,,,unknown
1308,22.335893999999996,82.553692,5,2,1.0,0.2986804331715786,1.0,0.0333333333333333,5.0,0.7700123713713352,58.73358076076004,3.3340000000000005,4.25,311.66,314.63,50.0,1,INDUSTRIAL,,,,,,,,,unknown
1309,22.330035,82.57284,4,2,1.0,0.2826286229739898,1.0,0.0333333333333333,4.0,0.7796489038903031,56.426311411139395,7.1225000000000005,10.32,323.85249999999996,337.68,50.0,1,INDUSTRIAL,,,,,,,,,unknown
1310,22.1899875,83.1666625,4,1,1.0,0.6423041712251758,1.0,0.0333333333333333,4.0,0.6089006028974461,53.01134539128225,2.035,2.67,310.3175,313.57,50.0,1,INDUSTRIAL,,,,,,,,,unknown
1311,22.38097666666667,81.63005333333332,3,1,1.0,0.5828363382346686,1.0,0.0333333333333333,3.0,0.6317772569685228,50.96887847270379,3.72,5.92,321.0133333333333,339.61,50.0,1,INDUSTRIAL,,1.937,4.374,4.716,0.0,1.0,24.0,39.0,forest
1312,22.65785,79.14164249999999,4,1,1.0,0.5373835638535036,1.0,0.0333333333333333,4.0,0.6504557636179396,53.84244860569213,3.2525,4.25,319.8175,334.65,50.0,1,INDUSTRIAL,,12.061,,14.936,0.0,2.0,0.0,1.0,forest
1313,22.5893,79.69147000000001,4,2,1.0,0.7287305796147209,1.0,0.0333333333333333,4.0,0.5784591374688751,52.40251608271084,2.55,4.19,320.56,336.05,45.0,1,INDUSTRIAL,,,,,,,,,unknown
1314,22.01594,83.75403333333333,3,2,1.0,0.2999848725066021,1.0,0.0333333333333333,3.0,0.7692397205144565,53.71812774362247,2.1233333333333335,2.25,309.94,316.98,50.0,1,INDUSTRIAL,,,,,,,,,unknown
1315,22.50717,79.60462199999999,5,2,1.0,0.7131930326000909,1.0,0.0333333333333333,5.0,0.5837053857744874,55.00744104882308,9.81,17.73,341.466,367.0,62.0,1,INDUSTRIAL,,,,,,,,,unknown
1316,22.460090000000005,79.741565,6,2,1.0,0.9234804421724416,1.0,0.0333333333333333,6.0,0.5198909113266404,56.23115155986614,6.983333333333333,10.68,335.75000000000006,367.0,55.0,1,INDUSTRIAL,,10.701,,10.285,0.0,4.0,0.0,6.0,population
1317,22.442067272727275,79.7991309090909,11,2,1.0,1.8008298372609095,1.0,0.0333333333333333,11.0,0.3570370419139624,62.974074171612585,4.999999999999999,11.85,327.7172727272727,367.0,55.45454545454545,1,INDUSTRIAL,,13.053,,8.878,0.0,1.0,0.0,9.0,population
1318,22.446238333333337,79.683855,6,2,1.0,0.6839039725530837,1.0,0.0333333333333333,6.0,0.5938580918505885,57.71049517034511,7.093333333333333,17.7,325.9583333333333,355.48,43.333333333333336,1,INDUSTRIAL,,8.179,,10.1,0.0,6.0,0.0,3.0,forest
1319,22.404078,79.91476800000001,5,1,1.0,0.5828547820080202,1.0,0.0333333333333333,5.0,0.6317698953604532,55.9687312405424,2.074,2.17,316.132,324.96,50.0,1,INDUSTRIAL,,,,11.188,0.0,0.0,0.0,7.0,population
1320,22.20303,81.51706666666666,3,1,1.0,0.36686857937324,1.0,0.0333333333333333,3.0,0.731599229867832,52.96531793068997,2.25,2.25,315.70666666666665,320.9,50.0,1,INDUSTRIAL,,,,9.901,0.0,0.0,0.0,25.0,population
1321,22.3950675,79.85478499999999,4,1,1.0,0.2566967276391886,1.0,0.0333333333333333,4.0,0.7957369331887931,56.74807199710919,2.3825000000000003,3.32,317.0725,323.98,50.0,1,INDUSTRIAL,,,,5.489,0.0,0.0,0.0,14.0,population
1322,22.390416666666667,79.51747999999999,3,2,1.0,0.3121861996274887,1.0,0.0333333333333333,3.0,0.7620869662277243,53.57507265788782,0.89,1.09,303.1966666666667,308.16,50.0,1,INDUSTRIAL,,,,,0.0,0.0,0.0,0.0,unknown
1323,22.324948333333335,79.81676999999999,6,2,1.0,1.3787032777121324,1.0,0.0333333333333333,6.0,0.4203971169375161,54.24127567208365,1.4666666666666668,2.48,302.24333333333334,308.86,50.0,1,INDUSTRIAL,,12.023,,1.146,0.0,4.0,0.0,26.0,population
1324,22.33559,79.66007,3,2,1.0,0.5940726993901241,1.0,0.0333333333333333,3.0,0.6273239610606152,50.87981255454564,4.553333333333334,10.96,321.6366666666667,347.23,50.0,1,INDUSTRIAL,,1.923,,2.253,0.0,9.0,0.0,13.0,forest
1325,22.32073,79.76707272727272,11,2,1.0,1.4687744725952665,1.0,0.0333333333333333,11.0,0.4050592758069,63.93451884947133,18.654545454545453,58.97,339.7172727272727,367.0,56.36363636363637,1,INDUSTRIAL,,6.948,,0.741,0.0,9.0,0.0,31.0,population
1326,22.2931175,79.72199499999999,4,2,1.0,0.7852935750682144,1.0,0.0333333333333333,4.0,0.5601319659495168,52.03597265232367,15.985,20.97,348.34,367.0,65.0,1,INDUSTRIAL,,4.437,,3.114,0.0,9.0,0.0,38.0,population
1327,22.27521,79.72892142857143,7,1,1.0,1.0829680436474334,1.0,0.0333333333333333,7.0,0.4800841775032347,57.93501688339803,1.4642857142857142,1.97,308.7114285714286,324.13,50.0,1,INDUSTRIAL,,6.525,,3.042,0.0,9.0,0.0,41.0,population
1328,22.237819333333334,79.70429466666666,30,2,1.0,5.12372403493575,1.0,0.0333333333333333,30.0,0.1632993247728042,59.09931982878942,11.150333333333334,44.42,335.594,367.0,55.0,1,INDUSTRIAL,,3.338,,1.105,0.0,8.0,0.0,43.0,population
1329,21.68057333333333,84.03968666666667,3,2,1.0,0.2839442237338366,1.0,0.0333333333333333,3.0,0.7788500322014776,53.91033397736289,1.7,3.33,313.33,318.71,50.0,1,INDUSTRIAL,,,,,,,,,unknown
1330,22.24574375,79.60243875,8,2,1.0,1.166447352675147,1.0,0.0333333333333333,8.0,0.4615851840411408,60.065037014156154,3.85875,9.28,322.3725,367.0,53.75,1,INDUSTRIAL,,4.379,,4.659,0.0,8.0,0.0,16.0,forest
1331,22.233713333333338,79.77667666666666,3,2,1.0,0.4314747795839413,1.0,0.0333333333333333,3.0,0.6985802434400209,52.304938202133755,3.4133333333333336,7.64,315.46999999999997,339.87,50.0,1,INDUSTRIAL,,10.774,,1.721,0.0,5.0,0.0,48.0,population
1332,22.22613166666667,79.56260833333333,6,2,1.0,0.6323469605769138,1.0,0.0333333333333333,6.0,0.6126148571052408,58.08563047543815,2.388333333333333,5.18,315.57,337.33,50.0,1,INDUSTRIAL,,8.859,,8.717,0.0,3.0,0.0,10.0,population
1333,22.226206666666663,79.5261,3,1,1.0,0.2432650443858698,1.0,0.0333333333333333,3.0,0.8043337215307663,54.42000776394866,0.9766666666666668,1.27,307.4166666666667,315.23,50.0,1,INDUSTRIAL,,12.493,,11.551,0.0,2.0,0.0,2.0,population
1334,22.1104825,79.193265,8,2,1.0,0.9283007862544,1.0,0.0333333333333333,8.0,0.5185912940182095,61.20515921369753,11.27875,18.0,338.79375,367.0,53.75,1,INDUSTRIAL,,,,2.207,0.0,0.0,0.0,37.0,population
1335,22.099015,79.03395,4,1,1.0,0.6257258148061472,1.0,0.0333333333333333,4.0,0.6151098733209455,53.13553079975224,1.3975,2.15,305.045,312.8,50.0,1,INDUSTRIAL,,,,14.668,0.0,0.0,0.0,3.0,population
1336,22.069306666666662,79.18990000000001,3,2,1.0,0.2563239883707839,1.0,0.0333333333333333,3.0,0.7959730206989138,54.252793747311614,2.323333333333333,3.0,325.6333333333334,336.81,36.666666666666664,1,INDUSTRIAL,,,,6.138,0.0,0.0,0.0,20.0,population
1337,22.05082,79.09426666666667,3,1,1.0,0.2825767586805761,1.0,0.0333333333333333,3.0,0.779680431001049,53.92694195335432,1.1666666666666667,1.86,303.9433333333333,308.96,50.0,1,INDUSTRIAL,,,,13.279,0.0,0.0,0.0,3.0,population
1338,21.9844275,79.009635,4,2,1.0,0.5463986615961542,1.0,0.0333333333333333,4.0,0.6466637774814321,53.766608882961975,8.535,14.52,338.255,355.67,50.0,1,INDUSTRIAL,,,,,,,,,unknown
1339,22.1870025,76.877745,4,2,1.0583333333333331,0.7717247465386237,1.0,0.0352777777777777,3.779527559055118,0.5644217601823738,51.61919854572971,0.6575,1.05,304.7225,310.42,50.0,1,INDUSTRIAL,,,,,,,,,unknown
1340,21.077225999999996,85.03858299999999,10,2,1.0,0.7471721837630908,1.0,0.0333333333333333,10.0,0.5723534344772946,67.28040202287923,2.7039999999999997,5.69,314.334,324.91,50.0,1,INDUSTRIAL,,,,,,,,,unknown
1341,22.2644125,75.1338725,4,2,1.0583333333333331,0.2286940172305475,1.0,0.0352777777777777,3.779527559055118,0.8138722790023675,56.60820892212959,2.375,2.83,309.90250000000003,313.36,50.0,1,INDUSTRIAL,,,,,,,,,unknown
1342,21.00408333333333,84.80356666666667,6,2,1.0,0.8426786775409622,1.0,0.0333333333333333,6.0,0.5426882137337644,56.68709760800863,2.5,8.46,317.785,345.16,50.0,1,INDUSTRIAL,,,,,,,,,unknown
1343,20.966272,85.032932,5,2,1.0,0.313949673408436,1.0,0.0333333333333333,5.0,0.7610641565943401,58.554616465220136,2.306,4.08,315.948,332.73,46.0,1,INDUSTRIAL,,,,,0.0,0.0,0.0,0.0,unknown
1344,21.532726666666665,80.68599333333333,3,1,1.0,0.3160244505530417,1.0,0.0333333333333333,3.0,0.7598643015939129,53.53061936521159,4.05,4.39,312.1433333333334,313.58,50.0,1,INDUSTRIAL,,,,,,,,,unknown
1345,21.915166666666668,76.42525,3,1,1.0,0.4575771135820779,1.0,0.0333333333333333,3.0,0.6860700478086156,52.054734289505646,2.4499999999999997,3.35,314.68333333333334,321.95,50.0,1,INDUSTRIAL,,,,,,,,,unknown
1346,20.60075,84.21076666666666,3,1,1.0,0.3737903172150171,1.0,0.0333333333333333,3.0,0.7279131228899804,52.89159579113294,1.1900000000000002,1.37,313.76666666666665,315.08,50.0,1,INDUSTRIAL,,,,,0.0,0.0,0.0,0.0,unknown
1347,20.6145525,83.9609825,4,2,1.0,0.6038867676162444,1.0,0.0333333333333333,4.0,0.623485410685342,53.30304154704017,2.7474999999999996,4.75,326.93999999999994,333.33,40.0,1,INDUSTRIAL,,,,,0.0,0.0,0.0,0.0,unknown
1348,21.69964,74.2329,3,1,1.0,0.1730365834332678,1.0,0.0333333333333333,3.0,0.852488331670935,55.383099966752035,3.693333333333334,4.03,310.8433333333333,312.12,50.0,1,INDUSTRIAL,,,,,,,,,unknown
1349,19.107131666666668,73.81694833333334,6,2,1.05625,0.5276648560686009,1.0,0.0352083333333333,5.680473372781066,0.6545938371413934,58.173268508113864,2.08,3.01,310.175,318.66,50.0,1,INDUSTRIAL,,,,,,,,,unknown
1350,13.534323333333331,79.36258333333335,3,1,1.0,0.3583213467402619,1.0,0.0333333333333333,3.0,0.7362028156296213,53.05738964592577,3.846666666666667,4.71,314.1933333333333,318.84,50.0,1,INDUSTRIAL,,,,,,,,,unknown
1351,13.9774925,78.6124025,4,2,1.0,0.8061712532375351,1.0,0.0333333333333333,4.0,0.5536573556951008,51.906480447235346,5.6925,11.35,329.53000000000003,337.33,35.0,1,INDUSTRIAL,,13.177,,14.79,0.0,1.0,0.0,1.0,forest
1352,17.851029999999998,74.43005,3,1,1.0,0.46676297666867,1.0,0.0333333333333333,3.0,0.6817734125463217,51.96880158425977,2.1366666666666667,2.37,308.71,310.22,50.0,1,INDUSTRIAL,,,,,,,,,unknown
1353,17.61635,83.23331333333333,3,1,1.0,0.6432247038098472,1.0,0.0333333333333333,3.0,0.608559497481678,50.50452328296689,1.8199999999999996,2.28,310.29333333333335,315.41,50.0,1,INDUSTRIAL,2.524,5.515,13.62,3.065,127.0,10.0,2.0,734.0,industrial
1354,23.9340875,73.2645275,4,1,1.0,0.393337162543025,1.0,0.0333333333333333,4.0,0.7177013768690899,55.18736087071513,3.66,5.02,315.3875,323.84,50.0,1,INDUSTRIAL,,,,,,,,,unknown
1355,23.42985,68.71250666666667,3,2,1.0,0.234282588652384,1.0,0.0333333333333333,3.0,0.8101872368562059,54.537078070457454,1.6566666666666665,2.0,306.3433333333333,313.16,50.0,1,INDUSTRIAL,,,,,,,,,unknown
1356,25.416983333333334,76.39425666666666,3,1,1.0,0.4047918544946789,1.0,0.0333333333333333,3.0,0.7118492300481857,52.57031793429705,2.963333333333334,3.93,308.48333333333335,318.74,50.0,1,INDUSTRIAL,,,,,,,,,unknown
1357,20.907946666666664,71.45911,3,2,1.0,0.248255613144429,1.0,0.0333333333333333,3.0,0.801117967722125,54.35569268777584,1.8733333333333333,2.27,308.4433333333333,310.88,50.0,1,INDUSTRIAL,,,,,,,,,unknown
1358,14.727193333333332,78.28654,3,1,1.0,0.3947447141302061,1.0,0.0333333333333333,3.0,0.7169770853898682,52.672875041130695,14.083333333333334,15.36,338.21999999999997,347.08,43.333333333333336,1,INDUSTRIAL,,,,,,,,,unknown
1359,14.984782,79.076315,10,1,1.0,1.3166386395902432,1.0,0.0333333333333333,10.0,0.4316598984884736,64.4665313031028,6.948,10.24,336.049,345.04,42.0,1,INDUSTRIAL,,,,,0.0,0.0,0.0,0.0,unknown
1360,15.013297999999995,78.79846866666666,15,1,1.0,2.733044792346784,1.0,0.0333333333333333,15.0,0.2678778465369949,61.190890264073225,30.673333333333332,81.56,339.5586666666666,367.0,54.0,1,INDUSTRIAL,,,,,0.0,0.0,0.0,0.0,unknown
1361,14.377791428571427,79.10648714285715,14,1,1.0,1.6739091713226124,1.0,0.0333333333333333,14.0,0.3739842814127317,63.31301896158797,9.63714285714286,22.83,334.6192857142858,367.0,57.142857142857146,1,INDUSTRIAL,,,,7.582,0.0,0.0,0.0,37.0,population
1362,13.415376666666669,80.08750666666667,3,1,1.0,0.3125107038692418,1.0,0.0333333333333333,3.0,0.7618985483714763,53.57130430076287,9.673333333333334,14.17,344.55333333333334,349.02,50.0,1,INDUSTRIAL,,,,,,,,,unknown
1363,11.2215875,79.0473225,4,1,1.0,0.5688179334701742,1.0,0.0333333333333333,4.0,0.6374225961249899,53.581785255833125,7.557500000000001,8.99,334.7325,342.02,40.0,1,INDUSTRIAL,,,13.955,8.393,0.0,0.0,1.0,35.0,population
1364,15.10077,78.19492,4,1,1.0,0.3206158772523336,1.0,0.0333333333333333,4.0,0.7572224575101996,55.97778248353733,7.765000000000001,9.05,339.6225,346.97,45.0,1,INDUSTRIAL,,,,,,,,,unknown
1365,23.723156666666668,91.87113333333332,3,1,1.0,0.2984251080931567,1.0,0.0333333333333333,3.0,0.7701637882438839,53.736609098211005,11.733333333333334,12.92,338.8066666666667,344.07,50.0,1,INDUSTRIAL,,10.14,,6.51,0.0,2.0,0.0,1.0,population
1366,21.96018625,81.763545,8,1,1.0,1.2364148450308787,1.0,0.0333333333333333,8.0,0.4471442327535581,59.77621798840449,2.67375,4.67,337.83624999999995,343.77,45.0,1,INDUSTRIAL,,,,,,,,,unknown
1367,23.78344,92.24401666666664,3,1,1.0,0.2981413230397001,1.0,0.0333333333333333,3.0,0.7703321527878192,53.73997638908972,12.63,12.71,333.36000000000007,336.72,50.0,1,INDUSTRIAL,,5.772,,9.141,0.0,2.0,0.0,6.0,forest
1368,23.790089,92.1511,10,1,1.0,0.9007918089093806,1.0,0.0333333333333333,10.0,0.5260965431946864,66.35526419722706,52.049,167.18,347.004,354.14,50.0,1,INDUSTRIAL,,5.844,,2.072,0.0,2.0,0.0,3.0,population
1369,21.88193,81.26413666666666,3,1,1.0,0.2061966939604679,1.0,0.0333333333333333,3.0,0.8290521811302312,54.91437695593796,6.2,8.0,349.46000000000004,367.0,60.0,1,INDUSTRIAL,,,,,,,,,unknown
1370,23.75886000000001,91.827114,5,1,1.0,0.9133432960756418,1.0,0.0333333333333333,5.0,0.5226453622050197,53.78624057743373,13.754,39.75,334.392,340.89,50.0,1,INDUSTRIAL,,11.286,,2.813,0.0,2.0,0.0,1.0,population
1371,23.841085000000003,92.187115,6,1,1.0,0.967980778929128,1.0,0.0333333333333333,6.0,0.5081350441563497,55.99603421646033,6.358333333333334,7.62,337.4633333333333,346.45,50.0,1,INDUSTRIAL,,7.656,,3.081,0.0,3.0,0.0,3.0,population
1372,23.869402727272725,92.16226454545456,11,1,1.0,0.979558176410952,1.0,0.0333333333333333,11.0,0.5051632288034369,65.93659790940207,13.42272727272727,18.18,339.09363636363634,346.94,50.0,1,INDUSTRIAL,,8.794,,4.533,0.0,4.0,0.0,3.0,population
1373,23.906139999999997,92.12532545454546,11,1,1.0,1.3392501237376049,1.0,0.0333333333333333,11.0,0.4274874199438839,64.38308173221101,36.22909090909091,109.63,343.29,367.0,48.18181818181818,1,INDUSTRIAL,,6.825,,9.544,0.0,2.0,0.0,3.0,forest
1374,24.0229725,92.258805,4,1,1.0,0.2801359678530821,1.0,0.0333333333333333,4.0,0.7811670206228963,56.456673745791264,5.93,5.93,333.5875,339.03,50.0,1,INDUSTRIAL,,,,,,,,,unknown
1375,24.042908,92.304202,5,1,1.0,0.5395699956033764,1.0,0.0333333333333333,5.0,0.6495320140401202,56.32397361413574,8.902,11.99,340.074,348.97,50.0,1,INDUSTRIAL,,,,,,,,,unknown
1376,21.713612499999996,79.072805,4,1,1.0,0.3796469914364415,1.0,0.0333333333333333,4.0,0.724823093303624,55.329795199405815,4.8325,5.38,334.4825,340.34,35.0,1,INDUSTRIAL,,,,,,,,,unknown
1377,21.2789275,77.15250999999999,4,1,1.0,0.4802083515316692,1.0,0.0333333333333333,4.0,0.6755805687525233,54.3449447083838,14.48,20.94,347.895,367.0,52.5,1,INDUSTRIAL,,,,,,,,,unknown
1378,24.108694,92.068028,5,1,1.0,0.9304908692769392,1.0,0.0333333333333333,5.0,0.5180029680091405,53.69339269351614,7.604000000000001,18.77,338.24,347.36,50.0,1,INDUSTRIAL,,,,,,,,,unknown
1379,21.5408525,78.17608999999999,4,1,1.0,0.2645418232049111,1.0,0.0333333333333333,4.0,0.7908002579666014,56.64933849266536,7.16,8.15,338.8225,346.14,40.0,1,INDUSTRIAL,,,,,,,,,unknown
1380,24.13770666666667,92.24917999999998,3,1,1.0,0.3052636657931983,1.0,0.0333333333333333,3.0,0.7661287341453022,53.65590801623939,7.91,7.91,333.84,334.98,50.0,1,INDUSTRIAL,,,,,,,,,unknown
1381,24.156140000000004,92.25488333333334,3,1,1.0,0.3032874486097946,1.0,0.0333333333333333,3.0,0.7672904400841819,53.679142135016974,21.81,21.81,337.48,341.83,50.0,1,INDUSTRIAL,,,,,,,,,unknown
1382,24.174449999999997,92.23530666666666,3,1,1.0,0.3061284270145082,1.0,0.0333333333333333,3.0,0.7656214958017233,53.6457632493678,3.75,3.75,331.74333333333334,332.52,50.0,1,INDUSTRIAL,,,,,,,,,unknown
1383,21.156771666666668,76.456005,6,1,1.0,0.5217743189799741,1.0,0.0333333333333333,6.0,0.6571276617877789,58.97588656908892,4.138333333333334,5.92,337.2233333333333,340.02,36.666666666666664,1,INDUSTRIAL,,,,,,,,,unknown
1384,24.47697666666667,94.32720666666668,3,1,1.0,0.6590428530769539,1.0,0.0333333333333333,3.0,0.6027571850512143,50.38847703435763,62.79,96.7,339.6033333333333,347.08,50.0,1,INDUSTRIAL,,,,,,,,,unknown
1385,24.5058075,94.35789250000002,4,1,1.0,0.3741775452045007,1.0,0.0333333333333333,4.0,0.7277080050461625,55.387493434256584,10.345,10.4,343.49249999999995,347.1,50.0,1,INDUSTRIAL,,,,,,,,,unknown
1386,21.63434857142857,78.17113285714287,7,1,1.0,0.674970185957527,1.0,0.0333333333333333,7.0,0.5970255520866671,60.27384437506667,11.61,15.13,349.6814285714285,367.0,54.285714285714285,1,INDUSTRIAL,,,,,,,,,unknown
1387,21.6194575,78.069205,4,1,1.0,0.3470107522979458,1.0,0.0333333333333333,4.0,0.7423845713881946,55.68102476109722,3.865,4.8,334.9725,341.2,35.0,1,INDUSTRIAL,,,,,,,,,unknown
1388,24.50872375,94.22886125,8,1,1.0,0.6295424198464467,1.0,0.0333333333333333,8.0,0.6136692042016499,63.10671741736633,143.76,278.71,344.35749999999996,367.0,48.75,1,INDUSTRIAL,,,,,,,,,unknown
1389,24.23149857142857,92.07426428571428,7,1,1.0,0.9864435745583436,1.0,0.0333333333333333,7.0,0.5034122352165655,58.40157803766465,10.18,15.4,336.7442857142857,341.77,50.0,1,INDUSTRIAL,,,,,,,,,unknown
1390,24.254280000000005,92.23922333333331,3,1,1.0,0.394950459181913,1.0,0.0333333333333333,3.0,0.716871336482059,52.67076006297452,20.35,29.35,344.8433333333333,348.85,50.0,1,INDUSTRIAL,,,,,,,,,unknown
1391,21.949579999999997,79.375,5,1,1.0,0.4707086619841653,1.0,0.0333333333333333,5.0,0.6799443192582262,56.932219718497855,8.322,9.86,339.084,348.1,42.0,1,INDUSTRIAL,,,,,,,,,unknown
1392,21.750788,78.404652,5,1,1.0,0.6225251620101754,1.0,0.0333333333333333,5.0,0.6163232616750807,55.65979856683495,7.128,14.88,343.38400000000007,367.0,52.0,1,INDUSTRIAL,,,,,,,,,unknown
1393,21.488615000000003,77.283815,4,1,1.0,0.4711284087674864,1.0,0.0333333333333333,4.0,0.679750315499516,54.42833964332365,5.895,6.0,340.115,347.35,50.0,1,INDUSTRIAL,,,,,,,,,unknown
1394,21.92926,79.12699,5,1,1.0,0.7415479940242771,1.0,0.0333333333333333,5.0,0.5742018040451775,54.817369414236886,11.032,14.4,346.43199999999996,367.0,48.0,1,INDUSTRIAL,,,,,,,,,unknown
1395,21.9916425,79.4064725,4,1,1.0,0.68098313940196,1.0,0.0333333333333333,4.0,0.594889964426275,52.73113262185883,26.27,52.19,351.15999999999997,367.0,57.5,1,INDUSTRIAL,,,,,,,,,unknown
1396,21.9673025,79.30748249999999,4,1,1.0,0.90256840582629,1.0,0.0333333333333333,4.0,0.5256052801768762,51.345438936870856,21.7975,49.53,343.025,354.88,45.0,1,INDUSTRIAL,,,,,,,,,unknown
1397,22.011323333333337,79.39104333333334,3,1,1.0,0.3598775911236567,1.0,0.0333333333333333,3.0,0.7353603048739905,53.04053943081315,6.036666666666666,9.25,337.49333333333334,337.87,30.0,1,INDUSTRIAL,,,,,0.0,0.0,0.0,0.0,unknown
1398,21.4045075,76.7737275,4,1,1.0,0.3351427448202628,1.0,0.0333333333333333,4.0,0.7489835853728286,55.81300504078991,5.85,9.07,340.44000000000005,342.75,45.0,1,INDUSTRIAL,,,,,,,,,unknown
1399,22.02902333333333,79.21295666666667,3,1,1.0,0.4631285686915987,1.0,0.0333333333333333,3.0,0.6834669361245875,52.00267205582508,10.656666666666666,11.69,349.96999999999997,367.0,60.0,1,INDUSTRIAL,,,,10.195,0.0,0.0,0.0,8.0,population
1400,22.11011,79.52435,3,1,1.0,0.4007679868912445,1.0,0.0333333333333333,3.0,0.7138940990644155,52.61121531462165,9.57,11.11,340.27666666666664,342.45,50.0,1,INDUSTRIAL,,,,14.527,0.0,0.0,0.0,1.0,population
1401,22.151548,79.62028000000001,5,1,1.0,0.7099620542533401,1.0,0.0333333333333333,5.0,0.5848082988231297,55.02949930979592,9.702,16.9,345.494,367.0,56.0,1,INDUSTRIAL,,10.698,,3.744,0.0,3.0,0.0,21.0,population
1402,22.075616666666665,79.22084666666667,3,1,1.0,0.4190269930820409,1.0,0.0333333333333333,3.0,0.7047082295651476,52.42749792463629,6.273333333333333,7.51,342.90000000000003,350.3,50.0,1,INDUSTRIAL,,,,5.102,0.0,0.0,0.0,23.0,population
1403,22.077618,79.200786,5,1,1.0,0.4779354696657901,1.0,0.0333333333333333,5.0,0.6766195280678479,56.86572389469029,10.248,15.2,345.216,367.0,44.0,1,INDUSTRIAL,,,,4.919,0.0,0.0,0.0,24.0,population
1404,22.150507777777776,79.49568555555555,9,1,1.0,0.6407782569330159,1.0,0.0333333333333333,9.0,0.6094668769375486,65.5226708720843,10.308888888888887,17.7,342.2255555555555,352.04,43.333333333333336,1,INDUSTRIAL,,,,13.022,0.0,0.0,0.0,3.0,population
1405,22.193725714285712,79.68315428571428,7,1,1.0,0.5895640721688391,1.0,0.0333333333333333,7.0,0.6291032978844169,60.91539929102168,12.577142857142857,44.69,352.39142857142855,367.0,62.857142857142854,1,INDUSTRIAL,,4.729,,1.035,0.0,5.0,0.0,34.0,population
1406,24.71963,94.28753,5,1,1.0,0.5250138480646729,1.0,0.0333333333333333,5.0,0.6557317504159424,56.447968341652185,19.718,24.99,337.956,341.22,46.0,1,INDUSTRIAL,,,,,,,,,unknown
1407,21.691600000000005,77.50990333333334,3,1,1.0,0.1965395615478375,1.0,0.0333333333333333,3.0,0.8357433653981361,55.04820064129605,7.566666666666666,10.86,344.8633333333333,351.83,43.333333333333336,1,INDUSTRIAL,,,,,,,,,unknown
1408,22.23147666666667,79.80988666666667,3,1,1.0,0.3402046854480772,1.0,0.0333333333333333,3.0,0.7461546813393396,53.25642696012013,9.706666666666669,18.05,338.9533333333333,341.38,43.333333333333336,1,INDUSTRIAL,,14.197,,1.719,0.0,1.0,0.0,43.0,population
1409,23.056764000000005,83.79705,5,1,1.0,0.5575568248388928,1.0,0.0333333333333333,5.0,0.6420311503584698,56.17395634050273,3.4579999999999997,5.54,320.91999999999996,341.58,50.0,1,INDUSTRIAL,,,,,0.0,0.0,0.0,0.0,unknown
1410,22.2181325,79.68683250000001,4,1,1.0,0.3808294246787577,1.0,0.0333333333333333,4.0,0.7242024120630572,55.317381574594485,10.505,13.51,356.485,367.0,65.0,1,INDUSTRIAL,,2.417,,1.774,0.0,6.0,0.0,38.0,population
1411,24.79031,94.4307825,4,1,1.0,0.4742704584413567,1.0,0.0333333333333333,4.0,0.6783015926787479,54.39936518690829,174.8425,301.99,348.01500000000004,367.0,57.5,1,INDUSTRIAL,,,,,,,,,unknown
1412,21.971330000000005,78.58371666666666,3,1,1.0,0.2936365100181722,1.0,0.0333333333333333,3.0,0.7730146700837568,53.79362673500847,4.72,5.94,332.91666666666663,335.33,36.666666666666664,1,INDUSTRIAL,,13.588,,,0.0,1.0,0.0,0.0,forest
1413,24.82136,94.4625525,4,1,1.0,0.4467943594454356,1.0,0.0333333333333333,4.0,0.691183231031745,54.65699795396824,49.395,60.46,345.4,367.0,45.0,1,INDUSTRIAL,,,,,,,,,unknown
1414,24.850835,94.624215,6,1,1.0,0.7549242641418209,1.0,0.0333333333333333,6.0,0.5698251602265082,57.2298365378635,34.163333333333334,47.92,343.03000000000003,353.93,46.666666666666664,1,INDUSTRIAL,,,,,,,,,unknown
1415,22.4185775,80.20616,4,1,1.0,0.3270586387442606,1.0,0.0333333333333333,4.0,0.7535462042176656,55.90425741768664,4.6825,6.64,340.3225,348.13,45.0,1,INDUSTRIAL,,14.221,9.207,13.97,0.0,1.0,4.0,2.0,farmland
1416,22.35334789473684,79.8357652631579,19,1,1.0,1.7038536600011605,1.0,0.0333333333333333,19.0,0.3698425010174444,63.23018335368222,13.77473684210526,30.18,346.17789473684206,367.0,54.21052631578947,1,INDUSTRIAL,,14.267,,1.369,0.0,2.0,0.0,23.0,population
1417,24.93266461538461,94.60620846153846,13,1,1.0,1.0436767705143504,1.0,0.0333333333333333,13.0,0.4893141686727305,65.61961670678794,30.319230769230767,41.81,349.39230769230767,367.0,52.30769230769231,1,INDUSTRIAL,,,,,,,,,unknown
1418,22.42537571428571,80.02165428571428,7,1,1.0,0.7906365649128316,1.0,0.0333333333333333,7.0,0.5584606165175009,59.50254566368335,13.35,42.35,347.2,367.0,54.285714285714285,1,INDUSTRIAL,,,,,0.0,0.0,0.0,0.0,unknown
1419,22.344898333333333,79.67194,6,1,1.0,1.096598071856145,1.0,0.0333333333333333,6.0,0.4769631401571819,55.37259613647698,15.351666666666668,26.01,352.50666666666666,367.0,55.0,1,INDUSTRIAL,,0.793,,3.652,0.0,9.0,0.0,16.0,forest
1420,22.46918625,79.87045125,8,1,1.0,0.7551303751474026,1.0,0.0333333333333333,8.0,0.5697582436951535,62.228498207236406,3.87125,9.69,329.37875,351.55,45.0,1,INDUSTRIAL,,,,13.124,0.0,0.0,0.0,2.0,population
1421,22.472665000000003,79.69454999999999,6,1,1.0,0.8525825110879754,1.0,0.0333333333333333,6.0,0.5397870237977821,56.629073809288975,16.433333333333334,34.73,343.74500000000006,367.0,60.0,1,INDUSTRIAL,,11.022,,12.321,0.0,4.0,0.0,1.0,forest
1422,22.439201666666666,79.28131666666665,6,1,1.0,0.4120118584027434,1.0,0.0333333333333333,6.0,0.7082093496942667,59.99752032721868,9.065,12.72,347.545,367.0,51.666666666666664,1,INDUSTRIAL,,,,8.391,0.0,0.0,0.0,13.0,population
1423,25.0391,94.12194333333332,3,1,1.0,0.2546431077013686,1.0,0.0333333333333333,3.0,0.7970394081485848,54.27412149630504,26.583333333333332,37.34,341.26666666666665,345.16,50.0,1,INDUSTRIAL,,,,,,,,,unknown
1424,22.488268333333327,79.434215,6,2,1.0,1.2038829650218137,1.0,0.0333333333333333,6.0,0.4537446025361433,54.90822538405621,23.015,71.14,346.12833333333333,367.0,56.666666666666664,1,INDUSTRIAL,,,,,0.0,0.0,0.0,0.0,unknown
1425,25.161068,94.573758,5,1,1.0,0.5633737780594129,1.0,0.0333333333333333,5.0,0.6396423005388268,56.12617934410987,7.584,9.1,335.28799999999995,339.31,46.0,1,INDUSTRIAL,,,,,,,,,unknown
1426,23.564285,84.29657666666667,6,1,1.0,1.2323985761343252,1.0,0.0333333333333333,6.0,0.4479486820546284,54.792306974425905,3.0733333333333337,4.49,317.28833333333336,336.99,46.666666666666664,1,INDUSTRIAL,,6.737,,7.765,0.0,7.0,0.0,13.0,forest
1427,21.93316,76.71795,4,1,1.0,0.341382834170819,1.0,0.0333333333333333,4.0,0.7454993269077831,55.74331987148899,10.954999999999998,17.09,349.2975,367.0,52.5,1,INDUSTRIAL,,,,,,,,,unknown
1428,22.213824,77.784258,5,1,1.0,0.4143842720249351,1.0,0.0333333333333333,5.0,0.7070214366625609,57.473762066584555,7.351999999999999,9.39,342.12199999999996,354.64,50.0,1,INDUSTRIAL,,,,,,,,,unknown
1429,23.41747,83.15018,5,1,1.0,0.8375170842964971,1.0,0.0333333333333333,5.0,0.5442126272163914,54.217585877661165,15.028,27.13,345.734,352.54,46.0,1,INDUSTRIAL,10.022,11.273,,6.891,3.0,3.0,0.0,20.0,population
1430,22.526475,79.04774749999999,4,1,1.0,0.5831784833578294,1.0,0.0333333333333333,4.0,0.6316407218212429,53.46614776975819,18.275,28.67,353.78499999999997,367.0,60.0,1,INDUSTRIAL,,,,,0.0,0.0,0.0,0.0,unknown
1431,23.6224975,84.0413175,4,1,1.0,0.5328455133410187,1.0,0.0333333333333333,4.0,0.6523814639483019,53.88096261229938,4.890000000000001,7.94,330.2125,343.52,40.0,1,INDUSTRIAL,,9.121,,,0.0,2.0,0.0,0.0,forest
1432,22.07771333333333,76.83863000000001,3,1,1.0,0.355848495275064,1.0,0.0333333333333333,3.0,0.7375455321777141,53.08424397688762,18.74,21.87,350.81,367.0,60.0,1,INDUSTRIAL,,,,,,,,,unknown
1433,23.211906666666668,81.85485,3,1,1.0,0.2963031249557583,1.0,0.0333333333333333,3.0,0.7714245077007966,53.76182348734927,7.976666666666667,11.33,344.1933333333333,350.47,43.333333333333336,1,INDUSTRIAL,,,,,,,,,unknown
1434,22.24521333333333,77.44218166666667,6,1,1.0,0.6719112703006623,1.0,0.0333333333333333,6.0,0.5981178653219847,57.795690639773035,6.819999999999999,8.11,341.8233333333333,351.41,43.333333333333336,1,INDUSTRIAL,,,,,,,,,unknown
1435,23.70537,84.19856,3,1,1.0,0.3347703727785691,1.0,0.0333333333333333,3.0,0.7491925355807207,53.31718404494775,8.493333333333332,11.76,345.58666666666664,349.67,43.333333333333336,1,INDUSTRIAL,,0.556,,4.584,0.0,19.0,0.0,15.0,forest
1436,23.112866666666665,81.05420333333335,3,1,1.0,0.6713070142176626,1.0,0.0333333333333333,3.0,0.5983341130582756,50.300015594498845,4.11,6.49,331.06,352.47,50.0,1,INDUSTRIAL,,,,,,,,,unknown
1437,25.326702222222224,93.8285077777778,9,1,1.0,0.6527978424324581,1.0,0.0333333333333333,9.0,0.6050346717105333,65.434026767544,28.29222222222222,70.64,341.09222222222223,347.63,50.0,1,INDUSTRIAL,,,,,,,,,unknown
1438,25.356514000000004,93.559762,5,1,1.0,0.5583419575873488,1.0,0.0333333333333333,5.0,0.6417076785561345,56.167486904456034,18.782000000000004,21.44,346.04200000000003,352.88,50.0,1,INDUSTRIAL,,,,,,,,,unknown
1439,25.43246666666667,93.81092333333332,3,1,1.0,0.2377431577502448,1.0,0.0333333333333333,3.0,0.8079220585776671,54.49177450488668,4.6433333333333335,5.52,331.57,332.12,50.0,1,INDUSTRIAL,,,,,,,,,unknown
1440,25.433203333333335,93.33515666666666,3,1,1.0,0.521544601299822,1.0,0.0333333333333333,3.0,0.6572268727092996,51.47787078751933,16.676666666666666,21.51,336.58,339.56,50.0,1,INDUSTRIAL,,6.601,,7.432,0.0,3.0,0.0,9.0,forest
1441,22.26932,76.22701624999999,8,1,1.0,0.7980894440064588,1.0,0.0333333333333333,8.0,0.5561458598921667,61.95625053117666,14.60125,20.1,350.26875,367.0,58.75,1,INDUSTRIAL,,14.23,,5.827,0.0,3.0,0.0,31.0,population
1442,23.941256666666664,83.78614666666668,3,1,1.0,0.2768685595871855,1.0,0.0333333333333333,3.0,0.7831659668425874,53.996652670185085,9.593333333333334,11.95,343.74,344.81,43.333333333333336,1,INDUSTRIAL,,,,,0.0,0.0,0.0,0.0,unknown
1443,25.504103333333333,93.47243333333334,3,1,1.0,0.2848439552450384,1.0,0.0333333333333333,3.0,0.7783046306267483,53.899425945868295,11.826666666666668,13.57,340.49333333333334,342.73,50.0,1,INDUSTRIAL,,,,,0.0,0.0,0.0,0.0,unknown
1444,25.48594,92.91509,3,1,1.0,0.3339616957642479,1.0,0.0333333333333333,3.0,0.7496467126269949,53.32626758587323,58.85999999999999,58.86,336.7633333333333,355.66,43.333333333333336,1,INDUSTRIAL,,,,,,,,,unknown
1445,25.50199,93.0081625,4,1,1.0,0.5166303611472148,1.0,0.0333333333333333,4.0,0.6593564428207651,54.02046218974863,68.6825,108.05,345.285,367.0,57.5,1,INDUSTRIAL,,,,,0.0,0.0,0.0,0.0,unknown
1446,23.471851666666662,81.11876666666666,6,1,1.0,0.901513107187966,1.0,0.0333333333333333,6.0,0.525896979736753,56.3512729280684,5.028333333333333,6.26,342.50499999999994,355.17,36.666666666666664,1,INDUSTRIAL,,,,,,,,,unknown
1447,24.021814,83.734348,5,1,1.0,0.87770514767844,1.0,0.0333333333333333,5.0,0.532564977646454,53.98463288626242,5.682,9.13,341.228,343.67,34.0,1,INDUSTRIAL,,,,,0.0,0.0,0.0,0.0,unknown
1448,23.440143333333335,80.85191999999999,3,1,1.0,0.4065596056564285,1.0,0.0333333333333333,3.0,0.7109545844900821,52.55242502313497,5.493333333333332,7.46,346.15333333333336,352.59,36.666666666666664,1,INDUSTRIAL,,5.047,12.247,,0.0,6.0,2.0,0.0,forest
1449,23.233712500000003,79.86362249999999,4,1,1.0,0.5054534281988152,1.0,0.0333333333333333,4.0,0.6642517006962082,54.118367347257504,9.2925,12.68,351.45,367.0,57.5,1,INDUSTRIAL,,,,,,,,,unknown
1450,25.53141666666667,92.90356666666666,3,1,1.0,0.3323509216351536,1.0,0.0333333333333333,3.0,0.750553014045827,53.344393614249874,21.236666666666668,50.09,341.8500000000001,349.69,50.0,1,INDUSTRIAL,,,,,,,,,unknown
1451,16.012466666666665,78.75778000000001,3,1,1.0,0.4371802365223386,1.0,0.0333333333333333,3.0,0.6958069521048946,52.249472375431225,12.903333333333334,20.17,356.90333333333336,367.0,70.0,1,INDUSTRIAL,,,,,0.0,0.0,0.0,0.0,unknown
1452,15.8499125,80.41400999999999,4,2,1.0,0.9757231052867612,1.0,0.0333333333333333,4.0,0.5061437998695963,50.956209330725265,6.5424999999999995,6.89,337.18499999999995,340.85,45.0,1,INDUSTRIAL,,,,,,,,,unknown
1453,16.021210000000004,80.365715,10,1,1.0,1.1262107751700738,1.0,0.0333333333333333,10.0,0.4703202578399175,65.23973849013169,9.961000000000002,11.61,347.428,367.0,56.0,1,INDUSTRIAL,,,,,0.0,0.0,0.0,0.0,unknown
1454,25.5716025,92.8155425,4,1,1.0,1.1363080113534243,1.0,0.0333333333333333,4.0,0.4680972943440237,50.195279220213806,5.7924999999999995,7.71,338.495,348.69,50.0,1,INDUSTRIAL,,,,,,,,,unknown
1455,25.66194833333333,93.53523166666666,6,2,1.0,0.9995899506473908,1.0,0.0333333333333333,6.0,0.5001025333600212,55.83538400053376,10.816666666666665,15.63,340.86499999999995,352.06,50.0,1,INDUSTRIAL,,,,,,,,,unknown
1456,18.98510333333333,84.34806833333333,6,1,1.0,0.5737117232141455,1.0,0.0333333333333333,6.0,0.6354403956257008,58.542141245847354,5.143333333333333,14.77,323.87166666666667,352.34,50.0,1,INDUSTRIAL,,9.003,,13.265,0.0,1.0,0.0,4.0,forest
1457,19.025376666666663,84.33103,3,1,1.0,0.3628619772922387,1.0,0.0333333333333333,3.0,0.7337500177287357,53.00833368790805,10.926666666666668,15.52,338.9666666666667,341.23,50.0,1,INDUSTRIAL,,10.721,,,0.0,4.0,0.0,0.0,forest
1458,25.58186,92.990226,5,1,1.0,0.6690299883296189,1.0,0.0333333333333333,5.0,0.5991504089155459,55.316341511644254,82.97200000000001,154.47,346.63,367.0,56.0,1,INDUSTRIAL,,,,,,,,,unknown
1459,25.563862,92.98981,5,2,1.0,0.9845656110368766,1.0,0.0333333333333333,5.0,0.5038886063724191,53.41110546078171,24.998,64.32,338.68199999999996,347.84,42.0,1,INDUSTRIAL,,,,,,,,,unknown
1460,25.5846825,93.1586375,4,1,1.0,0.5098341416384522,1.0,0.0333333333333333,4.0,0.6623244053249538,54.07982143983241,15.627499999999998,43.14,335.9325,343.51,50.0,1,INDUSTRIAL,,5.494,,,0.0,3.0,0.0,0.0,forest
1461,25.5562175,92.9778225,4,1,1.0,0.609560722855386,1.0,0.0333333333333333,4.0,0.6212875263419602,53.25908386017254,12.6925,18.54,337.6225,344.36,50.0,1,INDUSTRIAL,,,,,,,,,unknown
1462,18.8374,79.88180333333332,3,1,1.0,0.2704514870243801,1.0,0.0333333333333333,3.0,0.7871217517657247,54.07576836864783,11.356666666666667,12.32,341.24,351.47,50.0,1,INDUSTRIAL,10.017,12.235,,4.638,1.0,2.0,0.0,40.0,population
1463,19.129535,80.1350525,4,1,1.0,0.273654267765188,1.0,0.0333333333333333,4.0,0.7851424246822064,56.53618182697746,6.605,6.66,342.91499999999996,348.71,50.0,1,INDUSTRIAL,,9.641,11.221,5.775,0.0,1.0,1.0,11.0,population
1464,19.9767675,83.96670499999999,4,1,1.0,0.3526127560299882,1.0,0.0333333333333333,4.0,0.7393098989655169,55.61953131264368,11.4525,16.37,340.47999999999996,345.13,50.0,1,INDUSTRIAL,,,,,0.0,0.0,0.0,0.0,unknown
1465,19.14525,79.783276,5,1,1.0,0.4807152129018596,1.0,0.0333333333333333,5.0,0.6753493117965818,56.84031956926498,5.529999999999999,5.97,336.37600000000003,344.81,50.0,1,INDUSTRIAL,,14.101,,3.987,0.0,1.0,0.0,61.0,population
1466,20.047226666666667,83.51562666666666,3,1,1.0,0.2737346407716024,1.0,0.0333333333333333,3.0,0.7850928819791071,54.03519097291548,16.733333333333334,22.26,344.03999999999996,354.8,50.0,1,INDUSTRIAL,,,,,0.0,0.0,0.0,0.0,unknown
1467,20.27531666666667,83.5035,3,2,1.0,0.6691098945647216,1.0,0.0333333333333333,3.0,0.5991217254516275,50.31576784236589,6.973333333333334,9.08,338.49666666666667,343.39,43.333333333333336,1,INDUSTRIAL,,,,,0.0,0.0,0.0,0.0,unknown
1468,20.3527,83.53962,4,1,1.0,0.4084639618508676,1.0,0.0333333333333333,4.0,0.7099933168938851,55.03319967121103,3.0425,3.6,316.545,338.51,50.0,1,INDUSTRIAL,,,,,0.0,0.0,0.0,0.0,unknown
1469,20.55021,83.61855000000001,3,1,1.0,0.3869003127307046,1.0,0.0333333333333333,3.0,0.7210323559817169,52.753980452967674,13.763333333333335,14.83,342.69,347.66,43.333333333333336,1,INDUSTRIAL,,,,,0.0,0.0,0.0,0.0,unknown
1470,20.61037,83.54086333333333,3,1,1.0,0.2980607577520849,1.0,0.0333333333333333,3.0,0.7703799641333806,53.74093261600095,8.366666666666667,11.98,342.6566666666667,346.86,43.333333333333336,1,INDUSTRIAL,,,,,0.0,0.0,0.0,0.0,unknown
1471,20.60858,81.955852,5,2,1.0,1.036845583163742,1.0,0.0333333333333333,5.0,0.4909552340471212,53.15243801427576,4.414,9.71,338.38199999999995,347.05,46.0,1,INDUSTRIAL,,,,,,,,,unknown
1472,22.863186530612246,93.13983061224488,49,1,1.0,2.3145954777874116,1.0,0.0333333333333333,49.0,0.3016959404854824,61.86725214304298,55.08959183673469,192.55,350.9475510204082,367.0,51.42857142857143,1,INDUSTRIAL,,,,,,,,,unknown
1473,20.555996,79.272628,5,1,1.0,0.4264895399994149,1.0,0.0333333333333333,5.0,0.7010216142211672,57.35376561775668,7.354000000000001,9.61,336.148,339.21,46.0,1,INDUSTRIAL,,,,,,,,,unknown
1474,21.554550000000003,82.14608,3,1,1.0,0.446415776144111,1.0,0.0333333333333333,3.0,0.6913641405832999,52.16061614499934,11.516666666666667,14.93,341.7533333333333,344.33,36.666666666666664,1,INDUSTRIAL,,,,,,,,,unknown
1475,22.181766666666665,85.25088666666666,3,1,1.0,0.3297159353848991,1.0,0.0333333333333333,3.0,0.7520403218380175,53.37413977009368,3.07,3.07,336.5733333333333,343.36,43.333333333333336,1,INDUSTRIAL,,,,,,,,,unknown
1476,21.659515,82.28643250000002,4,1,1.0,0.3063604346398645,1.0,0.0333333333333333,4.0,0.7654855225890843,56.14304378511502,8.5,9.49,339.6725,343.68,35.0,1,INDUSTRIAL,,,,,,,,,unknown
1477,22.340263333333336,85.52659999999999,3,1,1.0,0.3617989255840071,1.0,0.0333333333333333,3.0,0.7343227999472465,53.019789332278265,3.8733333333333335,8.0,319.03999999999996,342.78,50.0,1,INDUSTRIAL,,,,,,,,,unknown
1478,22.311995,85.37453333333333,6,1,1.0,1.2689301749383932,1.0,0.0333333333333333,6.0,0.4407363483660982,54.6480603006553,3.588333333333334,5.1,314.8333333333333,333.08,46.666666666666664,1,INDUSTRIAL,,,,,,,,,unknown
1479,22.32837333333333,85.2724,3,1,1.0,0.400807690674046,1.0,0.0333333333333333,3.0,0.7138738648121045,52.610810629575425,4.403333333333333,6.86,325.68666666666667,335.87,50.0,1,INDUSTRIAL,,,,,,,,,unknown
1480,21.1695325,78.8961225,4,1,1.0,0.3791468976107578,1.0,0.0333333333333333,4.0,0.7250859221250512,55.33505177583435,16.0475,25.0,351.81,367.0,60.0,1,INDUSTRIAL,,,,,,,,,unknown
1481,21.1424275,78.6746275,4,1,1.0,0.4546496655082189,1.0,0.0333333333333333,4.0,0.6874507475658233,54.5823482846498,11.005,17.02,346.8275,367.0,47.5,1,INDUSTRIAL,,,,,,,,,unknown
1482,21.277483333333333,79.24316666666668,3,1,1.0,0.6547496045296338,1.0,0.0333333333333333,3.0,0.6043210388222164,50.41975410977766,10.61,11.08,352.01,367.0,60.0,1,INDUSTRIAL,,,,,,,,,unknown
1483,23.690775999999996,92.274978,5,1,1.0,0.5208930961017594,1.0,0.0333333333333333,5.0,0.6575084090809051,56.48350151495144,42.132000000000005,62.56,335.352,337.76,50.0,1,INDUSTRIAL,,10.164,,5.408,0.0,2.0,0.0,3.0,population
1484,25.056363333333337,85.40642666666668,3,1,1.0,0.3689716256020933,1.0,0.0333333333333333,3.0,0.7304753300202155,52.94283993373765,12.863333333333337,24.91,345.1333333333334,347.87,36.666666666666664,1,INDUSTRIAL,,,,,,,,,unknown
1485,26.466964166666667,83.20400500000001,12,1,1.0,1.2200971676873795,1.0,0.0333333333333333,12.0,0.4504307354446451,64.84194804222624,48.840833333333336,133.2,342.8575,367.0,55.833333333333336,1,INDUSTRIAL,,,,,,,,,unknown
1486,26.59926571428571,83.7597657142857,7,1,1.0,1.2045991855992664,1.0,0.0333333333333333,7.0,0.4535971919667449,57.405277172668235,10.452857142857145,15.13,355.1042857142857,367.0,60.0,1,INDUSTRIAL,,,,,,,,,unknown
1487,25.592238,79.120126,5,1,1.0,0.64300168397909,1.0,0.0333333333333333,5.0,0.6086421028967897,55.50617539126913,11.934,13.76,341.986,347.65,42.0,1,INDUSTRIAL,,,,,,,,,unknown
1488,25.481635714285716,78.66191285714285,7,1,1.0,1.2087248169147442,1.0,0.0333333333333333,7.0,0.4527499271714841,57.38833187676302,22.159999999999997,50.72,349.1814285714285,367.0,51.42857142857143,1,INDUSTRIAL,,,,,,,,,unknown
1489,24.9878925,76.622885,4,1,1.0,0.4981876386574786,1.0,0.0333333333333333,4.0,0.6674731350047027,54.182796033427394,4.565,7.12,329.03499999999997,337.52,35.0,1,INDUSTRIAL,,,,,,,,,unknown
1490,24.93212,76.36592,5,1,1.0,0.7156573989445415,1.0,0.0333333333333333,5.0,0.5828669526999923,54.990672387333184,9.694,21.12,339.892,367.0,52.0,1,INDUSTRIAL,,,,,,,,,unknown
1491,25.52604846153846,78.74483769230768,13,1,1.0,1.842282464329001,1.0,0.0333333333333333,13.0,0.3518299157631673,62.86993164859667,20.500769230769233,56.92,345.95846153846156,367.0,60.0,1,INDUSTRIAL,,,,,,,,,unknown
1492,24.896114444444446,76.19482333333333,9,1,1.0,1.0503563124012754,1.0,0.0333333333333333,9.0,0.4877201069646523,63.087735472626385,8.378888888888888,10.24,342.6622222222223,367.0,44.44444444444444,1,INDUSTRIAL,,,,,,,,,unknown
1493,25.57228333333333,78.93195000000001,3,1,1.0,0.4173667348615088,1.0,0.0333333333333333,3.0,0.7055337023256089,52.44400737984552,13.596666666666666,16.89,352.96000000000004,367.0,60.0,1,INDUSTRIAL,,,,,,,,,unknown
1494,24.998087,76.570474,10,1,1.0,1.2915223159290503,1.0,0.0333333333333333,10.0,0.4363911243843028,64.56115582101938,15.985,46.76,343.102,367.0,57.0,1,INDUSTRIAL,,,,,,,,,unknown
1495,26.530140000000003,83.33058249999999,4,1,1.0,0.529730168176161,1.0,0.0333333333333333,4.0,0.6537100599854561,53.90753453304246,5.8,9.52,331.805,367.0,57.5,1,INDUSTRIAL,,,,,,,,,unknown
1496,26.353493333333333,82.46716666666667,3,1,1.0,0.3603522255469184,1.0,0.0333333333333333,3.0,0.7351037335922013,53.035408005177366,10.0,10.0,344.4866666666667,347.94,36.666666666666664,1,INDUSTRIAL,,,,,,,,,unknown
1497,26.221553333333336,81.55433666666666,6,1,1.0,0.7778034555987465,1.0,0.0333333333333333,6.0,0.5624918754943077,57.08317084321949,19.786666666666665,31.61,350.0216666666666,353.5,40.0,1,INDUSTRIAL,,,,,,,,,unknown
1498,26.291466666666665,82.13765000000001,3,1,1.0,0.3697080880703123,1.0,0.0333333333333333,3.0,0.7300825692055534,52.9349847174444,14.966666666666669,16.82,350.09999999999997,354.63,50.0,1,INDUSTRIAL,,,,,,,,,unknown
1499,26.63074333333333,83.78267333333334,3,1,1.0,0.6673507357804883,1.0,0.0333333333333333,3.0,0.5997538361548742,50.32841005643082,8.58,13.05,350.6333333333334,367.0,53.333333333333336,1,INDUSTRIAL,,,,,,,,,unknown
1500,26.38734666666667,82.53740333333333,3,1,1.0,0.3582102166909839,1.0,0.0333333333333333,3.0,0.7362630524428732,53.058594382190805,9.56,9.56,347.94,353.73,50.0,1,INDUSTRIAL,,,,,,,,,unknown
1501,24.97161,76.36115,3,1,1.0,0.3430187501350312,1.0,0.0333333333333333,3.0,0.7445912426013835,53.22515818536101,6.996666666666667,7.62,337.6333333333334,341.11,30.0,1,INDUSTRIAL,,,,,,,,,unknown
1502,26.6462225,83.807455,4,1,1.0,0.4984654451368139,1.0,0.0333333333333333,4.0,0.6673493895007351,54.18032112334803,9.755,10.51,354.475,367.0,52.5,1,INDUSTRIAL,,,,,,,,,unknown
1503,26.644278000000003,83.717023,10,1,1.0,0.9762448324583614,1.0,0.0333333333333333,10.0,0.5060101782814249,65.95353689896184,10.751,19.41,353.49999999999994,367.0,59.0,1,INDUSTRIAL,,,,,,,,,unknown
1504,24.98193285714286,76.19384,7,1,1.0,0.4749053654795497,1.0,0.0333333333333333,7.0,0.6780096021108858,61.89352537555105,4.894285714285714,10.02,324.39,346.63,47.142857142857146,1,INDUSTRIAL,,,,,,,,,unknown
1505,26.6669,83.79155666666666,3,1,1.0,0.3900188684932182,1.0,0.0333333333333333,3.0,0.7194146947688566,52.72162722871047,20.54,25.5,351.84,367.0,30.0,1,INDUSTRIAL,,,,,,,,,unknown
1506,25.66879666666667,79.03114666666666,3,1,1.0,0.4031887049737424,1.0,0.0333333333333333,3.0,0.712662521053227,52.58658375439788,10.813333333333333,16.5,347.6566666666667,351.4,36.666666666666664,1,INDUSTRIAL,,,,,,,,,unknown
1507,26.658619375,83.67005125,16,1,1.0,0.944191122708414,1.0,0.0333333333333333,16.0,0.5143527240299914,66.12038781393316,7.130625,10.96,348.13125,367.0,48.125,1,INDUSTRIAL,,,,,,,,,unknown
1508,25.181882,76.909922,5,1,1.0,0.6256833537647382,1.0,0.0333333333333333,5.0,0.6151259393068225,55.63585211946979,6.917999999999999,11.81,334.90999999999997,347.51,42.0,1,INDUSTRIAL,,,,,,,,,unknown
1509,26.269645,81.66778833333333,6,1,1.0,0.7283083350229427,1.0,0.0333333333333333,6.0,0.5786004613503906,57.405342560341154,10.818333333333335,14.3,347.0366666666667,353.31,43.333333333333336,1,INDUSTRIAL,,,,,,,,,unknown
1510,26.5698525,83.1366075,4,1,1.0,0.4832165751670257,1.0,0.0333333333333333,4.0,0.674210372741681,54.31754078816695,9.7425,17.4,345.41749999999996,347.07,35.0,1,INDUSTRIAL,,,,,,,,,unknown
1511,26.68737,83.67276333333332,3,1,1.0,0.4716873520546465,1.0,0.0333333333333333,3.0,0.6794921479782263,51.923176292897864,6.523333333333333,8.81,352.75666666666666,367.0,60.0,1,INDUSTRIAL,,,,,,,,,unknown
1512,26.697616666666665,83.70373333333333,9,1,1.0,0.8669231454098383,1.0,0.0333333333333333,9.0,0.5356406890442584,64.0461471142185,15.47555555555556,27.93,348.7022222222222,354.49,41.111111111111114,1,INDUSTRIAL,,,,,,,,,unknown
1513,25.5600675,78.43028749999999,4,1,1.0,0.4703366804598892,1.0,0.0333333333333333,4.0,0.6801163388559563,54.43566011045247,8.825000000000001,11.9,351.00249999999994,367.0,52.5,1,INDUSTRIAL,,,,,,,,,unknown
1514,26.7639075,83.93829124999999,8,1,1.0,1.0013941366942103,1.0,0.0333333333333333,8.0,0.4996517086093514,60.82636750552036,14.49625,21.95,348.18125,367.0,48.75,1,INDUSTRIAL,,,,,,,,,unknown
1515,25.64623,78.70773333333334,3,1,1.0,0.428627747771125,1.0,0.0333333333333333,3.0,0.6999724046800512,52.33278142693436,11.446666666666667,14.06,347.78999999999996,367.0,46.666666666666664,1,INDUSTRIAL,,,,,,,,,unknown
1516,26.615983333333332,83.11968333333334,3,1,1.0,0.5450800621735072,1.0,0.0333333333333333,3.0,0.6472156521088441,51.27764637551022,5.486666666666667,5.74,344.10666666666674,346.85,30.0,1,INDUSTRIAL,,,,,,,,,unknown
1517,25.65954111111111,78.71271,9,1,1.0,0.9614079063958124,1.0,0.0333333333333333,9.0,0.5098378551137541,63.53009043560842,7.778888888888888,17.91,327.08444444444444,367.0,46.666666666666664,1,INDUSTRIAL,,,,,,,,,unknown
1518,26.622456666666665,83.09209,3,1,1.0,0.681239757373622,1.0,0.0333333333333333,3.0,0.5947991627096467,50.22931658752627,8.03,10.94,330.4766666666667,344.91,43.333333333333336,1,INDUSTRIAL,,,,,,,,,unknown
1519,26.650284999999997,83.09443714285715,14,1,1.0,2.423507114716942,1.0,0.0333333333333333,14.0,0.292098122332274,61.67529577997881,12.932142857142852,34.9,344.0585714285714,367.0,44.285714285714285,1,INDUSTRIAL,,,,,,,,,unknown
1520,26.829376666666672,84.00376999999999,3,1,1.0,0.2959691030165944,1.0,0.0333333333333333,3.0,0.7716233339763467,53.76580001286027,24.83,36.12,344.81,348.87,36.666666666666664,1,INDUSTRIAL,,,,,,,,,unknown
1521,26.7983,83.78206166666666,6,1,1.0,0.9135488748849852,1.0,0.0333333333333333,6.0,0.5225892127056883,56.2851175874471,12.47166666666667,24.63,344.9983333333333,352.28,36.666666666666664,1,INDUSTRIAL,,,,,,,,,unknown
1522,26.773202222222224,83.53231,9,1,1.0,0.7658052948248251,1.0,0.0333333333333333,9.0,0.5663138529093628,64.6596103915206,27.834444444444447,52.49,350.38222222222225,367.0,46.666666666666664,1,INDUSTRIAL,,,,,,,,,unknown
1523,26.780383333333333,83.55217333333333,3,1,1.0,0.3297873259828471,1.0,0.0333333333333333,3.0,0.7519999480073997,53.37333229348133,5.123333333333333,7.01,344.1433333333334,345.56,30.0,1,INDUSTRIAL,,,,,,,,,unknown
1524,26.794436666666662,83.58109333333333,6,1,1.0,0.8475913855165315,1.0,0.0333333333333333,6.0,0.5412452167936633,56.6582376692066,8.153333333333332,14.15,349.4166666666667,355.4,43.333333333333336,1,INDUSTRIAL,,,,,,,,,unknown
1525,26.811425000000003,83.62986000000001,4,1,1.0,0.4501253351182961,1.0,0.0333333333333333,4.0,0.6895955651436319,54.62524463620597,7.3375,25.09,315.39500000000004,350.4,50.0,1,INDUSTRIAL,,,,,,,,,unknown
1526,25.720967777777776,78.52655333333333,9,1,1.0,1.1275537789646677,1.0,0.0333333333333333,9.0,0.4700233713888212,62.73380076110976,10.91111111111111,15.42,341.15222222222224,367.0,60.0,1,INDUSTRIAL,,,,,,,,,unknown
1527,26.745994999999997,83.2215025,4,1,1.0,0.6964149791866384,1.0,0.0333333333333333,4.0,0.5894784072700532,52.6229014787344,6.1274999999999995,9.24,346.47249999999997,354.56,40.0,1,INDUSTRIAL,,,,,,,,,unknown
1528,26.8258575,83.56743833333333,12,1,1.0,1.3075211815972727,1.0,0.0333333333333333,12.0,0.4333654693942168,64.50064272121767,14.82,62.54,350.25666666666666,367.0,43.333333333333336,1,INDUSTRIAL,,,,,,,,,unknown
1529,26.853466249999997,83.54837125,8,1,1.0,1.009047688517314,1.0,0.0333333333333333,8.0,0.4977482643719644,60.78829862077262,12.025,15.63,346.7275,353.84,45.0,1,INDUSTRIAL,,,,,,,,,unknown
1530,26.893006666666665,83.73537333333333,3,1,1.0,0.2953182845615024,1.0,0.0333333333333333,3.0,0.77201102765142,53.77355388636174,14.843333333333334,18.42,355.3533333333333,367.0,60.0,1,INDUSTRIAL,,,,,,,,,unknown
1531,26.89178285714286,83.67235285714285,7,1,1.0,1.3089223154059522,1.0,0.0333333333333333,7.0,0.4331024882594117,56.99538309852157,10.287142857142856,12.79,350.6542857142857,355.55,47.142857142857146,1,INDUSTRIAL,,,,,,,,,unknown
1532,26.85464125,83.24941,8,1,1.0,1.263320543148161,1.0,0.0333333333333333,8.0,0.4418287118134191,59.66990756960171,9.9875,14.94,346.4525,367.0,51.25,1,INDUSTRIAL,,,,,,,,,unknown
1533,25.4024275,76.81460249999999,4,1,1.0,0.6875170576703489,1.0,0.0333333333333333,4.0,0.5925866025796029,52.68506538492539,7.3075,8.78,341.605,346.45,35.0,1,INDUSTRIAL,,,,,,,,,unknown
1534,26.686266,82.39128000000001,5,1,1.0,0.5927414527099909,1.0,0.0333333333333333,5.0,0.6278482915720796,55.89029916477492,10.848,11.16,352.432,367.0,56.0,1,INDUSTRIAL,,,,,,,,,unknown
1535,26.897816666666667,83.4478,3,1,1.0,0.3319261114882836,1.0,0.0333333333333333,3.0,0.7507923985983036,53.34918130529941,7.919999999999999,7.92,354.0466666666666,367.0,60.0,1,INDUSTRIAL,,,,,,,,,unknown
1536,26.950941428571433,83.66588285714286,7,1,1.0,1.139137941474211,1.0,0.0333333333333333,7.0,0.4674780343107927,57.68289401954919,5.96,10.13,334.4585714285714,352.83,38.57142857142857,1,INDUSTRIAL,,,,,,,,,unknown
1537,25.353118333333335,76.46894333333333,12,1,1.0,1.28856784054463,1.0,0.0333333333333333,12.0,0.43695449279844,64.57242318930214,8.468333333333332,15.25,336.6666666666667,367.0,49.166666666666664,1,INDUSTRIAL,,,,,,,,,unknown
1538,26.871189999999995,83.14068428571429,7,1,1.0,0.7384412822191959,1.0,0.0333333333333333,7.0,0.5752279413909548,59.837892161152425,27.87142857142857,49.25,348.44714285714286,355.66,38.57142857142857,1,INDUSTRIAL,,,,,,,,,unknown
1539,26.91891666666667,83.35475,3,1,1.0,0.334924258380015,1.0,0.0333333333333333,3.0,0.7491061711722438,53.31545675677821,5.2,6.61,343.49333333333334,344.31,30.0,1,INDUSTRIAL,,,,,,,,,unknown
1540,26.82459,82.84719692307694,13,1,1.0,1.0858460053883263,1.0,0.0333333333333333,13.0,0.4794217777423256,65.42176888817986,19.923846153846153,50.59,352.4946153846153,367.0,48.46153846153846,1,INDUSTRIAL,,,,,,,,,unknown
1541,25.802935,78.129435,4,1,1.0,0.4092172389933964,1.0,0.0333333333333333,4.0,0.7096138000087905,55.02560933350914,16.99,23.34,363.42,367.0,72.5,1,INDUSTRIAL,,,,,,,,,unknown
1542,26.904822000000003,83.228808,5,1,1.0,0.4610261837190871,1.0,0.0333333333333333,5.0,0.6844504302136936,57.0223419376072,15.21,17.46,348.66600000000005,353.06,46.0,1,INDUSTRIAL,,,,,,,,,unknown
1543,26.96318,83.39565999999999,5,1,1.0,0.7916397303478,1.0,0.0333333333333333,5.0,0.5581479262049386,54.49629185743211,11.492,19.19,356.514,367.0,62.0,1,INDUSTRIAL,,,,,,,,,unknown
1544,25.883304999999996,78.28584500000001,6,1,1.0,0.9793300590092706,1.0,0.0333333333333333,6.0,0.5052214487666286,55.9377623086659,9.249999999999998,10.03,350.94000000000005,367.0,55.0,1,INDUSTRIAL,,,,,,,,,unknown
1545,26.745833333333337,82.16258666666666,3,1,1.0,0.3654513146160955,1.0,0.0333333333333333,3.0,0.7323585903765127,52.980505140863585,7.590000000000001,10.13,344.40333333333336,345.24,50.0,1,INDUSTRIAL,,,,,,,,,unknown
1546,26.62851333333333,81.5186,3,1,1.0,0.391265974469038,1.0,0.0333333333333333,3.0,0.7187698242829804,52.70872981899295,13.353333333333332,14.07,356.7366666666667,367.0,60.0,1,INDUSTRIAL,,,,,,,,,unknown
1547,26.9781825,83.1814875,4,1,1.0,0.5337728218842704,1.0,0.0333333333333333,4.0,0.6519870385833804,53.87307410500094,18.5,22.95,352.46250000000003,355.05,50.0,1,INDUSTRIAL,,,,,,,,,unknown
1548,25.46392,76.33314,3,1,1.0,0.3263273770267776,1.0,0.0333333333333333,3.0,0.7539616668711882,53.4125666707571,10.356666666666667,12.19,342.7966666666666,349.14,43.333333333333336,1,INDUSTRIAL,,,,,,,,,unknown
1549,27.03416285714286,83.3504457142857,7,1,1.0,0.7533665920449716,1.0,0.0333333333333333,7.0,0.5703313867944116,59.73996106922157,28.445714285714285,64.26,354.26714285714286,367.0,38.57142857142857,1,INDUSTRIAL,,,,,,,,,unknown
1550,25.348936666666663,75.83022,6,1,1.0,0.590525952221369,1.0,0.0333333333333333,6.0,0.6287228439142251,58.40779021161784,10.741666666666667,17.59,347.26499999999993,367.0,53.333333333333336,1,INDUSTRIAL,,,,,,,,,unknown
1551,27.088326,83.604438,5,1,1.0,0.3142975759730169,1.0,0.0333333333333333,5.0,0.7608626982817553,58.55058729896845,11.342000000000002,18.17,343.48,345.66,38.0,1,INDUSTRIAL,,,,,,,,,unknown
1552,27.0117325,83.1743125,8,1,1.0,0.9791596727953684,1.0,0.0333333333333333,8.0,0.5052649433724559,60.93863220078245,12.27625,23.56,347.3375,353.63,40.0,1,INDUSTRIAL,,,,,,,,,unknown
1553,27.0635575,83.173025,8,1,1.0,1.1296631066828569,1.0,0.0333333333333333,8.0,0.4695578361018755,60.22449005537083,13.505,37.76,351.71000000000004,367.0,55.0,1,INDUSTRIAL,,,,,,,,,unknown
1554,25.32558181818182,75.60604000000001,11,1,1.0,1.0023475367933463,1.0,0.0333333333333333,11.0,0.4994138038601665,65.82160941053667,11.127272727272729,24.51,345.8263636363636,367.0,48.18181818181818,1,INDUSTRIAL,,,,,,,,,unknown
1555,25.39130375,75.84597249999999,8,1,1.0,1.3870961402447348,1.0,0.0333333333333333,8.0,0.4189190301725661,59.21171393678465,12.7525,32.0,343.02625,367.0,46.25,1,INDUSTRIAL,,,,,,,,,unknown
1556,27.081912999999997,83.222331,10,1,1.0,0.8862730551805559,1.0,0.0333333333333333,10.0,0.5301459389739728,66.43625211281278,16.654,28.04,349.059,367.0,51.0,1,INDUSTRIAL,,,,,,,,,unknown
1557,26.1084175,78.73059,4,2,1.05625,0.8789715588670545,1.0,0.0352083333333333,3.7869822485207103,0.5322060332850171,50.99178462033544,10.882500000000002,30.39,330.15250000000003,367.0,52.5,1,INDUSTRIAL,,,,,,,,,unknown
1558,27.33319999999999,84.48673666666667,3,1,1.0,0.4844726896831231,1.0,0.0333333333333333,3.0,0.6736398769407209,51.80613087214776,6.793333333333333,8.95,332.6566666666667,347.1,43.333333333333336,1,INDUSTRIAL,,,,,,,,,unknown
1559,27.093318,83.18969999999999,5,1,1.0,0.5298003575070459,1.0,0.0333333333333333,5.0,0.6536800668746047,56.40693467082543,14.145999999999995,15.53,353.12600000000003,367.0,62.0,1,INDUSTRIAL,,,,,,,,,unknown
1560,25.362852307692307,75.55266538461538,13,1,1.0,1.6086731246389374,1.0,0.0333333333333333,13.0,0.3833366436580315,63.50006620649397,22.51692307692307,87.1,352.3392307692308,367.0,55.38461538461539,1,INDUSTRIAL,,,,,,,,,unknown
1561,27.3344675,84.433375,4,1,1.0,0.7442052222349143,1.0,0.0333333333333333,4.0,0.5733270301293235,52.299873935919805,3.6025,5.56,317.0,338.94,45.0,1,INDUSTRIAL,,,,,,,,,unknown
1562,25.413522,75.73974999999999,5,1,1.0,0.636581520846937,1.0,0.0333333333333333,5.0,0.6110297515045241,55.55392836342382,11.648,18.05,347.48,367.0,52.0,1,INDUSTRIAL,,,,,,,,,unknown
1563,25.43398125,75.7821325,8,2,2.563194444444445,1.04863771323892,0.7802763478732051,0.0854398148148148,3.1211053914928204,0.4881292546445357,43.10963437818928,11.47375,29.29,339.86,355.31,45.0,1,INDUSTRIAL,,,,,,,,,unknown
1564,25.521201666666663,76.06373166666667,6,1,1.0,0.5878339019268627,1.0,0.0333333333333333,6.0,0.6297887951545079,58.42910923642349,8.238333333333332,12.09,342.42333333333335,348.11,43.333333333333336,1,INDUSTRIAL,,,,,,,,,unknown
1565,26.974776666666667,82.44237,3,1,1.0,0.284481926376545,1.0,0.0333333333333333,3.0,0.7785239943554104,53.90381322044154,17.68,18.84,344.43,345.64,43.333333333333336,1,INDUSTRIAL,,,,,,,,,unknown
1566,27.316576666666663,84.17532333333334,3,1,1.0,0.3923092884980182,1.0,0.0333333333333333,3.0,0.7182312207934562,52.69795774920246,7.19,11.64,331.37666666666667,346.42,50.0,1,INDUSTRIAL,,,,,,,,,unknown
1567,25.357916666666668,75.5944,3,1,1.0,0.6221076592915948,1.0,0.0333333333333333,3.0,0.6164818927226563,50.66297118778647,12.853333333333332,17.29,348.91,367.0,53.333333333333336,1,INDUSTRIAL,,,,,,,,,unknown
1568,27.337453333333332,84.23185000000001,3,1,1.0,0.4332039071397079,1.0,0.0333333333333333,3.0,0.6977374224409789,52.288081782152915,7.7,9.67,345.51666666666665,352.36,36.666666666666664,1,INDUSTRIAL,,,,,,,,,unknown
1569,27.125395,83.1754,4,2,1.0,1.0136913970535857,1.0,0.0333333333333333,4.0,0.4966004232143966,50.76534179762127,12.0475,30.58,338.63750000000005,349.98,45.0,1,INDUSTRIAL,,,,,,,,,unknown
1570,25.943056666666667,77.75383333333333,3,1,1.0,0.5997839092753475,1.0,0.0333333333333333,3.0,0.625084421841053,50.8350217701544,5.97,6.06,340.17333333333335,341.47,36.666666666666664,1,INDUSTRIAL,,,,,,,,,unknown
1571,27.284166666666668,83.71102,3,1,1.0,0.3227077321379208,1.0,0.0333333333333333,3.0,0.7560249144258638,53.45383162185061,5.933333333333333,8.12,345.42333333333335,352.97,36.666666666666664,1,INDUSTRIAL,,,,,,,,,unknown
1572,27.18237,83.14047666666666,3,1,1.0,0.6927083521736898,1.0,0.0333333333333333,3.0,0.5907692241937903,50.148717817209146,18.77333333333333,24.49,346.8666666666666,351.31,30.0,1,INDUSTRIAL,,,,,,,,,unknown
1573,27.211986666666665,83.13773666666667,3,2,1.9736111111111112,0.6620511167784795,1.0,0.065787037037037,1.5200562983814214,0.6016662122512092,47.47814091690366,11.689999999999998,16.08,346.66333333333336,352.45,50.0,1,INDUSTRIAL,,,,,,,,,unknown
1574,27.226826666666664,83.11049333333334,3,1,1.0,0.4160004036924682,1.0,0.0333333333333333,3.0,0.7062144879283405,52.45762309190014,14.253333333333336,15.34,354.6433333333334,367.0,60.0,1,INDUSTRIAL,,,,,,,,,unknown
1575,27.3527975,83.69788833333332,12,2,1.0,1.1690006762416283,1.0,0.0333333333333333,12.0,0.4610418110762263,65.05416955485786,23.291666666666668,58.13,349.9824999999999,367.0,55.0,1,INDUSTRIAL,,,,,,,,,unknown
1576,25.828899999999997,76.6126675,4,1,1.0,0.8474724950390546,1.0,0.0333333333333333,4.0,0.5412800475705379,51.6589342847441,6.3625,12.79,331.65250000000003,347.04,40.0,1,INDUSTRIAL,,,,,,,,,unknown
1577,27.27973,82.49084166666667,6,1,1.0,0.6943853577197587,1.0,0.0333333333333333,6.0,0.5901845146642221,57.637023626617776,6.006666666666668,6.75,344.23333333333335,351.6,43.333333333333336,1,INDUSTRIAL,,,,,,,,,unknown
1578,27.2165725,82.08799,4,1,1.0,0.4287897383824574,1.0,0.0333333333333333,4.0,0.6998930445371947,54.83119422407723,5.145,6.48,343.435,349.49,45.0,1,INDUSTRIAL,,,,,,,,,unknown
1579,27.41355333333333,83.02022166666667,6,1,1.0,0.7752438226935058,1.0,0.0333333333333333,6.0,0.5633029036443795,57.09939140622093,43.16,89.1,361.58,367.0,53.333333333333336,1,INDUSTRIAL,,,,,,,,,unknown
1580,27.315125,82.5171475,4,1,1.0,0.2434995859479407,1.0,0.0333333333333333,4.0,0.8041820128453707,56.91697359024075,10.11,11.79,354.07,367.0,57.5,1,INDUSTRIAL,,,,,,,,,unknown
1581,27.391513333333336,82.77254333333333,3,1,1.0,0.5916656218260533,1.0,0.0333333333333333,3.0,0.6282726637349499,50.89878660803233,14.706666666666663,27.43,339.0733333333333,367.0,60.0,1,INDUSTRIAL,,,,,,,,,unknown
1582,27.449807142857143,82.88949000000001,7,2,1.0,1.0254628107894566,1.0,0.0333333333333333,7.0,0.4937143228071583,58.2076197894765,12.857142857142858,50.06,350.3142857142857,367.0,55.714285714285715,1,INDUSTRIAL,,,,,,,,,unknown
1583,26.481986666666668,78.45039333333334,3,1,1.0,0.6828019555283821,1.0,0.0333333333333333,3.0,0.5942469918785009,50.21827317090335,12.246666666666668,13.62,351.7033333333334,367.0,53.333333333333336,1,INDUSTRIAL,,,,,,,,,unknown
1584,27.39576,82.54201333333333,3,1,1.0,0.3498791112542581,1.0,0.0333333333333333,3.0,0.7408070779544376,53.14947489242209,31.929999999999996,31.93,354.41333333333336,367.0,30.0,1,INDUSTRIAL,,,,,,,,,unknown
1585,26.539045714285717,78.55856428571428,7,1,1.0,0.7672158931806525,1.0,0.0333333333333333,7.0,0.5658618190673864,59.650569714681055,18.822857142857146,30.76,358.3985714285714,367.0,67.14285714285714,1,INDUSTRIAL,,,,,,,,,unknown
1586,27.438689411764702,82.68175529411764,17,2,1.0,1.6894674908579193,1.0,0.0333333333333333,17.0,0.3718208170945423,63.26974967522418,6.108823529411764,10.13,339.1758823529412,367.0,52.35294117647059,1,INDUSTRIAL,,,,,,,,,unknown
1587,27.47554,82.86282000000001,5,2,1.9736111111111112,1.1346255594206407,1.0,0.065787037037037,2.533427163969036,0.4684662354888181,47.347568545624874,9.760000000000002,10.88,350.168,367.0,48.0,1,INDUSTRIAL,,,,,,,,,unknown
1588,27.467768,82.81628800000001,5,1,1.0,0.5459859132656371,1.0,0.0333333333333333,5.0,0.6468364241997956,56.27006181732925,21.456,38.04,348.318,367.0,42.0,1,INDUSTRIAL,,,,,,,,,unknown
1589,27.4886,82.66571833333333,12,1,1.0,1.9661837912717877,1.0,0.0333333333333333,12.0,0.3371335258936324,62.57600385120598,9.351666666666668,24.32,344.6233333333334,367.0,50.0,1,INDUSTRIAL,,,,,,,,,unknown
1590,27.595320000000005,82.68412,5,1,1.0,0.5567043021453671,1.0,0.0333333333333333,5.0,0.6423827560711775,56.180988454756886,13.344,19.06,352.42400000000004,354.88,46.0,1,INDUSTRIAL,,,,,,,,,unknown
1591,27.6627825,82.5986075,4,1,1.0,0.3121027801027764,1.0,0.0333333333333333,4.0,0.7621354174111805,56.076041681556944,3.3550000000000004,6.9,327.4225,345.78,50.0,1,INDUSTRIAL,,,,,,,,,unknown
1592,27.2940275,80.4035175,4,1,1.0,0.3942983191129845,1.0,0.0333333333333333,4.0,0.7172066309569772,55.17746595247288,15.2125,18.04,347.55,353.19,50.0,1,INDUSTRIAL,,,,,,,,,unknown
1593,27.81808090909091,81.82224090909091,11,1,1.0,1.123682445039835,1.0,0.0333333333333333,11.0,0.4708801931925573,65.25093719718448,14.144545454545456,20.47,349.86909090909097,367.0,50.0,1,INDUSTRIAL,,,,,,,,,unknown
1594,27.663115,80.1854,4,1,1.0,0.6645766143168084,1.0,0.0333333333333333,4.0,0.6007533635875508,52.84840060508436,18.8825,21.91,348.8225,355.54,50.0,1,INDUSTRIAL,,,,,,,,,unknown
1595,28.076120000000003,81.4258075,4,1,1.0,0.3101712322411904,1.0,0.0333333333333333,4.0,0.7632590117929785,56.09851356919291,22.5675,24.73,355.95,367.0,65.0,1,INDUSTRIAL,,,,,,,,,unknown
1596,28.0915825,81.451,4,1,1.0,0.4034282300343867,1.0,0.0333333333333333,4.0,0.7125408899431203,55.084151132195736,24.7175,33.2,352.2925,367.0,57.5,1,INDUSTRIAL,,,,,,,,,unknown
1597,28.01834666666667,80.35288,3,1,1.0,0.6581991941824675,1.0,0.0333333333333333,3.0,0.6030638559639538,50.39461045261241,15.623333333333337,17.64,349.33,367.0,60.0,1,INDUSTRIAL,,,,,,,,,unknown
1598,28.142596666666662,79.72444666666667,3,1,1.0,0.3004505954799386,1.0,0.0333333333333333,3.0,0.7689642370696477,53.712618074726294,7.43,12.36,341.14666666666665,343.4,43.333333333333336,1,INDUSTRIAL,,,,,,,,,unknown
1599,28.385406666666665,80.47409666666665,3,1,1.0,0.6441320688166033,1.0,0.0333333333333333,3.0,0.6082236451477829,50.49780623628899,32.38,44.35,348.67333333333335,355.17,50.0,1,INDUSTRIAL,,,,,,,,,unknown
1600,28.40507,79.983762,5,1,1.0,0.7518117639240554,1.0,0.0333333333333333,5.0,0.5708375868877611,54.75008507108856,17.375999999999998,21.66,346.03200000000004,352.67,50.0,1,INDUSTRIAL,,,,,,,,,unknown
1601,27.795523333333335,77.29443333333334,3,1,1.0,0.3566885235587869,1.0,0.0333333333333333,3.0,0.7370888620601417,53.07511057453617,10.089999999999998,15.75,355.66333333333336,367.0,60.0,1,INDUSTRIAL,,,,,,,,,unknown
1602,27.98447333333333,77.64413,3,1,1.0,0.2428319792858147,1.0,0.0333333333333333,3.0,0.8046139918081634,54.425613169496614,4.796666666666667,6.85,342.1466666666667,346.24,43.333333333333336,1,INDUSTRIAL,,,,,,,,,unknown
1603,28.51170666666667,76.66131,3,1,1.0,0.2553012797564421,1.0,0.0333333333333333,3.0,0.7966215092157186,54.26576351764771,5.506666666666667,7.18,340.85999999999996,348.5,36.666666666666664,1,INDUSTRIAL,,,,,,,,,unknown
1604,29.03059,78.7586175,4,1,1.0,0.351776670314919,1.0,0.0333333333333333,4.0,0.7397671686159766,55.62867670565287,8.4625,11.24,356.33750000000003,367.0,65.0,1,INDUSTRIAL,,,,,,,,,unknown
1605,29.64296428571428,80.00644142857143,7,1,1.0,0.8594826252335985,1.0,0.0333333333333333,7.0,0.5377839977796912,59.08901328892716,5.274285714285715,17.18,317.90000000000003,347.74,50.0,1,INDUSTRIAL,,,,,,,,,unknown
1606,29.3820175,78.81488999999999,4,1,1.0,0.3059200320190007,1.0,0.0333333333333333,4.0,0.7657436714972224,56.148206763277784,11.07,12.28,357.8,367.0,65.0,1,INDUSTRIAL,,,,,,,,,unknown
1607,29.5523,79.1616825,4,1,1.0,0.445970771262874,1.0,0.0333333333333333,4.0,0.6915769114244443,54.664871561822224,3.74,5.92,332.2325,345.6,50.0,1,INDUSTRIAL,,,,,,,,,unknown
1608,25.60647,92.791865,4,1,1.0,0.6030890466480713,1.0,0.0333333333333333,4.0,0.6237956663049495,53.30924665943233,8.125,8.88,332.8975,333.22,50.0,1,INDUSTRIAL,,,,,,,,,unknown
1609,25.76386666666667,93.97394,3,1,1.0,0.4225986877814509,1.0,0.0333333333333333,3.0,0.7029389304157904,52.39211194164915,5.890000000000001,7.15,334.2366666666667,337.91,50.0,1,INDUSTRIAL,,,,,,,,,unknown
1610,25.643740000000005,92.93405,7,1,1.0,0.9147845388328796,1.0,0.0333333333333333,7.0,0.5222519712894335,58.778372759122,9.23,15.26,340.07000000000005,348.46,44.285714285714285,1,INDUSTRIAL,,,,,,,,,unknown
1611,25.650794,92.968856,5,1,1.0,0.3290727788236307,1.0,0.0333333333333333,5.0,0.7524042444726806,58.38141822278695,15.472,18.75,341.49399999999997,351.75,50.0,1,INDUSTRIAL,,,,,,,,,unknown
1612,24.00925,82.97597,3,1,1.0,0.3680736722950415,1.0,0.0333333333333333,3.0,0.7309547871953623,52.95242907724058,6.406666666666666,9.95,342.45666666666665,346.84,43.333333333333336,1,INDUSTRIAL,,,,,0.0,0.0,0.0,0.0,unknown
1613,25.74975333333333,93.53023666666668,3,1,1.0,0.3539042168885905,1.0,0.0333333333333333,3.0,0.7386046867466752,53.10542706826684,11.93,11.93,338.5,344.29,50.0,1,INDUSTRIAL,,,,,,,,,unknown
1614,25.82466666666667,93.96471,3,1,1.0,0.5891513851928275,1.0,0.0333333333333333,3.0,0.6292666698199177,50.91866672973169,34.906666666666666,37.15,340.85999999999996,350.59,50.0,1,INDUSTRIAL,,,,,,,,,unknown
1615,22.634389999999996,76.6039625,4,1,1.0,0.4720059725649732,1.0,0.0333333333333333,4.0,0.679345069678962,54.420234726912575,12.2225,18.95,351.5575,367.0,55.0,1,INDUSTRIAL,,,,,,,,,unknown
1616,22.866848181818185,77.49464727272728,11,1,1.0,1.009714697151219,1.0,0.0333333333333333,11.0,0.4975830656050359,65.78499464543405,9.133636363636365,20.23,343.41090909090906,367.0,47.27272727272727,1,INDUSTRIAL,,,,,,,,,unknown
1617,25.803856666666665,93.57287,3,1,1.0,0.708341397727491,1.0,0.0333333333333333,3.0,0.5853630903812569,50.04059514095848,15.776666666666666,21.29,339.37999999999994,345.14,50.0,1,INDUSTRIAL,,,,,,,,,unknown
1618,22.79715,77.14761,3,1,1.0,0.3537178411604736,1.0,0.0333333333333333,3.0,0.7387063755787917,53.10746084490917,25.626666666666665,39.74,361.7833333333333,367.0,70.0,1,INDUSTRIAL,,,,,,,,,unknown
1619,24.177343333333337,83.43292333333333,3,1,1.0,0.3548013801568545,1.0,0.0333333333333333,3.0,0.7381155752027823,53.095644837388974,6.68,6.68,344.05,344.5,30.0,1,INDUSTRIAL,,,,,,,,,unknown
1620,23.057703333333333,78.21724999999999,3,1,1.0,0.3520967167274105,1.0,0.0333333333333333,3.0,0.7395920629260762,53.125174591854865,7.583333333333333,8.21,343.0466666666667,346.18,43.333333333333336,1,INDUSTRIAL,,6.627,,8.457,0.0,11.0,0.0,18.0,forest
1621,25.732584000000003,92.60449,5,1,1.0,0.5586598974310274,1.0,0.0333333333333333,5.0,0.6415767812132674,56.16486895759869,5.96,6.64,334.77599999999995,338.31,50.0,1,INDUSTRIAL,,,,,,,,,unknown
1622,25.72397666666667,92.56222666666667,3,1,1.0,0.3219853108312152,1.0,0.0333333333333333,3.0,0.7564380570698152,53.46209447472964,32.20666666666667,45.86,336.02333333333337,339.49,50.0,1,INDUSTRIAL,,,,,,,,,unknown
1623,25.7440275,92.635935,4,1,1.0,0.8949419888748253,1.0,0.0333333333333333,4.0,0.5277206404581165,51.38774614249566,7.8075,15.73,339.27750000000003,345.28,50.0,1,INDUSTRIAL,,,,,,,,,unknown
1624,24.031913333333335,82.46541,3,1,1.0,0.4919361157669468,1.0,0.0333333333333333,3.0,0.6702699863833905,51.73873306100114,11.673333333333332,20.08,332.41333333333336,348.99,43.333333333333336,1,INDUSTRIAL,,,,,0.0,0.0,0.0,0.0,unknown
1625,25.7986025,92.2881825,4,1,1.0,0.4401653834131166,1.0,0.0333333333333333,4.0,0.6943646969419944,54.72062727217322,8.4575,8.86,338.8425,351.86,50.0,1,INDUSTRIAL,,,,,,,,,unknown
1626,25.9417075,93.227655,4,1,1.0,0.627365060011942,1.0,0.0333333333333333,4.0,0.6144902730015979,53.123138793365285,8.325,10.03,333.3275,338.01,50.0,1,INDUSTRIAL,,1.769,,,0.0,5.0,0.0,0.0,forest
1627,25.313550000000003,88.29869666666667,3,1,1.0,0.2932859694279166,1.0,0.0333333333333333,3.0,0.773224192977481,53.79781719288296,4.48,4.48,343.3999999999999,345.83,50.0,1,INDUSTRIAL,,,,,,,,,unknown
1628,23.704880000000003,79.81586,3,1,1.0,0.6519743302191784,1.0,0.0333333333333333,3.0,0.6053362825966693,50.44005898526672,9.486666666666666,18.29,337.23,367.0,53.333333333333336,1,INDUSTRIAL,,,,,0.0,0.0,0.0,0.0,unknown
1629,24.02119,81.20571666666667,3,1,1.0,0.3953162741324186,1.0,0.0333333333333333,3.0,0.7166833918150788,52.66700116963491,3.61,7.89,316.7933333333333,335.56,43.333333333333336,1,INDUSTRIAL,,,,,,,,,unknown
1630,25.999146000000003,92.407792,5,1,1.0,0.5567323472025321,1.0,0.0333333333333333,5.0,0.6423711833296281,56.1807569999259,16.55,27.0,340.07599999999996,346.71,50.0,1,INDUSTRIAL,,,,,,,,,unknown
1631,25.00983666666667,85.98813333333334,3,1,1.0,0.3109057519936429,1.0,0.0333333333333333,3.0,0.7628313465549958,53.58996026443326,10.316666666666668,10.35,348.78333333333336,350.86,30.0,1,INDUSTRIAL,,,,,,,,,unknown
1632,25.067702000000004,86.317168,5,1,1.0,0.701228031809942,1.0,0.0333333333333333,5.0,0.5878106763477773,55.08954686028888,3.624,4.86,317.92,339.84,46.0,1,INDUSTRIAL,,,,,,,,,unknown
1633,23.80563,79.840935,4,1,1.0,0.5501011036771573,1.0,0.0333333333333333,4.0,0.6451192103713721,53.735717540760774,9.7,14.83,357.435,367.0,65.0,1,INDUSTRIAL,,,,,0.0,0.0,0.0,0.0,unknown
1634,23.968321428571425,80.56041571428572,7,1,1.0,0.6349268314636466,1.0,0.0333333333333333,7.0,0.611648167217834,60.56629667769001,4.385714285714286,4.86,344.48857142857145,353.13,35.714285714285715,1,INDUSTRIAL,,,,,,,,,unknown
1635,23.5389875,78.48752,4,1,1.0,0.467398295396278,1.0,0.0333333333333333,4.0,0.6814782347351339,54.46289802803601,11.677500000000002,16.6,347.21,367.0,52.5,1,INDUSTRIAL,,,,,,,,,unknown
1636,23.499714285714287,78.30592428571428,7,1,1.0,0.8539484350704418,1.0,0.0333333333333333,7.0,0.5393893277091089,59.12111988751552,18.034285714285712,48.92,349.5842857142857,367.0,57.142857142857146,1,INDUSTRIAL,,,,14.164,0.0,0.0,0.0,2.0,population
1637,23.3996675,77.852655,4,1,1.0,0.6303719763665502,1.0,0.0333333333333333,4.0,0.6133569605560824,53.10047254445498,4.1274999999999995,6.94,323.53249999999997,346.57,45.0,1,INDUSTRIAL,10.979,4.654,,5.184,1.0,27.0,0.0,21.0,forest
1638,25.08702,85.86496999999999,3,1,1.0,0.3505041162147526,1.0,0.0333333333333333,3.0,0.7404642370160561,53.14261807365446,15.766666666666666,23.64,353.67,355.22,50.0,1,INDUSTRIAL,,,,,,,,,unknown
1639,24.102165,80.795575,4,1,1.0,0.5809941824719983,1.0,0.0333333333333333,4.0,0.6325133963721662,53.48360126077666,7.817500000000001,21.1,334.295,367.0,57.5,1,INDUSTRIAL,,,,,,,,,unknown
1640,23.31806333333333,77.38594,3,1,1.0,0.4578886125122736,1.0,0.0333333333333333,3.0,0.68592345904724,52.05180251427814,11.766666666666666,17.47,345.68333333333334,367.0,53.333333333333336,1,INDUSTRIAL,,,,,,,,,unknown
1641,23.32504,77.3414225,4,1,1.0,0.8160538401025644,1.0,0.0333333333333333,4.0,0.5506444676461373,51.84622268625608,16.98,21.27,353.21250000000003,367.0,60.0,1,INDUSTRIAL,,,,,,,,,unknown
1642,23.49419,78.02091333333333,3,1,1.0,0.1749857312542176,1.0,0.0333333333333333,3.0,0.8510741649028944,55.35481663139122,7.823333333333333,10.58,334.93,336.32,30.0,1,INDUSTRIAL,,,,,0.0,0.0,0.0,0.0,unknown
1643,23.312914444444445,77.1740511111111,9,1,1.0,1.254278670472758,1.0,0.0333333333333333,9.0,0.4436008791185892,62.20535091570512,11.97,19.32,349.06222222222215,367.0,54.44444444444444,1,INDUSTRIAL,,,,,,,,,unknown
1644,23.4824125,77.87983750000001,4,1,1.0,0.4121263537545842,1.0,0.0333333333333333,4.0,0.7081519280064308,54.99637189346195,16.669999999999998,24.81,351.1125,367.0,57.5,1,INDUSTRIAL,,14.196,,14.731,0.0,2.0,0.0,1.0,forest
1645,23.640624444444445,78.51585555555555,9,1,1.0,0.9789794825324756,1.0,0.0333333333333333,9.0,0.5053109488130278,63.43955230959389,5.197777777777777,14.48,328.53,367.0,51.111111111111114,1,INDUSTRIAL,,,,,,,,,unknown
1646,23.555445,78.057065,4,1,1.0,0.3248173055997361,1.0,0.0333333333333333,4.0,0.7548210577965742,55.929754489264816,16.61,28.91,341.015,350.48,40.0,1,INDUSTRIAL,,,,,,,,,unknown
1647,24.87934,84.22661,3,1,1.0,0.3282978695464718,1.0,0.0333333333333333,3.0,0.7528431859500276,53.39019705233389,7.1499999999999995,7.97,344.24333333333334,345.09,50.0,1,INDUSTRIAL,,,,,,,,,unknown
1648,23.98210333333333,79.84191,3,1,1.0,0.3888497363503508,1.0,0.0333333333333333,3.0,0.720020297248154,52.73373927829641,7.629999999999999,10.35,346.9433333333333,351.52,43.333333333333336,1,INDUSTRIAL,,,,,0.0,0.0,0.0,0.0,unknown
1649,24.372803333333337,81.64098999999999,3,1,1.0,0.3202549637337319,1.0,0.0333333333333333,3.0,0.7574294567861055,53.481922469055455,12.476666666666668,17.03,350.95666666666665,367.0,53.333333333333336,1,INDUSTRIAL,,,,,,,,,unknown
1650,23.714415,78.54769,4,1,1.0,0.6290050024126445,1.0,0.0333333333333333,4.0,0.6138716569433156,53.11076647219964,9.74,14.7,339.62499999999994,347.79,35.0,1,INDUSTRIAL,,,,,,,,,unknown
1651,23.610339999999997,78.09551333333333,3,1,1.0,0.1595740487769622,1.0,0.0333333333333333,3.0,0.8623856329440367,55.58104599221407,6.763333333333333,10.67,339.85,347.1,36.666666666666664,1,INDUSTRIAL,,,,,,,,,unknown
1652,23.521045714285712,77.6998957142857,7,2,1.0,1.230588675209234,1.0,0.0333333333333333,7.0,0.4483121478710986,57.299576290755304,9.652857142857142,16.45,339.76142857142855,346.63,50.0,1,INDUSTRIAL,,,,,0.0,0.0,0.0,0.0,unknown
1653,23.54995727272727,77.67170909090909,11,1,1.0,1.3157707618692402,1.0,0.0333333333333333,11.0,0.4318216709812941,64.46976675295922,24.86545454545455,38.15,356.2990909090909,367.0,64.54545454545455,1,INDUSTRIAL,,,,,0.0,0.0,0.0,0.0,unknown
1654,23.658812,78.07654199999999,5,1,1.0,0.9225836352031968,1.0,0.0333333333333333,5.0,0.5201334192643903,53.73600171862114,11.386,23.94,339.29,367.0,62.0,1,INDUSTRIAL,,,,,,,,,unknown
1655,23.552892,77.505941,10,1,1.0,1.1623253826751163,1.0,0.0333333333333333,10.0,0.4624650887475834,65.082635108285,19.012,36.13,349.023,367.0,56.0,1,INDUSTRIAL,,,,,0.0,0.0,0.0,0.0,unknown
1656,24.583119999999997,82.07513,3,1,1.0,0.2901540490311224,1.0,0.0333333333333333,3.0,0.7751012375235176,53.83535808380368,12.823333333333332,18.73,350.87000000000006,367.0,60.0,1,INDUSTRIAL,,,,,,,,,unknown
1657,25.251163333333334,85.34358333333334,3,1,1.0,0.3689827877202749,1.0,0.0333333333333333,3.0,0.7304693740271705,52.94272081387674,28.17,35.9,350.22,353.56,36.666666666666664,1,INDUSTRIAL,,,,,,,,,unknown
1658,25.036846,84.10073200000001,5,1,1.0,1.1141579817060547,1.0,0.0333333333333333,5.0,0.4730015489159582,52.7933643116525,15.886,21.02,346.514,353.39,34.0,1,INDUSTRIAL,,,,,,,,,unknown
1659,23.9793675,78.8729375,4,1,1.0,0.327187922633574,1.0,0.0333333333333333,4.0,0.7534727998546534,55.90278933042641,27.715,42.35,354.00750000000005,367.0,57.5,1,INDUSTRIAL,,,,,,,,,unknown
1660,23.725582307692303,77.75097461538462,26,2,1.0583333333333331,1.8976923601625375,1.0,0.0352777777777777,24.566929133858267,0.345102197095867,62.78398838636178,12.417307692307691,36.6,341.9923076923077,367.0,60.38461538461539,1,INDUSTRIAL,,,,,0.0,0.0,0.0,0.0,unknown
1661,23.833434285714286,78.2010242857143,7,1,1.0,0.7159097764156626,1.0,0.0333333333333333,7.0,0.5827812241322411,59.988957815978154,9.4,14.27,339.6328571428571,353.52,44.285714285714285,1,INDUSTRIAL,,,,,,,,,unknown
1662,23.9162625,78.52603,4,1,1.0,0.5101230957221038,1.0,0.0333333333333333,4.0,0.6621976730458682,54.0772867942507,30.41,34.86,357.145,367.0,60.0,1,INDUSTRIAL,,,,,,,,,unknown
1663,25.132823333333334,84.33427666666667,3,1,1.0,0.681142880478863,1.0,0.0333333333333333,3.0,0.5948334383780374,50.23000210089408,7.656666666666666,11.39,346.22333333333336,346.91,30.0,1,INDUSTRIAL,,,,,,,,,unknown
1664,23.724716666666662,77.67803333333333,6,1,1.0,0.83630986976929,1.0,0.0333333333333333,6.0,0.5445703998343362,56.72474133002006,33.193333333333335,66.83,345.08666666666676,367.0,60.0,1,INDUSTRIAL,,,,,0.0,0.0,0.0,0.0,unknown
1665,25.019386666666666,83.53810333333332,3,1,1.0,0.3434469412276829,1.0,0.0333333333333333,3.0,0.7443539222220189,53.22041177777371,58.83333333333332,157.04,359.32,367.0,53.333333333333336,1,INDUSTRIAL,,,,,,,,,unknown
1666,25.057615,83.6477525,4,1,1.0,0.8784365864597056,1.0,0.0333333333333333,4.0,0.532357603769155,51.48048540871643,8.92,10.69,347.305,348.16,35.0,1,INDUSTRIAL,,,,,,,,,unknown
1667,23.719366666666662,77.5532722222222,9,2,1.0576388888888888,1.414702928207256,1.0,0.0352546296296296,8.509520682862771,0.4141296174856707,60.43775979761108,22.871111111111105,36.8,345.6133333333334,367.0,46.666666666666664,1,INDUSTRIAL,,,,,0.0,0.0,0.0,0.0,unknown
1668,23.840158,78.007334,5,1,1.0,0.7312625354730249,1.0,0.0333333333333333,5.0,0.5776131461926279,54.885596257185895,7.589999999999999,11.04,331.884,342.0,42.0,1,INDUSTRIAL,,,,,,,,,unknown
1669,23.89024,78.1257825,4,1,1.0,0.7612675050858361,1.0,0.0333333333333333,4.0,0.5677729232569159,52.18879179847165,7.44,7.76,339.41749999999996,342.08,40.0,1,INDUSTRIAL,,,,,,,,,unknown
1670,25.220544,84.30140600000001,5,1,1.0,0.6188459704115344,1.0,0.0333333333333333,5.0,0.6177239949182968,55.687813231699266,5.032,6.48,345.82599999999996,350.43,38.0,1,INDUSTRIAL,,,,,,,,,unknown
1671,23.74752,77.45873,3,1,1.0,0.1004937861606394,1.0,0.0333333333333333,3.0,0.9086830044618076,56.50699342256949,17.01,24.24,357.3666666666666,367.0,63.333333333333336,1,INDUSTRIAL,,,,,,,,,unknown
1672,23.717033333333333,77.22794666666667,3,1,1.0,0.3403360836816811,1.0,0.0333333333333333,3.0,0.7460815329638562,53.25496399261046,17.80333333333333,21.05,355.59999999999997,367.0,60.0,1,INDUSTRIAL,,,,,,,,,unknown
1673,25.161975,83.8564875,4,1,1.0,0.2350986411557634,1.0,0.0333333333333333,4.0,0.8096519311722616,57.02637195677857,6.675,6.88,344.38,347.09,30.0,1,INDUSTRIAL,,,,,,,,,unknown
1674,25.380476666666667,84.97539666666667,6,1,1.0,0.5487707040757533,1.0,0.0333333333333333,6.0,0.6456733700917732,58.7468007351688,11.456666666666663,14.58,347.49,350.89,40.0,1,INDUSTRIAL,,,,,,,,,unknown
1675,25.136106666666667,83.3972,3,2,1.0,0.7183455134238065,1.0,0.0333333333333333,3.0,0.5819551377694107,49.97243608872155,3.359999999999999,5.38,321.21333333333337,344.67,43.333333333333336,1,INDUSTRIAL,,,,,,,,,unknown
1676,24.308476666666667,79.39843666666665,3,1,1.0,0.2447611989884256,1.0,0.0333333333333333,3.0,0.8033669436456289,54.400672206245915,7.526666666666666,10.39,336.21333333333337,341.92,30.0,1,INDUSTRIAL,,,,,,,,,unknown
1677,24.324574,79.42537200000001,5,1,1.0,0.4510963934069685,1.0,0.0333333333333333,5.0,0.6891340951183414,57.11601523570017,15.320000000000002,26.59,354.552,367.0,56.0,1,INDUSTRIAL,,,,,,,,,unknown
1678,25.25819,83.84805,3,1,1.0,0.3357060822213157,1.0,0.0333333333333333,3.0,0.7486676996611207,53.306687326555746,6.27,7.77,347.22999999999996,350.09,50.0,1,INDUSTRIAL,,,,,,,,,unknown
1679,25.145366666666664,83.24488333333333,3,1,1.0,0.4252363088663283,1.0,0.0333333333333333,3.0,0.7016380327802813,52.36609398893896,23.936666666666667,50.49,352.90000000000003,367.0,53.333333333333336,1,INDUSTRIAL,,,,,,,,,unknown
1680,24.211219999999997,78.88162666666668,6,1,1.0,0.7026734561934121,1.0,0.0333333333333333,6.0,0.5873116752731046,57.57956683879543,12.066666666666668,20.22,348.9833333333333,367.0,53.333333333333336,1,INDUSTRIAL,,,,,,,,,unknown
1681,25.25901,83.73163333333333,3,1,1.0,0.3391077267079938,1.0,0.0333333333333333,3.0,0.7467659099080535,53.268651531494406,7.123333333333332,8.11,351.18333333333334,367.0,60.0,1,INDUSTRIAL,,,,,,,,,unknown
1682,25.216702,83.427076,5,1,1.0,0.555110013882331,1.0,0.0333333333333333,5.0,0.6430413225257939,56.194159783849216,25.037999999999997,80.83,349.3159999999999,355.13,42.0,1,INDUSTRIAL,,,,,,,,,unknown
1683,24.657504999999997,80.62191642857144,14,1,1.0,1.0822002167860931,1.0,0.0333333333333333,14.0,0.4802612121246989,65.43855757582732,44.93714285714285,171.87,358.17357142857145,367.0,57.142857142857146,1,INDUSTRIAL,,,,,,,,,unknown
1684,24.1114725,78.2398375,4,1,1.0,0.7221725519026003,1.0,0.0333333333333333,4.0,0.5806619080621349,52.446571494576034,26.2725,39.41,359.7475,367.0,65.0,1,INDUSTRIAL,,,,,,,,,unknown
1685,23.768091666666667,76.78802166666667,6,1,1.0,0.6836285521724612,1.0,0.0333333333333333,6.0,0.5939552395388255,57.712438124109845,5.62,11.13,330.09333333333336,346.68,46.666666666666664,1,INDUSTRIAL,,,,,,,,,unknown
1686,23.5411225,75.87558916666667,12,1,1.0,0.9196241932774272,1.0,0.0333333333333333,12.0,0.5209352973889502,66.25203928111235,11.868333333333334,26.89,346.48749999999995,367.0,48.333333333333336,1,INDUSTRIAL,,,,,,,,,unknown
1687,25.38292,84.08011499999999,6,1,1.0,0.8998766926243963,1.0,0.0333333333333333,6.0,0.5263499488583383,56.360332310500105,3.268333333333334,5.9,321.895,344.55,50.0,1,INDUSTRIAL,,,,,,,,,unknown
1688,24.6752725,80.6347475,4,1,1.0,0.4962546155605024,1.0,0.0333333333333333,4.0,0.6683354487935171,54.20004230920368,23.79,26.97,355.2375,367.0,65.0,1,INDUSTRIAL,,,,,,,,,unknown
1689,25.36589181818182,83.94886545454546,11,1,1.0,1.039829331952177,1.0,0.0333333333333333,11.0,0.4902370920624866,65.63807517458307,5.749090909090909,8.18,339.44818181818187,353.99,37.27272727272727,1,INDUSTRIAL,,,,,,,,,unknown
1690,24.026746666666668,77.80584444444443,9,1,1.0,1.0696055337831714,1.0,0.0333333333333333,9.0,0.4831838645947339,62.997010625228015,9.508888888888889,25.98,333.5622222222222,367.0,52.22222222222222,1,INDUSTRIAL,,,,,,,,,unknown
1691,24.1611225,78.283485,4,1,1.0,0.3734007776284678,1.0,0.0333333333333333,4.0,0.7281195819087557,55.39572497150844,8.66,11.05,342.7725,351.06,40.0,1,INDUSTRIAL,,,,,,,,,unknown
1692,25.39355666666667,84.01659333333333,3,1,1.0,0.3859702856926478,1.0,0.0333333333333333,3.0,0.7215161900099781,52.7636571335329,1.913333333333333,4.05,318.12666666666667,343.12,43.333333333333336,1,INDUSTRIAL,,,,,,,,,unknown
1693,25.3738925,83.89424249999999,4,1,1.0,0.6096243489906434,1.0,0.0333333333333333,4.0,0.6212629677396939,53.258592688127216,6.575,7.59,350.74,367.0,57.5,1,INDUSTRIAL,,,,,,,,,unknown
1694,25.414770666666666,84.05378466666667,15,1,1.0,1.5138839430106013,1.0,0.0333333333333333,15.0,0.3977908378707453,63.78915009074824,7.752666666666666,18.46,348.20200000000006,367.0,47.333333333333336,1,INDUSTRIAL,,,,,,,,,unknown
1695,24.776146666666666,80.91502333333334,3,1,1.0,0.382405486066634,1.0,0.0333333333333333,3.0,0.7233767589025601,52.800868511384536,12.006666666666666,17.13,345.5833333333333,349.16,50.0,1,INDUSTRIAL,,,,,,,,,unknown
1696,24.10117,77.92308249999999,4,1,1.0,0.4070577586673888,1.0,0.0333333333333333,4.0,0.7107028789970147,55.04739091327363,10.345,15.5,349.84999999999997,367.0,52.5,1,INDUSTRIAL,,,,,,,,,unknown
1697,25.29975333333333,83.41397333333333,3,1,1.0,0.4332456605238689,1.0,0.0333333333333333,3.0,0.6977170959195423,52.28767525172419,10.339999999999998,11.14,356.4766666666667,367.0,60.0,1,INDUSTRIAL,,,,,,,,,unknown
1698,25.51554928571429,84.32973642857142,14,1,1.0,2.273209173393028,1.0,0.0333333333333333,14.0,0.3055105699106281,61.9435447315459,11.502857142857144,26.18,343.49071428571426,354.12,40.0,1,INDUSTRIAL,,,,,,,,,unknown
1699,25.34612,83.42212666666667,6,1,1.0,0.7944298422222035,1.0,0.0333333333333333,6.0,0.5572800766407285,56.97893486614791,15.741666666666664,24.52,338.88666666666666,367.0,51.666666666666664,1,INDUSTRIAL,,,,,,,,,unknown
1700,24.146268333333335,77.89828,6,1,1.0,0.7915934265985786,1.0,0.0333333333333333,6.0,0.5581623515434221,56.996580364201776,4.718333333333333,7.36,332.605,350.82,46.666666666666664,1,INDUSTRIAL,,,,,,,,,unknown
1701,25.531318,84.217544,5,1,1.0,0.4954067812158626,1.0,0.0333333333333333,5.0,0.6687143675963106,56.70762068525955,11.678,14.68,349.95,352.79,42.0,1,INDUSTRIAL,,,,,,,,,unknown
1702,25.49033,83.96419916666666,12,1,1.0,1.5886229601956994,1.0,0.0333333333333333,12.0,0.3863057754553796,63.55944884244092,10.348333333333333,28.97,336.55833333333334,367.0,53.333333333333336,1,INDUSTRIAL,,,,,,,,,unknown
1703,25.0742575,81.927575,4,1,1.0,0.5548378583201055,1.0,0.0333333333333333,4.0,0.6431538791320857,53.69641091597504,9.3675,12.71,344.83,350.62,35.0,1,INDUSTRIAL,,,,,,,,,unknown
1704,24.054975,77.303585,6,1,1.0,0.4269682971526717,1.0,0.0333333333333333,6.0,0.7007864169059459,59.849061671452255,6.540000000000002,8.19,341.6933333333334,350.85,40.0,1,INDUSTRIAL,,,,,,,,,unknown
1705,23.919385999999996,76.705366,5,1,1.0,0.5994686552711322,1.0,0.0333333333333333,5.0,0.6252076254851558,55.83748584303645,11.644,26.31,347.468,367.0,48.0,1,INDUSTRIAL,,,,,,,,,unknown
1706,25.464326666666665,83.73922333333333,3,1,1.0,0.6658854033786191,1.0,0.0333333333333333,3.0,0.6002813866859495,50.33896106705232,6.103333333333333,8.45,335.52333333333337,348.08,50.0,1,INDUSTRIAL,,,,,,,,,unknown
1707,24.087310714285714,77.16164785714285,14,1,1.0,1.082394579018882,1.0,0.0333333333333333,14.0,0.4802163864982538,65.4376610632984,26.614285714285725,134.52,348.6114285714286,367.0,51.42857142857143,1,INDUSTRIAL,,,,,,,,,unknown
1708,23.748778,75.753854,5,1,1.0,0.6809373483861021,1.0,0.0333333333333333,5.0,0.5949061700366869,55.23145673406707,10.454000000000002,20.1,344.634,354.3,42.0,1,INDUSTRIAL,,,,,,,,,unknown
1709,23.752606666666665,75.66733666666667,3,1,1.0,0.4080441035460176,1.0,0.0333333333333333,3.0,0.7102050265908578,52.5374338651505,7.919999999999999,9.57,343.52,345.95,36.666666666666664,1,INDUSTRIAL,,,,,,,,,unknown
1710,24.283892,77.512692,5,1,1.0,0.7539065552247866,1.0,0.0333333333333333,5.0,0.570155802782684,54.73644938898702,3.0980000000000003,9.58,312.19200000000006,345.55,50.0,1,INDUSTRIAL,,,,,,,,,unknown
1711,24.840395,79.86555750000001,4,1,1.0,0.347901508104367,1.0,0.0333333333333333,4.0,0.7418939692458381,55.671212718250096,3.955,4.02,346.13,347.88,50.0,1,INDUSTRIAL,,,,,,,,,unknown
1712,24.452979999999997,78.11870666666665,3,1,1.0,0.2443517335601367,1.0,0.0333333333333333,3.0,0.8036312989567369,54.40595931246808,11.203333333333331,15.19,354.3766666666667,367.0,53.333333333333336,1,INDUSTRIAL,,,,,,,,,unknown
1713,24.308474285714283,77.26510142857141,7,1,1.0,0.7943676194442856,1.0,0.0333333333333333,7.0,0.5572994012841691,59.47932135901672,15.29,39.47,345.4928571428572,367.0,45.714285714285715,1,INDUSTRIAL,,,,,,,,,unknown
1714,24.47488,77.734685,4,1,1.0,0.3672743484426484,1.0,0.0333333333333333,4.0,0.7313821115264973,55.46097556386328,15.525,22.19,355.65,367.0,65.0,1,INDUSTRIAL,,,,,,,,,unknown
1715,24.61917,78.16667333333334,3,1,1.0,0.4616087031682104,1.0,0.0333333333333333,3.0,0.6841776446954518,52.016886227242374,15.913333333333334,23.76,354.62999999999994,367.0,60.0,1,INDUSTRIAL,,,,,,,,,unknown
1716,25.949276666666663,84.31262333333332,3,1,1.0,0.7135456312855286,1.0,0.0333333333333333,3.0,0.5835852758994136,50.0050388513216,21.973333333333333,28.71,347.70666666666665,350.46,43.333333333333336,1,INDUSTRIAL,,,,,,,,,unknown
1717,24.35786625,76.68469875,8,1,1.0,0.683763977474858,1.0,0.0333333333333333,8.0,0.593907467660462,62.711482686542574,24.13875,41.09,356.96125,367.0,65.0,1,INDUSTRIAL,,,,,,,,,unknown
1718,24.16503,75.90658666666667,3,1,1.0,0.3453095974747151,1.0,0.0333333333333333,3.0,0.7433233226590393,53.19979978651412,23.47,36.37,357.1466666666667,367.0,60.0,1,INDUSTRIAL,,,,,,,,,unknown
1719,25.898053333333333,83.67912666666666,3,1,1.0,0.2769703452324384,1.0,0.0333333333333333,3.0,0.7831035417020404,53.99540416737414,5.013333333333333,5.2,340.93,342.28,36.666666666666664,1,INDUSTRIAL,,,,,,,,,unknown
1720,25.8051675,82.928645,4,1,1.0,0.8468376446860751,1.0,0.0333333333333333,4.0,0.5414661125612803,51.662655584558934,9.815,14.6,353.05,367.0,52.5,1,INDUSTRIAL,,,,,,,,,unknown
1721,24.87674,78.56205666666666,3,1,1.0,0.4478204232246334,1.0,0.0333333333333333,3.0,0.6906933926051181,52.1472011854357,10.71,10.71,353.90333333333336,367.0,60.0,1,INDUSTRIAL,,,,,,,,,unknown
1722,24.636891999999996,77.40030399999999,5,1,1.0,0.6373248390259952,1.0,0.0333333333333333,5.0,0.6107523541845707,55.548380417024745,5.9879999999999995,10.54,329.606,349.24,46.0,1,INDUSTRIAL,,,,,,,,,unknown
1723,25.925745833333327,83.26112916666666,12,1,1.0,0.8725909743445499,1.0,0.0333333333333333,12.0,0.534019448828126,66.51372230989585,19.665000000000003,29.38,349.0783333333334,367.0,50.0,1,INDUSTRIAL,,,,,,,,,unknown
1724,25.016449999999995,78.823505,6,1,1.0,0.6837179172888821,1.0,0.0333333333333333,6.0,0.5939237147337585,57.71180762800851,13.193333333333332,45.81,334.68333333333334,367.0,48.333333333333336,1,INDUSTRIAL,,,,,,,,,unknown
1725,25.992035,83.26495,4,1,1.0,0.3188005491943454,1.0,0.0333333333333333,4.0,0.7582647737073657,55.99862880748064,9.185,13.15,355.44,367.0,65.0,1,INDUSTRIAL,,,,,,,,,unknown
1726,26.07009799999999,83.638762,5,1,1.0,0.5211346894541922,1.0,0.0333333333333333,5.0,0.6574039806815636,56.4814129469646,26.874,69.44,352.462,355.5,50.0,1,INDUSTRIAL,,,,,,,,,unknown
1727,24.727054000000003,77.39485599999999,5,1,1.0,0.5392969489838133,1.0,0.0333333333333333,5.0,0.6496472306140559,56.32627794561446,29.416000000000004,43.63,352.482,367.0,56.0,1,INDUSTRIAL,,,,,,,,,unknown
1728,24.888147857142854,78.03687142857143,14,1,1.0,0.9502410594512708,1.0,0.0333333333333333,14.0,0.5127571256659753,66.08847584665284,21.042142857142856,29.97,350.5171428571428,367.0,47.142857142857146,1,INDUSTRIAL,,,,,,,,,unknown
1729,24.77414333333333,77.55464333333333,3,1,1.0,0.3836482712789489,1.0,0.0333333333333333,3.0,0.7227270259049787,52.787873851432906,14.89,20.09,362.3866666666667,367.0,70.0,1,INDUSTRIAL,,,,,,,,,unknown
1730,24.904255,78.09043750000001,4,1,1.0,0.2431996376802898,1.0,0.0333333333333333,4.0,0.804376038804129,56.92085410941592,9.26,10.76,344.9625,349.73,45.0,1,INDUSTRIAL,,,,,,,,,unknown
1731,24.679385,77.11579499999999,6,1,1.0,1.075961247175145,1.0,0.0333333333333333,6.0,0.481704560410627,55.467424541545874,9.953333333333337,17.92,346.33166666666665,367.0,51.666666666666664,1,INDUSTRIAL,,,,,,,,,unknown
1732,26.09554,83.55556,4,1,1.0,0.3757982926557341,1.0,0.0333333333333333,4.0,0.726850734833867,55.370348030010675,14.810000000000002,22.85,355.72249999999997,367.0,57.5,1,INDUSTRIAL,,,,,,,,,unknown
1733,26.201482,83.79824799999999,5,1,1.0,1.1131628769831572,1.0,0.0333333333333333,5.0,0.4732242889992669,52.79781911331868,7.732000000000001,11.91,340.20799999999997,355.93,46.0,1,INDUSTRIAL,,,,,,,,,unknown
1734,26.127723333333336,83.34563166666668,6,1,1.0,0.6128641378464276,1.0,0.0333333333333333,6.0,0.6200150257759759,58.23363384885285,9.196666666666664,11.77,347.0,351.85,46.666666666666664,1,INDUSTRIAL,,,,,,,,,unknown
1735,25.284373333333335,79.30133333333333,3,1,1.0,0.2443098142162173,1.0,0.0333333333333333,3.0,0.8036583723563198,54.40650078045973,8.340000000000002,9.64,350.91333333333336,367.0,60.0,1,INDUSTRIAL,,,,,,,,,unknown
1736,24.68149,76.69875,3,1,1.0,0.2875980454628569,1.0,0.0333333333333333,3.0,0.7766398865886185,53.866131065105705,25.42,39.91,356.8066666666667,367.0,63.333333333333336,1,INDUSTRIAL,,,,,,,,,unknown
1737,26.26302625,83.8378875,8,1,1.0,2.037548635465979,1.0,0.0333333333333333,8.0,0.3292128357466097,57.41759004826552,5.28125,11.17,337.5775,349.91,40.0,1,INDUSTRIAL,,,,,,,,,unknown
1738,26.170951666666667,83.33321,6,1,1.0,0.5486535714288058,1.0,0.0333333333333333,6.0,0.6457222056947108,58.74777744722755,8.558333333333334,13.09,349.8,367.0,51.666666666666664,1,INDUSTRIAL,,,,,,,,,unknown
1739,24.25314,74.77395,3,1,1.0,0.4225715357821085,1.0,0.0333333333333333,3.0,0.7029523471030333,52.392380275394,9.036666666666669,12.71,349.0733333333333,367.0,53.333333333333336,1,INDUSTRIAL,,,,,,,,,unknown
1740,25.402056,79.385338,5,1,1.0,0.5747546827926229,1.0,0.0333333333333333,5.0,0.6350195436324279,56.0337242059819,11.544,12.61,348.308,367.0,56.0,1,INDUSTRIAL,,,,,,,,,unknown
1741,24.740430000000003,76.5846225,4,1,1.0,0.4839190936996626,1.0,0.0333333333333333,4.0,0.6738911873603769,54.31115708054087,17.655,24.04,355.7025,367.0,65.0,1,INDUSTRIAL,,,,,,,,,unknown
1742,25.410253333333333,79.27268,3,1,1.0,0.2644940578579614,1.0,0.0333333333333333,3.0,0.7908301298734361,54.14993593080206,12.846666666666666,19.82,358.8733333333333,367.0,70.0,1,INDUSTRIAL,,,,,,,,,unknown
1743,25.328203333333335,78.91864000000001,3,1,1.0,0.237916558336002,1.0,0.0333333333333333,3.0,0.8078088892713353,54.489511118760035,11.566666666666668,14.11,355.31666666666666,367.0,60.0,1,INDUSTRIAL,,,,,,,,,unknown
1744,26.3754,83.90969,3,1,1.0,0.3258322395846631,1.0,0.0333333333333333,3.0,0.7542432369220898,53.41819807177514,6.599999999999999,9.92,345.0733333333333,346.67,30.0,1,INDUSTRIAL,,,,,,,,,unknown
1745,26.107493333333338,82.52638666666667,3,1,1.0,0.2502902221701105,1.0,0.0333333333333333,3.0,0.7998143009263199,54.32961935185973,8.676666666666668,11.81,347.03999999999996,355.87,50.0,1,INDUSTRIAL,,,,,,,,,unknown
1746,26.374699999999997,83.87238500000001,4,1,1.0,0.4263987981497199,1.0,0.0333333333333333,4.0,0.7010662104435091,54.85465754220351,2.4875,4.5,316.195,343.72,45.0,1,INDUSTRIAL,,,,,,,,,unknown
1747,26.392015000000004,83.937735,4,1,1.0,0.6876266854839819,1.0,0.0333333333333333,4.0,0.5925481082999214,52.68429549933175,7.6775,9.43,350.6775,367.0,52.5,1,INDUSTRIAL,,,,,,,,,unknown
1748,26.393005,83.84270500000001,4,1,1.0,0.2997767416271432,1.0,0.0333333333333333,4.0,0.7693628974681731,56.220591282696795,6.99,7.18,349.16249999999997,354.61,40.0,1,INDUSTRIAL,,,,,,,,,unknown
1749,25.472056,79.425838,5,1,1.0,0.5699341010903596,1.0,0.0333333333333333,5.0,0.6369694112036132,56.0727215574056,10.648,13.08,354.55,367.0,60.0,1,INDUSTRIAL,,,,,,,,,unknown
1750,25.35804333333333,78.68278333333332,3,1,1.0,0.4039680162758132,1.0,0.0333333333333333,3.0,0.7122669379980714,52.57867209329476,8.643333333333333,10.07,354.78000000000003,367.0,60.0,1,INDUSTRIAL,,,,,,,,,unknown
1751,26.40758666666667,83.61030333333333,3,1,1.0,0.4771900730571135,1.0,0.0333333333333333,3.0,0.6769609532580012,51.872552398493355,2.2899999999999996,4.35,317.8066666666667,343.44,50.0,1,INDUSTRIAL,,,,,,,,,unknown
1752,24.822175,76.39475999999999,4,1,1.0,0.3881498445311895,1.0,0.0333333333333333,4.0,0.7203833245666093,55.240999824665515,14.0825,23.31,354.5625,367.0,60.0,1,INDUSTRIAL,,,,,,,,,unknown
1753,25.36002,78.62588666666666,3,1,1.0,0.391109881676607,1.0,0.0333333333333333,3.0,0.7188504755603995,52.71034284454132,6.6433333333333335,10.49,347.82,353.99,43.333333333333336,1,INDUSTRIAL,,,,,,,,,unknown
1754,26.5136,83.93542666666667,3,1,1.0,0.4887425755739682,1.0,0.0333333333333333,3.0,0.6717077998622166,51.76748933057767,5.956666666666666,6.47,348.35666666666674,352.36,43.333333333333336,1,INDUSTRIAL,,,,,,,,,unknown
1755,26.432376666666663,83.43798666666667,3,1,1.0,0.3343796306527609,1.0,0.0333333333333333,3.0,0.7494119192383154,53.32157171809965,8.996666666666668,12.75,344.87999999999994,347.06,30.0,1,INDUSTRIAL,,,,,,,,,unknown
1756,24.82138,76.28106666666667,3,1,1.0,0.5274601509065953,1.0,0.0333333333333333,3.0,0.6546815636443731,51.42696460622081,10.743333333333332,14.57,342.4066666666667,351.98,43.333333333333336,1,INDUSTRIAL,,,,,,,,,unknown
1757,26.44292333333333,83.42701000000001,3,1,1.0,0.3359483578034063,1.0,0.0333333333333333,3.0,0.7485319280187002,53.303971893707335,8.15,11.59,348.33666666666664,351.93,43.333333333333336,1,INDUSTRIAL,,,,,,,,,unknown
1758,26.396163333333337,83.10482666666667,3,1,1.0,0.3439238583104557,1.0,0.0333333333333333,3.0,0.744089773997444,53.21512881328222,20.086666666666662,27.22,351.01000000000005,353.48,43.333333333333336,1,INDUSTRIAL,,,,,,,,,unknown
1759,25.444906666666668,78.71269333333333,3,1,1.0,0.3708348202528626,1.0,0.0333333333333333,3.0,0.729482491417559,52.92298316168451,8.403333333333334,11.43,339.8933333333333,343.12,36.666666666666664,1,INDUSTRIAL,,,,,,,,,unknown
1760,26.57955,83.95649,4,1,1.0,0.4913296670391832,1.0,0.0333333333333333,4.0,0.6705425514570187,54.24418436247371,7.745,8.38,355.305,367.0,57.5,1,INDUSTRIAL,,,,,,,,,unknown
1761,26.494579999999996,83.445712,5,1,1.0,0.6165840297713063,1.0,0.0333333333333333,5.0,0.6185883205474121,55.70509974428157,14.022,20.51,352.57599999999996,367.0,56.0,1,INDUSTRIAL,,,,,,,,,unknown
1762,31.9102725,75.5857775,4,1,1.0,0.363066271447759,1.0,0.0333333333333333,4.0,0.7336400444696397,55.506134222726125,39.775,49.28,350.32750000000004,367.0,57.5,1,INDUSTRIAL,,,,,,,,,unknown
1763,29.4109825,76.691325,4,1,1.0,0.2640439667146986,1.0,0.0333333333333333,4.0,0.7911117226397121,56.65556778612757,12.655,13.62,354.7925,367.0,57.5,1,INDUSTRIAL,,,,,,,,,unknown
1764,29.3232975,76.11554,4,1,1.0,0.7956992194780235,1.0,0.0333333333333333,4.0,0.5568861361373657,51.97105605608064,6.6375,7.78,340.2375,347.44,45.0,1,INDUSTRIAL,,,,,,,,,unknown
1765,29.681753333333333,76.77367833333334,6,1,1.0,0.7235139227183905,1.0,0.0333333333333333,6.0,0.5802099923989953,57.43753318131324,33.943333333333335,74.95,347.99333333333334,367.0,61.666666666666664,1,INDUSTRIAL,,,,,,,,,unknown
1766,29.97097,75.79640666666667,3,1,1.0,0.2613870606051294,1.0,0.0333333333333333,3.0,0.7927780704522739,54.188894742378814,11.233333333333334,13.07,349.74,367.0,60.0,1,INDUSTRIAL,,,,,,,,,unknown
1767,29.9351725,75.57755,4,1,1.0,0.4254364800939982,1.0,0.0333333333333333,4.0,0.7015395031380539,54.86412339609441,14.37,14.6,353.78749999999997,367.0,65.0,1,INDUSTRIAL,,,,,,,,,unknown
1768,30.410174999999995,77.4432075,4,1,1.0,0.6027033475679557,1.0,0.0333333333333333,4.0,0.6239457860479694,53.31224905429273,3.6525,6.55,322.775,339.15,50.0,1,INDUSTRIAL,,,,,,,,,unknown
1769,30.58199,77.6750775,4,1,1.0,0.563697362788673,1.0,0.0333333333333333,4.0,0.6395099357439702,53.62353204821274,9.895,17.88,344.2925,348.82,50.0,1,INDUSTRIAL,,,,,,,,,unknown
1770,29.3169425,76.36775,4,1,1.0,0.2596744335702957,1.0,0.0333333333333333,4.0,0.7938559149491505,56.710451632316335,9.8425,10.6,344.4975,354.8,45.0,1,INDUSTRIAL,,,,,,,,,unknown
1771,30.88345,75.50883333333333,3,1,1.0,0.2697312514106637,1.0,0.0333333333333333,3.0,0.787568234529162,54.08469802391658,10.146666666666668,13.66,355.49666666666667,367.0,70.0,1,INDUSTRIAL,,,,,,,,,unknown
1772,29.6973,78.40027666666667,3,1,1.0,0.4030944781270079,1.0,0.0333333333333333,3.0,0.7127103809394937,52.58754095212321,7.996666666666667,9.51,346.6499999999999,353.78,43.333333333333336,1,INDUSTRIAL,,,,,,,,,unknown
1773,29.851405,78.882055,4,1,1.0,0.7205251599264126,1.0,0.0333333333333333,4.0,0.5812178881724521,52.457691096782376,3.3800000000000003,4.91,326.9,350.3,50.0,1,INDUSTRIAL,,,,,,,,,unknown
1774,29.38265,76.87053,4,1,1.0,0.6702198079217642,1.0,0.0333333333333333,4.0,0.5987235903065291,52.80780513946392,26.855,52.67,351.825,367.0,57.5,1,INDUSTRIAL,,,,,,,,,unknown
1775,29.4394875,76.8527375,4,1,1.0,0.2824554750612437,1.0,0.0333333333333333,4.0,0.7797541664768088,56.42841666286951,20.407499999999995,34.01,350.375,367.0,52.5,1,INDUSTRIAL,,,,,,,,,unknown
1776,29.93795,78.88384333333333,3,1,1.0,0.1232194331312454,1.0,0.0333333333333333,3.0,0.890297986754252,56.13929306841838,7.023333333333333,8.72,349.56666666666666,367.0,60.0,1,INDUSTRIAL,,,,,,,,,unknown
1777,11.024973333333334,78.93402999999999,3,1,1.0,0.2908208413532828,1.0,0.0333333333333333,3.0,0.7747008476804657,53.827350286942654,9.71,11.25,341.1033333333333,346.33,50.0,1,INDUSTRIAL,,,,,0.0,0.0,0.0,0.0,unknown
1778,12.416676666666667,77.87653666666667,3,1,1.0,0.2669864183635695,1.0,0.0333333333333333,3.0,0.7892744432821883,54.1188221989771,9.733333333333333,11.19,352.07,367.0,60.0,1,INDUSTRIAL,,,,11.945,0.0,0.0,0.0,12.0,population
1779,13.231693333333332,77.90150666666666,3,1,1.0,0.4629008932781117,1.0,0.0333333333333333,3.0,0.6835733060215516,52.00479945376437,12.56,12.56,357.7633333333333,367.0,60.0,1,INDUSTRIAL,,,,,,,,,unknown
1780,9.102696666666668,78.03609,3,1,1.0,0.3925353169295206,1.0,0.0333333333333333,3.0,0.7181146415768874,52.695626164871086,4.443333333333333,6.55,343.08666666666676,349.63,50.0,1,INDUSTRIAL,,,,,0.0,0.0,0.0,0.0,unknown
1781,9.274616666666669,78.3802,3,1,1.0,0.2493160428466866,1.0,0.0333333333333333,3.0,0.8004379722215077,54.3420927777635,6.433333333333334,7.37,340.8866666666666,346.03,50.0,1,INDUSTRIAL,,,,,0.0,0.0,0.0,0.0,unknown
1782,9.501903333333331,76.85973,3,1,1.0,0.1918111340049198,1.0,0.0333333333333333,3.0,0.8390591189055564,55.11451571144447,9.713333333333331,12.41,351.3833333333334,367.0,60.0,1,INDUSTRIAL,,,,,,,,,unknown
1783,10.4145025,77.1413125,4,1,1.0,0.5794311985205514,1.0,0.0333333333333333,4.0,0.633139323154245,53.49611979641824,12.0575,16.19,351.3225,367.0,52.5,1,INDUSTRIAL,,5.548,,7.927,0.0,6.0,0.0,6.0,forest
1784,20.496176666666667,79.79040666666667,3,1,1.0,0.4668665799788708,1.0,0.0333333333333333,3.0,0.6817252595763715,51.96783852486077,12.893333333333336,15.22,342.1666666666667,349.31,50.0,1,INDUSTRIAL,,,,,,,,,unknown
1785,14.1367775,79.04463125000001,8,1,1.0,0.7926718460540538,1.0,0.0333333333333333,8.0,0.5578265772406442,61.989864878146214,15.80125,41.59,348.42875,367.0,61.25,1,INDUSTRIAL,13.721,14.345,,10.864,1.0,1.0,0.0,39.0,population
1786,14.96975,79.0698125,4,1,1.0,0.5636148491684767,1.0,0.0333333333333333,4.0,0.6395436833640941,53.62420700061521,11.045,14.88,347.7525,367.0,57.5,1,INDUSTRIAL,,,,,0.0,0.0,0.0,0.0,unknown
1787,14.992783333333335,78.80683,3,1,1.0,0.6224239737888492,1.0,0.0333333333333333,3.0,0.6163617008596702,50.66056735052674,7.510000000000001,11.08,329.53000000000003,349.53,50.0,1,INDUSTRIAL,,,,14.419,0.0,0.0,0.0,2.0,population
1788,15.30381,79.2588375,4,1,1.0,0.4244960315504139,1.0,0.0333333333333333,4.0,0.7020026576778915,54.87338648689117,6.1325,7.82,335.81,340.68,50.0,1,INDUSTRIAL,,,,2.403,0.0,0.0,0.0,58.0,population
1789,17.364393333333336,73.31621666666668,3,1,1.0,0.3871953250712969,1.0,0.0333333333333333,3.0,0.7208790153243946,52.75091363982123,8.92,8.92,341.7366666666667,348.83,50.0,1,INDUSTRIAL,,,,,,,,,unknown
1790,18.304198000000003,73.48380999999999,5,1,1.0,0.6640611593057568,1.0,0.0333333333333333,5.0,0.6009394512982913,55.35212235929916,8.526,18.53,341.368,353.47,46.0,1,INDUSTRIAL,,,,,0.0,0.0,0.0,0.0,unknown
1791,19.151103999999997,78.804778,5,1,1.0,0.6639649059629299,1.0,0.0333333333333333,5.0,0.6009742131077601,55.35281759548853,8.367999999999999,12.34,339.622,352.99,50.0,1,INDUSTRIAL,,,,,0.0,0.0,0.0,0.0,unknown
1792,18.8576375,72.92759749999999,4,1,1.0,0.153683769574489,1.0,0.0333333333333333,4.0,0.8667886524648154,58.16910638262964,12.0875,27.32,347.9425,367.0,57.5,1,INDUSTRIAL,,,,,,,,,unknown
1793,25.7459025,76.6966925,4,1,1.0,0.5400809110466224,1.0,0.0333333333333333,4.0,0.64931653449325,53.819664023198335,11.517500000000002,21.17,350.35,367.0,57.5,1,INDUSTRIAL,,,,,,,,,unknown
1794,25.750883333333334,76.60126000000001,3,1,1.0,0.488689893321387,1.0,0.0333333333333333,3.0,0.6717315704810217,51.76796474295378,24.006666666666664,29.59,357.89000000000004,367.0,60.0,1,INDUSTRIAL,,,,,,,,,unknown
1795,25.750273333333336,76.57556333333333,3,1,1.0,0.3233738510033445,1.0,0.0333333333333333,3.0,0.7556443700635526,53.44622073460439,9.29,16.94,335.04333333333335,367.0,60.0,1,INDUSTRIAL,,,,,,,,,unknown
1796,25.866920000000004,78.300598,5,1,1.0,1.372223422406383,1.0,0.0333333333333333,5.0,0.4215454541737895,51.764242416809125,6.902000000000001,14.4,325.046,354.19,46.0,1,INDUSTRIAL,,,,,,,,,unknown
1797,25.9121325,77.88831,4,1,1.0,0.4462957105451214,1.0,0.0333333333333333,4.0,0.6914215348278198,54.66176402988973,12.857499999999998,15.27,352.375,367.0,57.5,1,INDUSTRIAL,,,,,,,,,unknown
1798,26.0519275,78.92049750000001,4,1,1.0,0.5257501180339709,1.0,0.0333333333333333,4.0,0.6554153187866474,53.94163970906628,45.28,59.05,358.5225,367.0,65.0,1,INDUSTRIAL,,,,,,,,,unknown
1799,26.0391375,78.08009750000001,4,1,1.0,0.5372398932017618,1.0,0.0333333333333333,4.0,0.6505165553030249,53.843664439393834,12.0475,20.44,346.585,367.0,47.5,1,INDUSTRIAL,,,,,,,,,unknown
1800,26.151484999999997,78.63168,4,1,1.0,0.395329465007777,1.0,0.0333333333333333,4.0,0.7166766165827555,55.16686566498844,20.7075,34.34,349.33,367.0,65.0,1,INDUSTRIAL,,,,,,,,,unknown
1801,26.18574,78.90878333333332,3,1,1.0,0.454624186667563,1.0,0.0333333333333333,3.0,0.6874627887845908,52.08258910902514,20.59,31.46,357.34666666666664,367.0,70.0,1,INDUSTRIAL,,,,,,,,,unknown
1802,27.95680333333333,77.65271666666668,3,1,1.0,0.5390716324928969,1.0,0.0333333333333333,3.0,0.6497423374507002,51.328180082347345,10.35,10.35,345.1133333333334,350.04,50.0,1,INDUSTRIAL,,,,,,,,,unknown
1803,20.661135,73.99441,4,1,1.0,0.5790183896712038,1.0,0.0333333333333333,4.0,0.6333048472020825,53.499430277374984,12.785,13.07,345.4,353.91,45.0,1,INDUSTRIAL,,,,,,,,,unknown
1804,21.2311525,79.52255500000001,4,1,1.0,0.5475079329861047,1.0,0.0333333333333333,4.0,0.64620024148786,53.75733816309054,18.5425,27.59,349.9925,367.0,65.0,1,INDUSTRIAL,,,,,,,,,unknown
1805,20.777054999999997,73.5682625,4,1,1.0,0.4662122597646151,1.0,0.0333333333333333,4.0,0.6820294901643636,54.473923136620606,5.867500000000001,10.99,330.29999999999995,352.59,50.0,1,INDUSTRIAL,,,,,,,,,unknown
1806,21.301256666666667,75.43986666666666,3,1,1.0,0.3733278373902742,1.0,0.0333333333333333,3.0,0.7281582538225493,52.89649840978432,5.666666666666667,8.51,330.27,338.6,36.666666666666664,1,INDUSTRIAL,,,,,,,,,unknown
1807,21.484456666666663,77.31299,3,1,1.0,0.4705606309881779,1.0,0.0333333333333333,3.0,0.6800127644706675,51.93358862274668,9.133333333333333,9.94,346.40000000000003,352.87,50.0,1,INDUSTRIAL,,,,,,,,,unknown
1808,21.346333333333337,74.99939666666667,3,1,1.0,0.3505982949243313,1.0,0.0333333333333333,3.0,0.7404126036276583,53.1415854058865,8.473333333333334,10.35,349.5933333333333,367.0,60.0,1,INDUSTRIAL,,,,,,,,,unknown
1809,21.624943333333334,78.04008,3,1,1.0,0.3047858613427705,1.0,0.0333333333333333,3.0,0.7664092857128971,53.66151904759128,12.68,16.36,356.37000000000006,367.0,70.0,1,INDUSTRIAL,,,,,,,,,unknown
1810,21.365273333333334,73.89260333333333,3,2,1.05625,0.5509948154850816,1.0,0.0352083333333333,2.840236686390533,0.6447474807884802,50.87574966507926,17.486666666666668,29.1,340.2266666666667,344.55,43.333333333333336,1,INDUSTRIAL,,,,,,,,,unknown
1811,22.1455075,79.4309025,8,1,1.0,0.6257489734423108,1.0,0.0333333333333333,8.0,0.615101111140566,63.135355556144646,24.00625,31.04,362.1875,367.0,72.5,1,INDUSTRIAL,,12.249,,7.211,0.0,7.0,0.0,14.0,population
1812,22.04516,77.95245333333332,3,1,1.0,0.3318685580020718,1.0,0.0333333333333333,3.0,0.7508248422803029,53.34983017893939,14.966666666666669,19.98,352.2866666666667,367.0,60.0,1,INDUSTRIAL,,,,,,,,,unknown
1813,22.103026666666665,76.03959333333333,3,1,1.0,0.2920509669346479,1.0,0.0333333333333333,3.0,0.7739632766751221,53.812598866835785,16.003333333333334,25.13,358.6766666666667,367.0,70.0,1,INDUSTRIAL,,,,13.377,0.0,0.0,0.0,3.0,population
1814,21.9633,74.359295,4,1,1.0,0.3760593478540407,1.0,0.0333333333333333,4.0,0.7267128424071942,55.36759018147722,3.4675,5.92,316.40999999999997,335.45,45.0,1,INDUSTRIAL,,,,,,,,,unknown
1815,21.982263999999997,72.69166200000001,5,1,1.0,0.4200871338497862,1.0,0.0333333333333333,5.0,0.704182142182395,57.41697617698124,19.764000000000003,21.61,346.334,352.38,46.0,1,INDUSTRIAL,,,,,0.0,0.0,0.0,0.0,unknown
1816,22.31707666666667,75.80746666666668,3,1,1.0,0.4440979033577914,1.0,0.0333333333333333,3.0,0.6924738258222087,52.18280984977751,12.01,12.01,353.34666666666664,367.0,60.0,1,INDUSTRIAL,,,,,0.0,0.0,0.0,0.0,unknown
1817,22.89938666666667,77.46461666666667,3,1,1.0,0.5218329580712384,1.0,0.0333333333333333,3.0,0.6571023414208309,51.47538016174995,6.210000000000001,8.65,322.0133333333333,349.82,50.0,1,INDUSTRIAL,,,,,,,,,unknown
1818,22.9676,76.36659999999999,3,1,1.0,0.3875609314304756,1.0,0.0333333333333333,3.0,0.7206890719884077,52.74711477310149,12.013333333333334,17.79,357.3966666666667,367.0,60.0,1,INDUSTRIAL,,,,,,,,,unknown
1819,23.129666666666665,78.24292333333334,3,1,1.0,0.3799499920039824,1.0,0.0333333333333333,3.0,0.7246639412981816,52.82661215929697,10.833333333333334,13.71,343.8866666666667,349.75,50.0,1,INDUSTRIAL,,3.764,,1.632,0.0,22.0,0.0,39.0,population
1820,23.055516666666666,76.31981,3,1,1.0,0.2705171690927261,1.0,0.0333333333333333,3.0,0.7870810598443924,54.074954530221184,15.616666666666667,19.6,361.54333333333335,367.0,70.0,1,INDUSTRIAL,,,,,,,,,unknown
1821,23.3090375,78.0528725,4,1,1.0,0.5529583326336412,1.0,0.0333333333333333,4.0,0.643932280078702,53.71197893490738,8.270000000000001,11.63,341.0375,345.99,45.0,1,INDUSTRIAL,,6.287,,6.713,0.0,16.0,0.0,13.0,forest
1822,23.384083333333333,78.99328333333334,3,1,1.0,0.647612851488738,1.0,0.0333333333333333,3.0,0.6069386986733123,50.472107306799586,12.36,16.51,340.75666666666666,343.74,50.0,1,INDUSTRIAL,,,,,,,,,unknown
1823,23.423576666666666,77.98726333333333,3,1,1.0,0.596838262756827,1.0,0.0333333333333333,3.0,0.6262374990148167,50.85808331362966,9.376666666666669,10.84,335.08666666666664,337.86,36.666666666666664,1,INDUSTRIAL,,14.78,,,0.0,1.0,0.0,0.0,forest
1824,23.429308,77.85409200000001,5,1,1.0,0.7137733196232435,1.0,0.0333333333333333,5.0,0.5835077419806257,55.00348817294585,2.128,2.43,313.342,332.52,46.0,1,INDUSTRIAL,13.756,7.952,,8.288,1.0,18.0,0.0,16.0,forest
1825,23.53649375,78.276481875,16,1,1.0,1.7912432973260972,1.0,0.0333333333333333,16.0,0.3582632875313883,62.9985990839611,18.251875,52.32,338.79437499999995,367.0,59.375,1,INDUSTRIAL,,,,,,,,,unknown
1826,23.353243333333335,75.78654,3,1,1.0,0.5469479833928802,1.0,0.0333333333333333,3.0,0.6464341469366839,51.262016272067015,2.5933333333333333,3.7,332.40333333333336,349.05,50.0,1,INDUSTRIAL,,,,,,,,,unknown
1827,23.671172499999997,77.87492,4,1,1.0,0.7348073445606488,1.0,0.0333333333333333,4.0,0.5764328835333911,52.361991004001155,8.8025,13.02,334.535,351.1,50.0,1,INDUSTRIAL,,,,,0.0,0.0,0.0,0.0,unknown
1828,23.781742,77.686204,5,1,1.0,0.8767766405846951,1.0,0.0333333333333333,5.0,0.5328284561813694,53.98990245696073,6.308000000000001,13.25,332.234,367.0,56.0,1,INDUSTRIAL,,,,,0.0,0.0,0.0,0.0,unknown
1829,23.8513775,78.14694,4,1,1.0,0.4600271506705876,1.0,0.0333333333333333,4.0,0.6849187698603427,54.53170873054019,42.0675,66.34,352.6275,367.0,65.0,1,INDUSTRIAL,,,,,,,,,unknown
1830,23.892201666666665,77.72882333333334,6,1,1.0,0.769788860425636,1.0,0.0333333333333333,6.0,0.5650391537437404,57.13411640820814,12.943333333333332,16.92,346.79833333333335,367.0,60.0,1,INDUSTRIAL,,,,,0.0,0.0,0.0,0.0,unknown
1831,23.7439625,75.6881325,4,1,1.0,0.2860518780672216,1.0,0.0333333333333333,4.0,0.7775736088522941,56.38480551037921,16.4275,18.99,355.3025,367.0,57.5,1,INDUSTRIAL,,,,,,,,,unknown
1832,23.86923333333333,75.61707666666666,3,1,1.0,0.5148162762509947,1.0,0.0333333333333333,3.0,0.6601460623824897,51.53625458098313,16.426666666666666,19.0,367.0,367.0,80.0,1,INDUSTRIAL,,,,,,,,,unknown
1833,24.112863333333333,77.71827666666667,3,1,1.0,0.6094990633436996,1.0,0.0333333333333333,3.0,0.621311327713681,50.759559887606954,11.173333333333334,18.03,345.9066666666667,367.0,70.0,1,INDUSTRIAL,,,,,,,,,unknown
1834,24.210335,77.672515,4,1,1.0,0.402350450113278,1.0,0.0333333333333333,4.0,0.7130885150136492,55.09510363360632,18.7625,21.25,362.2875,367.0,72.5,1,INDUSTRIAL,,,,,,,,,unknown
1835,24.039495999999996,75.12535,5,1,1.0,0.7892183920118052,1.0,0.0333333333333333,5.0,0.5589032643888684,54.51139862111071,7.17,8.34,352.868,367.0,56.0,1,INDUSTRIAL,,,,,,,,,unknown
1836,24.150473333333338,74.25655666666667,3,1,1.0,0.2427612239509669,1.0,0.0333333333333333,3.0,0.8046598016800168,54.42652936693367,6.033333333333332,7.26,347.6566666666667,353.27,50.0,1,INDUSTRIAL,,,,,,,,,unknown
1837,23.690104,69.456642,20,1,1.0,1.4777815536880647,1.0,0.0333333333333333,20.0,0.4035868289161914,63.905069911657165,11.072,22.17,354.22349999999994,367.0,50.0,1,INDUSTRIAL,,,,,,,,,unknown
1838,24.23734,74.4026225,4,2,2.0430555555555556,0.8415529590773526,0.9789259007477906,0.0681018518518518,1.9578518014955812,0.5430199523021134,46.825351868511234,10.0,15.18,350.3125,367.0,52.5,1,INDUSTRIAL,,,,,,,,,unknown
1839,23.721246,69.47438600000001,5,1,1.0,0.5616380217627488,1.0,0.0333333333333333,5.0,0.640353261168179,56.140398556696915,76.376,117.96,363.752,367.0,50.0,1,INDUSTRIAL,,,,,,,,,unknown
1840,24.590048000000003,78.124396,5,1,1.0,0.5782325338761236,1.0,0.0333333333333333,5.0,0.6336201912806916,56.00573715894717,35.312,71.92,358.966,367.0,68.0,1,INDUSTRIAL,,,,,,,,,unknown
1841,24.6639525,76.79448,4,1,1.0,0.8786341301329273,1.0,0.0333333333333333,4.0,0.5323016248668081,51.4793658306695,5.39,13.13,323.3775,346.67,45.0,1,INDUSTRIAL,,,,,,,,,unknown
1842,24.7126,76.27739666666666,3,2,1.0,0.6355404681149555,1.0,0.0333333333333333,3.0,0.611418683606497,50.56170700546328,5.839999999999999,8.03,336.40333333333336,355.46,43.333333333333336,1,INDUSTRIAL,,,,,,,,,unknown
1843,24.627117499999997,73.7395425,4,1,1.0,0.512328177928671,1.0,0.0333333333333333,4.0,0.6612321416702222,54.057976166737774,9.05,11.03,361.47,367.0,72.5,1,INDUSTRIAL,,,,,,,,,unknown
1844,24.716503333333335,74.63954333333334,3,1,1.0,0.3125561427922522,1.0,0.0333333333333333,3.0,0.7618721724715416,53.57077678276416,8.63,13.05,358.45,367.0,70.0,1,INDUSTRIAL,,,,,,,,,unknown
1845,24.902035555555553,76.25411111111111,9,1,1.0,1.3451713836541568,1.0,0.0333333333333333,9.0,0.4264080684976796,61.86149470328692,3.6822222222222223,8.39,323.5566666666666,367.0,53.333333333333336,1,INDUSTRIAL,,,,,,,,,unknown
1846,25.112170000000003,79.0097475,4,1,1.0,0.5341131079884467,1.0,0.0333333333333333,4.0,0.6518424194362147,53.87018172205763,8.94,13.71,341.025,343.23,40.0,1,INDUSTRIAL,,,,,,,,,unknown
1847,25.22725,77.68991,3,1,1.0,0.6222288310000926,1.0,0.0333333333333333,3.0,0.6164358448638267,50.662050230609864,20.429999999999996,21.83,367.0,367.0,80.0,1,INDUSTRIAL,,,,,,,,,unknown
1848,25.272372,76.196192,5,1,1.0,0.429160142428674,1.0,0.0333333333333333,5.0,0.6997116490392941,57.32756631411922,12.156,14.4,352.274,367.0,52.0,1,INDUSTRIAL,,,,,,,,,unknown
1849,25.2885225,75.79926999999999,4,1,1.0,0.4003233611565779,1.0,0.0333333333333333,4.0,0.714120772200832,55.11574877734997,7.789999999999999,9.04,345.72749999999996,367.0,57.5,1,INDUSTRIAL,,,,,,,,,unknown
1850,25.53611,78.82418999999999,4,1,1.0,0.500895639369091,1.0,0.0333333333333333,4.0,0.6662688422629804,54.15871017859294,5.4225,10.05,324.365,338.84,40.0,1,INDUSTRIAL,,,,,,,,,unknown
1851,25.392666,76.491694,5,1,1.0,0.3306341847791923,1.0,0.0333333333333333,5.0,0.7515213508256153,58.36376034984564,3.134,7.96,312.736,336.52,46.0,1,INDUSTRIAL,,,,,,,,,unknown
1852,25.65415571428571,78.68292142857142,7,1,1.0,0.5719168366924543,1.0,0.0333333333333333,7.0,0.6361659705256087,61.056652743845504,4.2700000000000005,10.84,315.4171428571429,346.4,47.142857142857146,1,INDUSTRIAL,,,,,,,,,unknown
1853,25.53214,76.62964666666666,3,1,1.0,0.2713966303473786,1.0,0.0333333333333333,3.0,0.7865366134616654,54.06406560256664,15.38,23.29,357.59666666666664,367.0,70.0,1,INDUSTRIAL,,,,,,,,,unknown
1854,30.579056,75.334856,5,1,1.0,0.4814021145809881,1.0,0.0333333333333333,5.0,0.675036163481411,56.83405660296156,19.262,33.91,356.038,367.0,68.0,1,INDUSTRIAL,,,,,,,,,unknown
1855,29.216001999999996,76.7307,5,1,1.0,0.6216694141258863,1.0,0.0333333333333333,5.0,0.6166484927749722,55.66630318883278,36.914,39.6,352.898,367.0,56.0,1,INDUSTRIAL,,,,,,,,,unknown
1856,29.14964,76.30376600000001,5,1,1.0,0.6785233044498662,1.0,0.0333333333333333,5.0,0.5957617611557372,55.248568556448085,22.342,22.73,362.442,367.0,74.0,1,INDUSTRIAL,,,,,,,,,unknown
1857,29.423435,76.69019749999998,4,1,1.0,0.3750094736376922,1.0,0.0333333333333333,4.0,0.7272677164575628,55.378687662484595,28.225,39.4,359.11,367.0,65.0,1,INDUSTRIAL,,,,,,,,,unknown
1858,30.40792,75.60954666666667,3,1,1.0,0.2789841781738022,1.0,0.0333333333333333,3.0,0.7818705008750383,53.970743350834105,17.036666666666665,24.01,358.18333333333334,367.0,70.0,1,INDUSTRIAL,,,,,,,,,unknown
1859,28.86851,76.94859333333333,3,1,1.0,0.3435113561708222,1.0,0.0333333333333333,3.0,0.7443182340119006,53.219698013571346,11.853333333333332,14.41,344.66333333333336,353.38,50.0,1,INDUSTRIAL,,,,,,,,,unknown
1860,28.917150000000003,76.36798,3,1,1.0,0.6299125002200682,1.0,0.0333333333333333,3.0,0.6135298673180196,50.60393067969373,11.736666666666666,15.96,352.90000000000003,367.0,60.0,1,INDUSTRIAL,,,,,,,,,unknown
1861,29.060336666666668,77.03048333333334,3,1,1.0,0.5222620010341276,1.0,0.0333333333333333,3.0,0.6569171399671436,51.4716761326762,14.77,22.05,345.96999999999997,350.53,50.0,1,INDUSTRIAL,,,,,,,,,unknown
1862,29.09863,76.60693333333334,3,1,1.0,0.3729556060497697,1.0,0.0333333333333333,3.0,0.7283556697635495,52.90044672860432,7.54,11.38,341.21333333333337,348.42,43.333333333333336,1,INDUSTRIAL,,,,,,,,,unknown
1863,30.440833333333337,78.13032666666668,3,1,1.0,0.1145595485810443,1.0,0.0333333333333333,3.0,0.8972154078919415,56.27764149117217,4.140000000000001,8.15,315.3333333333333,334.4,50.0,1,INDUSTRIAL,,,,,,,,,unknown
1864,29.998855,79.45035200000001,10,1,1.0,0.7678698319430071,1.0,0.0333333333333333,10.0,0.5656525055925261,67.14638344518386,2.056,3.27,304.94900000000007,319.85,50.0,1,INDUSTRIAL,,,,,,,,,unknown
1865,29.69977666666667,80.01331333333333,3,1,1.0,0.4160633737352673,1.0,0.0333333333333333,3.0,0.7061830837148322,52.45699500762998,1.87,2.16,305.40333333333336,314.87,50.0,1,INDUSTRIAL,,,,,,,,,unknown
1866,29.61272333333333,80.03281,3,1,1.0,0.2004634413955096,1.0,0.0333333333333333,3.0,0.8330116232756946,54.99356579884722,1.0333333333333334,1.14,300.6266666666667,301.66,50.0,1,INDUSTRIAL,,,,,,,,,unknown
1867,29.601035000000003,79.32323124999999,8,1,1.0,1.156095205132947,1.0,0.0333333333333333,8.0,0.4638014117462587,60.1093615682585,1.14125,1.37,301.12250000000006,309.95,50.0,1,INDUSTRIAL,,,,,,,,,unknown
1868,26.888485,83.6211975,4,1,1.0,0.5681543842555264,1.0,0.0333333333333333,4.0,0.6376923152720994,53.58717963877532,2.185,2.8,308.67499999999995,312.39,50.0,1,INDUSTRIAL,,,,,,,,,unknown
1869,26.597633333333334,83.47157333333332,3,1,1.0,0.4105188656990043,1.0,0.0333333333333333,3.0,0.7089589684462919,52.51251270225917,1.606666666666667,1.87,307.84000000000003,309.05,50.0,1,INDUSTRIAL,,,,,,,,,unknown
1870,26.5782625,82.84047749999999,4,1,1.0,0.4298641133386113,1.0,0.0333333333333333,4.0,0.6993671571105348,54.820676475544026,2.4324999999999997,2.89,308.18,311.37,50.0,1,INDUSTRIAL,,,,,,,,,unknown
1871,26.516816,83.46734599999999,5,2,2.4916666666666667,1.0138505320490312,0.802675585284281,0.0830555555555555,2.0066889632107023,0.4965611817191471,41.104602489827016,3.244,8.75,315.23400000000004,346.78,46.0,1,INDUSTRIAL,,,,,,,,,unknown
1872,26.2670875,83.7450225,4,1,1.0,0.3511565617390449,1.0,0.0333333333333333,4.0,0.740106682169327,55.63546697671987,1.74,1.97,308.345,314.68,50.0,1,INDUSTRIAL,,,,,,,,,unknown
1873,26.52215125,78.3018075,8,1,1.0,0.5868714131439505,1.0,0.0333333333333333,8.0,0.6301707824068582,63.436748981470494,1.61375,3.04,305.09749999999997,310.33,50.0,1,INDUSTRIAL,,,,,,,,,unknown
1874,26.048558000000003,83.89708,5,1,1.0,0.6503782013813432,1.0,0.0333333333333333,5.0,0.6059217209503944,55.45176775234122,2.3239999999999994,3.38,313.13399999999996,324.34,50.0,1,INDUSTRIAL,,,,,,,,,unknown
1875,25.879486666666665,83.84151333333334,3,1,1.0,0.7290459448843837,1.0,0.0333333333333333,3.0,0.5783536307746102,49.900405948825544,1.5433333333333332,1.79,306.2866666666667,309.37,50.0,1,INDUSTRIAL,,,,,,,,,unknown
1876,25.408565,84.9948875,4,1,1.0,0.6559349526452445,1.0,0.0333333333333333,4.0,0.6038884549194202,52.91110243172174,1.86,4.01,313.845,330.71,50.0,1,INDUSTRIAL,,,,,,,,,unknown
1877,25.500446000000004,83.995592,5,1,1.0,0.4758059408918124,1.0,0.0333333333333333,5.0,0.6775958629057365,56.88525059144807,1.596,2.56,307.326,308.97,50.0,1,INDUSTRIAL,,,,,,,,,unknown
1878,25.444736666666667,84.36408666666667,3,1,1.0,0.6513248510591159,1.0,0.0333333333333333,3.0,0.6055743661573473,50.44482065648028,3.783333333333333,7.87,324.69666666666666,344.93,50.0,1,INDUSTRIAL,,,,,,,,,unknown
1879,25.956994,78.31616799999999,5,1,1.0,0.4956221126486838,1.0,0.0333333333333333,5.0,0.6686180897854219,56.70569512904178,1.93,1.98,307.55,314.95,50.0,1,INDUSTRIAL,,,,,,,,,unknown
1880,25.459565,84.003995,4,1,1.0,0.3566718516092057,1.0,0.0333333333333333,4.0,0.7370979200415029,55.57529173416339,1.8,2.27,310.275,315.48,50.0,1,INDUSTRIAL,,,,,,,,,unknown
1881,25.928911666666668,78.01020833333332,6,1,1.0,0.473642860256265,1.0,0.0333333333333333,6.0,0.6785904692172845,59.40514271767903,2.3783333333333334,3.16,308.7916666666667,321.47,50.0,1,INDUSTRIAL,,,,,,,,,unknown
1882,25.42090333333333,83.98823333333333,3,1,1.0,0.375444775705538,1.0,0.0333333333333333,3.0,0.7270375500805166,52.874084334943674,1.656666666666667,2.41,310.49333333333334,316.44,50.0,1,INDUSTRIAL,,,,,,,,,unknown
1883,25.9016,78.08944249999999,4,1,1.0,0.3774830837561979,1.0,0.0333333333333333,4.0,0.7259617281637637,55.352567896608605,5.045,9.37,324.34749999999997,339.3,50.0,1,INDUSTRIAL,,,,,,,,,unknown
1884,25.296003333333335,84.97789333333334,3,1,1.0,0.3473044782790793,1.0,0.0333333333333333,3.0,0.7422227240551493,53.177787814436314,1.1366666666666667,1.36,308.50666666666666,311.26,50.0,1,INDUSTRIAL,,,,,,,,,unknown
1885,25.8695125,78.2189175,4,1,1.0,0.3616949488444747,1.0,0.0333333333333333,4.0,0.734378871603066,55.520910765394646,1.8325,2.68,302.745,304.33,50.0,1,INDUSTRIAL,,,,,,,,,unknown
1886,25.867067499999997,78.1666175,4,1,1.0,0.3591502750767623,1.0,0.0333333333333333,4.0,0.7357538149661352,55.54840963265604,1.77,2.61,302.58750000000003,306.49,50.0,1,INDUSTRIAL,,,,,,,,,unknown
1887,25.391799999999996,83.919756,5,1,1.0,0.5283135106353809,1.0,0.0333333333333333,5.0,0.6543160111070798,56.41965355547494,3.082,3.65,316.726,325.29,50.0,1,INDUSTRIAL,,,,,,,,,unknown
1888,25.34154,84.09763666666667,3,1,1.0,0.8484365112750641,1.0,0.0333333333333333,3.0,0.540997753452832,49.153288402389975,1.11,1.51,305.3233333333333,307.93,50.0,1,INDUSTRIAL,,,,,,,,,unknown
1889,25.843338333333335,78.08275166666665,6,1,1.0,0.6697829652303612,1.0,0.0333333333333333,6.0,0.5988802262466735,57.81093785826681,2.2683333333333335,2.97,307.29,321.62,50.0,1,INDUSTRIAL,,,,,,,,,unknown
1890,25.068368333333336,85.36440833333334,6,2,1.50625,0.951224649100246,1.0,0.0502083333333333,3.983402489626555,0.5124986507633156,51.46368757266604,5.5616666666666665,10.95,335.1933333333334,348.75,50.0,1,INDUSTRIAL,,,,,,,,,unknown
1891,25.204606666666667,84.03741666666666,3,1,1.0,0.3726801236579294,1.0,0.0333333333333333,3.0,0.7285018430478848,52.903370194291035,1.8866666666666667,3.44,311.13333333333327,316.27,50.0,1,INDUSTRIAL,,,,,,,,,unknown
1892,25.21831428571429,83.65283428571429,7,1,1.0,0.9108010582118108,1.0,0.0333333333333333,7.0,0.5233407191724252,58.80014771678184,1.4157142857142857,1.92,307.5828571428572,310.61,50.0,1,INDUSTRIAL,,,,,,,,,unknown
1893,25.66411666666667,78.15638,3,1,1.0,0.1325973736867235,1.0,0.0333333333333333,3.0,0.8829262924607488,55.99185918254832,3.946666666666667,5.2,319.8666666666666,323.89,50.0,1,INDUSTRIAL,,,,,,,,,unknown
1894,25.744976666666663,76.63321,3,1,1.0,0.2051922972806412,1.0,0.0333333333333333,3.0,0.8297431059394996,54.92819545212333,2.283333333333333,3.04,306.61,308.22,50.0,1,INDUSTRIAL,,,,,,,,,unknown
1895,25.11941,84.28335666666668,3,2,1.50625,0.6380462221370002,1.0,0.0502083333333333,1.9917012448132776,0.6104833834880415,48.44412911512736,2.9033333333333338,6.15,319.37333333333333,345.07,43.333333333333336,1,INDUSTRIAL,,,,,,,,,unknown
1896,25.18239,83.51905,3,1,1.0,0.5179073910509929,1.0,0.0333333333333333,3.0,0.6588017199834596,51.509367733002534,2.256666666666667,3.45,315.8733333333333,324.15,50.0,1,INDUSTRIAL,,,,,,,,,unknown
1897,25.538046666666663,79.19282333333332,3,1,1.0,0.3586000937093714,1.0,0.0333333333333333,3.0,0.7360517672788544,53.05436867891042,4.430000000000001,6.57,321.38999999999993,331.94,50.0,1,INDUSTRIAL,,,,,,,,,unknown
1898,25.534806666666668,78.93875333333334,3,1,1.0,0.28167409847253,1.0,0.0333333333333333,3.0,0.7802295460224852,53.937924253783045,8.673333333333334,11.38,332.8833333333333,348.35,50.0,1,INDUSTRIAL,,,,,,,,,unknown
1899,25.0604875,84.224145,4,1,1.0,0.5415394439744482,1.0,0.0333333333333333,4.0,0.6487021813867875,53.80737696106909,7.914999999999999,16.75,324.71,338.57,50.0,1,INDUSTRIAL,,,,,,,,,unknown
1900,25.06471,84.0194175,4,1,1.0,0.4270819164312511,1.0,0.0333333333333333,4.0,0.7007306227386944,54.847945788107225,1.7999999999999998,1.92,310.61249999999995,313.98,50.0,1,INDUSTRIAL,,,,,,,,,unknown
1901,24.9265025,85.12781000000001,4,1,1.0,0.7003872982855931,1.0,0.0333333333333333,4.0,0.5881013113943188,52.59535956121971,2.57,3.95,319.8025,338.11,50.0,1,INDUSTRIAL,,,,,,,,,unknown
1902,24.995155,84.138555,6,2,1.0,1.1082516911462597,1.0,0.0333333333333333,6.0,0.4743266680157617,55.31986669364856,1.7933333333333332,2.33,311.96000000000004,318.74,50.0,1,INDUSTRIAL,,,,,,,,,unknown
1903,25.590376,76.63576,5,1,1.0,0.4953159448656614,1.0,0.0333333333333333,5.0,0.6687549901635267,56.70843313660387,4.738,6.11,313.664,323.85,50.0,1,INDUSTRIAL,,,,,,,,,unknown
1904,25.53306333333333,76.17722666666667,3,1,1.0,0.2814979628809598,1.0,0.0333333333333333,3.0,0.7803367847357956,53.94006902804925,3.7,7.54,318.9833333333333,350.69,50.0,1,INDUSTRIAL,,,,,,,,,unknown
1905,25.469025,76.54006749999999,4,1,1.0,0.3690942584775493,1.0,0.0333333333333333,4.0,0.7304098996894584,55.441531327122505,2.3049999999999997,3.25,313.865,334.16,50.0,1,INDUSTRIAL,,,,,,,,,unknown
1906,25.385015,77.07110499999999,4,1,1.0,0.3376299741654789,1.0,0.0333333333333333,4.0,0.7475909028009636,55.785151389352606,1.8675,3.5,310.65999999999997,318.75,50.0,1,INDUSTRIAL,,,,,,,,,unknown
1907,25.217124,79.507016,5,1,1.0,0.5617475814706665,1.0,0.0333333333333333,5.0,0.640308339109653,56.1395001155264,1.248,2.34,306.022,315.67,50.0,1,INDUSTRIAL,,,,,,,,,unknown
1908,25.33543,76.45594333333334,3,1,1.0,0.2190144909111759,1.0,0.0333333333333333,3.0,0.8203347929461697,54.740029192256735,1.49,1.8,306.55,309.72,50.0,1,INDUSTRIAL,,,,,,,,,unknown
1909,25.33007,76.4359975,4,1,1.0,0.8462482798726597,1.0,0.0333333333333333,4.0,0.5416389609684416,51.666112552702174,2.4625,3.84,308.505,322.65,50.0,1,INDUSTRIAL,,,,,,,,,unknown
1910,24.641661999999997,83.942366,5,2,1.0,0.8226825805672445,1.0,0.0333333333333333,5.0,0.5486418812916871,54.30617095916707,5.608,7.11,316.96799999999996,327.53,50.0,1,INDUSTRIAL,,,,,,,,,unknown
1911,25.15465,76.96255,4,1,1.0,0.4593169834456512,1.0,0.0333333333333333,4.0,0.6852520811748934,54.538374956831206,1.7675,2.54,305.795,309.55,50.0,1,INDUSTRIAL,,,,,,,,,unknown
1912,25.14931,76.51129666666667,6,1,1.0,0.5310266838725655,1.0,0.0333333333333333,6.0,0.6531564802454055,58.89646293824144,3.166666666666666,8.37,311.91833333333335,327.23,50.0,1,INDUSTRIAL,,,,,,,,,unknown
1913,25.153646,76.40028,5,1,1.0,0.4083805807068892,1.0,0.0333333333333333,5.0,0.7100353510257034,57.5340403538474,1.2520000000000002,2.42,304.178,307.96,50.0,1,INDUSTRIAL,,,,,,,,,unknown
1914,25.144416666666668,76.42097333333334,3,1,1.0,0.4031095618558774,1.0,0.0333333333333333,3.0,0.7127027191499652,52.58738771633264,3.596666666666667,5.78,312.49,318.52,50.0,1,INDUSTRIAL,,,,,,,,,unknown
1915,25.142277777777775,76.08472222222221,9,1,1.0,0.8640828947995672,1.0,0.0333333333333333,9.0,0.5364568296773753,64.06246992688084,2.354444444444445,5.46,311.43888888888887,330.18,50.0,1,INDUSTRIAL,,,,,,,,,unknown
1916,25.0791975,76.31329249999999,4,1,1.0,0.3427512269994085,1.0,0.0333333333333333,4.0,0.7447395912902343,55.72812515913802,1.445,2.22,307.1175,319.68,50.0,1,INDUSTRIAL,,,,,,,,,unknown
1917,25.076622222222223,76.13768777777778,9,1,1.0,0.9953280768019314,1.0,0.0333333333333333,9.0,0.5011707155460762,63.35674764425485,1.5333333333333334,2.1,307.9244444444445,319.21,50.0,1,INDUSTRIAL,,,,,,,,,unknown
1918,25.030456666666662,76.98716333333334,3,1,1.0,0.2033907409387805,1.0,0.0333333333333333,3.0,0.8309852868070825,54.95303906947498,1.45,2.2,307.74666666666667,311.73,50.0,1,INDUSTRIAL,,,,,,,,,unknown
1919,24.9546425,76.4033825,4,1,1.0,0.483962037320932,1.0,0.0333333333333333,4.0,0.673871685966676,54.310767052666854,1.875,2.67,310.03000000000003,329.13,50.0,1,INDUSTRIAL,,,,,,,,,unknown
1920,24.954896666666667,76.35674,3,1,1.0,0.2544352694921535,1.0,0.0333333333333333,3.0,0.7971714637813403,54.27676260896015,2.5733333333333333,3.54,317.8866666666667,335.7,50.0,1,INDUSTRIAL,,,,,,,,,unknown
1921,24.5350475,81.84679,4,1,1.0,0.3101868309972591,1.0,0.0333333333333333,4.0,0.7632499246224618,56.098331825782566,1.81,1.86,316.0975,322.04,50.0,1,INDUSTRIAL,,,,,,,,,unknown
1922,24.612999999999996,80.56169,5,1,1.0,0.4288087557610701,1.0,0.0333333333333333,5.0,0.6998837289930655,57.33100791319464,1.664,2.12,306.312,313.28,50.0,1,INDUSTRIAL,,,,,,,,,unknown
1923,24.869616666666666,76.29750499999999,6,1,1.0,0.6613505663819298,1.0,0.0333333333333333,6.0,0.601919919994844,57.87173173323021,6.098333333333334,9.97,316.58500000000004,367.0,55.0,1,INDUSTRIAL,,,,,,,,,unknown
1924,24.789683333333333,77.59570333333333,3,2,1.9729166666666669,0.6678017065507539,1.0,0.0657638888888888,1.5205913410770855,0.5995916637285013,47.43740884948496,2.1999999999999997,3.36,312.81,318.69,50.0,1,INDUSTRIAL,,,,,,,,,unknown
1925,24.856082857142855,76.28546285714285,7,1,1.0,0.7311415421104049,1.0,0.0333333333333333,7.0,0.5776535168700978,59.88640367073529,1.307142857142857,2.05,305.4357142857143,318.91,50.0,1,INDUSTRIAL,,,,,,,,,unknown
1926,24.559026,80.45745600000001,5,1,1.0,0.2236204246697424,1.0,0.0333333333333333,5.0,0.8172469009496159,59.67827135232565,2.3080000000000003,2.73,312.388,317.55,50.0,1,INDUSTRIAL,,,,,,,,,unknown
1927,24.819782857142854,76.51548142857143,7,1,1.0,0.4838604476516148,1.0,0.0333333333333333,7.0,0.6739178213036263,61.811689759405866,2.904285714285714,5.28,312.1228571428572,324.19,50.0,1,INDUSTRIAL,,,,,,,,,unknown
1928,24.791915,76.9740675,4,1,1.0,0.4582487426728679,1.0,0.0333333333333333,4.0,0.685754062895381,54.54841459124096,2.6624999999999996,5.06,313.12,323.63,50.0,1,INDUSTRIAL,,,,,,,,,unknown
1929,24.74252,76.64524,3,1,1.0,0.1853191424894849,1.0,0.0333333333333333,3.0,0.8436546446889692,55.206426227112715,1.22,1.66,309.8,311.46,50.0,1,INDUSTRIAL,,,,,,,,,unknown
1930,24.468158,80.27164,5,1,1.0,0.449501763033964,1.0,0.0333333333333333,5.0,0.6898922274553787,57.13117788244091,3.964,7.44,316.312,331.91,50.0,1,INDUSTRIAL,,,,,,,,,unknown
1931,24.28955,82.27000666666667,3,1,1.0,0.4442229229218731,1.0,0.0333333333333333,3.0,0.6924138816304443,52.18161096594223,1.9166666666666667,2.31,305.99333333333334,309.12,50.0,1,INDUSTRIAL,4.411,3.657,4.083,4.834,3.0,17.0,57.0,1.0,forest
1932,24.5181,77.41208,3,1,1.0,0.4853784732241112,1.0,0.0333333333333333,3.0,0.6732290914580407,51.79791516249415,2.3266666666666667,2.56,306.6166666666667,309.5,50.0,1,INDUSTRIAL,,,,,,,,,unknown
1933,24.428186666666665,77.45019333333333,3,1,1.0,0.107568308959433,1.0,0.0333333333333333,3.0,0.9028788490160988,56.39091031365532,1.83,2.65,307.68666666666667,309.4,50.0,1,INDUSTRIAL,,,,,,,,,unknown
1934,24.333753333333338,77.55109,3,1,1.0,0.4201710608705798,1.0,0.0333333333333333,3.0,0.7041405275410904,52.41614388415514,1.4266666666666667,1.51,301.8233333333333,302.67,50.0,1,INDUSTRIAL,,,,,,,,,unknown
1935,24.30820125,77.94132124999999,8,1,1.0,0.58549147170239,1.0,0.0333333333333333,8.0,0.6307192551002938,63.447718435339205,1.9650000000000003,3.37,307.7025,315.21,50.0,1,INDUSTRIAL,,,,,,,,,unknown
1936,24.2180925,77.84323749999999,4,1,1.0,0.2906037707270871,1.0,0.0333333333333333,4.0,0.7748311470038788,56.32995627341091,0.965,1.51,304.165,309.34,50.0,1,INDUSTRIAL,,,,,,,,,unknown
1937,23.65889,83.66136666666665,3,1,1.0,0.5429661321745677,1.0,0.0333333333333333,3.0,0.6481023654036123,51.295380641405586,2.783333333333333,3.27,310.5233333333333,312.57,50.0,1,INDUSTRIAL,,,,,0.0,0.0,0.0,0.0,unknown
1938,24.021996666666663,79.46359333333334,3,1,1.0,0.2414173783589399,1.0,0.0333333333333333,3.0,0.8055308532267564,54.44395039786847,3.6266666666666665,4.13,320.2766666666667,330.42,50.0,1,INDUSTRIAL,,,,,,,,,unknown
1939,24.09599,77.99250333333333,3,1,1.0,0.1163771978466073,1.0,0.0333333333333333,3.0,0.8957545907681663,56.248425148696654,1.383333333333333,1.53,305.6766666666667,306.06,50.0,1,INDUSTRIAL,,,,,,,,,unknown
1940,24.029973333333334,78.20076,6,2,2.0444444444444443,1.050320368708492,0.9782608695652176,0.0681481481481481,2.9347826086956523,0.4877286570731897,48.14305945386315,1.1383333333333334,2.18,304.29999999999995,308.31,50.0,1,INDUSTRIAL,,,,,,,,,unknown
1941,24.05561333333333,77.74395,3,1,1.0,0.4599312141740704,1.0,0.0333333333333333,3.0,0.6849637779446559,52.03260889222645,1.5166666666666666,2.21,307.51666666666665,312.01,50.0,1,INDUSTRIAL,,,,,,,,,unknown
1942,24.049776666666663,77.80718,3,1,1.0,0.145402243225967,1.0,0.0333333333333333,3.0,0.873055737330801,55.794448079949355,2.02,2.87,303.92333333333335,306.61,50.0,1,INDUSTRIAL,,,,,,,,,unknown
1943,23.9596975,78.88444750000001,4,1,1.0,0.2758774726328468,1.0,0.0333333333333333,4.0,0.7837743211630207,56.508819756593745,0.9275,1.39,305.34000000000003,310.05,50.0,1,INDUSTRIAL,,,,,,,,,unknown
1944,24.01066857142857,77.78513571428572,7,1,1.0,0.5223218315102748,1.0,0.0333333333333333,7.0,0.6568913217305132,61.4711597679436,1.6571428571428573,2.42,307.85571428571427,313.61,50.0,1,INDUSTRIAL,,,,,,,,,unknown
1945,23.9885225,78.18209999999999,4,1,1.0,0.8867868167567581,1.0,0.0333333333333333,4.0,0.5300015831777558,51.43336499688845,4.170000000000001,10.8,316.26,339.78,50.0,1,INDUSTRIAL,,,,,,,,,unknown
1946,23.925206666666668,78.30150666666667,3,1,1.0,0.504843689190286,1.0,0.0333333333333333,3.0,0.6645208450440935,51.6237502342152,5.863333333333333,7.35,321.05333333333334,350.02,50.0,1,INDUSTRIAL,,,,,,,,,unknown
1947,23.93035142857143,77.95189285714287,7,1,1.0,0.6144916803080925,1.0,0.0333333333333333,7.0,0.6193899988442,60.72113331021733,1.8085714285714285,2.4,306.28000000000003,314.48,50.0,1,INDUSTRIAL,,,,,0.0,0.0,0.0,0.0,unknown
1948,23.83,78.56167333333333,3,1,1.0,0.2092538339374348,1.0,0.0333333333333333,3.0,0.8269562369249752,54.87245807183284,1.1733333333333331,1.42,303.9166666666667,306.09,50.0,1,INDUSTRIAL,,,,,,,,,unknown
1949,23.859979999999997,78.00189,3,1,1.0,0.3643294843297985,1.0,0.0333333333333333,3.0,0.7329607777927861,52.99254888918906,2.31,3.08,311.65333333333336,317.24,50.0,1,INDUSTRIAL,,,,,,,,,unknown
1950,23.676736666666667,79.40227666666667,3,1,1.0,0.3121072830616184,1.0,0.0333333333333333,3.0,0.7621328018747371,53.57598937082808,1.6033333333333335,2.91,309.35999999999996,317.86,50.0,1,INDUSTRIAL,,,,,0.0,0.0,0.0,0.0,unknown
1951,23.76065,77.82305000000001,3,1,1.0,0.3436837850484977,1.0,0.0333333333333333,3.0,0.74422271901116,53.21778771355654,2.4566666666666666,3.1,307.44666666666666,312.55,50.0,1,INDUSTRIAL,,,,,0.0,0.0,0.0,0.0,unknown
1952,23.786203333333333,76.83440666666667,3,1,1.0,0.1050915622943864,1.0,0.0333333333333333,3.0,0.904902393720032,56.43138120773398,1.346666666666667,1.58,305.1666666666667,307.31,50.0,1,INDUSTRIAL,,,,,,,,,unknown
1953,23.671408333333336,78.23938666666668,12,1,1.0,0.6917960523997282,1.0,0.0333333333333333,12.0,0.5910877960623858,67.65508925458106,6.049166666666667,11.55,323.6766666666667,350.75,50.0,1,INDUSTRIAL,,,,,,,,,unknown
1954,23.61398,79.00454,3,1,1.0,0.3868940223748073,1.0,0.0333333333333333,3.0,0.7210356262749474,52.754045858832285,1.3133333333333332,1.89,308.6966666666667,316.41,50.0,1,INDUSTRIAL,,,,,0.0,0.0,0.0,0.0,unknown
1955,22.948293333333336,85.66212,3,1,1.0,0.2989817882782229,1.0,0.0333333333333333,3.0,0.769833733639547,53.73000800612427,3.436666666666667,4.3,310.14,312.83,50.0,1,INDUSTRIAL,,,,,,,,,unknown
1956,22.95756,85.63714666666665,3,2,1.5048611111111112,0.7152166528343941,1.0,0.050162037037037,1.9935394554683896,0.5830167275647079,47.89823411589106,3.2733333333333334,3.49,319.2366666666667,336.21,43.333333333333336,1,INDUSTRIAL,,,,,,,,,unknown
1957,23.14159,83.73005749999999,4,2,1.0,0.669021405856175,1.0,0.0333333333333333,4.0,0.599153489878112,52.81640313089557,2.2,2.51,307.075,310.55,50.0,1,INDUSTRIAL,,,,,0.0,0.0,0.0,0.0,unknown
1958,23.619506666666663,78.03875666666667,3,1,1.0,0.1600501081320628,1.0,0.0333333333333333,3.0,0.8620317286209481,55.5739679057523,1.7433333333333332,3.68,305.32666666666665,312.53,50.0,1,INDUSTRIAL,,,,,,,,,unknown
1959,23.633301666666668,77.47225333333333,6,1,1.0,0.5043520645120384,1.0,0.0333333333333333,6.0,0.6647380115268208,59.128093563869754,1.831666666666667,1.98,309.2633333333333,316.8,50.0,1,INDUSTRIAL,,,,,,,,,unknown
1960,23.60625142857143,77.66929999999999,7,1,1.0,0.4421176527017256,1.0,0.0333333333333333,7.0,0.6934246995219542,62.20182732377242,3.46,5.01,315.34857142857135,327.15,50.0,1,INDUSTRIAL,,,,,0.0,0.0,0.0,0.0,unknown
1961,23.6020025,77.63391250000001,4,1,1.0,0.3001742933436521,1.0,0.0333333333333333,4.0,0.7691276509000226,56.215886351333786,3.385,5.72,312.14750000000004,319.51,50.0,1,INDUSTRIAL,,,,,0.0,0.0,0.0,0.0,unknown
1962,23.590633333333333,77.64840333333333,6,1,1.0,0.923467353746516,1.0,0.0333333333333333,6.0,0.5198944489763276,56.231222312859884,3.2883333333333336,5.24,308.9616666666667,313.15,50.0,1,INDUSTRIAL,,,,,0.0,0.0,0.0,0.0,unknown
1963,23.534108,78.374452,5,1,1.0,0.3853625272724691,1.0,0.0333333333333333,5.0,0.7218327190997588,57.76998771532851,1.496,1.76,303.04200000000003,308.09,50.0,1,INDUSTRIAL,,,,,,,,,unknown
1964,23.596453333333333,77.36912666666666,3,1,1.0,0.3420830359150304,1.0,0.0333333333333333,3.0,0.7451103793426621,53.23554092018657,2.3000000000000003,3.68,310.2633333333333,317.28,50.0,1,INDUSTRIAL,,,,,,,,,unknown
1965,22.927053333333333,84.02711666666666,3,1,1.0,0.3759898635651355,1.0,0.0333333333333333,3.0,0.7267495397161134,52.86832412765561,2.393333333333333,3.4,312.19,316.9,50.0,1,INDUSTRIAL,,9.574,,,0.0,1.0,0.0,0.0,forest
1966,22.920842,84.01355199999999,5,1,1.0,0.4161112553667593,1.0,0.0333333333333333,5.0,0.7061592062136456,57.456517457606246,1.5719999999999998,1.9,308.202,311.6,50.0,1,INDUSTRIAL,,10.384,,,0.0,1.0,0.0,0.0,forest
1967,22.904696666666663,84.02176333333334,3,1,1.0,0.6368793041825151,1.0,0.0333333333333333,3.0,0.6109185921312731,50.551705175958794,1.59,2.06,310.4433333333333,314.62,50.0,1,INDUSTRIAL,,8.87,,14.418,0.0,1.0,0.0,1.0,forest
1968,23.439553333333333,78.1727,3,2,1.0,0.8035085963109166,1.0,0.0333333333333333,3.0,0.5544747621638753,49.42282857661085,2.3133333333333335,2.58,306.7733333333333,308.37,50.0,1,INDUSTRIAL,,9.215,,8.365,0.0,5.0,0.0,17.0,population
1969,23.443580000000004,77.93727799999999,5,1,1.0,0.4045761206690306,1.0,0.0333333333333333,5.0,0.7119585654949608,57.57250464323256,2.566,3.14,309.408,312.02,50.0,1,INDUSTRIAL,,13.12,,14.554,0.0,7.0,0.0,1.0,forest
1970,23.572712000000003,75.899554,5,1,1.0,0.5019189204622079,1.0,0.0333333333333333,5.0,0.6658149027726844,56.64963138878703,1.874,3.13,307.706,314.37,50.0,1,INDUSTRIAL,,,,,,,,,unknown
1971,23.4064325,78.1479025,4,1,1.0,0.3397360110484292,1.0,0.0333333333333333,4.0,0.746415705596684,55.761647445267016,2.435,3.04,314.12,321.22,50.0,1,INDUSTRIAL,,5.534,,6.533,0.0,11.0,0.0,22.0,forest
1972,23.42942875,77.55568,8,1,1.0,0.4268364620383683,1.0,0.0333333333333333,8.0,0.7008511673239743,64.85035667981282,1.94875,2.78,306.71,311.17,50.0,1,INDUSTRIAL,,12.113,,,0.0,2.0,0.0,0.0,forest
1973,23.43460333333333,77.44686,3,1,1.0,0.2666735927439075,1.0,0.0333333333333333,3.0,0.7894693674269856,54.12272068187305,2.223333333333333,3.0,305.1133333333334,306.66,50.0,1,INDUSTRIAL,,,,,,,,,unknown
1974,23.466966666666668,76.71371666666667,3,1,1.0,0.0676003410402522,1.0,0.0333333333333333,3.0,0.9366801054274828,57.06693544188299,1.6966666666666663,2.09,307.2266666666667,308.46,50.0,1,INDUSTRIAL,,,,,,,,,unknown
1975,22.89701333333333,83.35301333333332,3,1,1.0,0.2985779447677418,1.0,0.0333333333333333,3.0,0.7700731434945599,53.73479620322453,1.5599999999999998,2.74,307.1666666666667,309.77,50.0,1,INDUSTRIAL,,,,,,,,,unknown
1976,22.806203333333332,84.06331333333333,3,1,1.0,0.267902803678326,1.0,0.0333333333333333,3.0,0.7887039898475574,54.107413130284485,1.7300000000000002,2.55,305.24666666666667,311.27,50.0,1,INDUSTRIAL,,8.793,,6.288,0.0,2.0,0.0,52.0,population
1977,23.32396,77.99120285714285,7,1,1.0,0.9806241250660964,1.0,0.0333333333333333,7.0,0.504891355883403,58.43116045100139,2.255714285714286,3.78,307.28999999999996,317.98,50.0,1,INDUSTRIAL,,10.798,,13.844,0.0,20.0,0.0,2.0,forest
1978,23.441903333333332,75.91414000000002,3,1,1.0,0.3021071112663504,1.0,0.0333333333333333,3.0,0.7679859754605446,53.69305284254423,3.8966666666666665,5.68,314.8333333333333,320.7,50.0,1,INDUSTRIAL,,,,,,,,,unknown
1979,23.28926428571429,78.06799571428573,7,1,1.0,0.3974423389604536,1.0,0.0333333333333333,7.0,0.7155930317267273,62.645193967867876,3.9657142857142857,6.1,317.4685714285714,332.28,50.0,1,INDUSTRIAL,,3.829,,5.347,0.0,20.0,0.0,14.0,forest
1980,22.667713333333335,84.34210333333334,3,1,1.0,0.2380778048634695,1.0,0.0333333333333333,3.0,0.8077036807151843,54.48740694763703,2.5533333333333332,3.7,312.40333333333336,319.45,50.0,1,INDUSTRIAL,,,,1.709,0.0,0.0,0.0,25.0,population
1981,23.317005,76.04910249999999,4,1,1.0,0.3747493082701141,1.0,0.0333333333333333,4.0,0.7274053487310558,55.38144030795444,1.1175,1.43,305.8325,315.1,50.0,1,INDUSTRIAL,,,,,,,,,unknown
1982,23.085493333333332,78.36499666666667,3,1,1.0,0.4980877873907561,1.0,0.0333333333333333,3.0,0.667517623744678,51.6836858082269,5.33,6.93,316.7233333333333,327.09,50.0,1,INDUSTRIAL,,,,8.201,0.0,0.0,0.0,22.0,population
1983,22.88303,80.7974,3,1,1.0,0.6753772103679611,1.0,0.0333333333333333,3.0,0.596880507751667,50.27094348836667,0.92,1.23,303.71000000000004,305.17,50.0,1,INDUSTRIAL,,,,,,,,,unknown
1984,29.13093,79.982205,4,1,1.0,0.4083055300174384,1.0,0.0333333333333333,4.0,0.7100731898621583,55.03479713057649,2.1225,2.75,310.15000000000003,316.39,50.0,1,INDUSTRIAL,,,,,,,,,unknown
1985,27.554004444444445,82.66205666666667,9,1,1.0,0.7139701119815787,1.0,0.0333333333333333,9.0,0.5834407455587812,65.00214824450896,0.9011111111111112,1.7,307.6388888888889,311.84,50.0,1,INDUSTRIAL,,,,,,,,,unknown
1986,27.342115,84.3000175,4,1,1.0,0.3738008239611764,1.0,0.0333333333333333,4.0,0.727907555854152,55.39148445041637,2.185,2.2,310.68,313.1,50.0,1,INDUSTRIAL,,,,,,,,,unknown
1987,27.438023333333337,82.86958333333334,3,1,1.0,0.3199196180096085,1.0,0.0333333333333333,3.0,0.7576218932998088,53.48577119932951,1.45,1.69,305.3233333333333,307.12,50.0,1,INDUSTRIAL,,,,,,,,,unknown
1988,27.423779999999997,82.95444333333334,6,1,1.0,0.7060050058781282,1.0,0.0333333333333333,6.0,0.5861647513075569,57.55662835948448,2.405,3.23,308.5266666666667,316.0,50.0,1,INDUSTRIAL,,,,,,,,,unknown
1989,27.31115,83.57144000000001,17,1,1.0,1.8670483340643664,1.0,0.0333333333333333,17.0,0.3487907713723077,62.809148760779486,10.684705882352942,27.68,328.3811764705883,367.0,57.05882352941177,1,INDUSTRIAL,,,,,,,,,unknown
1990,27.39955666666667,82.68221,3,1,1.0,0.6536642481063804,1.0,0.0333333333333333,3.0,0.6047176753957796,50.42768684124893,0.8033333333333333,0.81,309.30333333333334,315.44,50.0,1,INDUSTRIAL,,,,,,,,,unknown
1991,25.877776666666666,92.41752333333334,3,1,1.0,0.2913445352037582,1.0,0.0333333333333333,3.0,0.7743866743062588,53.82106681945851,0.98,0.98,309.28,312.52,50.0,1,INDUSTRIAL,,,,,,,,,unknown
1992,22.027853333333336,76.77211999999999,3,1,1.0,0.2924923340834107,1.0,0.0333333333333333,3.0,0.7736989795836308,53.80731292500596,2.4966666666666666,3.32,313.65333333333336,320.33,50.0,1,INDUSTRIAL,,,,,,,,,unknown
1993,21.218616666666662,84.55599666666667,3,1,1.0,0.3374196303196332,1.0,0.0333333333333333,3.0,0.7477084808161576,53.287502949656485,1.51,1.63,311.55,312.25,50.0,1,INDUSTRIAL,,,,,,,,,unknown
1994,19.71751,79.55573,3,1,1.0,0.59258626695489,1.0,0.0333333333333333,3.0,0.6279094707453766,50.89152274824087,2.59,3.09,311.01666666666665,313.7,50.0,1,INDUSTRIAL,,4.493,,8.37,0.0,2.0,0.0,22.0,forest
1995,20.56961,84.23443333333334,3,1,1.0,0.4731534097692343,1.0,0.0333333333333333,3.0,0.6788159287203138,51.909651907739615,1.8266666666666669,2.04,304.61,305.94,50.0,1,INDUSTRIAL,,,,,0.0,0.0,0.0,0.0,unknown
1996,21.212213333333334,79.34727666666667,3,1,1.0,0.2275217883239944,1.0,0.0333333333333333,3.0,0.8146494909596327,54.62632315252599,2.03,2.09,305.07666666666665,319.35,50.0,1,INDUSTRIAL,,,,,,,,,unknown
1997,21.2376275,79.439215,4,1,1.0,0.5594085211448533,1.0,0.0333333333333333,4.0,0.6412687800794119,53.65870893492157,2.9225000000000003,4.0,305.8625,318.25,50.0,1,INDUSTRIAL,,,,,,,,,unknown
1998,21.232429999999997,79.4213925,4,1,1.0,0.3914450947186331,1.0,0.0333333333333333,4.0,0.7186772972901329,55.20687927913599,1.7125,1.79,304.18,304.9,50.0,1,INDUSTRIAL,,,,,,,,,unknown
1999,21.432156666666668,80.72193,3,1,1.0,0.7374413167827754,1.0,0.0333333333333333,3.0,0.575559007570801,49.84451348474936,4.583333333333333,5.75,310.43333333333334,312.59,50.0,1,INDUSTRIAL,,,,,,,,,unknown
2000,23.00762625,77.35676000000001,8,1,1.0,0.6412594332410584,1.0,0.0333333333333333,8.0,0.6092881964585339,63.01909726250401,4.481249999999999,5.63,318.79999999999995,330.97,50.0,1,INDUSTRIAL,,,,,,,,,unknown
2001,22.488233333333337,79.84512333333335,3,1,1.0,0.6685425811736426,1.0,0.0333333333333333,3.0,0.5993254300388343,50.31984193411002,5.9700000000000015,16.3,318.28999999999996,349.2,50.0,1,INDUSTRIAL,,,,14.249,0.0,0.0,0.0,1.0,population
2002,22.38984333333333,79.98815333333334,3,1,1.0,0.3541453476290889,1.0,0.0333333333333333,3.0,0.738473164458198,53.102796622497294,1.1766666666666667,1.45,302.68666666666667,306.71,50.0,1,INDUSTRIAL,,,,,0.0,0.0,0.0,0.0,unknown
2003,22.373403333333332,79.72627333333332,3,1,1.0,0.4473672996421837,1.0,0.0333333333333333,3.0,0.690909626220807,52.15152585774947,3.25,3.46,311.74,327.16,50.0,1,INDUSTRIAL,,3.11,,0.969,0.0,6.0,0.0,19.0,population
2004,22.29512,79.86125249999999,4,1,1.0,0.8054242569671767,1.0,0.0333333333333333,4.0,0.5538864320344513,51.91106197402235,3.6925,10.44,312.60249999999996,354.19,50.0,1,INDUSTRIAL,,,,1.323,0.0,0.0,0.0,24.0,population
2005,22.33798181818182,79.23301090909091,11,1,1.0,0.8793042002927383,1.0,0.0333333333333333,11.0,0.5321118315194691,66.47556996372272,4.348181818181819,6.98,319.10272727272724,339.45,50.0,1,INDUSTRIAL,,12.683,,1.712,0.0,10.0,0.0,50.0,population
2006,22.535876666666667,76.59877333333334,3,1,1.0,0.2389008904035476,1.0,0.0333333333333333,3.0,0.8071670686056813,54.47667470544697,5.163333333333333,7.31,312.78,315.78,50.0,1,INDUSTRIAL,,,,,,,,,unknown
2007,22.23329,77.63636333333334,3,1,1.0,0.1507411635987344,1.0,0.0333333333333333,3.0,0.8690051521861625,55.71343637705659,5.07,7.07,323.8666666666667,331.98,50.0,1,INDUSTRIAL,,,,,,,,,unknown
2008,22.04687,79.44311333333333,6,1,1.0,1.2388891957518613,1.0,0.0333333333333333,6.0,0.4466500628514495,54.766334590362334,1.83,3.84,301.3183333333333,306.8,50.0,1,INDUSTRIAL,,,,,0.0,0.0,0.0,0.0,unknown
2009,21.623836666666666,83.13012333333334,3,1,1.0,0.3029320031727001,1.0,0.0333333333333333,3.0,0.7674997602061762,53.68332853745685,4.523333333333333,7.01,314.95,323.89,50.0,1,INDUSTRIAL,,,,,,,,,unknown
2010,21.414,84.49056666666667,3,1,1.0,0.4791497240583191,1.0,0.0333333333333333,3.0,0.6760640817728149,51.85461496878963,2.0233333333333334,2.04,315.7333333333333,321.65,50.0,1,INDUSTRIAL,,,,,,,,,unknown
2011,11.187713333333337,76.55753166666666,6,1,1.0,0.4099759364953086,1.0,0.0333333333333333,6.0,0.7092319621323745,60.01797257598083,2.72,3.42,310.92333333333335,318.25,50.0,1,INDUSTRIAL,,8.247,,8.75,0.0,3.0,0.0,13.0,forest
2012,14.5877575,79.2195875,4,1,1.0,0.2812151740798276,1.0,0.0333333333333333,4.0,0.7805090200544985,56.4435137344233,1.61,1.68,310.59749999999997,312.21,50.0,1,INDUSTRIAL,,,,6.628,0.0,0.0,0.0,26.0,population
2013,30.115296666666666,78.65287666666666,3,1,1.0,0.6497475736690445,1.0,0.0333333333333333,3.0,0.6061533388262523,50.45640010985838,2.1300000000000003,2.24,312.81,329.02,50.0,1,INDUSTRIAL,,,,,,,,,unknown
2014,30.4255375,78.1592325,4,1,1.0,0.2614185673331067,1.0,0.0333333333333333,4.0,0.7927582690606828,56.68849871454699,2.59,3.0,312.13250000000005,323.86,50.0,1,INDUSTRIAL,,,,,,,,,unknown
2015,29.84888,78.654656,5,1,1.0,0.629337785910004,1.0,0.0333333333333333,5.0,0.6137462769523193,55.60825887237972,2.242,2.77,310.932,327.79,50.0,1,INDUSTRIAL,,,,,,,,,unknown
2016,20.940383333333333,73.62469,3,1,1.0,0.3932728920279997,1.0,0.0333333333333333,3.0,0.7177344838342722,52.68802301001878,0.9499999999999998,0.95,309.65666666666664,315.36,50.0,1,INDUSTRIAL,,,,,,,,,unknown
2017,25.458554,75.857198,5,1,1.0,0.7155589238302792,1.0,0.0333333333333333,5.0,0.5829004099534679,54.99134153240269,2.97,3.62,327.726,346.26,50.0,1,INDUSTRIAL,,,,,,,,,unknown
2018,24.993643333333335,76.50457333333334,3,1,1.0,0.4922287163257707,1.0,0.0333333333333333,3.0,0.6701385578895994,51.736104491125325,2.47,3.45,314.4433333333333,320.49,50.0,1,INDUSTRIAL,,,,,,,,,unknown
2019,25.14308,75.81223999999999,3,1,1.0,0.189183472626651,1.0,0.0333333333333333,3.0,0.8409131332705244,55.151595998743815,3.06,3.91,313.3666666666666,320.88,50.0,1,INDUSTRIAL,,,,,,,,,unknown
2020,24.28523,77.15099666666667,3,1,1.0,0.2373418486938001,1.0,0.0333333333333333,3.0,0.808184093228278,54.49701519789889,1.2166666666666668,1.87,307.9733333333333,316.74,50.0,1,INDUSTRIAL,,,,,,,,,unknown
2021,23.998581666666663,77.96171,6,1,1.0,0.5807651404828617,1.0,0.0333333333333333,6.0,0.6326050432099858,58.485434197533046,4.896666666666667,6.88,321.1983333333334,335.39,50.0,1,INDUSTRIAL,,,,,0.0,0.0,0.0,0.0,unknown
2022,23.927836666666668,78.26540333333334,3,2,1.0583333333333331,0.6502373774560578,1.0,0.0352777777777777,2.8346456692913384,0.6059734276177657,50.088027170028106,2.433333333333333,4.36,312.24666666666667,321.83,50.0,1,INDUSTRIAL,,,,,,,,,unknown
2023,23.918360000000003,78.25079,3,2,2.0444444444444443,0.7211530914897566,0.9782608695652176,0.0681481481481481,1.4673913043478262,0.5810058413423542,46.34012487837688,1.16,1.58,303.6166666666667,307.71,50.0,1,INDUSTRIAL,,,,,,,,,unknown
2024,23.575635,78.2169625,4,1,1.0,0.2826206916685224,1.0,0.0333333333333333,4.0,0.7796537249832841,56.42640783299902,1.635,2.17,304.82,308.7,50.0,1,INDUSTRIAL,,,,,,,,,unknown
2025,24.015655,73.4018425,4,1,1.0,0.3056282602195966,1.0,0.0333333333333333,4.0,0.7659147940255274,56.15162921384387,2.535,3.1,313.8575,320.28,50.0,1,INDUSTRIAL,,,,,,,,,unknown
2026,23.196389999999997,77.16261333333333,6,1,1.0,0.4698383378582217,1.0,0.0333333333333333,6.0,0.6803469294841992,59.44027192301732,6.910000000000001,14.4,327.4766666666667,367.0,55.0,1,INDUSTRIAL,,,,,,,,,unknown
2027,24.487222000000003,73.27219,5,1,1.0,0.6405864618356834,1.0,0.0333333333333333,5.0,0.6095381275309812,55.52409588395296,3.854,5.46,311.938,320.17,50.0,1,INDUSTRIAL,,,,,,,,,unknown
2028,24.65838,72.99431333333334,3,1,1.0,0.5937812033073828,1.0,0.0333333333333333,3.0,0.6274386960549039,50.88210725443141,3.88,4.71,321.81666666666666,342.38,43.333333333333336,1,INDUSTRIAL,,,,,,,,,unknown
2029,23.66286,77.68477666666666,3,2,1.0583333333333331,0.7589458533612637,1.0,0.0352777777777777,2.8346456692913384,0.5685223329012923,49.33900527569863,4.326666666666666,7.38,317.06333333333333,335.07,50.0,1,INDUSTRIAL,,,,,0.0,0.0,0.0,0.0,unknown
2030,22.620704999999997,75.57195,4,1,1.0,0.365457221361934,1.0,0.0333333333333333,4.0,0.732355422312374,55.480441779580815,14.78,14.78,341.525,367.0,65.0,1,INDUSTRIAL,,,,,,,,,unknown
2031,22.9779,72.56490599999998,5,1,1.0,0.4376457315215371,1.0,0.0333333333333333,5.0,0.6955816569229798,57.244966471792935,2.5799999999999996,4.24,311.142,323.41,50.0,1,INDUSTRIAL,,,,,,,,,unknown
2032,21.649153333333334,77.69572333333333,3,1,1.0,0.3815923472390612,1.0,0.0333333333333333,3.0,0.7238025036823448,52.809383406980224,2.7833333333333337,3.55,315.9733333333333,325.27,50.0,1,INDUSTRIAL,,,,,,,,,unknown
2033,22.6045,72.26159666666666,3,1,1.0,0.3232802898079859,1.0,0.0333333333333333,3.0,0.7556977971349551,53.44728927603243,1.7233333333333334,3.26,314.76,325.37,50.0,1,INDUSTRIAL,,,,,,,,,unknown
2034,22.851829999999996,75.20804333333335,3,1,1.0,0.220938045324074,1.0,0.0333333333333333,3.0,0.8190423779730523,54.71418089279438,0.98,1.48,307.1766666666667,311.88,50.0,1,INDUSTRIAL,,,,,,,,,unknown
2035,23.40212,75.73134,3,1,1.0,0.2142710364319981,1.0,0.0333333333333333,3.0,0.8235393664155821,54.80412066164497,1.0266666666666666,1.17,306.96000000000004,314.75,50.0,1,INDUSTRIAL,,,,,,,,,unknown
