cluster_id,centroid_lat,centroid_lon,detection_count,unique_detection_days,observation_window_days,spatial_spread_km,temporal_recurrence,duration_score,detection_frequency,spatial_consistency,persistence_score,mean_frp,max_frp,mean_brightness,max_brightness,mean_confidence,satellite_count,fire_class,industrial_distance_km,forest_distance_km,farmland_distance_km,population_distance_km,industrial_feature_count,forest_feature_count,farmland_feature_count,population_feature_count,land_cover_type
0,30.396316666666667,76.91065,3,2,25.939583333333335,0.4068566090187386,0.0771022407838727,0.8646527777777778,0.1156533611758091,0.7108044939259908,38.434609949419965,4.383333333333334,6.92,341.1933333333333,347.69,50.0,1,AGRICULTURAL,,,,,0.0,0.0,0.0,0.0,unknown
1,31.032815,74.24405166666668,6,4,17.97361111111111,0.752351571035022,0.2225484892975813,0.5991203703703704,0.3338227339463719,0.5706617419296475,33.90225561164558,4.173333333333335,5.58,333.55,339.8,46.666666666666664,1,AGRICULTURAL,,,,,0.0,0.0,0.0,0.0,unknown
2,31.0630225,74.2827275,4,2,37.989583333333336,0.4612431208462595,0.0526460104195228,1.0,0.1052920208390457,0.6843488162468565,40.52958668962043,4.592499999999999,7.15,335.47249999999997,342.1,45.0,1,AGRICULTURAL,,,,,0.0,0.0,0.0,0.0,unknown
3,31.108804000000003,74.63516200000001,5,4,11.981944444444444,1.0643820325423956,0.3338356323171438,0.3993981481481481,0.4172945403964298,0.4844064636468702,30.731388297146506,6.8199999999999985,11.28,333.40999999999997,336.95,46.0,1,AGRICULTURAL,,,,,0.0,0.0,0.0,0.0,unknown
4,31.331453999999997,74.46294800000001,5,4,34.959722222222226,0.5579919428774375,0.1144173850860116,1.0,0.1430217313575146,0.6418518430545357,41.62711274206485,4.9159999999999995,6.99,335.324,338.95,50.0,1,AGRICULTURAL,8.83,9.136,12.696,4.075,4.0,12.0,3.0,39.0,population
5,31.81408,74.31572200000001,5,3,10.009027777777778,0.8682828818546904,0.2997294109484493,0.3336342592592592,0.4995490182474155,0.5352508497039139,29.286628349631783,3.9620000000000006,5.04,333.36199999999997,336.45,38.0,1,AGRICULTURAL,,,,,0.0,0.0,0.0,0.0,unknown
6,31.92058,74.31495424242424,33,19,39.96597222222222,3.1941050935943034,0.475404423902278,1.0,0.8257024204618513,0.2384298861579099,46.09498649138117,6.328484848484848,18.7,336.24818181818176,353.25,48.78787878787879,1,AGRICULTURAL,,,,,0.0,0.0,0.0,0.0,unknown
7,31.412575000000004,76.835429,10,9,53.989583333333336,0.2031266780699708,0.1666988230754389,1.0,0.1852209145282654,0.8311676718898611,47.087370416381056,0.736,1.22,299.937,306.7,50.0,1,AGRICULTURAL,,,,,0.0,0.0,0.0,0.0,unknown
8,31.32725333333333,76.89493166666666,6,6,47.011805555555554,0.2092139729080812,0.127627516728954,1.0,0.127627516728954,0.826983497052275,45.68756423473651,0.745,0.99,300.8666666666667,303.79,50.0,1,AGRICULTURAL,,,,,0.0,0.0,0.0,0.0,unknown
9,31.622766666666667,74.42656333333333,12,12,58.00763888888889,0.8046980092183023,0.2068693060061534,1.0,0.2068693060061534,0.5541093273733626,42.80543899266724,0.5216666666666666,1.16,300.9466666666667,306.01,50.0,1,AGRICULTURAL,4.787,7.289,1.577,1.102,22.0,23.0,24.0,146.0,population
10,29.123815238095236,75.77841857142857,21,21,58.99583333333333,0.2503204752177768,0.3559573416201709,1.0,0.3559573416201709,0.7997949484317797,52.56451257129115,1.1538095238095238,1.96,306.09476190476187,318.34,50.0,1,AGRICULTURAL,,,,,0.0,0.0,0.0,0.0,unknown
11,27.66738043478261,76.13150804347825,46,29,58.99583333333333,0.5254265305993173,0.4915601384278551,1.0,0.7797160816441839,0.6555543514816902,54.80718138657992,1.4217391304347824,2.81,303.8236956521739,317.57,50.0,1,AGRICULTURAL,,,,,0.0,0.0,0.0,0.0,unknown
12,30.899203333333332,74.39023666666667,3,3,37.00277777777778,0.6156610919358083,0.081074994369792,1.0,0.081074994369792,0.6189416858469047,40.01377103395634,5.763333333333333,8.28,342.3866666666666,346.37,50.0,1,AGRICULTURAL,,,,,0.0,0.0,0.0,0.0,unknown
13,30.940896666666664,74.34438666666667,3,1,1.0,0.288560790346866,1.0,0.0333333333333333,3.0,0.7760596220926537,53.85452577518641,6.289999999999999,9.17,333.56333333333333,337.51,50.0,1,AGRICULTURAL,,,,,0.0,0.0,0.0,0.0,unknown
14,31.03621,74.32521799999999,5,4,14.025,0.8636007085696318,0.285204991087344,0.4675,0.35650623885918,0.5365956319943285,31.86682796965484,9.16,16.39,339.338,348.78,50.0,1,AGRICULTURAL,,,,,0.0,0.0,0.0,0.0,unknown
15,31.056009999999997,74.36591,6,5,14.025,0.7033527359888228,0.35650623885918,0.4675,0.427807486631016,0.5870774613336236,35.19375510902541,7.421666666666667,19.07,336.9066666666667,342.65,43.333333333333336,1,AGRICULTURAL,,,,,0.0,0.0,0.0,0.0,unknown
16,31.09045,74.30618333333332,3,2,10.995138888888889,0.4138449113879232,0.181898566285606,0.3665046296296296,0.272847849428409,0.7072911547408225,29.447515447696393,18.016666666666666,25.95,339.0833333333333,344.2,50.0,1,AGRICULTURAL,,,,,0.0,0.0,0.0,0.0,unknown
17,31.478786000000003,74.59179,5,2,7.964583333333334,1.038728824306076,0.2511116923881768,0.2654861111111111,0.6277792309704421,0.490501722484044,25.549986076530068,12.044,15.9,341.74,367.0,52.0,1,AGRICULTURAL,6.543,2.964,6.133,0.528,14.0,31.0,36.0,116.0,population
18,31.877976,74.736028,5,3,25.022222222222226,0.8773325895444727,0.1198934280639431,0.8340740740740741,0.1998223801065719,0.5326706655865628,35.601623955767835,4.418,5.62,335.83000000000004,340.15,50.0,1,AGRICULTURAL,,,,,0.0,0.0,0.0,0.0,unknown
19,31.9490475,74.888275,4,3,29.038194444444443,0.4517272245618278,0.1033122085376061,0.9679398148148148,0.1377496113834748,0.6888346399247477,41.41892845345219,5.234999999999999,7.29,331.46750000000003,333.47,50.0,1,AGRICULTURAL,,,,,0.0,0.0,0.0,0.0,unknown
20,31.253607083333332,76.92718500000001,24,20,52.019444444444446,0.8668946052754652,0.3844716185187163,1.0,0.4613659422224595,0.5356488776464419,48.40054096404647,0.6875,1.28,298.37333333333333,305.13,50.0,1,AGRICULTURAL,,,,,0.0,0.0,0.0,0.0,unknown
21,28.83625,77.13907499999999,4,3,10.995833333333334,0.2669347310581457,0.2728306176582039,0.3665277777777778,0.3637741568776051,0.7893066434170596,34.04368123472577,0.9875,1.25,307.28999999999996,316.18,50.0,1,AGRICULTURAL,,,,,0.0,0.0,0.0,0.0,unknown
22,30.1895475,76.89299749999999,4,3,8.035416666666666,0.5959015852241083,0.3733471610059632,0.2678472222222222,0.4977962146746176,0.6266050546341005,31.67318701510301,6.405000000000001,8.92,334.83500000000004,337.75,50.0,1,AGRICULTURAL,,,,,0.0,0.0,0.0,0.0,unknown
23,31.00596,74.32247249999999,4,3,18.042361111111113,0.6680884829308458,0.1662753550671644,0.601412037037037,0.2217004734228859,0.5994885824299868,32.56758441009781,4.4275,7.07,338.5625,345.43,45.0,1,AGRICULTURAL,,,,,0.0,0.0,0.0,0.0,unknown
24,31.8269204,74.35292199999999,25,12,40.03472222222222,3.107202062877734,0.2997398091934085,1.0,0.6244579358196011,0.2434747511057063,40.42283413746539,7.994,19.37,340.09399999999994,367.0,51.2,1,AGRICULTURAL,,,,,0.0,0.0,0.0,0.0,unknown
25,28.773756875,76.69981375,16,15,53.00416666666667,1.092206641483255,0.2829966197625972,1.0,0.3018630610801037,0.4779642603997553,43.80384145357328,1.005625,2.21,306.25625,331.73,50.0,1,AGRICULTURAL,,,,,0.0,0.0,0.0,0.0,unknown
26,31.992886666666664,74.43144333333332,6,4,25.020833333333332,0.7677541538800083,0.1598667776852622,0.8340277777777777,0.2398001665278934,0.5656895206865276,37.55998860505259,3.401666666666667,4.62,330.87833333333333,334.46,46.666666666666664,1,AGRICULTURAL,,,,,0.0,0.0,0.0,0.0,unknown
27,31.641287142857145,74.43294714285715,7,5,37.00277777777778,0.3963834468173877,0.13512499061632,1.0,0.1891749868628481,0.7161356733919915,43.84940065348655,0.4985714285714285,0.81,300.0128571428572,306.27,50.0,1,AGRICULTURAL,6.723,8.714,3.704,2.265,19.0,8.0,24.0,72.0,population
28,31.612745714285712,74.40572785714286,14,12,51.02777777777778,0.9447936775299624,0.2351660315732172,1.0,0.2743603701687534,0.514193362285133,43.02474911832106,0.5614285714285715,0.96,300.36857142857144,304.1,50.0,1,AGRICULTURAL,2.638,7.952,0.575,1.874,20.0,9.0,21.0,156.0,farmland
29,29.45606384615385,76.86788153846153,13,6,52.015972222222224,0.5431603111104808,0.1153491849458633,1.0,0.2499232340493705,0.6480208133919575,42.04569990133847,2.1669230769230765,3.32,310.2976923076923,329.94,50.0,1,AGRICULTURAL,,,,,0.0,0.0,0.0,0.0,unknown
30,30.453196,76.56094599999999,5,2,1.5048611111111112,0.1381319649537537,1.0,0.050162037037037,3.3225657591139823,0.8786327339823317,57.13312000335752,1.618,2.39,317.13599999999997,331.29,50.0,1,AGRICULTURAL,0.283,1.843,,0.431,43.0,13.0,0.0,231.0,industrial
31,29.544055,75.168185,4,2,40.03472222222222,0.3212929867748179,0.049956634865568,1.0,0.0999132697311361,0.7568344114509596,41.88517044931408,1.5175,2.53,301.41749999999996,307.25,50.0,1,AGRICULTURAL,,,,,0.0,0.0,0.0,0.0,unknown
32,28.859323333333332,77.15749666666666,3,3,32.986111111111114,0.1406207725000861,0.0909473684210526,1.0,0.0909473684210526,0.8767155781392053,45.49010103646832,0.7800000000000001,1.34,304.2,313.93,50.0,1,AGRICULTURAL,,,,,0.0,0.0,0.0,0.0,unknown
33,28.728296666666665,77.157195,6,6,52.015972222222224,0.177982418191235,0.1153491849458633,1.0,0.1153491849458633,0.8489091047177741,45.72703060509604,0.4933333333333333,0.58,299.5466666666667,304.34,50.0,1,AGRICULTURAL,,,,,0.0,0.0,0.0,0.0,unknown
34,28.74340571428571,76.93023357142859,14,11,32.986111111111114,0.6556816902432335,0.3334736842105263,1.0,0.4244210526315789,0.6039808291007263,48.14487973990926,1.4049999999999998,2.93,307.4507142857143,314.02,50.0,1,AGRICULTURAL,,,,,0.0,0.0,0.0,0.0,unknown
35,28.714829166666664,76.836685,12,8,48.986111111111114,0.9196194392666918,0.1633115962574425,1.0,0.2449673943861638,0.5209365875050771,40.93049812379023,1.1866666666666663,3.01,306.1608333333333,328.24,50.0,1,AGRICULTURAL,,,,,0.0,0.0,0.0,0.0,unknown
36,28.295353333333335,77.19579666666667,3,2,5.004166666666666,0.2043408457148791,0.3996669442131557,0.1668055555555555,0.5995004163197336,0.8303297223191118,34.26549270246513,1.153333333333333,1.45,313.0733333333333,317.3,50.0,1,AGRICULTURAL,,,,,0.0,0.0,0.0,0.0,unknown
37,31.478005,75.23638166666666,6,5,15.011805555555556,1.2323978747665598,0.3330711939677105,0.5003935185185185,0.3996854327612527,0.4479488227897409,32.460163819692234,6.485,11.17,344.8883333333333,367.0,48.333333333333336,1,AGRICULTURAL,,,11.32,10.95,0.0,0.0,1.0,12.0,population
38,31.61541500000001,74.37516000000002,14,14,48.0,0.2809124610592908,0.2916666666666667,1.0,0.2916666666666667,0.7806934746914856,50.09303616049638,0.8571428571428571,1.48,302.15214285714285,316.48,50.0,1,AGRICULTURAL,2.803,10.578,3.104,4.358,12.0,9.0,20.0,129.0,industrial
39,31.796106666666663,74.21882666666667,3,2,3.03125,0.3274416718463503,0.6597938144329897,0.1010416666666666,0.9896907216494846,0.7533287685696134,39.860658275172334,4.45,8.34,331.89000000000004,332.95,50.0,1,AGRICULTURAL,,,,,0.0,0.0,0.0,0.0,unknown
40,28.826971428571422,77.15757857142857,7,7,51.03125,0.8480862273978057,0.1371708511941212,1.0,0.1371708511941212,0.5411002934684752,40.28005853317845,0.8157142857142858,1.26,305.51571428571424,322.51,50.0,1,AGRICULTURAL,,,,,0.0,0.0,0.0,0.0,unknown
41,28.68285,76.98678333333334,3,1,1.0,0.2241293501523404,1.0,0.0333333333333333,3.0,0.8169071347529997,54.67147602839333,1.9333333333333331,2.86,314.38,321.06,50.0,1,AGRICULTURAL,,,,,0.0,0.0,0.0,0.0,unknown
42,28.34710571428571,77.25683285714285,7,6,48.0,0.2919455437699877,0.125,1.0,0.1458333333333333,0.7740264323230914,44.59511197979516,0.5185714285714286,0.94,299.34142857142854,303.58,50.0,1,AGRICULTURAL,,,,,0.0,0.0,0.0,0.0,unknown
43,28.276882500000003,77.2739125,4,4,48.0,0.1598715227807958,0.0833333333333333,1.0,0.0833333333333333,0.8621644555963377,44.951622445260085,0.7775000000000001,0.96,300.565,306.4,50.0,1,AGRICULTURAL,,,,,0.0,0.0,0.0,0.0,unknown
44,31.649594,74.54101399999999,5,2,19.030555555555555,0.6188837042378669,0.1050941468398773,0.6343518518518518,0.2627353670996935,0.6177095966697478,32.02265105263681,3.622,4.04,333.658,334.93,50.0,1,AGRICULTURAL,7.641,10.783,6.058,2.447,16.0,28.0,44.0,78.0,population
45,29.585344585987265,74.41846095541402,157,34,42.99513888888889,9.01949644237631,0.7907870721819327,1.0,3.651575598016571,0.0998054149478625,59.84865945945666,16.29133757961783,264.1,342.96197452229296,367.0,51.847133757961785,1,AGRICULTURAL,,12.979,6.118,1.34,0.0,1.0,1.0,34.0,population
46,31.43944166666667,74.88360333333333,6,5,17.972916666666666,1.4148609259502491,0.2781963602642865,0.5990972222222222,0.3338356323171438,0.4141025221179143,32.4399608866353,8.835,23.98,340.24666666666667,351.55,50.0,1,AGRICULTURAL,,,,,0.0,0.0,0.0,0.0,unknown
47,32.05790437499999,74.266595,16,14,48.98680555555555,1.1328253661819956,0.2857912419727534,1.0,0.3266185622545753,0.4688616404586916,43.76751647399287,1.558125,8.87,305.64,349.23,50.0,1,AGRICULTURAL,,,,,0.0,0.0,0.0,0.0,unknown
48,29.581678,74.52214799999999,5,4,32.984722222222224,0.6173415973627044,0.1212682639269021,1.0,0.1515853299086277,0.6182985719470989,41.382982681520616,5.1240000000000006,9.14,338.72200000000004,346.78,50.0,1,AGRICULTURAL,,,10.945,2.693,0.0,0.0,1.0,33.0,population
49,29.60258333333333,74.4861311111111,9,7,38.97708333333333,1.3021127323304982,0.1795927093912021,1.0,0.2309049120744027,0.4343835929301645,39.65271542052536,7.206666666666668,12.96,343.58111111111106,367.0,53.333333333333336,1,AGRICULTURAL,,,9.924,1.712,0.0,0.0,1.0,32.0,population
50,31.080585,74.28384249999999,4,4,12.96875,1.3497791872280445,0.308433734939759,0.4322916666666667,0.308433734939759,0.4255719028559728,29.342826109328296,4.9275,7.96,338.34,343.18,50.0,1,AGRICULTURAL,,,,,0.0,0.0,0.0,0.0,unknown
51,31.267647777777785,74.91787555555555,9,7,32.984722222222224,1.3393907039455168,0.2122194618720788,1.0,0.2728535938355299,0.4274617310881173,40.59795246251354,5.510000000000001,10.87,338.3644444444445,345.0,43.333333333333336,1,AGRICULTURAL,,,,,0.0,0.0,0.0,0.0,unknown
52,31.324036363636363,74.82406363636363,11,7,32.984722222222224,1.8566731238456673,0.2122194618720788,1.0,0.333487725798981,0.3500575517908031,39.20145420647588,6.36,13.84,338.4945454545454,356.27,48.18181818181818,1,AGRICULTURAL,,,,,0.0,0.0,0.0,0.0,unknown
53,31.523455,75.06982333333333,6,4,16.98472222222222,0.7916283700606543,0.235505764984872,0.5661574074074074,0.353258647477308,0.5581514652874947,33.26528405917451,4.985,7.79,338.02333333333337,344.34,50.0,1,AGRICULTURAL,,,,,0.0,0.0,0.0,0.0,unknown
54,31.935266,74.897168,5,5,23.96388888888889,0.9372265353746642,0.2086472701982149,0.7987962962962963,0.2086472701982149,0.5162018905582447,37.07498150001429,5.444,7.02,333.654,340.34,46.0,1,AGRICULTURAL,,,,,0.0,0.0,0.0,0.0,unknown
55,30.79390666666667,74.36117,3,2,15.997916666666669,0.55835625399908,0.1250162781612189,0.5332638888888889,0.1875244172418283,0.6417017915087024,30.38493244033741,3.7533333333333334,5.94,333.6533333333333,334.66,43.333333333333336,1,AGRICULTURAL,,,,,0.0,0.0,0.0,0.0,unknown
56,31.01012,74.25896999999999,4,4,14.026388888888889,0.9733599322555248,0.2851767501732845,0.4675462962962963,0.2851767501732845,0.5067499261814914,31.091900311668983,4.785,7.52,336.8125,340.91,50.0,1,AGRICULTURAL,,,,,0.0,0.0,0.0,0.0,unknown
57,31.003378,74.20564,5,3,8.035416666666666,0.7096458014682411,0.3733471610059632,0.2678472222222222,0.622245268343272,0.5849164775190285,31.1505381069732,4.7700000000000005,8.31,337.736,347.4,42.0,1,AGRICULTURAL,,,,,0.0,0.0,0.0,0.0,unknown
58,31.0252775,74.22979,4,3,10.008333333333333,1.018029715074542,0.2997502081598668,0.3336111111111111,0.3996669442131557,0.4955328420241136,28.242608223588945,4.154999999999999,9.77,335.5925,346.12,45.0,1,AGRICULTURAL,,,,,0.0,0.0,0.0,0.0,unknown
59,31.051534000000004,74.33287,5,2,2.959722222222222,0.2772248561994059,0.6757390896292821,0.0986574074074074,1.689347724073205,0.7829474936587639,42.620927057421945,15.368,30.37,344.048,350.59,46.0,1,AGRICULTURAL,,,,,0.0,0.0,0.0,0.0,unknown
60,31.06911,74.33053166666666,6,5,10.995138888888889,1.3709566384231435,0.454746415714015,0.3665046296296296,0.545695698856818,0.4217706826832025,32.604661112967285,6.346666666666667,13.5,335.345,341.94,46.666666666666664,1,AGRICULTURAL,,,,,0.0,0.0,0.0,0.0,unknown
61,31.223467142857142,74.35929142857142,7,6,26.008333333333333,1.5313781786231735,0.2306952899711631,0.8669444444444444,0.2691445049663569,0.3950417240871943,37.16816555440578,9.834285714285716,47.34,334.5457142857143,343.37,47.142857142857146,1,AGRICULTURAL,,,,,0.0,0.0,0.0,0.0,unknown
62,31.41237428571429,75.09884,7,5,16.98472222222222,1.5619082901757737,0.29438220623109,0.5661574074074074,0.412135088723526,0.3903340349202702,31.822419792332106,3.798571428571429,4.95,334.64428571428573,345.11,44.285714285714285,1,AGRICULTURAL,,,,,0.0,0.0,0.0,0.0,unknown
63,31.433915,74.6515025,4,2,28.97013888888889,0.6550524526189888,0.0690366037826305,0.9656712962962964,0.1380732075652611,0.6042104577517042,38.642272694833565,3.115,3.61,332.775,333.55,50.0,1,AGRICULTURAL,13.713,10.429,1.099,2.669,2.0,14.0,3.0,52.0,farmland
64,31.522499999999997,74.57221333333334,3,2,28.97013888888889,0.2512830966323088,0.0690366037826305,0.9656712962962964,0.1035549056739458,0.7991796602154942,42.45536098938108,5.266666666666667,8.19,336.85,339.73,50.0,1,AGRICULTURAL,1.344,2.142,5.437,1.08,18.0,34.0,37.0,196.0,population
65,32.0814225,74.39251,4,4,21.990277777777777,0.7058491014331155,0.181898566285606,0.7330092592592592,0.181898566285606,0.5862183232736597,35.96130135123688,2.915,4.27,333.26750000000004,337.5,50.0,1,AGRICULTURAL,,,,,0.0,0.0,0.0,0.0,unknown
66,29.42397,77.72094,3,3,43.46527777777778,0.3138831420371409,0.0690206103211375,1.0,0.0690206103211375,0.7611026947568005,42.46522373057298,1.1966666666666668,2.2,312.00666666666666,330.92,50.0,1,AGRICULTURAL,,,,,0.0,0.0,0.0,0.0,unknown
67,29.560321999999996,76.090136,5,1,1.0,0.9308085100169772,1.0,0.0333333333333333,5.0,0.5179177504201115,53.69168834173556,4.5920000000000005,7.24,326.724,338.79,50.0,1,AGRICULTURAL,,,,,0.0,0.0,0.0,0.0,unknown
68,29.397206666666666,74.75080333333334,6,1,1.0,0.7224318798848437,1.0,0.0333333333333333,6.0,0.5805744840642736,57.444823014618805,5.670000000000001,6.66,350.6583333333333,355.59,50.0,1,AGRICULTURAL,,,,,0.0,0.0,0.0,0.0,unknown
69,29.84584,76.12852000000001,5,3,5.004861111111111,0.389022108023782,0.5994172332454558,0.1668287037037037,0.9990287220757595,0.7199309458239944,39.049425311625555,4.696,8.61,339.282,351.29,46.0,1,AGRICULTURAL,,,,,0.0,0.0,0.0,0.0,unknown
70,29.560015,74.413495,4,2,20.016666666666666,0.7796261205122339,0.0999167360532889,0.6672222222222222,0.1998334721065778,0.5619157802157724,31.415956921736115,8.065,12.31,338.1825,345.46,50.0,1,AGRICULTURAL,,10.27,3.461,0.792,0.0,1.0,1.0,36.0,population
71,30.181875,74.42635666666666,6,1,1.0,0.5641875551041307,1.0,0.0333333333333333,6.0,0.6393095231686767,58.61952379670687,7.204999999999999,13.32,347.99333333333334,355.58,46.666666666666664,1,AGRICULTURAL,,,,,0.0,0.0,0.0,0.0,unknown
72,30.497743333333336,74.41426666666668,3,1,1.0,0.3139432706488134,1.0,0.0333333333333333,3.0,0.7610678652101996,53.55469063753733,12.660000000000002,12.66,355.78999999999996,355.85,36.666666666666664,1,AGRICULTURAL,6.576,11.93,,0.987,9.0,1.0,0.0,46.0,population
73,30.9300225,74.28384249999999,4,2,8.034027777777778,0.6283219533125215,0.248941135793932,0.2678009259259259,0.4978822715878641,0.6141291640548627,27.69054618203302,7.645,9.68,348.6925,354.42,50.0,1,AGRICULTURAL,,,,,0.0,0.0,0.0,0.0,unknown
74,31.38862,74.58490666666667,3,2,20.016666666666666,0.2749872730925223,0.0999167360532889,0.6672222222222222,0.1498751040799334,0.78432155450028,35.73917648735966,6.626666666666666,13.36,336.26666666666665,341.03,50.0,1,AGRICULTURAL,9.868,12.413,0.714,1.177,1.0,4.0,3.0,62.0,farmland
75,31.4425025,74.68006249999999,4,4,25.022222222222226,0.692677043429473,0.1598579040852575,0.8340740740740741,0.1598579040852575,0.5907801514067536,37.86283676275779,3.1225,3.93,335.22749999999996,339.78,45.0,1,AGRICULTURAL,14.803,11.919,2.925,5.427,1.0,2.0,3.0,38.0,farmland
76,31.504520000000003,74.82251142857145,7,7,27.98402777777778,1.3231653549892624,0.2501426905228677,0.932800925925926,0.2501426905228677,0.4304471904474582,40.05860439909051,8.092857142857143,23.53,335.7771428571429,345.3,50.0,1,AGRICULTURAL,,,,,0.0,0.0,0.0,0.0,unknown
77,31.97864444444444,74.3913511111111,9,5,20.018055555555556,1.5782493782976124,0.2497745091237077,0.6672685185185185,0.449594116422674,0.3878600760723496,33.056135049177875,6.77888888888889,21.44,336.74888888888887,346.16,50.0,1,AGRICULTURAL,,,,,0.0,0.0,0.0,0.0,unknown
78,32.12675666666667,74.92192333333334,3,2,5.004861111111111,0.3971393714605868,0.3996114888303038,0.1668287037037037,0.5994172332454558,0.7157482069627653,31.972569479870653,3.8166666666666664,3.95,335.52,340.74,50.0,1,AGRICULTURAL,,,,,0.0,0.0,0.0,0.0,unknown
79,32.19137,74.45066666666666,3,3,16.0,0.493634454377599,0.1875,0.5333333333333333,0.1875,0.6695078551978786,32.817240437290906,4.923333333333333,9.5,338.07,347.82,50.0,1,AGRICULTURAL,,,,,0.0,0.0,0.0,0.0,unknown
80,28.05935333333333,77.70318666666667,3,2,10.009027777777778,0.5383539106834033,0.1998196072989662,0.3336342592592592,0.2997294109484493,0.6500454759176689,28.08567774617497,3.6833333333333336,4.16,332.28666666666663,333.53,50.0,1,AGRICULTURAL,,,,,0.0,0.0,0.0,0.0,unknown
81,29.531466666666663,74.43531333333333,6,5,24.034027777777776,1.5979039447744217,0.2080383715218585,0.8011342592592592,0.2496460458262301,0.3849257021266931,34.59213678423667,4.605,15.44,333.92833333333334,335.78,46.666666666666664,1,AGRICULTURAL,,9.272,0.965,2.726,0.0,2.0,1.0,46.0,farmland
82,29.90899260869565,74.94894434782609,23,12,37.59097222222222,0.8295628207480626,0.3192255823834771,1.0,0.6118490329016645,0.5465786627600603,47.03796330895968,6.318695652173912,26.96,319.9878260869565,367.0,53.91304347826087,1,AGRICULTURAL,,,,,0.0,0.0,0.0,0.0,unknown
83,31.319806666666665,74.42767333333335,3,3,25.020833333333332,0.3066921392274021,0.1199000832639467,0.8340277777777777,0.1199000832639467,0.7652912036275525,40.05327122307376,2.52,3.11,331.46666666666664,332.29,50.0,1,AGRICULTURAL,8.894,10.791,14.788,6.708,4.0,12.0,2.0,30.0,population
84,31.760133333333332,75.33041,3,3,16.0,0.5263760821650534,0.1875,0.5333333333333333,0.1875,0.6551465341238659,32.53001401581065,4.9,5.67,335.29333333333335,337.38,50.0,1,AGRICULTURAL,,,,,0.0,0.0,0.0,0.0,unknown
85,32.124316666666665,74.76767333333332,3,3,26.997222222222224,0.932330128595186,0.1111225434715505,0.8999074074074075,0.1111225434715505,0.5175099146888555,36.4593661417877,7.923333333333333,13.95,336.7066666666667,339.88,50.0,1,AGRICULTURAL,,,,,0.0,0.0,0.0,0.0,unknown
86,29.51880351351351,74.53186405405407,37,16,35.03055555555556,3.790635237009071,0.4567441122829275,1.0,1.05622075965427,0.2087405846044601,45.5176869597127,7.448108108108109,24.06,340.034054054054,367.0,48.108108108108105,1,AGRICULTURAL,,9.388,10.387,0.581,0.0,1.0,1.0,46.0,population
87,29.61527166666666,74.31907166666667,6,3,11.065277777777778,0.7035464754405285,0.2711183632483996,0.3688425925925926,0.5422367264967993,0.5870106946987783,30.450421422484368,4.821666666666666,7.22,336.6166666666667,344.33,50.0,1,AGRICULTURAL,,,13.936,7.83,0.0,0.0,1.0,10.0,population
88,31.4933275,74.8656775,4,3,13.038194444444445,0.6993919664028866,0.2300932090545938,0.4346064814814815,0.3067909454061251,0.5884457616430341,30.30385090505085,3.3950000000000005,4.87,333.59749999999997,336.8,50.0,1,AGRICULTURAL,,,,,0.0,0.0,0.0,0.0,unknown
89,27.9540875,77.76565,4,3,10.00763888888889,0.7032729015888793,0.299771008257581,0.333587962962963,0.3996946776767746,0.5871049783432597,30.074165582858637,2.5974999999999997,3.48,333.09,336.45,50.0,1,AGRICULTURAL,,,,,0.0,0.0,0.0,0.0,unknown
90,29.510930000000005,74.55870166666666,12,7,21.004166666666663,1.4415292665854569,0.3332672088871256,0.7001388888888889,0.5713152152350724,0.409579362281627,37.121363772556215,6.780833333333334,12.54,338.49083333333334,355.21,48.333333333333336,1,AGRICULTURAL,,9.752,13.085,0.864,0.0,1.0,1.0,39.0,population
91,30.758922777777773,74.29309722222222,18,9,26.995833333333337,2.194940007748702,0.3333847816020991,0.8998611111111111,0.6667695632041982,0.3129949224632373,40.424893583115995,6.86388888888889,25.16,339.15944444444443,367.0,52.22222222222222,1,AGRICULTURAL,,,,,0.0,0.0,0.0,0.0,unknown
92,32.11501333333333,74.28870333333334,6,5,19.946527777777774,0.99660545179164,0.2506701946175538,0.6648842592592593,0.3008042335410646,0.5008500798706409,34.91122450127358,5.3933333333333335,8.42,335.34499999999997,343.93,50.0,1,AGRICULTURAL,,,,,0.0,0.0,0.0,0.0,unknown
93,28.0697125,77.85796125,8,7,37.990972222222226,0.268640962169465,0.184254300180964,1.0,0.2105763430639589,0.7882450825881657,46.81897151485214,0.63125,0.95,299.3675,300.98,50.0,1,AGRICULTURAL,,,,,0.0,0.0,0.0,0.0,unknown
94,31.508923333333332,74.65776333333334,3,2,18.04375,0.5178704478898571,0.1108417041912019,0.6014583333333333,0.1662625562868029,0.6588177544336539,31.953720938459472,9.063333333333333,10.42,338.49666666666667,344.03,50.0,1,AGRICULTURAL,9.117,7.879,5.334,1.295,13.0,28.0,33.0,65.0,population
95,29.72468333333333,75.94145,3,2,4.018055555555556,0.6291837970230809,0.4977531973729692,0.1339351851851851,0.7466297960594538,0.6138042876606346,32.423635794180036,6.82,7.74,347.6566666666667,367.0,60.0,1,AGRICULTURAL,,,,,0.0,0.0,0.0,0.0,unknown
96,29.62530166666667,74.44917166666666,6,5,27.981944444444444,1.4440262483855266,0.178686653099717,0.9327314814814814,0.2144239837196605,0.409160908423377,37.39816475779523,5.69,7.62,336.3766666666667,345.45,43.333333333333336,1,AGRICULTURAL,,,10.772,2.735,0.0,0.0,1.0,26.0,population
97,31.214255,74.38585,4,4,21.992361111111112,0.4504972953413267,0.1818813350595219,0.7330787037037038,0.1818813350595219,0.689418727778243,38.02648553759192,6.7775,16.27,336.4625,343.83,50.0,1,AGRICULTURAL,,,,,0.0,0.0,0.0,0.0,unknown
98,31.548427500000003,74.709325,4,2,15.013194444444444,0.3562567695628216,0.1332161524584856,0.5004398148148148,0.2664323049169712,0.7373235086762677,31.92003087994272,11.775,17.36,350.5,367.0,65.0,1,AGRICULTURAL,13.691,13.721,8.846,6.452,1.0,2.0,31.0,32.0,population
99,31.62031,75.17965,3,3,20.016666666666666,0.8104769508849342,0.1498751040799334,0.6672222222222222,0.1498751040799334,0.5523406412388817,32.598309262931025,6.576666666666667,10.42,345.25666666666666,367.0,60.0,1,AGRICULTURAL,,,,,0.0,0.0,0.0,0.0,unknown
100,29.348503333333333,74.26043666666666,9,7,21.990972222222226,1.4423910768807824,0.3183124388164335,0.7330324074074074,0.4092588499068431,0.4094348400900303,37.087027276245905,9.713333333333331,24.74,340.34555555555556,367.0,53.333333333333336,1,AGRICULTURAL,,,,,0.0,0.0,0.0,0.0,unknown
101,29.41097666666667,74.47549,3,3,21.004166666666663,0.4972517393276287,0.1428288038087681,0.7001388888888889,0.1428288038087681,0.6678903578693255,35.50321550339369,4.793333333333333,5.27,336.29333333333335,337.47,50.0,1,AGRICULTURAL,,3.988,14.165,1.169,0.0,2.0,1.0,43.0,population
102,29.474143333333338,74.52904666666667,3,2,1.975,0.3459949689242277,1.0,0.0658333333333333,1.5189873417721518,0.7429448274975645,50.30219823771501,4.2,5.27,335.17,337.33,50.0,1,AGRICULTURAL,,4.756,11.838,0.98,0.0,1.0,1.0,50.0,population
103,29.504338571428573,74.48021857142858,7,5,17.972916666666666,1.5739350948599105,0.2781963602642865,0.5990972222222222,0.3894749043700011,0.3885101850458378,32.06721232532591,6.658571428571428,17.82,338.8085714285714,367.0,51.42857142857143,1,AGRICULTURAL,,7.614,6.06,0.934,0.0,2.0,1.0,61.0,population
104,29.55243666666667,74.54823499999999,6,5,31.013194444444444,0.9161960401157512,0.1612217022324727,1.0,0.1934660426789672,0.5218672719622118,40.75766161291584,21.271666666666665,94.2,342.18333333333334,367.0,51.666666666666664,1,AGRICULTURAL,,13.439,12.129,0.229,0.0,1.0,1.0,34.0,population
105,29.54033,74.40695500000001,4,4,10.995138888888889,0.8203869723675573,0.363797132571212,0.3665046296296296,0.363797132571212,0.5493337489113213,31.97269752753156,4.0275,7.21,335.0675,337.44,50.0,1,AGRICULTURAL,,8.084,2.082,1.541,0.0,2.0,1.0,39.0,population
106,29.546758260869566,74.2272395652174,69,26,38.979166666666664,4.64206056092023,0.6670229823623731,1.0,1.7701763762693747,0.1772402102392354,52.980934616329336,10.416666666666664,55.05,340.55478260869563,367.0,49.710144927536234,1,AGRICULTURAL,,14.766,,12.616,0.0,1.0,0.0,3.0,population
107,29.578643571428564,74.28211714285715,28,17,36.017361111111114,2.697855918033306,0.4719946013689385,1.0,0.7774028728429576,0.270426977731422,46.51188477780399,6.767857142857144,33.67,337.8775,353.26,47.142857142857146,1,AGRICULTURAL,,13.233,14.849,8.356,0.0,1.0,1.0,12.0,population
108,31.4284725,74.69391999999999,4,2,16.98611111111111,0.4955352757553679,0.1177432542927228,0.5662037037037037,0.2354865085854456,0.668656912485677,31.64924474255143,5.2575,6.72,336.39000000000004,345.92,50.0,1,AGRICULTURAL,,13.886,4.559,6.734,0.0,2.0,3.0,27.0,farmland
109,31.474896666666663,74.80766000000001,3,2,16.98611111111111,0.5145251187378864,0.1177432542927228,0.5662037037037037,0.1766148814390842,0.660272971129947,31.33438684757093,8.753333333333332,13.71,340.9266666666667,345.16,50.0,1,AGRICULTURAL,,,14.743,14.805,0.0,0.0,1.0,1.0,farmland
110,31.872128571428572,74.33831857142857,7,3,23.965972222222224,1.1553398577293326,0.1251774796441714,0.7988657407407408,0.2920807858363999,0.463963952790957,33.73644892825381,6.275714285714286,9.93,334.18142857142857,337.55,50.0,1,AGRICULTURAL,,,,,0.0,0.0,0.0,0.0,unknown
111,31.97910599999999,74.30986800000001,5,4,16.0,1.02182416192916,0.25,0.5333333333333333,0.3125,0.4946028536160294,31.50664040565392,5.494,8.29,336.952,340.95,50.0,1,AGRICULTURAL,,,,,0.0,0.0,0.0,0.0,unknown
112,31.8210425,74.76269500000001,4,3,16.0,0.3719449677945295,0.1875,0.5333333333333333,0.25,0.7288922103104108,34.161177539541555,1.82,3.53,311.345,330.38,50.0,1,AGRICULTURAL,,,,,0.0,0.0,0.0,0.0,unknown
113,28.32072,77.20015666666667,6,4,42.00763888888889,0.368450394688034,0.0952207766444595,1.0,0.1428311649666892,0.7307535617525766,42.82877244680204,0.9316666666666666,1.08,304.73833333333334,313.34,50.0,1,AGRICULTURAL,,,,,0.0,0.0,0.0,0.0,unknown
114,29.21025,76.02912,4,3,20.01597222222222,0.475994443118618,0.1498803039239496,0.667199074074074,0.1998404052319328,0.6775093257716521,35.22617349808321,2.9325,4.25,338.66999999999996,346.21,50.0,1,AGRICULTURAL,,,,,0.0,0.0,0.0,0.0,unknown
115,29.37306666666667,76.04021666666667,3,2,12.96875,0.5317992107302456,0.1542168674698795,0.4322916666666667,0.2313253012048192,0.652827076156591,29.06865246690692,5.326666666666667,12.1,331.90000000000003,332.19,43.333333333333336,1,AGRICULTURAL,,,,,0.0,0.0,0.0,0.0,unknown
116,29.524413137254896,74.58853333333333,51,19,32.0,3.948912325697215,0.59375,1.0,1.59375,0.2020646021162069,50.83816704232413,9.482549019607845,69.33,338.6609803921568,367.0,48.627450980392155,1,AGRICULTURAL,,12.712,,0.707,0.0,1.0,0.0,30.0,population
117,29.4846425,74.5647775,4,3,21.002777777777776,0.5538183573173867,0.1428382489088745,0.7000925925925926,0.190450998545166,0.6435758692711452,35.13510716386687,8.280000000000001,19.01,336.71000000000004,342.51,45.0,1,AGRICULTURAL,,7.962,14.427,1.525,0.0,1.0,1.0,38.0,population
118,30.531586666666666,76.83483333333334,3,2,4.017361111111111,0.2597154870350788,0.4978392394122731,0.133912037037037,0.7467588591184098,0.7938300436026579,36.0264761281433,4.116666666666666,5.9,332.16,334.31,43.333333333333336,1,AGRICULTURAL,,,,,0.0,0.0,0.0,0.0,unknown
119,30.978806666666667,74.56779999999999,3,3,15.011805555555556,0.6272945628944298,0.1998427163806263,0.5003935185185185,0.1998427163806263,0.6145168937462213,31.29506412025774,5.453333333333333,7.76,347.5466666666667,367.0,60.0,1,AGRICULTURAL,,,,,0.0,0.0,0.0,0.0,unknown
120,31.196487500000003,74.581605,4,3,15.999305555555557,0.6659621605883633,0.1875081383740613,0.5333101851851851,0.2500108511654151,0.600253729440549,31.588100497575983,5.7075000000000005,8.93,337.2525,343.67,45.0,1,AGRICULTURAL,,,,,0.0,0.0,0.0,0.0,unknown
121,31.2893725,74.9572975,4,4,21.002777777777776,0.8030214064062708,0.190450998545166,0.7000925925925926,0.190450998545166,0.5546245854025497,34.784463975583705,4.345000000000001,5.49,336.11249999999995,342.84,50.0,1,AGRICULTURAL,,,,,0.0,0.0,0.0,0.0,unknown
122,31.210619999999995,74.42550999999999,3,2,5.004861111111111,0.7562886262925116,0.3996114888303038,0.1668287037037037,0.5994172332454558,0.5693824950122116,29.04525524085958,3.3466666666666662,4.17,334.93666666666667,336.72,50.0,1,AGRICULTURAL,,,,,0.0,0.0,0.0,0.0,unknown
123,31.39275875,74.88420875,8,6,21.990972222222226,1.1311097326445705,0.2728392332712287,0.7330324074074074,0.3637856443616383,0.4692390939245837,36.80523317271781,3.81625,7.73,333.45625,341.39,50.0,1,AGRICULTURAL,,,,,0.0,0.0,0.0,0.0,unknown
124,31.394133333333333,74.80083166666667,6,4,18.959722222222226,1.6125268175802516,0.210973555050912,0.6319907407407407,0.316460332576368,0.3827711904317254,30.575549810121306,7.64,11.58,339.4566666666667,345.93,50.0,1,AGRICULTURAL,,,,,0.0,0.0,0.0,0.0,unknown
125,31.482946666666663,74.99826666666667,3,3,14.025,0.3779020535841528,0.213903743315508,0.4675,0.213903743315508,0.7257409896435189,33.15419145062439,3.27,4.48,334.53000000000003,338.12,43.333333333333336,1,AGRICULTURAL,,,,,0.0,0.0,0.0,0.0,unknown
126,31.649305,75.2362,4,2,20.01736111111111,1.0388555802636836,0.0999132697311361,0.6672453703703703,0.1998265394622723,0.4904712279182965,29.987523258214953,3.2575,3.7,333.9975,335.66,50.0,1,AGRICULTURAL,,,,,0.0,0.0,0.0,0.0,unknown
127,31.625874,75.055052,5,4,5.990972222222222,0.504946012649035,0.6676712646342877,0.199699074074074,0.8345890807928596,0.6644756633095301,40.39860075905324,7.108,9.88,339.878,351.85,50.0,1,AGRICULTURAL,,,,,0.0,0.0,0.0,0.0,unknown
128,31.694326666666665,74.21733333333333,3,3,5.990972222222222,0.3280063452177804,0.5007534484757158,0.199699074074074,0.5007534484757158,0.7530084502992412,36.32713293329744,2.536666666666666,2.63,331.4533333333334,331.73,50.0,1,AGRICULTURAL,,,,,0.0,0.0,0.0,0.0,unknown
129,31.760924,74.587334,5,3,15.999305555555557,1.1935993264653844,0.1875081383740613,0.5333101851851851,0.312513563956769,0.4558717665232563,28.85671802120852,3.1339999999999995,4.02,334.784,341.48,50.0,1,AGRICULTURAL,,,,,0.0,0.0,0.0,0.0,unknown
130,31.855100000000004,74.41287333333334,3,2,26.006944444444443,0.7375836366111812,0.0769025367156208,0.8668981481481481,0.1153538050734312,0.5755118654030982,35.77815162591787,5.0,9.03,336.9066666666667,343.17,50.0,1,AGRICULTURAL,,,,,0.0,0.0,0.0,0.0,unknown
131,31.967141,74.866717,10,8,18.959722222222226,1.484237693548922,0.421947110101824,0.6319907407407407,0.52743388762728,0.4025379707412072,37.82752595546558,4.88,9.5,334.126,342.57,48.0,1,AGRICULTURAL,,,,,0.0,0.0,0.0,0.0,unknown
132,31.86544,74.2646725,4,3,18.042361111111113,0.6494367293953015,0.1662753550671644,0.601412037037037,0.2217004734228859,0.6062675713342512,32.703164188183095,10.71,20.23,337.27,352.61,45.0,1,AGRICULTURAL,,,,,0.0,0.0,0.0,0.0,unknown
133,31.9115675,74.35708249999999,4,2,14.025,0.3721194500197261,0.142602495543672,0.4675,0.285204991087344,0.7287995225092274,31.254577794213063,8.8175,16.59,339.16,345.77,50.0,1,AGRICULTURAL,,,,,0.0,0.0,0.0,0.0,unknown
134,31.948543333333333,74.28973666666666,3,2,5.004861111111111,0.7195214016784665,0.3996114888303038,0.1668287037037037,0.5994172332454558,0.5815571699333756,29.28874873928286,5.533333333333334,9.21,334.7266666666667,335.89,50.0,1,AGRICULTURAL,,,,,0.0,0.0,0.0,0.0,unknown
135,27.749666666666663,77.80596666666668,3,2,14.027083333333334,0.3195224190740314,0.142581315906728,0.4675694444444444,0.213871973860092,0.7578499505159945,31.65835453328307,4.043333333333334,6.51,333.91,337.09,50.0,1,AGRICULTURAL,,,,,0.0,0.0,0.0,0.0,unknown
136,29.58122,75.82092500000002,4,1,1.0,0.5837182098398744,1.0,0.0333333333333333,4.0,0.6314254605313323,53.46184254395998,4.23,5.03,332.60249999999996,333.63,50.0,1,AGRICULTURAL,,,,,0.0,0.0,0.0,0.0,unknown
137,30.07652,77.72931666666666,3,1,1.0,0.3888374014581771,1.0,0.0333333333333333,3.0,0.7200266920735816,52.73386717480497,6.8500000000000005,7.64,345.08666666666664,351.27,50.0,1,AGRICULTURAL,,,,,0.0,0.0,0.0,0.0,unknown
138,29.3651775,76.25574,4,3,26.008333333333333,0.8282923636416079,0.1153476449855815,0.8669444444444444,0.1537968599807753,0.5469584733199847,36.45770207703019,6.455,10.7,340.925,353.64,50.0,1,AGRICULTURAL,,,,13.72,0.0,0.0,0.0,1.0,population
139,29.738726666666665,77.93109666666668,3,1,1.0,0.3121483526191865,1.0,0.0333333333333333,3.0,0.7621089475164105,53.57551228366155,8.87,8.87,347.3866666666667,347.73,50.0,1,AGRICULTURAL,,,,,0.0,0.0,0.0,0.0,unknown
140,30.070945,77.66692,4,1,1.0,0.4730493504259495,1.0,0.0333333333333333,4.0,0.6788638817232011,54.41061096779735,4.58,4.89,341.4425,345.82,50.0,1,AGRICULTURAL,,,,,0.0,0.0,0.0,0.0,unknown
141,29.685136666666665,74.36416000000001,3,3,9.020138888888887,0.5108845092268741,0.3325891138655785,0.3006712962962963,0.3325891138655785,0.6618639571013301,31.563207750065313,3.723333333333333,5.15,333.36,334.94,43.333333333333336,1,AGRICULTURAL,,,,10.651,0.0,0.0,0.0,5.0,population
142,30.49863333333333,77.78571,3,1,1.0,0.3099929282610719,1.0,0.0333333333333333,3.0,0.76336289946804,53.600591322694136,3.7999999999999994,3.8,342.97333333333336,349.0,50.0,1,AGRICULTURAL,14.793,12.314,,12.567,1.0,1.0,0.0,1.0,forest
143,30.239769999999996,76.19710333333335,3,3,15.0125,0.5589877134524298,0.1998334721065778,0.5004166666666666,0.1998334721065778,0.6414418737049999,31.833841984230443,9.043333333333331,18.24,341.66333333333336,353.3,50.0,1,AGRICULTURAL,,,,,0.0,0.0,0.0,0.0,unknown
144,31.120273846153847,74.69769999999998,13,5,14.025,2.2732907011063066,0.35650623885918,0.4675,0.926916221033868,0.3055029605717634,30.810036929795334,7.3161538461538465,16.1,335.1961538461538,340.6,43.84615384615385,1,AGRICULTURAL,,,,,0.0,0.0,0.0,0.0,unknown
145,31.158906,74.794206,5,3,15.0125,0.5307816848103342,0.1998334721065778,0.5004166666666666,0.3330557868442964,0.653261016853557,32.403280634045885,8.250000000000002,13.18,340.562,354.81,50.0,1,AGRICULTURAL,,,,,0.0,0.0,0.0,0.0,unknown
146,31.4230275,75.08033750000001,4,3,21.002777777777776,1.014329861624969,0.1428382489088745,0.7000925925925926,0.190450998545166,0.4964430201085812,32.19245018061559,3.05,3.89,333.9225,339.17,45.0,1,AGRICULTURAL,,,,,0.0,0.0,0.0,0.0,unknown
147,31.50671,74.7674,3,2,16.986805555555556,0.5436876918189281,0.1177384407832876,0.5662268518518518,0.1766076611749315,0.647799425557186,31.085332183875973,5.376666666666668,6.16,334.8533333333333,337.34,50.0,1,AGRICULTURAL,,,11.97,10.811,0.0,0.0,2.0,6.0,population
148,32.054300000000005,74.63788789473683,19,11,29.038194444444443,2.4258269391890046,0.3788114313045558,0.9679398148148148,0.6543106540715055,0.2919003258923318,43.036621462532445,6.44842105263158,14.71,338.1773684210527,367.0,51.578947368421055,1,AGRICULTURAL,,,,,0.0,0.0,0.0,0.0,unknown
149,32.085584999999995,74.4100925,4,3,8.035416666666666,0.3984923530224428,0.3733471610059632,0.2678472222222222,0.4977962146746176,0.7150557511728861,33.44220094587872,6.827500000000001,10.65,336.46,340.34,50.0,1,AGRICULTURAL,,,,,0.0,0.0,0.0,0.0,unknown
150,32.125905,74.38822,4,4,12.051388888888887,0.684820339792917,0.3319119511351849,0.4017129629629629,0.3319119511351849,0.5935350947406719,32.70066438078103,7.6775,9.72,341.395,347.62,50.0,1,AGRICULTURAL,,,,,0.0,0.0,0.0,0.0,unknown
151,32.140634999999996,74.3050875,4,2,2.042361111111111,0.3038629717674879,0.9792587555253316,0.0680787037037037,1.9585175110506632,0.7669517592361887,51.31505922070298,4.2875000000000005,6.43,338.77,340.76,50.0,1,AGRICULTURAL,,,,,0.0,0.0,0.0,0.0,unknown
152,29.057140000000004,79.190917,10,7,25.022222222222226,1.7391989558230925,0.2797513321492007,0.8340740740740741,0.3996447602131439,0.3650702326218993,37.54490836929872,5.324,8.93,334.311,347.2,50.0,1,AGRICULTURAL,,,,,0.0,0.0,0.0,0.0,unknown
153,29.49730954545455,74.43238909090908,22,13,29.038888888888888,2.402844493845966,0.4476755308972642,0.9679629629629628,0.7576047445953702,0.2938717892658618,45.40078764779766,9.925454545454546,30.76,340.71727272727276,352.57,49.09090909090909,1,AGRICULTURAL,,7.3,3.77,0.73,0.0,2.0,1.0,54.0,population
154,31.07723,74.76068,3,3,12.052083333333334,0.3738574244732131,0.2489196197061365,0.4017361111111111,0.2489196197061365,0.7278775673417759,32.690841765062736,9.69,21.54,338.1266666666666,340.84,50.0,1,AGRICULTURAL,,,,,0.0,0.0,0.0,0.0,unknown
155,31.289071999999997,74.890778,5,4,14.026388888888889,1.055930113594396,0.2851767501732845,0.4675462962962963,0.3564709377166056,0.486397856321922,30.8630943833359,7.6800000000000015,8.68,353.908,367.0,62.0,1,AGRICULTURAL,,,,,0.0,0.0,0.0,0.0,unknown
156,31.949519999999996,74.97604,3,2,1.9743055555555555,0.7981920301582582,1.0,0.0658101851851851,1.51952163207879,0.5561141319884453,46.56634134959551,4.843333333333334,7.28,335.44666666666666,341.5,50.0,1,AGRICULTURAL,,,,,0.0,0.0,0.0,0.0,unknown
157,31.87782,74.470665,4,3,4.016666666666667,0.5469637930015101,0.7468879668049793,0.1338888888888889,0.995850622406639,0.6464275405306942,41.17203859300208,4.5275,4.98,341.16,348.19,50.0,1,AGRICULTURAL,,,,,0.0,0.0,0.0,0.0,unknown
158,30.702383333333337,74.35900166666666,6,3,18.958333333333332,0.8620530938313777,0.1582417582417582,0.6319444444444444,0.3164835164835165,0.5370416146095978,32.07790494176461,8.126666666666667,13.9,336.555,346.69,50.0,1,AGRICULTURAL,,,,12.387,0.0,0.0,0.0,4.0,population
159,30.904582,74.432752,5,4,10.924305555555556,0.9174219283927744,0.366155997711525,0.3641435185185185,0.4576949971394062,0.5215336203222742,31.663177793602713,17.247999999999998,25.55,356.122,367.0,68.0,1,AGRICULTURAL,,,,,0.0,0.0,0.0,0.0,unknown
160,31.424905,74.72219,4,3,24.950694444444444,0.8385240203740392,0.120237134348298,0.8316898148148149,0.160316179131064,0.5439145689249981,35.678441227146934,9.015,12.89,336.48,339.33,45.0,1,AGRICULTURAL,,,7.225,9.444,0.0,0.0,3.0,20.0,farmland
161,31.439695,74.81999250000001,4,2,1.0,0.525095116231888,1.0,0.0333333333333333,4.0,0.6556968082559591,53.94726949845252,3.890000000000001,6.42,332.27,333.0,50.0,1,AGRICULTURAL,,,,,0.0,0.0,0.0,0.0,unknown
162,29.903466666666663,75.72257333333333,3,1,1.0,0.1239814703377624,1.0,0.0333333333333333,3.0,0.8896943823277573,56.12722097988848,1.9533333333333336,2.18,308.3366666666667,314.61,50.0,1,AGRICULTURAL,,,,,0.0,0.0,0.0,0.0,unknown
163,31.243813333333332,75.94595666666667,3,1,1.0,0.2422509916685288,1.0,0.0333333333333333,3.0,0.804990301240855,54.43313935815044,1.9733333333333336,2.58,313.8566666666666,326.42,50.0,1,AGRICULTURAL,,,,,0.0,0.0,0.0,0.0,unknown
164,31.3169640625,74.5359328125,32,8,23.04722222222222,2.307157112785162,0.347113414487164,0.7682407407407407,1.3884536579486562,0.3023745065313326,39.13804522863173,16.9046875,33.85,351.2415625,367.0,64.0625,1,AGRICULTURAL,12.017,13.068,8.528,5.909,2.0,1.0,1.0,31.0,population
165,29.63898,74.26289333333334,3,2,10.995833333333334,0.1824107924743093,0.1818870784388025,0.3665277777777778,0.2728306176582039,0.8457297636022104,32.21647861379824,5.163333333333333,6.05,344.47333333333336,353.42,50.0,1,AGRICULTURAL,,,,13.86,0.0,0.0,0.0,3.0,population
166,30.274838,76.07980799999999,5,2,1.0,0.9658342310494374,1.0,0.0333333333333333,5.0,0.5086898906354692,53.50713114604272,13.504,15.16,358.56000000000006,367.0,62.0,1,AGRICULTURAL,,,,,0.0,0.0,0.0,0.0,unknown
167,30.682503333333333,74.25592666666667,3,3,3.029166666666667,0.7761183709218064,0.9903713892709766,0.1009722222222222,0.9903713892709766,0.5630255372455831,45.971886451773955,8.693333333333333,14.1,338.26,346.89,43.333333333333336,1,AGRICULTURAL,,,,,0.0,0.0,0.0,0.0,unknown
168,30.799878333333336,74.38430833333334,6,5,16.988194444444446,1.1157088659278451,0.2943220373625475,0.5662731481481482,0.353186444835057,0.4726548232152203,33.322552400972185,7.706666666666666,14.39,339.6416666666667,346.89,46.666666666666664,1,AGRICULTURAL,,,,,0.0,0.0,0.0,0.0,unknown
169,31.1831675,74.7908025,4,3,24.95277777777778,0.5495702532618737,0.1202270956250695,0.8317592592592593,0.1603027941667594,0.6453402147433984,37.70835563051843,4.1225,5.7,335.355,339.49,50.0,1,AGRICULTURAL,,,,,0.0,0.0,0.0,0.0,unknown
170,31.1922425,74.52893999999999,4,4,18.961805555555557,0.8755508142356159,0.2109503753891228,0.6320601851851853,0.2109503753891228,0.5331767032969201,33.320925895714524,4.015000000000001,5.71,335.71750000000003,338.33,50.0,1,AGRICULTURAL,,,,,0.0,0.0,0.0,0.0,unknown
171,31.23836,74.81758,3,2,1.0,0.2479646864174693,1.0,0.0333333333333333,3.0,0.8013047251126141,54.35942783558561,5.376666666666668,6.66,342.8633333333333,351.18,50.0,1,AGRICULTURAL,,,,,0.0,0.0,0.0,0.0,unknown
172,31.316820000000003,74.70711333333334,3,3,7.965972222222222,0.4461501429663434,0.3766018655740563,0.2655324074074074,0.3766018655740563,0.6914911324136785,32.70769346461558,8.243333333333334,15.82,341.6266666666667,351.74,50.0,1,AGRICULTURAL,,,13.906,14.628,0.0,0.0,1.0,1.0,farmland
173,31.81294,74.42255666666667,3,2,2.9618055555555554,0.639196018899876,0.6752637749120751,0.0987268518518518,1.012895662368113,0.6100551663559654,37.45942702669814,5.236666666666667,6.11,334.1366666666667,339.41,50.0,1,AGRICULTURAL,,,,,0.0,0.0,0.0,0.0,unknown
174,31.872073333333333,74.29950666666666,3,2,10.009027777777778,0.45629847397607,0.1998196072989662,0.3336342592592592,0.2997294109484493,0.686672421807696,28.818216663975516,4.75,5.9,335.19666666666666,339.15,50.0,1,AGRICULTURAL,,,,,0.0,0.0,0.0,0.0,unknown
175,29.45975,76.88944666666667,3,3,38.979166666666664,0.2470323779310098,0.0769641902725815,1.0,0.0769641902725815,0.8019037979263467,43.539412142385835,1.08,1.41,302.21999999999997,306.41,50.0,1,AGRICULTURAL,,,,,0.0,0.0,0.0,0.0,unknown
176,29.06868,79.16714333333333,3,2,14.942361111111111,0.455724655471106,0.1338476553422874,0.4980787037037037,0.2007714830134312,0.6869430947958884,30.708187856312563,2.776666666666666,3.13,333.9666666666667,335.73,50.0,1,AGRICULTURAL,,,,,0.0,0.0,0.0,0.0,unknown
177,29.57237,74.38941571428572,7,5,21.990972222222226,0.8797307679995015,0.2273660277260239,0.7330324074074074,0.3183124388164335,0.531991079267297,36.58239369935293,7.82,14.97,340.97142857142853,346.02,50.0,1,AGRICULTURAL,,10.618,5.798,1.542,0.0,1.0,1.0,29.0,population
178,29.790881666666664,76.01170166666667,6,3,11.983333333333333,0.7562071413798085,0.2503477051460361,0.3994444444444444,0.5006954102920723,0.56940891335536,30.136459058329574,8.28,11.84,341.4266666666667,352.79,46.666666666666664,1,AGRICULTURAL,,,,,0.0,0.0,0.0,0.0,unknown
179,30.522476666666662,76.73192333333334,3,3,5.004861111111111,0.2418155912370647,0.5994172332454558,0.1668287037037037,0.5994172332454558,0.8052725437307691,39.75722854768529,5.483333333333333,6.46,336.74333333333334,339.33,50.0,1,AGRICULTURAL,9.352,7.654,,7.98,9.0,8.0,0.0,37.0,forest
180,30.607432,76.711512,5,3,7.9631944444444445,0.9575907293328366,0.3767332344989971,0.2654398148148148,0.6278887241649952,0.5108320064127032,29.724354344006837,6.042,10.55,338.43999999999994,341.21,50.0,1,AGRICULTURAL,12.91,10.066,,9.515,5.0,2.0,0.0,31.0,population
181,30.723555,75.12484500000001,4,3,15.998611111111112,0.2724506368872452,0.1875162774546401,0.5332870370370371,0.2500217032728535,0.7858851031315978,35.300420570379224,5.245,8.21,337.86,341.98,45.0,1,AGRICULTURAL,,,,,0.0,0.0,0.0,0.0,unknown
182,31.30931,74.676164,5,3,10.00763888888889,0.6664289450750788,0.299771008257581,0.333587962962963,0.4996183470959683,0.6000855919812088,30.583587029165603,8.16,20.09,336.032,340.55,50.0,1,AGRICULTURAL,,,12.057,13.385,0.0,0.0,1.0,6.0,farmland
183,31.274103333333333,74.34031666666665,3,2,8.95138888888889,0.3946744073328366,0.2234290147401086,0.2983796296296296,0.3351435221101629,0.717013228852741,29.340484565274227,5.366666666666667,6.02,339.8233333333333,344.36,50.0,1,AGRICULTURAL,,,,14.767,0.0,0.0,0.0,1.0,population
184,31.61173666666667,75.37610333333333,3,2,6.977777777777778,0.2983041585816529,0.286624203821656,0.2325925925925926,0.4299363057324841,0.7702355364034736,30.89309242186518,8.046666666666667,11.25,335.49666666666667,339.68,50.0,1,AGRICULTURAL,11.131,,11.14,4.477,6.0,0.0,3.0,48.0,population
185,31.984996666666664,74.33755000000001,3,2,6.977777777777778,0.3566648822658723,0.286624203821656,0.2325925925925926,0.4299363057324841,0.7371017065981849,30.230415825759405,4.476666666666667,4.51,330.98333333333335,331.15,50.0,1,AGRICULTURAL,,,,,0.0,0.0,0.0,0.0,unknown
186,32.04619666666667,74.41160666666666,3,3,6.977777777777778,0.4450433582468718,0.4299363057324841,0.2325925925925926,0.4299363057324841,0.6920207579191264,33.628159909503076,5.846666666666667,6.62,341.9433333333333,343.6,50.0,1,AGRICULTURAL,,,,,0.0,0.0,0.0,0.0,unknown
187,29.246088571428572,79.03262571428571,7,5,16.986805555555556,0.9863708997760456,0.2943461019582192,0.5662268518518518,0.4120845427415069,0.5034306534156061,34.08487878020876,6.83,19.78,340.6257142857143,354.5,50.0,1,AGRICULTURAL,,,,,0.0,0.0,0.0,0.0,unknown
188,29.288763333333335,78.95309666666667,3,2,13.955555555555556,0.62183117608005,0.143312101910828,0.4651851851851852,0.214968152866242,0.6165869880593801,28.79815283030768,4.506666666666667,7.69,330.77,333.75,43.333333333333336,1,AGRICULTURAL,,,,,0.0,0.0,0.0,0.0,unknown
189,30.14672333333333,75.63566666666667,3,2,1.9736111111111112,0.1858807337927147,1.0,0.065787037037037,1.5200562983814214,0.8432551195951838,52.30991906378315,5.96,6.53,335.74,337.8,43.333333333333336,1,AGRICULTURAL,,,,,0.0,0.0,0.0,0.0,unknown
190,30.6329375,75.4170675,4,4,26.010416666666668,0.8775221380547562,0.1537845414497397,0.867013888888889,0.1537845414497397,0.5326168888938213,37.325682597215184,4.5875,7.12,336.27750000000003,340.23,50.0,1,AGRICULTURAL,,,,,0.0,0.0,0.0,0.0,unknown
191,31.0201525,75.52398,4,3,16.988194444444446,0.4044644066188246,0.1765932224175285,0.5662731481481482,0.235457629890038,0.7120151961753507,34.283573374461675,4.2725,4.66,335.5525,340.39,50.0,1,AGRICULTURAL,,,,,0.0,0.0,0.0,0.0,unknown
192,30.846951666666666,74.367215,6,3,7.965972222222222,1.337189165880554,0.3766018655740563,0.2655324074074074,0.7532037311481127,0.4278643828229634,28.376663136736425,8.696666666666665,13.77,346.01500000000004,367.0,56.666666666666664,1,AGRICULTURAL,,,,,0.0,0.0,0.0,0.0,unknown
193,31.00221666666667,74.64304333333332,3,2,5.004166666666666,0.4317393229496978,0.3996669442131557,0.1668055555555555,0.5995004163197336,0.6984511663336732,31.62792158275636,10.743333333333334,14.81,341.06333333333333,348.41,50.0,1,AGRICULTURAL,,,,,0.0,0.0,0.0,0.0,unknown
194,31.12492333333333,74.59345,3,2,10.009027777777778,0.2868386372029328,0.1998196072989662,0.3336342592592592,0.2997294109484493,0.7770982088116315,30.626732404054223,8.41,20.7,334.42,340.14,50.0,1,AGRICULTURAL,,,,,0.0,0.0,0.0,0.0,unknown
195,31.3687475,75.033235,8,5,24.954166666666666,1.5002062039963775,0.2003673401235598,0.8318055555555556,0.3205877441976958,0.3999670100816408,35.606968654722735,7.59125,11.3,339.86875000000003,367.0,53.75,1,AGRICULTURAL,,,,,0.0,0.0,0.0,0.0,unknown
196,31.418796666666665,74.98340999999999,3,3,10.99652777777778,0.8219294440536714,0.2728133880644142,0.366550925925926,0.2728133880644142,0.5488686750542143,29.007581761325905,2.536666666666666,3.56,332.28000000000003,333.24,50.0,1,AGRICULTURAL,,,,,0.0,0.0,0.0,0.0,unknown
197,31.4093175,74.69093749999999,4,3,16.0,0.6598045407728504,0.1875,0.5333333333333333,0.25,0.6024805785471419,31.632944904276172,6.922499999999999,13.95,344.2675,367.0,57.5,1,AGRICULTURAL,,,5.493,7.039,0.0,0.0,3.0,24.0,farmland
198,31.4860875,74.718675,4,2,5.004166666666666,0.2995891382909627,0.3996669442131557,0.1668055555555555,0.7993338884263115,0.7694739595277471,33.54796112690428,6.54,9.95,339.27750000000003,354.81,50.0,1,AGRICULTURAL,,13.733,6.815,6.282,0.0,2.0,5.0,27.0,population
199,31.59256,75.44770333333334,3,3,11.980555555555556,0.7162050179663996,0.2504057500579643,0.3993518518518518,0.2504057500579643,0.5826809673269341,29.775602519718813,2.966666666666667,4.01,336.42,339.73,50.0,1,AGRICULTURAL,5.191,,8.189,0.237,8.0,0.0,7.0,70.0,population
200,31.995566666666665,75.28739666666667,3,2,16.0,0.5568503106051039,0.125,0.5333333333333333,0.1875,0.642322510512477,30.39853354358287,12.5,17.81,340.94666666666666,345.11,43.333333333333336,1,AGRICULTURAL,,,,,0.0,0.0,0.0,0.0,unknown
201,31.893775,74.28639166666666,6,5,30.025,1.1884879012737883,0.1665278934221482,1.0,0.1998334721065778,0.4569364991316422,39.634150465563735,4.191666666666667,4.95,336.665,346.45,50.0,1,AGRICULTURAL,,,,,0.0,0.0,0.0,0.0,unknown
202,27.956526666666665,77.69463333333333,3,2,21.002777777777776,0.6605834492984372,0.095225499272583,0.7000925925925926,0.1428382489088745,0.6021979807292911,32.76013502985031,5.1433333333333335,5.45,336.24666666666667,340.73,43.333333333333336,1,AGRICULTURAL,,,,,0.0,0.0,0.0,0.0,unknown
203,29.47292,74.54479666666667,3,2,1.0,0.3787111948881268,1.0,0.0333333333333333,3.0,0.7253150650460507,52.83963463425435,5.293333333333334,5.99,333.25666666666666,333.94,43.333333333333336,1,AGRICULTURAL,,5.649,13.22,2.485,0.0,1.0,1.0,46.0,population
204,29.71466,75.74596333333334,3,2,21.004166666666663,0.2446816028268975,0.0952192025391787,0.7001388888888889,0.1428288038087681,0.8034183181697381,36.78548667131427,3.22,4.11,332.88666666666666,333.22,36.666666666666664,1,AGRICULTURAL,,,,,0.0,0.0,0.0,0.0,unknown
205,29.67809,74.5785875,4,3,12.96875,0.846152167918042,0.2313253012048192,0.4322916666666667,0.308433734939759,0.5416671590661609,29.351478221483863,3.515,6.59,332.375,333.76,50.0,1,AGRICULTURAL,,,,7.282,0.0,0.0,0.0,6.0,population
206,30.087365,75.9251725,4,3,9.020833333333334,0.6922546837551234,0.3325635103926097,0.3006944444444445,0.4434180138568129,0.5909276006735547,30.421363471002532,4.9725,7.33,339.59250000000003,347.08,45.0,1,AGRICULTURAL,,,,,0.0,0.0,0.0,0.0,unknown
207,30.20197,76.41602,3,2,4.0159722222222225,0.3719706600079403,0.4980114127615424,0.1338657407407407,0.7470171191423136,0.7288785607078597,34.732099913377766,6.863333333333333,9.3,336.96,341.58,50.0,1,AGRICULTURAL,,,,,0.0,0.0,0.0,0.0,unknown
208,30.18501,75.857814,5,3,8.034027777777778,0.7031866961473427,0.373411703690898,0.2678009259259259,0.6223528394848301,0.5871346941953156,31.19595024149347,11.138,25.29,339.79200000000003,351.85,46.0,1,AGRICULTURAL,,,,,0.0,0.0,0.0,0.0,unknown
209,30.211658571428575,75.79637714285715,7,2,5.989583333333333,0.8143306091626403,0.3339130434782609,0.1996527777777777,1.1686956521739131,0.5511674636088102,28.95379915140326,7.081428571428573,14.9,336.14285714285717,340.41,50.0,1,AGRICULTURAL,,,,,0.0,0.0,0.0,0.0,unknown
210,30.444888333333335,75.19376999999999,6,5,13.038194444444445,0.9834883895741184,0.3834886817576564,0.4346064814814815,0.4601864181091877,0.5041622654593473,33.60353384422665,9.51,18.98,345.14833333333337,367.0,55.0,1,AGRICULTURAL,,,,,0.0,0.0,0.0,0.0,unknown
211,30.729194999999997,74.268964,10,2,19.030555555555555,1.1908335611852154,0.1050941468398773,0.6343518518518518,0.525470734199387,0.4564472709004018,29.45424295499912,45.333,62.76,350.819,367.0,51.0,1,AGRICULTURAL,,,,,0.0,0.0,0.0,0.0,unknown
212,30.9899075,75.514335,4,4,23.965972222222224,0.7783051044076957,0.1669033061922285,0.7988657407407408,0.1669033061922285,0.5623332000349132,36.64266497046421,5.5275,13.32,335.53,340.15,45.0,1,AGRICULTURAL,,,,,0.0,0.0,0.0,0.0,unknown
213,31.03295,74.66499,6,5,15.011805555555556,1.329769550548121,0.3330711939677105,0.5003935185185185,0.3996854327612527,0.429227002200596,32.08572740790934,6.441666666666666,12.62,338.18833333333333,353.19,50.0,1,AGRICULTURAL,,,,,0.0,0.0,0.0,0.0,unknown
214,31.41053,76.2764825,4,1,1.0,0.5507077824008763,1.0,0.0333333333333333,4.0,0.644866822330481,53.73066977994295,12.3075,13.32,345.55,355.45,45.0,1,AGRICULTURAL,,,,,0.0,0.0,0.0,0.0,unknown
215,31.137585,74.72799333333333,6,5,18.961805555555557,1.1245080692547864,0.2636879692364036,0.6320601851851853,0.3164255630836843,0.4706972001997478,33.917151618425905,6.035,12.32,336.07666666666665,346.24,50.0,1,AGRICULTURAL,,,,,0.0,0.0,0.0,0.0,unknown
216,31.1748975,74.8235725,4,3,8.034027777777778,0.6075897150033561,0.373411703690898,0.2678009259259259,0.4978822715878641,0.6220492646022635,31.583065229890018,9.8775,21.68,337.0325,340.33,50.0,1,AGRICULTURAL,,,,,0.0,0.0,0.0,0.0,unknown
217,31.198174,74.764586,5,3,9.020833333333334,0.6904563050987562,0.3325635103926097,0.3006944444444445,0.5542725173210161,0.5915562543579499,30.71107280335094,6.9799999999999995,10.19,336.152,340.02,38.0,1,AGRICULTURAL,,,,,0.0,0.0,0.0,0.0,unknown
218,31.349416666666663,74.79710999999999,3,2,3.03125,0.2623866235813618,0.6597938144329897,0.1010416666666666,0.9896907216494846,0.7921503454805493,40.63708981339106,4.793333333333334,5.78,337.37,341.8,50.0,1,AGRICULTURAL,,,,,0.0,0.0,0.0,0.0,unknown
219,31.5997275,75.563645,4,2,8.034027777777778,0.416846358541431,0.248941135793932,0.2678009259259259,0.4978822715878641,0.7057928292446949,29.523819485829662,4.765,5.8,343.5975,367.0,57.5,1,AGRICULTURAL,3.077,,9.189,1.233,10.0,0.0,6.0,76.0,population
220,30.146286666666665,76.89397666666666,3,2,1.0,0.2238605114484751,1.0,0.0333333333333333,3.0,0.8170865802479977,54.675064938293296,7.7,8.87,333.74,340.5,50.0,1,AGRICULTURAL,,,,,0.0,0.0,0.0,0.0,unknown
221,29.023413333333338,79.17453,3,2,13.039583333333333,0.5098258117827742,0.1533791340469723,0.4346527777777778,0.2300687010704585,0.6623280594330406,29.28942640719058,2.86,3.62,333.95666666666665,339.98,43.333333333333336,1,AGRICULTURAL,,,,,0.0,0.0,0.0,0.0,unknown
222,30.25986,75.91264375,8,3,6.061805555555556,1.063243591366093,0.4949020506358116,0.2020601851851852,1.3197388016954976,0.4846737458362299,32.89138806966732,34.38375,80.27,340.87874999999997,348.76,50.0,1,AGRICULTURAL,,,,,0.0,0.0,0.0,0.0,unknown
223,30.27615,75.909285,4,3,5.004166666666666,0.8386784814993791,0.5995004163197336,0.1668055555555555,0.7993338884263115,0.5438688765120775,35.03086362978822,6.215,9.54,335.345,340.12,45.0,1,AGRICULTURAL,,,,,0.0,0.0,0.0,0.0,unknown
224,30.520524285714284,74.59084857142855,7,5,18.04513888888889,0.9444431318606146,0.2770829324610352,0.6015046296296297,0.3879161054454493,0.5142860614509779,34.605615207204984,9.70285714285714,27.57,340.1057142857143,351.17,47.142857142857146,1,AGRICULTURAL,6.127,5.869,,1.229,8.0,11.0,0.0,46.0,population
225,31.026146666666666,74.62037,3,2,7.048611111111111,0.3175363323922294,0.283743842364532,0.2349537037037037,0.425615763546798,0.7589923521762137,30.630044315919825,11.633333333333336,15.89,341.03666666666663,341.42,50.0,1,AGRICULTURAL,,,,,0.0,0.0,0.0,0.0,unknown
226,31.186389999999996,74.810846,5,3,4.017361111111111,0.3369283624260324,0.7467588591184098,0.133912037037037,1.2445980985306828,0.7479832338849992,43.82172662350491,13.1,19.79,342.042,355.47,50.0,1,AGRICULTURAL,,,,,0.0,0.0,0.0,0.0,unknown
227,31.189858333333333,74.70259499999999,6,6,21.992361111111112,1.3381387585559852,0.2728220025892829,0.7330787037037038,0.2728220025892829,0.4276906134593961,35.74749494593221,11.13,37.61,338.65,349.57,46.666666666666664,1,AGRICULTURAL,,,,,0.0,0.0,0.0,0.0,unknown
228,31.52041875,74.93625750000001,8,4,15.013194444444444,1.4577121898342884,0.2664323049169712,0.5004398148148148,0.5328646098339423,0.4068824674167503,29.973775390799368,7.0475,9.58,338.20125,349.19,50.0,1,AGRICULTURAL,,,,,0.0,0.0,0.0,0.0,unknown
229,31.702036666666668,75.18807,3,1,1.0,0.290831187818472,1.0,0.0333333333333333,3.0,0.7746946381811692,53.827226096956714,10.366666666666667,12.08,337.95666666666665,343.01,50.0,1,AGRICULTURAL,,,,,0.0,0.0,0.0,0.0,unknown
230,31.595048333333327,74.68457166666666,6,4,21.589583333333337,0.8757692544128333,0.1852745344012351,0.7196527777777778,0.2779118016018527,0.5331146129234468,34.90662723895507,4.851666666666667,16.98,326.98500000000007,340.43,50.0,1,AGRICULTURAL,12.353,14.607,6.474,8.123,5.0,6.0,29.0,32.0,farmland
231,28.8223475,76.9591025,4,4,31.013194444444444,0.2759575952490251,0.1289773617859781,1.0,0.1289773617859781,0.7837251047554075,44.86626635315244,1.015,1.82,304.0,311.01,50.0,1,AGRICULTURAL,,,,,0.0,0.0,0.0,0.0,unknown
232,31.26801333333333,75.94518333333333,3,2,1.0,0.1934776760599765,1.0,0.0333333333333333,3.0,0.8378874779638077,55.09108289260949,1.8266666666666664,2.86,308.9266666666667,314.33,50.0,1,AGRICULTURAL,,,,,0.0,0.0,0.0,0.0,unknown
233,29.479794000000005,74.459661,10,5,9.020138888888887,1.4393744803409696,0.5543151897759643,0.3006712962962963,1.1086303795519286,0.4099411583006405,35.11663721557897,8.483,24.26,336.317,347.04,46.0,1,AGRICULTURAL,,6.146,6.557,1.576,0.0,2.0,1.0,57.0,population
234,29.408305,74.34998,4,3,10.008333333333333,0.807378952839964,0.2997502081598668,0.3336111111111111,0.3996669442131557,0.553287399097286,29.397699365052393,5.694999999999999,8.04,336.31749999999994,342.33,50.0,1,AGRICULTURAL,,8.081,,5.704,0.0,1.0,0.0,24.0,population
235,30.54053,76.63753333333334,3,3,10.008333333333333,0.6810795527647411,0.2997502081598668,0.3336111111111111,0.2997502081598668,0.5948558462657985,29.979276468289417,4.573333333333333,6.99,337.25,344.43,50.0,1,AGRICULTURAL,3.655,1.726,,0.991,26.0,11.0,0.0,121.0,population
236,29.922485,75.00875,4,3,13.956944444444444,0.7022065436813326,0.2149467608717285,0.4652314814814814,0.2865956811623047,0.5874727739192668,30.54513454447999,10.2475,13.02,344.35249999999996,351.93,45.0,1,AGRICULTURAL,,,,,0.0,0.0,0.0,0.0,unknown
237,30.10017,75.1902,3,1,1.0,0.2578503026281827,1.0,0.0333333333333333,3.0,0.7950071625459532,54.233476584252394,10.88,15.46,352.21000000000004,367.0,60.0,1,AGRICULTURAL,,,,,0.0,0.0,0.0,0.0,unknown
238,30.21106,75.93428999999999,3,3,3.946527777777778,0.7394968307061233,0.7601618863276438,0.1315509259259259,0.7601618863276438,0.5748788858638303,39.49161217107318,7.993333333333333,12.18,338.7633333333333,343.24,50.0,1,AGRICULTURAL,,,,,0.0,0.0,0.0,0.0,unknown
239,30.17477666666667,75.97326833333334,6,3,18.959722222222226,0.9990808605275504,0.158230166288184,0.6319907407407407,0.316460332576368,0.5002298905188375,31.342422148981708,13.579999999999998,45.22,338.8333333333333,344.69,50.0,1,AGRICULTURAL,,,,,0.0,0.0,0.0,0.0,unknown
240,30.26272,75.87863333333333,3,3,5.989583333333333,0.9167508556113736,0.5008695652173913,0.1996527777777777,0.5008695652173913,0.5217162142239068,31.703904598487796,7.27,9.73,337.0333333333333,339.62,50.0,1,AGRICULTURAL,,,,,0.0,0.0,0.0,0.0,unknown
241,31.1515225,74.59285,8,7,20.01597222222222,1.2834163306536217,0.3497207091558825,0.667199074074074,0.3996808104638656,0.4379402856043132,36.92960586477425,7.575,30.58,335.22249999999997,350.1,47.5,1,AGRICULTURAL,,,,,0.0,0.0,0.0,0.0,unknown
242,31.209987499999997,74.99323,4,2,1.9729166666666669,0.8140032452916176,1.0,0.0657638888888888,2.027455121436114,0.551266929976876,47.73807362535003,4.8175,7.8,333.7625,339.59,50.0,1,AGRICULTURAL,,,,,0.0,0.0,0.0,0.0,unknown
243,31.26704666666667,75.23303666666665,3,2,9.49375,0.7227397281313335,0.2106649111257406,0.3164583333333333,0.3159973666886109,0.5804707372045725,26.63081382791853,3.986666666666667,6.27,327.1033333333333,342.19,50.0,1,AGRICULTURAL,,,,,0.0,0.0,0.0,0.0,unknown
244,31.301866666666665,74.45926666666666,3,2,11.980555555555556,0.191244047381226,0.1669371667053095,0.3993518518518518,0.2504057500579643,0.8394585494033336,32.407096660667165,3.8866666666666663,5.0,336.49666666666667,339.91,50.0,1,AGRICULTURAL,11.62,12.412,14.747,7.378,2.0,1.0,1.0,24.0,population
245,31.319553333333335,74.62427000000001,3,2,10.995138888888889,0.5579554755846645,0.181898566285606,0.3665046296296296,0.272847849428409,0.641866866974952,28.139029692378987,3.5400000000000005,4.61,332.05333333333334,334.03,43.333333333333336,1,AGRICULTURAL,,,8.047,9.297,0.0,0.0,2.0,17.0,farmland
246,31.9882725,74.86259,4,3,11.980555555555556,0.4826447395323347,0.2504057500579643,0.3993518518518518,0.333874333410619,0.6744704063870529,31.820062759302832,4.3,5.62,334.755,342.27,50.0,1,AGRICULTURAL,,,,,0.0,0.0,0.0,0.0,unknown
247,29.83938666666667,75.82019666666667,3,3,10.995833333333334,0.5669535407742458,0.2728306176582039,0.3665277777777778,0.2728306176582039,0.6381810142921602,30.793809804179272,5.613333333333333,8.39,337.2033333333333,339.61,50.0,1,AGRICULTURAL,,,,,0.0,0.0,0.0,0.0,unknown
248,29.846244999999996,75.480795,4,2,3.03125,0.3982814046516349,0.6597938144329897,0.1010416666666666,1.3195876288659794,0.7151636263439676,39.92209769870066,8.125,14.03,337.155,340.62,50.0,1,AGRICULTURAL,,,,,0.0,0.0,0.0,0.0,unknown
249,29.92897333333333,75.16936666666668,3,2,5.004861111111111,0.4326816220526696,0.3996114888303038,0.1668287037037037,0.5994172332454558,0.697991783106182,31.61744100273899,15.926666666666668,23.58,340.4766666666667,345.17,43.333333333333336,1,AGRICULTURAL,,,,,0.0,0.0,0.0,0.0,unknown
250,30.016003333333337,75.38790999999999,3,3,10.995833333333334,0.798297600677061,0.2728306176582039,0.3665277777777778,0.2728306176582039,0.5560814848574,29.15181921548407,4.0633333333333335,4.82,335.4666666666667,339.92,50.0,1,AGRICULTURAL,,,,,0.0,0.0,0.0,0.0,unknown
251,30.161600000000004,76.03789,3,2,21.00486111111111,0.2950677985507755,0.0952160544847422,0.700162037037037,0.1428240817271134,0.7721603464459804,36.160799693705584,7.473333333333334,12.49,337.03,343.12,50.0,1,AGRICULTURAL,,,,,0.0,0.0,0.0,0.0,unknown
252,30.154075,75.94116,4,2,1.0,0.8763025091496314,1.0,0.0333333333333333,4.0,0.5329630990331166,51.49259531399566,5.7924999999999995,10.12,333.5675,338.71,45.0,1,AGRICULTURAL,,,,,0.0,0.0,0.0,0.0,unknown
253,30.074363333333334,75.19844,3,2,5.992361111111111,0.3473467846918508,0.3337582570402132,0.1997453703703703,0.5006373855603199,0.7421994184138037,31.10196380264253,10.153333333333334,15.57,334.71666666666664,336.07,43.333333333333336,1,AGRICULTURAL,,,,,0.0,0.0,0.0,0.0,unknown
254,30.65171,75.75616,4,3,5.992361111111111,0.6564459639951732,0.5006373855603199,0.1997453703703703,0.6675165140804264,0.6037021561440528,33.75559023415098,3.805,4.67,338.1125,344.2,50.0,1,AGRICULTURAL,,,,,0.0,0.0,0.0,0.0,unknown
255,30.555553333333336,75.01572,3,2,1.9736111111111112,0.7375456704050867,1.0,0.065787037037037,1.5200562983814214,0.5755244406133294,46.955305484146066,6.543333333333333,11.04,341.63000000000005,350.3,50.0,1,AGRICULTURAL,,,,,0.0,0.0,0.0,0.0,unknown
256,30.812426,74.753988,5,4,10.995833333333334,1.007391028637976,0.3637741568776051,0.3665277777777778,0.4547176960970064,0.4981590461119599,31.17639431325432,5.837999999999999,10.07,345.382,367.0,56.0,1,AGRICULTURAL,,,,,0.0,0.0,0.0,0.0,unknown
257,30.92048,74.85063000000001,3,3,10.995833333333334,0.5186052848968269,0.2728306176582039,0.3665277777777778,0.2728306176582039,0.6584989595027909,31.20016870839189,2.94,3.93,333.69666666666666,336.66,43.333333333333336,1,AGRICULTURAL,,,,,0.0,0.0,0.0,0.0,unknown
258,31.058553333333332,75.29099333333333,3,3,5.992361111111111,0.5762601935450319,0.5006373855603199,0.1997453703703703,0.5006373855603199,0.6344130265390928,33.95260982075151,6.1433333333333335,8.87,337.99666666666667,342.08,50.0,1,AGRICULTURAL,,,,,0.0,0.0,0.0,0.0,unknown
259,31.11639,74.94214333333332,3,2,8.035416666666666,0.7841182921251327,0.2488981073373088,0.2678472222222222,0.3733471610059632,0.5605009513180099,26.30651070454992,7.816666666666666,10.18,339.3933333333334,345.61,50.0,1,AGRICULTURAL,,,,,0.0,0.0,0.0,0.0,unknown
260,31.153146666666668,74.81502333333333,3,2,5.992361111111111,0.622004963051188,0.3337582570402132,0.1997453703703703,0.5006373855603199,0.6165209248921647,28.588393932209748,5.773333333333333,8.06,333.67333333333335,335.04,50.0,1,AGRICULTURAL,,,,,0.0,0.0,0.0,0.0,unknown
261,31.1721925,74.57369499999999,4,4,16.988194444444446,1.0492190896322595,0.235457629890038,0.5662731481481482,0.235457629890038,0.4879907692932207,31.569017060994355,4.255,6.38,335.3525,340.78,50.0,1,AGRICULTURAL,,,,,0.0,0.0,0.0,0.0,unknown
262,31.234336666666668,75.01722000000001,3,2,10.010416666666666,0.4641184946391488,0.1997918834547346,0.3336805555555555,0.299687825182102,0.6830048275884003,28.745086507254193,3.51,3.92,337.43,339.61,50.0,1,AGRICULTURAL,,,,,0.0,0.0,0.0,0.0,unknown
263,31.19476,74.60813166666667,6,3,10.010416666666666,0.5843892356865955,0.299687825182102,0.3336805555555555,0.599375650364204,0.6311580371010598,31.454248512283655,7.395,16.75,336.865,340.64,50.0,1,AGRICULTURAL,,,,,0.0,0.0,0.0,0.0,unknown
264,31.1977475,74.56196249999999,4,4,10.995833333333334,0.9020423956518748,0.3637741568776051,0.3665277777777778,0.3637741568776051,0.5257506364137989,31.50086727124259,5.96,14.74,335.105,338.7,50.0,1,AGRICULTURAL,,,,,0.0,0.0,0.0,0.0,unknown
265,31.3516375,75.0625075,4,2,10.010416666666666,0.5554175279062309,0.1997918834547346,0.3336805555555555,0.3995837669094693,0.6429141899578011,28.193013608960623,5.7275,6.23,333.9225,340.35,50.0,1,AGRICULTURAL,,,,,0.0,0.0,0.0,0.0,unknown
266,31.435816666666668,75.32958333333333,3,2,5.004861111111111,0.5205754498237766,0.3996114888303038,0.1668287037037037,0.5994172332454558,0.6576457617515084,30.810520575645516,5.73,7.62,337.26666666666665,339.54,50.0,1,AGRICULTURAL,7.751,,8.918,4.084,4.0,0.0,1.0,24.0,population
267,31.5880125,75.5971975,4,2,4.018055555555556,0.398070160382859,0.4977531973729692,0.1339351851851851,0.9955063947459384,0.715271685454006,35.07517524676367,8.635,14.26,342.8775,350.3,50.0,1,AGRICULTURAL,1.886,,10.263,4.095,11.0,0.0,6.0,56.0,industrial
268,31.701764999999995,74.56597000000001,6,6,15.014583333333333,1.8307005796134983,0.3996114888303039,0.5004861111111111,0.3996114888303039,0.3532694369732806,32.56491490422827,7.735,23.96,335.25666666666666,340.5,46.666666666666664,1,AGRICULTURAL,13.564,,10.454,8.503,3.0,0.0,28.0,30.0,population
269,31.795373333333337,74.71197,3,2,20.01597222222222,0.6113433775171351,0.0999202026159664,0.667199074074074,0.1498803039239496,0.6206001861259804,32.464287412660326,2.6833333333333336,2.96,330.00333333333333,330.6,50.0,1,AGRICULTURAL,,,,,0.0,0.0,0.0,0.0,unknown
270,31.95869,74.93040666666666,3,1,1.0,0.385580841589867,1.0,0.0333333333333333,3.0,0.7217189859904259,52.767713053141854,4.426666666666667,5.74,334.39,336.8,50.0,1,AGRICULTURAL,,,,,0.0,0.0,0.0,0.0,unknown
271,29.756833333333333,75.95714666666667,3,2,1.0,0.5256415959413346,1.0,0.0333333333333333,3.0,0.6554619398555339,51.442572130444006,8.34,15.86,342.77666666666664,353.5,50.0,1,AGRICULTURAL,,,,,0.0,0.0,0.0,0.0,unknown
272,29.610996666666665,74.25479666666668,3,3,10.00763888888889,0.6176945516724439,0.299771008257581,0.333587962962963,0.299771008257581,0.6181636693813155,30.44553023007177,3.61,5.48,333.0466666666666,333.84,43.333333333333336,1,AGRICULTURAL,,,,12.554,0.0,0.0,0.0,3.0,population
273,30.04594142857143,75.92876571428572,7,4,9.020833333333334,1.1354062939644791,0.4434180138568129,0.3006944444444445,0.7759815242494226,0.4682949576511055,32.12575449046117,4.132857142857143,7.12,337.6657142857143,350.13,44.285714285714285,1,AGRICULTURAL,,,,,0.0,0.0,0.0,0.0,unknown
274,29.90908444444445,75.07860444444444,9,2,26.007638888888888,1.486282109320621,0.0769004832981762,0.8669212962962962,0.3460521748417933,0.4022069725117601,32.88931679369238,5.227777777777778,10.83,344.2477777777778,356.23,47.77777777777778,1,AGRICULTURAL,,,,,0.0,0.0,0.0,0.0,unknown
275,30.091753333333333,75.74504666666667,3,2,4.016666666666667,0.3606299030167718,0.4979253112033195,0.1338888888888889,0.7468879668049793,0.7349537135578251,34.85127574649076,16.28,23.46,335.14000000000004,337.76,43.333333333333336,1,AGRICULTURAL,,,,,0.0,0.0,0.0,0.0,unknown
276,30.119966,75.858866,5,4,5.004166666666666,0.7665979679498465,0.7993338884263115,0.1668055555555555,0.9991673605328892,0.5660597476858356,41.96926889672717,11.754,35.21,341.85,367.0,56.0,1,AGRICULTURAL,,,,,0.0,0.0,0.0,0.0,unknown
277,29.9076275,74.48845,4,2,3.029861111111111,0.5622802774795771,0.6600962640385056,0.1009953703703703,1.3201925280770113,0.6400900110019295,38.43005372064555,16.2225,27.73,342.17999999999995,347.37,50.0,1,AGRICULTURAL,,,,,0.0,0.0,0.0,0.0,unknown
278,29.987143333333336,74.753,3,2,16.0,0.2750446743434946,0.125,0.5333333333333333,0.1875,0.7842862451191274,33.23780823571588,8.186666666666667,17.3,341.90333333333336,343.85,50.0,1,AGRICULTURAL,,,,,0.0,0.0,0.0,0.0,unknown
279,30.177706666666666,74.87673333333332,3,2,4.016666666666667,0.3828360662526525,0.4979253112033195,0.1338888888888889,0.7468879668049793,0.7231515176704206,34.615231828742665,6.516666666666667,10.27,340.1233333333333,344.95,50.0,1,AGRICULTURAL,,,,,0.0,0.0,0.0,0.0,unknown
280,30.534625714285717,75.73532714285714,7,4,10.995833333333334,1.1398093328219572,0.3637741568776051,0.3665277777777778,0.636604774535809,0.4673313573603359,31.014558234318844,4.172857142857143,9.0,335.4857142857143,342.45,50.0,1,AGRICULTURAL,,,,,0.0,0.0,0.0,0.0,unknown
281,31.154618461538465,75.06945384615383,13,6,14.026388888888889,1.7147485682422503,0.4277651252599267,0.4675462962962963,0.9268244380631746,0.368358238290731,34.20583702617777,14.699230769230772,26.83,343.80384615384617,367.0,54.61538461538461,1,AGRICULTURAL,,,,,0.0,0.0,0.0,0.0,unknown
282,31.401085,75.33878,4,2,9.022222222222222,0.4586426471760725,0.2216748768472906,0.3007407407407407,0.4433497536945813,0.6855688759244746,28.988516726663185,5.715,7.08,337.875,340.51,50.0,1,AGRICULTURAL,5.913,,12.639,6.171,5.0,0.0,1.0,22.0,industrial
283,31.57504,75.390725,4,3,9.022222222222222,0.7836441359387565,0.3325123152709359,0.3007407407407407,0.4433497536945813,0.5606499524489992,29.81526140986303,4.07,5.01,335.985,339.9,45.0,1,AGRICULTURAL,7.85,,7.864,3.612,8.0,0.0,7.0,67.0,population
284,31.568456666666663,75.24718333333334,3,2,3.029861111111111,0.5052695758125896,0.6600962640385056,0.1009953703703703,0.9901443960577584,0.6643328318518429,38.08978980759568,6.97,9.22,337.14,339.65,43.333333333333336,1,AGRICULTURAL,,,11.27,11.027,0.0,0.0,1.0,7.0,population
285,31.984646666666663,74.87841666666667,3,3,16.0,0.758434313252812,0.1875,0.5333333333333333,0.1875,0.5686877197875909,30.800837729085153,4.333333333333333,5.63,336.47,340.61,50.0,1,AGRICULTURAL,,,,,0.0,0.0,0.0,0.0,unknown
286,32.0499,74.89183333333334,3,2,4.018055555555556,0.7448323706685156,0.4977531973729692,0.1339351851851851,0.7466297960594538,0.5731209580991782,31.609969202950904,3.316666666666667,3.56,333.9866666666667,336.47,50.0,1,AGRICULTURAL,,,,,0.0,0.0,0.0,0.0,unknown
287,29.400685,74.53865499999999,4,3,7.048611111111111,0.5100388224235414,0.425615763546798,0.2349537037037037,0.5674876847290641,0.6622346294349221,33.30572729951764,3.0875000000000004,4.44,333.5375,337.18,50.0,1,AGRICULTURAL,,5.512,,1.641,0.0,1.0,0.0,38.0,population
288,29.855144000000003,75.820964,5,2,1.0,0.3966663732569572,1.0,0.0333333333333333,5.0,0.7159906038748891,57.65314541083112,5.212,5.84,337.38800000000003,340.09,50.0,1,AGRICULTURAL,,,,,0.0,0.0,0.0,0.0,unknown
289,29.8373725,75.4619375,4,3,10.99652777777778,0.5659752949300496,0.2728133880644142,0.366550925925926,0.3637511840858857,0.6385796782602939,31.029146315501173,9.975,14.69,336.11,340.08,50.0,1,AGRICULTURAL,,,,,0.0,0.0,0.0,0.0,unknown
290,29.97256,75.83411333333333,3,2,10.010416666666666,0.3427861906805418,0.1997918834547346,0.3336805555555555,0.299687825182102,0.7447201996419004,29.97939394832419,5.293333333333333,6.04,344.21000000000004,346.91,50.0,1,AGRICULTURAL,,,,,0.0,0.0,0.0,0.0,unknown
291,30.14900333333333,75.65737666666666,3,2,1.0,0.7180558939977733,1.0,0.0333333333333333,3.0,0.5820532402313658,49.97439813796065,2.6466666666666665,4.05,333.8,336.99,50.0,1,AGRICULTURAL,,,,,0.0,0.0,0.0,0.0,unknown
292,30.207039999999996,75.62249333333334,3,1,1.0,0.5882501626826625,1.0,0.0333333333333333,3.0,0.6296237352879801,50.925808039092935,7.44,8.43,342.07666666666665,343.14,50.0,1,AGRICULTURAL,,,,,0.0,0.0,0.0,0.0,unknown
293,30.32008666666667,75.81712,3,3,9.022222222222222,0.5953288353977103,0.3325123152709359,0.3007407407407407,0.3325123152709359,0.6268300163650606,30.86176909212515,8.226666666666667,13.45,342.9166666666667,350.64,50.0,1,AGRICULTURAL,,,,,0.0,0.0,0.0,0.0,unknown
294,30.459090000000003,75.9445675,4,2,6.979166666666667,0.5437929631549469,0.2865671641791044,0.2326388888888889,0.5731343283582089,0.6477552520749716,28.80092800999031,7.727499999999999,14.51,344.3075,367.0,57.5,1,AGRICULTURAL,,,,,0.0,0.0,0.0,0.0,unknown
295,30.4381,75.80346,4,2,2.0444444444444443,0.9444676059735414,0.9782608695652176,0.0681481481481481,1.956521739130435,0.51427958837058,46.228425905897915,5.27,7.11,340.29499999999996,342.76,50.0,1,AGRICULTURAL,,,,,0.0,0.0,0.0,0.0,unknown
296,30.56904125,75.95800750000001,8,3,10.010416666666666,1.3972573626509286,0.299687825182102,0.3336805555555555,0.7991675338189387,0.4171433637372095,27.673434753643487,5.77125,8.0,336.9825,339.58,50.0,1,AGRICULTURAL,,,,,0.0,0.0,0.0,0.0,unknown
297,30.606786666666668,75.78119833333334,6,4,7.048611111111111,0.8956761230138833,0.5674876847290641,0.2349537037037037,0.8512315270935961,0.5275162712975081,35.576877378148666,6.645,13.92,337.825,348.73,50.0,1,AGRICULTURAL,,,,,0.0,0.0,0.0,0.0,unknown
298,30.787026000000004,74.448664,5,4,8.035416666666666,1.1226204209365551,0.4977962146746176,0.2678472222222222,0.622245268343272,0.4711157916584888,32.607995999822045,10.308,15.28,339.618,345.72,50.0,1,AGRICULTURAL,,,,,0.0,0.0,0.0,0.0,unknown
299,31.09923666666667,74.95880666666666,3,3,16.0,0.4265538692899422,0.1875,0.5333333333333333,0.1875,0.7009900022196451,33.44688337772623,3.653333333333333,5.01,335.67,339.23,50.0,1,AGRICULTURAL,,,,,0.0,0.0,0.0,0.0,unknown
300,32.033803999999996,74.554336,5,4,20.01736111111111,0.6682152960125166,0.1998265394622723,0.6672453703703703,0.2497831743278404,0.5994430109772215,35.28924859849146,3.756,6.18,334.38599999999997,340.43,50.0,1,AGRICULTURAL,,,,,0.0,0.0,0.0,0.0,unknown
301,29.292886,76.563096,5,3,8.034027777777778,0.5757138270953408,0.373411703690898,0.2678009259259259,0.6223528394848301,0.6346330042958325,32.14591644350381,4.390000000000001,6.57,336.98400000000004,345.76,50.0,1,AGRICULTURAL,,,13.292,14.081,0.0,0.0,4.0,2.0,farmland
302,30.04926125,76.05666,8,6,13.038194444444445,1.5109346246186082,0.4601864181091877,0.4346064814814815,0.6135818908122503,0.3982580789620886,34.16987088658507,17.494999999999997,33.51,346.62874999999997,367.0,55.0,1,AGRICULTURAL,,,,,0.0,0.0,0.0,0.0,unknown
303,30.158409999999996,75.96269,4,4,9.022222222222222,0.9639118821674872,0.4433497536945813,0.3007407407407407,0.4433497536945813,0.5091878149320742,32.111141812233896,7.6025,17.22,341.10249999999996,367.0,47.5,1,AGRICULTURAL,,,,,0.0,0.0,0.0,0.0,unknown
304,30.19631,74.39297,3,2,7.0472222222222225,0.2036455382384418,0.2837997635001971,0.2349074074074074,0.4256996452502956,0.8308093772054512,32.06711474742586,4.140000000000001,4.95,337.13000000000005,340.5,50.0,1,AGRICULTURAL,,,,,0.0,0.0,0.0,0.0,unknown
305,30.687743333333337,75.442,3,2,5.990972222222222,0.4691918915112662,0.3338356323171438,0.199699074074074,0.5007534484757158,0.6806462830198187,29.87235510295183,9.456666666666669,12.84,343.25333333333333,367.0,60.0,1,AGRICULTURAL,,,,,0.0,0.0,0.0,0.0,unknown
306,30.730094444444447,74.3976488888889,9,5,12.052777777777775,0.9938560477117652,0.4148421295229316,0.4017592592592592,0.7467158331412769,0.5015407211306167,34.386849372634956,7.062222222222222,10.6,342.16555555555556,367.0,54.44444444444444,1,AGRICULTURAL,,,,13.385,0.0,0.0,0.0,2.0,population
307,30.916736666666665,74.21571999999999,3,1,1.0,0.4170186208005911,1.0,0.0333333333333333,3.0,0.7057070283487293,52.447473900307926,11.166666666666666,16.92,355.69,367.0,70.0,1,AGRICULTURAL,,,,,0.0,0.0,0.0,0.0,unknown
308,31.49179666666667,75.44904,3,2,3.030555555555555,0.5229981223461144,0.6599450045829515,0.1010185185185185,0.9899175068744273,0.6565996276210387,37.93059942005835,3.946666666666667,4.52,335.35,339.62,50.0,1,AGRICULTURAL,4.075,,6.832,1.416,16.0,0.0,9.0,77.0,population
309,31.5842175,75.55138,4,3,6.060416666666667,0.6932822901087178,0.4950154692334135,0.2020138888888888,0.6600206256445513,0.5905689829991635,33.36224252331928,3.955,4.51,338.5575,342.44,50.0,1,AGRICULTURAL,3.02,,7.118,2.614,10.0,0.0,6.0,78.0,population
310,29.851213333333337,75.63528333333333,3,2,5.990972222222222,0.5480517055241774,0.3338356323171438,0.199699074074074,0.5007534484757158,0.6459732555647393,29.17889455385024,8.906666666666666,13.85,344.40333333333336,354.39,50.0,1,AGRICULTURAL,,,,,0.0,0.0,0.0,0.0,unknown
311,30.07802666666667,76.07225999999999,3,1,1.0,0.4208744491253363,1.0,0.0333333333333333,3.0,0.7037919505242572,52.40917234381848,28.513333333333332,38.04,356.37999999999994,367.0,70.0,1,AGRICULTURAL,,,,,0.0,0.0,0.0,0.0,unknown
312,30.06658333333333,76.07881333333334,3,2,2.9611111111111112,0.7700222766261487,0.6754221388367729,0.0987037037037037,1.0131332082551594,0.5649646409570092,36.562382597473864,5.32,7.92,336.2366666666667,338.64,50.0,1,AGRICULTURAL,,,,,0.0,0.0,0.0,0.0,unknown
313,30.07166,75.84899333333334,3,2,13.038194444444445,0.7898031802930793,0.1533954727030625,0.4346064814814815,0.2300932090545938,0.5587206520865889,27.21667228249718,15.416666666666666,25.3,354.79333333333335,367.0,63.333333333333336,1,AGRICULTURAL,,,,,0.0,0.0,0.0,0.0,unknown
314,30.041839999999997,75.12137999999999,3,3,9.938888888888888,0.7096717715368259,0.3018446059250978,0.3312962962962962,0.3018446059250978,0.5849075925849199,29.790508951671484,9.683333333333334,13.73,340.43,350.28,43.333333333333336,1,AGRICULTURAL,,,,,0.0,0.0,0.0,0.0,unknown
315,30.108993333333338,74.57303,3,1,1.0,0.3958961821828308,1.0,0.0333333333333333,3.0,0.7163856544376038,52.66104642208541,8.38,10.4,336.75666666666666,339.24,50.0,1,AGRICULTURAL,,,,,0.0,0.0,0.0,0.0,unknown
316,30.195313333333335,75.82002,3,2,1.0,0.5143005330271276,1.0,0.0333333333333333,3.0,0.6603708961265258,51.540751255863846,6.446666666666666,7.36,340.4866666666667,341.52,50.0,1,AGRICULTURAL,,,,,0.0,0.0,0.0,0.0,unknown
317,30.282854285714283,75.96796714285713,7,5,11.981944444444444,1.229631828788791,0.4172945403964298,0.3993981481481481,0.5842123565550017,0.4485045410134967,32.93441162725404,12.011428571428572,18.19,344.8085714285714,367.0,51.42857142857143,1,AGRICULTURAL,,,,,0.0,0.0,0.0,0.0,unknown
318,30.720813333333336,74.31029333333333,3,2,16.986805555555556,0.2793833698433607,0.1177384407832876,0.5662268518518518,0.1766076611749315,0.7816265425760798,33.761874524253855,16.323333333333334,17.09,359.16,367.0,70.0,1,AGRICULTURAL,,,,,0.0,0.0,0.0,0.0,unknown
319,31.0347925,74.55793249999999,4,2,2.9611111111111112,0.3264045121299608,0.6754221388367729,0.0987037037037037,1.350844277673546,0.7539178213395735,41.18572387867111,5.907500000000001,7.03,334.385,338.31,50.0,1,AGRICULTURAL,,,,,0.0,0.0,0.0,0.0,unknown
320,31.055047777777776,74.89905555555555,9,4,10.995833333333334,1.6575245313648526,0.3637741568776051,0.3665277777777778,0.8184918529746116,0.3762900354061528,29.648449491332187,10.966666666666669,21.56,345.9766666666667,367.0,56.666666666666664,1,AGRICULTURAL,,,,,0.0,0.0,0.0,0.0,unknown
321,31.071396,75.02003799999999,5,3,6.979166666666667,1.3092448157332732,0.4298507462686567,0.2326388888888889,0.7164179104477612,0.4330420028170386,29.163379442742094,20.08,30.13,349.22200000000004,367.0,56.0,1,AGRICULTURAL,,,,,0.0,0.0,0.0,0.0,unknown
322,31.248915,74.5385275,4,3,2.9611111111111112,0.7007537495994557,1.0,0.0987037037037037,1.350844277673546,0.5879745966960296,47.60419522069705,6.460000000000001,9.39,341.9875,353.28,50.0,1,AGRICULTURAL,,,,13.298,0.0,0.0,0.0,4.0,population
323,31.88571333333333,74.50589333333333,3,1,1.0,0.3599956803189508,1.0,0.0333333333333333,3.0,0.7352964531221722,53.039262395776774,8.303333333333333,11.51,343.76666666666665,351.47,50.0,1,AGRICULTURAL,,,,,0.0,0.0,0.0,0.0,unknown
324,31.94745,74.78472000000001,4,2,2.9611111111111112,0.3022259838297661,0.6754221388367729,0.0987037037037037,1.350844277673546,0.767915870530445,41.465684862488544,3.1625,4.67,330.65,332.14,50.0,1,AGRICULTURAL,,,,,0.0,0.0,0.0,0.0,unknown
325,27.803890000000003,77.35564249999999,4,2,1.0,0.2862476518384541,1.0,0.0333333333333333,4.0,0.7774552579907019,56.38243849314737,7.69,11.8,347.89000000000004,367.0,57.5,1,AGRICULTURAL,,,,,0.0,0.0,0.0,0.0,unknown
326,29.00824,76.3382825,4,2,11.981944444444444,0.4572180240912534,0.1669178161585719,0.3993981481481481,0.3338356323171438,0.6862391100491756,29.551859470237236,6.902500000000001,9.06,349.26,367.0,57.5,1,AGRICULTURAL,,,,,0.0,0.0,0.0,0.0,unknown
327,29.09288,76.31024,4,4,5.990972222222222,0.7076666184375235,0.6676712646342877,0.199699074074074,0.6676712646342877,0.585594394832744,38.40368084912109,6.0125,9.18,336.0175,344.65,50.0,1,AGRICULTURAL,,,,,0.0,0.0,0.0,0.0,unknown
328,29.210099999999997,76.04495166666668,6,3,3.9479166666666665,0.6815022927965552,0.7598944591029024,0.1315972222222222,1.5197889182058049,0.5947062958426724,41.78036254101058,5.259999999999999,9.07,342.76500000000004,367.0,56.666666666666664,1,AGRICULTURAL,,,,,0.0,0.0,0.0,0.0,unknown
329,29.488416666666662,76.20335,3,3,21.004166666666663,0.3746839203090263,0.1428288038087681,0.7001388888888889,0.1428288038087681,0.7274399483593303,36.69420731319379,19.333333333333332,52.83,342.68333333333334,367.0,60.0,1,AGRICULTURAL,,,,,0.0,0.0,0.0,0.0,unknown
330,29.513793333333336,76.02842666666666,3,2,6.977777777777778,0.4576232781912784,0.286624203821656,0.2325925925925926,0.4299363057324841,0.6860483191794731,29.209348077385165,6.226666666666667,14.68,334.87333333333333,341.52,50.0,1,AGRICULTURAL,,,,,0.0,0.0,0.0,0.0,unknown
331,29.546023333333338,75.89904,3,2,5.990972222222222,0.5014456412989912,0.3338356323171438,0.199699074074074,0.5007534484757158,0.6660247780497999,29.579925003551455,7.176666666666667,10.41,337.07,341.11,50.0,1,AGRICULTURAL,,,,,0.0,0.0,0.0,0.0,unknown
332,29.5874325,75.9251,4,3,5.990972222222222,0.310108526023672,0.5007534484757158,0.199699074074074,0.6676712646342877,0.763295543946358,36.95016934663621,6.1175,10.31,342.1925,349.19,50.0,1,AGRICULTURAL,,,,,0.0,0.0,0.0,0.0,unknown
333,29.5910175,75.7134425,4,2,1.5034722222222223,0.1464286108041493,1.0,0.0501157407407407,2.6605080831408774,0.8722741133427937,55.34964599322658,2.105,3.5,321.9225,344.2,50.0,1,AGRICULTURAL,,,,,0.0,0.0,0.0,0.0,unknown
334,29.567226666666667,74.21586666666666,3,2,5.004166666666666,0.3345767044076831,0.3996669442131557,0.1668055555555555,0.5995004163197336,0.7493012553698244,32.644923363479386,5.193333333333334,6.69,337.4066666666667,342.26,43.333333333333336,1,AGRICULTURAL,,,,13.988,0.0,0.0,0.0,1.0,population
335,30.177188333333337,75.915135,6,4,9.022222222222222,0.8920565512306623,0.4433497536945813,0.3007407407407407,0.6650246305418719,0.5285254287719697,33.05208128115003,12.586666666666668,34.89,339.2,352.21,50.0,1,AGRICULTURAL,,,,,0.0,0.0,0.0,0.0,unknown
336,30.10962333333333,75.10655666666666,3,3,5.004166666666666,0.3796637904851938,0.5995004163197336,0.1668055555555555,0.5995004163197336,0.7248142677197642,38.15018777367551,17.176666666666666,39.23,337.57,339.1,50.0,1,AGRICULTURAL,,,,,0.0,0.0,0.0,0.0,unknown
337,30.202496666666672,75.72730333333334,3,1,1.0,0.4990644640044283,1.0,0.0333333333333333,3.0,0.6670827199310129,51.67498773195359,4.706666666666666,4.72,341.12666666666667,351.77,43.333333333333336,1,AGRICULTURAL,,,,,0.0,0.0,0.0,0.0,unknown
338,30.47337333333333,75.70190000000001,3,1,1.0,0.3921193220902059,1.0,0.0333333333333333,3.0,0.7183292294934489,52.699917923202314,5.489999999999999,5.49,345.5733333333333,367.0,60.0,1,AGRICULTURAL,,,,,0.0,0.0,0.0,0.0,unknown
339,30.5994,75.71596,3,3,1.9743055555555555,0.6198364781165641,1.0,0.0658101851851851,1.51952163207879,0.6173462652000109,47.79098401382682,2.893333333333333,3.53,335.99333333333334,341.78,50.0,1,AGRICULTURAL,,,,,0.0,0.0,0.0,0.0,unknown
340,30.600746666666662,75.44647666666667,3,2,1.9743055555555555,0.506920953315559,1.0,0.0658101851851851,1.51952163207879,0.6636048147049645,48.71615500392589,4.076666666666667,6.42,331.3766666666666,332.81,43.333333333333336,1,AGRICULTURAL,,,,,0.0,0.0,0.0,0.0,unknown
341,30.572242,75.048468,5,4,4.01875,1.1230693693603178,0.995334370139969,0.1339583333333333,1.244167962674961,0.4710161685867574,45.73973271595495,6.724000000000001,9.25,338.62,345.01,50.0,1,AGRICULTURAL,,,,,0.0,0.0,0.0,0.0,unknown
342,30.549424285714284,74.25284428571429,7,4,5.990972222222222,1.039835476576302,0.6676712646342877,0.199699074074074,1.1684247131100034,0.4902356153146324,37.748388879948145,10.30285714285714,19.28,344.51000000000005,367.0,54.285714285714285,1,AGRICULTURAL,,,,10.87,0.0,0.0,0.0,10.0,population
343,30.7502675,74.4225075,4,2,7.965972222222222,0.5103056057259776,0.2510679103827042,0.2655324074074074,0.5021358207654084,0.6621176510295196,28.66804006917022,8.43,17.96,334.7275,336.02,50.0,1,AGRICULTURAL,,,,,0.0,0.0,0.0,0.0,unknown
344,30.975319999999996,75.01766833333333,6,4,15.013194444444444,0.7987055062571294,0.2664323049169712,0.5004398148148148,0.3996484573754568,0.5559553781991078,32.6221932253003,8.139999999999999,25.54,335.5833333333333,338.79,50.0,1,AGRICULTURAL,,,,,0.0,0.0,0.0,0.0,unknown
345,31.093783333333334,74.70565333333333,3,2,1.9743055555555555,0.3164725365770816,1.0,0.0658101851851851,1.51952163207879,0.7596056675819978,50.63617206146655,5.296666666666667,5.52,334.25,336.4,50.0,1,AGRICULTURAL,,,,,0.0,0.0,0.0,0.0,unknown
346,31.30154333333333,75.29393333333333,3,3,5.004861111111111,0.6685739295550874,0.5994172332454558,0.1668287037037037,0.5994172332454558,0.5993141701948097,35.638061076966096,6.463333333333334,9.12,339.58666666666664,345.05,50.0,1,AGRICULTURAL,,,,,0.0,0.0,0.0,0.0,unknown
347,31.288903333333337,74.59299,3,1,1.0,0.4230759850442851,1.0,0.0333333333333333,3.0,0.7027031658951652,52.38739665123664,28.343333333333337,43.7,337.83,341.8,50.0,1,AGRICULTURAL,,,10.458,10.945,0.0,0.0,1.0,12.0,farmland
348,31.373386666666665,74.83464777777777,9,5,10.009027777777778,1.999763291661093,0.4995490182474155,0.3336342592592592,0.899188232845348,0.3333596363352585,32.24249033772249,5.271111111111111,8.96,335.3333333333333,343.93,45.55555555555556,1,AGRICULTURAL,,,,,0.0,0.0,0.0,0.0,unknown
349,31.492373333333333,75.58227666666667,3,1,1.0,0.332864863339335,1.0,0.0333333333333333,3.0,0.750263606990598,53.33860547314529,4.236666666666667,5.67,346.94000000000005,367.0,60.0,1,AGRICULTURAL,4.845,,6.774,2.194,17.0,0.0,8.0,57.0,population
350,31.604356666666664,75.59736,3,1,1.0,0.2482001994224637,1.0,0.0333333333333333,3.0,0.8011535332735046,54.35640399880343,8.816666666666668,11.97,358.37000000000006,367.0,70.0,1,AGRICULTURAL,3.372,,11.585,4.079,10.0,0.0,6.0,56.0,industrial
351,31.56329,74.99790666666667,3,1,1.0,0.402796053642066,1.0,0.0333333333333333,3.0,0.7128619997209926,52.59057332775319,68.57333333333334,96.85,326.74333333333334,343.08,43.333333333333336,1,AGRICULTURAL,,,,,0.0,0.0,0.0,0.0,unknown
352,31.845265,74.6097425,4,2,5.992361111111111,0.3313850562496884,0.3337582570402132,0.1997453703703703,0.6675165140804264,0.7510975095490778,31.697123446648277,6.102500000000001,8.73,333.58500000000004,341.05,50.0,1,AGRICULTURAL,,,,,0.0,0.0,0.0,0.0,unknown
353,31.9265825,74.468965,4,3,11.983333333333333,0.7256898925069479,0.2503477051460361,0.3994444444444444,0.3337969401947149,0.5794783896817509,29.92060240961401,4.5525,5.2,334.7925,336.18,50.0,1,AGRICULTURAL,,,,,0.0,0.0,0.0,0.0,unknown
354,31.315376000000004,75.187728,5,3,26.009027777777774,0.8640791353636523,0.1153445651883694,0.8669675925925926,0.1922409419806157,0.5364579115923187,36.34428735726381,1.258,1.99,304.15,308.06,50.0,1,AGRICULTURAL,,,,,0.0,0.0,0.0,0.0,unknown
355,30.086063333333332,77.08352000000001,3,2,1.0,0.1349580223712204,1.0,0.0333333333333333,3.0,0.8810898555620074,55.95513044457349,3.5999999999999996,4.71,328.50333333333333,336.77,50.0,1,AGRICULTURAL,,,,,0.0,0.0,0.0,0.0,unknown
356,28.328122380952383,77.17275285714285,21,13,22.979166666666668,0.3960939387885536,0.5657298277425203,0.7659722222222223,0.913871260199456,0.716284178461329,52.731562107556385,1.2623809523809526,2.88,303.71476190476193,317.21,50.0,1,AGRICULTURAL,,,,,0.0,0.0,0.0,0.0,unknown
357,29.79318,75.492165,4,3,5.990972222222222,0.8659830396963584,0.5007534484757158,0.199699074074074,0.6676712646342877,0.5359105515571699,32.40246949885244,3.6075,4.92,333.4575,335.82,45.0,1,AGRICULTURAL,,,,,0.0,0.0,0.0,0.0,unknown
358,29.943918000000004,74.637358,5,4,14.026388888888889,0.8206359826742994,0.2851767501732845,0.4675462962962963,0.3564709377166056,0.5492586159541447,32.12030957598035,8.214,16.46,334.174,337.53,38.0,1,AGRICULTURAL,,,,,0.0,0.0,0.0,0.0,unknown
359,30.044456666666665,75.25179333333334,3,3,5.990972222222222,0.5102605370347504,0.5007534484757158,0.199699074074074,0.5007534484757158,0.6621374097236247,34.50971212178511,2.986666666666667,4.48,333.27333333333337,334.35,43.333333333333336,1,AGRICULTURAL,,,,,0.0,0.0,0.0,0.0,unknown
360,30.4306425,75.74838,4,2,1.0,0.9873792165579685,1.0,0.0333333333333333,4.0,0.5031752328234291,50.89683798980191,20.589999999999996,40.03,332.245,345.4,45.0,1,AGRICULTURAL,,,,,0.0,0.0,0.0,0.0,unknown
361,30.39504,74.77029999999999,4,2,5.004166666666666,0.6741142183054856,0.3996669442131557,0.1668055555555555,0.7993338884263115,0.5973308087737201,30.105098111823743,5.525,7.17,334.45500000000004,342.42,50.0,1,AGRICULTURAL,,13.955,,13.963,0.0,2.0,0.0,2.0,forest
362,30.71862,75.09131333333333,3,2,5.004166666666666,0.4863706137186114,0.3996669442131557,0.1668055555555555,0.5995004163197336,0.6727797164249593,31.114492584582077,7.276666666666666,9.13,341.8233333333333,350.91,43.333333333333336,1,AGRICULTURAL,,,,,0.0,0.0,0.0,0.0,unknown
363,30.7897325,74.9612325,4,4,10.009722222222225,0.5762112263943561,0.3996114888303038,0.3336574074074074,0.3996114888303038,0.6344327354446895,34.01746328106385,3.8975,7.28,335.96,343.82,45.0,1,AGRICULTURAL,,,,,0.0,0.0,0.0,0.0,unknown
364,31.075370000000003,74.88947,3,2,1.0,0.2200008479354482,1.0,0.0333333333333333,3.0,0.8196715614519894,54.726764562373134,4.433333333333334,7.35,336.57666666666665,344.04,50.0,1,AGRICULTURAL,,,,,0.0,0.0,0.0,0.0,unknown
365,31.16761,74.67379000000001,3,2,6.979166666666667,0.1870200485147222,0.2865671641791044,0.2326388888888889,0.4298507462686567,0.8424457541818826,32.33652909690465,4.726666666666667,5.96,331.97333333333336,333.53,50.0,1,AGRICULTURAL,,,,,0.0,0.0,0.0,0.0,unknown
366,31.22357,74.97806666666666,3,3,21.004166666666663,0.8177713904295362,0.1428288038087681,0.7001388888888889,0.1428288038087681,0.5501241824274182,33.14789199455555,4.34,6.25,339.0833333333333,342.24,50.0,1,AGRICULTURAL,,,,,0.0,0.0,0.0,0.0,unknown
367,31.161955,74.51490749999999,4,3,8.952777777777778,0.751771301328829,0.3350915296307787,0.2984259259259259,0.4467887061743717,0.5708507721535551,30.047381245578546,4.54,6.18,333.7375,339.64,50.0,1,AGRICULTURAL,,,,,0.0,0.0,0.0,0.0,unknown
368,31.497546666666665,75.27075333333333,3,3,14.026388888888889,0.7986104340403133,0.2138825626299633,0.4675462962962963,0.2138825626299633,0.5559847652799652,29.75953599848052,5.08,6.19,333.2366666666667,338.23,36.666666666666664,1,AGRICULTURAL,,,7.548,7.251,0.0,0.0,1.0,17.0,population
369,32.01640666666667,74.47218666666666,3,3,10.995138888888889,0.2836903820999874,0.272847849428409,0.3665046296296296,0.272847849428409,0.7790040448570639,33.61025174430531,4.169999999999999,5.43,335.21333333333337,336.92,50.0,1,AGRICULTURAL,,,,,0.0,0.0,0.0,0.0,unknown
370,30.679,76.26009666666667,3,3,21.00625,0.1744575814198587,0.1428146385004463,0.7002083333333334,0.1428146385004463,0.8514568902446451,39.17582188949074,0.7000000000000001,1.06,300.01666666666665,303.98,50.0,1,AGRICULTURAL,,,,,0.0,0.0,0.0,0.0,unknown
371,31.097063333333335,75.53933333333333,3,2,4.018055555555556,0.7391981073311009,0.4977531973729692,0.1339351851851851,0.7466297960594538,0.5749776266342408,31.64710257365216,3.9166666666666665,5.46,336.7033333333333,338.04,50.0,1,AGRICULTURAL,,,,,0.0,0.0,0.0,0.0,unknown
372,31.076206666666668,75.24501,3,3,5.003472222222222,0.4418601096510765,0.5995836224843858,0.1667824074074074,0.5995836224843858,0.6935485580789078,37.52699907750589,3.443333333333334,5.96,339.0566666666667,353.41,50.0,1,AGRICULTURAL,,,,,0.0,0.0,0.0,0.0,unknown
373,31.152017142857144,75.01800714285714,7,5,10.995833333333334,1.176526401340439,0.4547176960970064,0.3665277777777778,0.636604774535809,0.4594476774479457,33.585190812653074,6.155714285714287,12.39,339.95428571428573,367.0,54.285714285714285,1,AGRICULTURAL,,,,,0.0,0.0,0.0,0.0,unknown
374,31.20205,75.08913,3,2,6.977777777777778,0.21226730067312,0.286624203821656,0.2325925925925926,0.4299363057324841,0.8249005804617042,31.986393303029793,9.92,12.53,342.8833333333334,344.79,50.0,1,AGRICULTURAL,,,,,0.0,0.0,0.0,0.0,unknown
375,31.161646666666662,74.63427666666666,3,2,15.999305555555557,0.5911218067444275,0.1250054255827075,0.5333101851851851,0.1875081383740613,0.6284873953466117,30.121435649978245,4.653333333333333,4.66,336.40000000000003,344.19,43.333333333333336,1,AGRICULTURAL,,,,,0.0,0.0,0.0,0.0,unknown
376,31.196315,74.832255,4,3,6.979166666666667,0.6503716557819861,0.4298507462686567,0.2326388888888889,0.5731343283582089,0.6059241241186827,32.2628129135511,8.8,20.82,334.175,338.04,45.0,1,AGRICULTURAL,,,,,0.0,0.0,0.0,0.0,unknown
377,31.215926666666665,74.78522,3,2,4.018055555555556,0.3726106729955274,0.4977531973729692,0.1339351851851851,0.7466297960594538,0.7285387034166377,34.7183241093001,5.223333333333334,7.34,337.90333333333336,344.28,50.0,1,AGRICULTURAL,,,,,0.0,0.0,0.0,0.0,unknown
378,29.855063333333337,78.00511666666667,3,3,23.964583333333337,0.4318283615913986,0.1251847344171086,0.7988194444444444,0.1251847344171086,0.698407732955195,38.00714463877104,2.9066666666666667,4.41,331.73333333333335,335.18,50.0,1,AGRICULTURAL,,,,,0.0,0.0,0.0,0.0,unknown
379,29.733500000000003,75.83261666666667,3,2,5.991666666666666,0.3533686736672931,0.3337969401947149,0.1997222222222222,0.5006954102920723,0.738896960936925,31.03664150586568,5.8066666666666675,11.6,333.66333333333336,335.33,43.333333333333336,1,AGRICULTURAL,,,,,0.0,0.0,0.0,0.0,unknown
380,29.55141,74.44322666666666,3,3,8.034722222222221,0.3929367556422746,0.3733794295592049,0.267824074074074,0.3733794295592049,0.7179076838552559,33.18858698963113,5.656666666666666,8.5,345.18,367.0,60.0,1,AGRICULTURAL,,11.306,2.882,1.401,0.0,2.0,1.0,42.0,population
381,30.01304,75.48007333333334,3,2,4.016666666666667,0.3758819474238829,0.4979253112033195,0.1338888888888889,0.7468879668049793,0.7268065417039148,34.68833230941255,21.126666666666665,30.2,340.7833333333333,347.54,43.333333333333336,1,AGRICULTURAL,,,,,0.0,0.0,0.0,0.0,unknown
382,30.066933333333335,75.11113166666667,6,3,11.98263888888889,1.1848990413699227,0.2503622138510576,0.3994212962962963,0.5007244277021153,0.4576870514680642,27.901950921555706,9.253333333333334,15.7,345.855,367.0,55.0,1,AGRICULTURAL,,,,,0.0,0.0,0.0,0.0,unknown
383,30.304217142857144,75.94887428571428,7,2,5.003472222222222,0.9572402527855238,0.3997224149895905,0.1667824074074074,1.399028452463567,0.5109234794128164,29.877273354288143,9.447142857142856,12.29,336.65857142857146,345.61,44.285714285714285,1,AGRICULTURAL,,,,,0.0,0.0,0.0,0.0,unknown
384,30.372926666666668,75.97222333333333,3,1,1.0,0.2851698595460681,1.0,0.0333333333333333,3.0,0.7781072615204403,53.89547856374215,7.859999999999999,8.17,336.8066666666667,344.58,50.0,1,AGRICULTURAL,,,,,0.0,0.0,0.0,0.0,unknown
385,30.381546666666665,74.8524,3,1,1.0,0.2877100139506717,1.0,0.0333333333333333,3.0,0.776572356482666,53.86478046298666,6.82,9.92,332.0566666666667,333.32,30.0,1,AGRICULTURAL,,,,,0.0,0.0,0.0,0.0,unknown
386,30.55309,75.04694,3,3,4.016666666666667,0.627958818069577,0.7468879668049793,0.1338888888888889,0.7468879668049793,0.6142661527432208,39.90640419824846,4.703333333333333,6.83,345.3433333333333,352.82,50.0,1,AGRICULTURAL,,,,,0.0,0.0,0.0,0.0,unknown
387,30.63697,75.56881333333332,3,2,5.991666666666666,0.3562882971010556,0.3337969401947149,0.1997222222222222,0.5006954102920723,0.737306369256013,31.00482967224745,3.4266666666666663,4.39,335.2966666666667,338.07,50.0,1,AGRICULTURAL,,,,,0.0,0.0,0.0,0.0,unknown
388,30.64646,75.46737333333334,3,2,4.016666666666667,0.8345674343043359,0.4979253112033195,0.1338888888888889,0.7468879668049793,0.5450876219108282,31.053953913550817,3.353333333333333,3.73,332.74666666666667,333.2,50.0,1,AGRICULTURAL,,,,,0.0,0.0,0.0,0.0,unknown
389,30.707676666666668,75.11296666666668,3,2,3.029861111111111,0.527483664481213,0.6600962640385056,0.1009953703703703,0.9901443960577584,0.6546714856945034,37.89656288444889,3.4266666666666663,3.71,338.68333333333334,342.27,50.0,1,AGRICULTURAL,,,,,0.0,0.0,0.0,0.0,unknown
390,30.69981666666667,74.97831666666667,9,6,5.991666666666666,1.473548854701055,1.0,0.1997222222222222,1.502086230876217,0.4042774405281988,46.83381994331007,5.45888888888889,10.27,334.95000000000005,343.24,47.77777777777778,1,AGRICULTURAL,,,,,0.0,0.0,0.0,0.0,unknown
391,30.931746666666665,75.05543666666667,3,2,4.018055555555556,0.3530822554721052,0.4977531973729692,0.1339351851851851,0.7466297960594538,0.7390533694132949,34.92861742923324,5.446666666666666,6.89,337.3666666666667,341.41,50.0,1,AGRICULTURAL,,,,,0.0,0.0,0.0,0.0,unknown
392,31.0116,75.54819333333334,3,2,4.018055555555556,0.265483212814146,0.4977531973729692,0.1339351851851851,0.7466297960594538,0.79021198374985,35.951789715964345,3.0033333333333334,3.28,337.0566666666667,340.36,50.0,1,AGRICULTURAL,,,,,0.0,0.0,0.0,0.0,unknown
393,30.9727425,75.13194250000001,4,3,5.990972222222222,0.8129017217143925,0.5007534484757158,0.199699074074074,0.6676712646342877,0.5516018811291866,32.71629609029278,14.1225,36.7,338.06,345.12,50.0,1,AGRICULTURAL,,,,,0.0,0.0,0.0,0.0,unknown
394,31.370246,74.899776,5,2,8.034722222222221,1.0164132449196297,0.2489196197061365,0.267824074074074,0.6222990492653414,0.4959300889931707,25.63753984606272,5.176,8.42,335.342,345.54,50.0,1,AGRICULTURAL,,,,,0.0,0.0,0.0,0.0,unknown
395,31.4044325,74.84353999999999,4,2,5.003472222222222,0.7556481818461942,0.3997224149895905,0.1667824074074074,0.7994448299791811,0.5695902005539777,29.55164872090041,8.135,15.57,335.09749999999997,343.16,45.0,1,AGRICULTURAL,,,,,0.0,0.0,0.0,0.0,unknown
396,31.44931,74.79330333333333,3,2,22.977083333333333,0.6419832285946695,0.0870432496146522,0.7659027777777777,0.1305648744219784,0.609019618827577,34.2656714954905,3.5933333333333333,3.93,333.99666666666667,339.56,50.0,1,AGRICULTURAL,,,13.368,14.281,0.0,0.0,2.0,1.0,farmland
397,31.548838,75.382832,5,3,10.995833333333334,0.8150701053745257,0.2728306176582039,0.3665277777777778,0.4547176960970064,0.5509429068546405,29.50376535152589,3.332,5.73,332.54800000000006,333.96,50.0,1,AGRICULTURAL,8.051,,5.058,3.354,8.0,0.0,7.0,67.0,population
398,31.8285275,74.907475,4,4,36.017361111111114,1.0650653714772107,0.1110575532632796,1.0,0.1110575532632796,0.4842461714830202,38.294293910716995,4.5725,5.69,335.54249999999996,338.3,50.0,1,AGRICULTURAL,,,,,0.0,0.0,0.0,0.0,unknown
399,31.968106666666667,74.45616333333334,3,1,1.0,0.2872781908569533,1.0,0.0333333333333333,3.0,0.7768328610727806,53.86999055478895,5.6433333333333335,6.37,338.9733333333333,342.71,50.0,1,AGRICULTURAL,,,,,0.0,0.0,0.0,0.0,unknown
400,29.422472,78.675288,5,3,21.00625,0.5635741792173083,0.1428146385004463,0.7002083333333334,0.2380243975007438,0.6395603184625231,35.17591485134904,3.644,5.02,332.64,339.96,50.0,1,AGRICULTURAL,,11.207,,,0.0,5.0,0.0,0.0,forest
401,29.550856,74.25841,5,4,14.027083333333334,0.9397904635120894,0.2851626318134561,0.4675694444444444,0.3564532897668201,0.515519598023721,31.445640250406264,9.218,23.11,339.598,344.01,50.0,1,AGRICULTURAL,,12.524,,9.64,0.0,1.0,0.0,9.0,population
402,29.94257,74.51402333333334,3,3,16.988194444444446,0.7521137709905199,0.1765932224175285,0.5662731481481482,0.1765932224175285,0.570739193171612,31.31089229570562,5.16,6.46,340.34666666666664,345.17,50.0,1,AGRICULTURAL,,,,,0.0,0.0,0.0,0.0,unknown
403,30.60438666666667,75.89606666666667,3,2,4.016666666666667,0.5525632179368382,0.4979253112033195,0.1338888888888889,0.7468879668049793,0.6440961556005911,33.03412458734608,16.333333333333332,24.09,337.57666666666665,340.55,43.333333333333336,1,AGRICULTURAL,,,,,0.0,0.0,0.0,0.0,unknown
404,30.359326666666664,74.61175666666668,3,3,5.004861111111111,0.5013050257474336,0.5994172332454558,0.1668287037037037,0.5994172332454558,0.666087159404628,36.97352086116247,6.086666666666667,10.38,337.99,351.81,43.333333333333336,1,AGRICULTURAL,10.982,6.448,,6.144,2.0,2.0,0.0,16.0,population
405,30.715746666666664,75.90932833333333,6,2,4.016666666666667,0.930065015522514,0.4979253112033195,0.1338888888888889,1.4937759336099583,0.5181172613137472,32.38176661862165,6.098333333333333,6.95,335.275,340.28,46.666666666666664,1,AGRICULTURAL,,,,,0.0,0.0,0.0,0.0,unknown
406,31.009316666666667,76.25977333333333,3,2,10.009027777777778,0.4942588522513693,0.1998196072989662,0.3336342592592592,0.2997294109484493,0.669228091567482,28.469330059171227,3.7566666666666664,5.38,335.68,339.99,50.0,1,AGRICULTURAL,,,,,0.0,0.0,0.0,0.0,unknown
407,31.748795714285713,74.92616714285714,7,3,7.519444444444445,0.7295864109881058,0.3989656446250461,0.2506481481481482,0.930919837458441,0.5781729051795128,32.12593073969145,4.371428571428572,7.88,328.1471428571428,350.08,50.0,1,AGRICULTURAL,,,,,0.0,0.0,0.0,0.0,unknown
408,28.98233,76.49282,4,3,14.026388888888889,0.5363332142658215,0.2138825626299633,0.4675462962962963,0.2851767501732845,0.6509004626824247,31.836085415388016,4.3975,7.79,335.07,338.98,50.0,1,AGRICULTURAL,,,,,0.0,0.0,0.0,0.0,unknown
409,30.04531,75.33806666666668,3,2,3.029861111111111,0.3639380728988858,0.6600962640385056,0.1009953703703703,0.9901443960577584,0.7331711166875933,39.46655550431068,3.88,5.15,339.44,347.27,50.0,1,AGRICULTURAL,,,,,0.0,0.0,0.0,0.0,unknown
410,30.6294575,75.395735,4,2,2.0430555555555556,0.497575558358908,0.9789259007477906,0.0681018518518518,1.9578518014955812,0.6677459407095508,49.31987163665998,3.9925,6.16,336.37749999999994,340.63,45.0,1,AGRICULTURAL,,,,,0.0,0.0,0.0,0.0,unknown
411,30.94466,74.44257333333333,3,1,1.0,0.1931800907260623,1.0,0.0333333333333333,3.0,0.8380964514681851,55.09526236269704,5.386666666666667,8.16,341.33666666666664,348.31,50.0,1,AGRICULTURAL,,,,,0.0,0.0,0.0,0.0,unknown
412,31.997411999999997,74.622102,5,3,8.035416666666666,0.9138092642505908,0.3733471610059632,0.2678472222222222,0.622245268343272,0.5225181101793757,29.902570760180147,3.218,5.76,332.604,333.41,50.0,1,AGRICULTURAL,,,,,0.0,0.0,0.0,0.0,unknown
413,32.025393333333334,74.62652666666666,6,6,11.98263888888889,1.0038689643665726,0.5007244277021153,0.3994212962962963,0.5007244277021153,0.4990346264063739,36.23976883585363,3.7183333333333337,6.35,334.2383333333333,339.31,50.0,1,AGRICULTURAL,,,,,0.0,0.0,0.0,0.0,unknown
414,30.259776666666667,74.56456333333334,3,2,7.964583333333334,0.3986727388118561,0.2511116923881768,0.2654861111111111,0.3766675385822652,0.7149635309611307,29.41144301510136,7.846666666666667,12.06,341.29333333333335,351.49,50.0,1,AGRICULTURAL,,,,12.544,0.0,0.0,0.0,3.0,population
415,29.32142,74.28641,3,2,6.979166666666667,0.67512715324207,0.2865671641791044,0.2326388888888889,0.4298507462686567,0.5969696079874192,27.42700617301538,8.63,13.14,338.39,344.29,50.0,1,AGRICULTURAL,,,,,0.0,0.0,0.0,0.0,unknown
416,30.268153333333338,74.37678,3,2,1.0576388888888888,0.5850821286323623,1.0,0.0352546296296296,2.8365068942875906,0.6308821366012234,50.59027570848419,10.473333333333334,13.07,343.92,351.9,50.0,1,AGRICULTURAL,,,,13.997,0.0,0.0,0.0,2.0,population
417,30.36503,74.332506,5,3,7.964583333333334,0.7978882865963888,0.3766675385822652,0.2654861111111111,0.6277792309704421,0.5562080844817762,30.630788702307367,8.478,11.67,340.98999999999995,349.23,46.0,1,AGRICULTURAL,9.268,,,9.131,2.0,0.0,0.0,10.0,population
418,30.395462499999997,74.70539000000001,4,1,1.0,0.847137658915215,1.0,0.0333333333333333,4.0,0.5413781670107246,51.66089667354783,11.07,11.94,341.8375,347.05,50.0,1,AGRICULTURAL,,7.871,,9.257,0.0,2.0,0.0,8.0,forest
419,30.502362499999997,74.6528375,4,2,2.0430555555555556,0.7949594172148846,0.9789259007477906,0.0681018518518518,1.9578518014955812,0.5571156597800029,47.10726601806902,19.3425,26.72,349.66,367.0,65.0,1,AGRICULTURAL,11.01,3.923,,1.238,3.0,11.0,0.0,31.0,population
420,30.505646666666667,74.63297666666666,3,1,1.0,0.4552163030898759,1.0,0.0333333333333333,3.0,0.6871830654155603,52.076994641644546,18.783333333333335,26.39,350.59666666666664,367.0,60.0,1,AGRICULTURAL,9.201,4.313,,1.167,7.0,11.0,0.0,35.0,population
421,31.906980000000004,74.415325,4,2,7.965972222222222,0.7048289234822395,0.2510679103827042,0.2655324074074074,0.5021358207654084,0.5865691191802552,27.157069432184933,6.864999999999998,15.12,338.3025,350.36,50.0,1,AGRICULTURAL,,,,,0.0,0.0,0.0,0.0,unknown
422,31.231671999999996,74.95324600000001,5,4,2.5125,1.182732629396648,1.0,0.08375,1.990049751243781,0.4581413163170701,46.23170070445085,3.062,7.85,314.152,339.58,50.0,1,AGRICULTURAL,,,,,0.0,0.0,0.0,0.0,unknown
423,29.353952,79.053972,5,4,18.961111111111112,1.3728635998692702,0.2109581013770876,0.6320370370370371,0.2636976267213595,0.4214317249651828,31.21754753334561,2.776,4.72,328.80199999999996,333.43,46.0,1,AGRICULTURAL,,,,,0.0,0.0,0.0,0.0,unknown
424,30.40142333333333,74.67255,3,3,2.9604166666666667,0.735757313630818,1.0,0.0986805555555555,1.0133708655876144,0.5761174054385648,46.52278916162923,8.306666666666667,11.18,334.01,335.04,50.0,1,AGRICULTURAL,14.623,4.671,,6.545,2.0,2.0,0.0,14.0,forest
425,30.630606,74.976446,5,2,2.0430555555555556,0.5175048557726107,0.9789259007477906,0.0681018518518518,2.4473147518694764,0.6589764745700716,50.36813968980513,13.386,22.01,344.886,367.0,56.0,1,AGRICULTURAL,,,,,0.0,0.0,0.0,0.0,unknown
426,31.03070333333333,75.11209666666666,3,2,3.03125,0.4485992669607919,0.6597938144329897,0.1010416666666666,0.9896907216494846,0.6903220392331361,38.60052368844279,8.346666666666666,9.55,336.31666666666666,340.64,50.0,1,AGRICULTURAL,,,,,0.0,0.0,0.0,0.0,unknown
427,31.334333333333333,74.5623,3,1,1.0,0.3945296731982055,1.0,0.0333333333333333,3.0,0.7170876455476249,52.67508624428583,6.776666666666666,9.11,336.1266666666667,342.93,43.333333333333336,1,AGRICULTURAL,11.636,13.29,5.693,5.142,1.0,1.0,2.0,35.0,population
428,28.996194000000003,76.43815000000001,5,5,17.97361111111111,1.1912124681270648,0.2781856116219766,0.5991203703703704,0.2781856116219766,0.456368341521326,33.146408467400015,3.4480000000000004,5.49,335.4119999999999,341.47,50.0,1,AGRICULTURAL,,,,,0.0,0.0,0.0,0.0,unknown
429,29.75630666666667,76.17871,3,2,1.0,0.5910711566150723,1.0,0.0333333333333333,3.0,0.6285074026025662,50.903481385384666,16.88,34.42,346.2633333333333,353.04,50.0,1,AGRICULTURAL,,,,,0.0,0.0,0.0,0.0,unknown
430,29.894136666666668,76.00919666666665,3,1,1.0,0.2699415192516013,1.0,0.0333333333333333,3.0,0.7874378346093586,54.082090025520515,10.133333333333333,15.4,354.33666666666664,367.0,60.0,1,AGRICULTURAL,,,,,0.0,0.0,0.0,0.0,unknown
431,29.9798825,75.597715,4,1,1.0,0.2114422332582819,1.0,0.0333333333333333,4.0,0.8254623889992764,57.34258111331886,24.7425,26.5,352.58250000000004,367.0,57.5,1,AGRICULTURAL,,,,,0.0,0.0,0.0,0.0,unknown
432,30.573656666666665,75.07502,3,1,1.0,0.2505443327671838,1.0,0.0333333333333333,3.0,0.7996517786676275,54.326368906685886,6.776666666666666,6.9,344.26000000000005,346.1,50.0,1,AGRICULTURAL,,,,,0.0,0.0,0.0,0.0,unknown
433,30.631923333333333,74.50416,3,1,1.0,0.1861072247466237,1.0,0.0333333333333333,3.0,0.8430940973431976,55.19521528019729,12.26,15.76,359.23333333333335,367.0,70.0,1,AGRICULTURAL,7.453,5.78,,1.611,1.0,8.0,0.0,34.0,population
434,30.672567499999996,74.9704725,4,2,1.0,0.9905245846754064,1.0,0.0333333333333333,4.0,0.5023801301921972,50.88093593717728,4.1850000000000005,5.69,340.825,348.23,50.0,1,AGRICULTURAL,,,,,0.0,0.0,0.0,0.0,unknown
435,30.719809999999995,75.06286,3,2,2.9618055555555554,0.2820898377097892,0.6752637749120751,0.0987268518518518,1.012895662368113,0.779976543442783,40.85785456843449,6.37,6.88,339.4866666666667,347.83,50.0,1,AGRICULTURAL,,,,,0.0,0.0,0.0,0.0,unknown
436,30.71171,74.90357666666667,3,2,3.9479166666666665,0.3404065639827608,0.5065963060686016,0.1315972222222222,0.7598944591029024,0.7460423030372904,35.30840194611666,6.723333333333334,9.45,341.7633333333333,345.8,50.0,1,AGRICULTURAL,,,,,0.0,0.0,0.0,0.0,unknown
437,30.740192500000003,74.34246,4,2,1.0,0.4071420193739655,1.0,0.0333333333333333,4.0,0.7106603215821087,55.04653976497551,8.190000000000001,11.17,336.8275,337.59,50.0,1,AGRICULTURAL,,,,,0.0,0.0,0.0,0.0,unknown
438,30.895503333333338,74.91710666666667,3,3,12.052777777777775,0.7239608099810442,0.2489052777137589,0.4017592592592592,0.2489052777137589,0.5800595896440335,29.734594800059316,19.066666666666663,38.24,346.8433333333333,367.0,60.0,1,AGRICULTURAL,,,,,0.0,0.0,0.0,0.0,unknown
439,31.06132,74.98631,4,2,5.004861111111111,0.7629835002003482,0.3996114888303038,0.1668287037037037,0.7992229776606077,0.5672202830522001,29.50152536269723,13.935,26.6,361.8,367.0,72.5,1,AGRICULTURAL,,,,,0.0,0.0,0.0,0.0,unknown
440,31.28794333333333,74.99230999999999,3,2,3.029861111111111,0.6635784433491337,0.6600962640385056,0.1009953703703703,0.9901443960577584,0.6011138242371002,36.82540965530083,7.723333333333333,8.62,341.58,355.16,50.0,1,AGRICULTURAL,,,,,0.0,0.0,0.0,0.0,unknown
441,31.29694333333333,74.77447666666666,3,1,1.0,0.3554642048868232,1.0,0.0333333333333333,3.0,0.7377546351978337,53.088426037290006,8.883333333333335,12.48,357.1133333333333,367.0,70.0,1,AGRICULTURAL,,,,,0.0,0.0,0.0,0.0,unknown
442,31.42046666666667,75.14924333333333,3,2,8.034027777777778,0.657087014655843,0.248941135793932,0.2678009259259259,0.373411703690898,0.6034686115790292,27.166158712773935,7.509999999999999,9.47,343.72666666666663,352.27,50.0,1,AGRICULTURAL,,,,,0.0,0.0,0.0,0.0,unknown
443,29.169556666666665,76.83568000000001,3,2,10.009027777777778,0.6329043115214931,0.1998196072989662,0.3336342592592592,0.2997294109484493,0.612405756383991,27.332883355501416,5.783333333333334,9.35,337.59,342.7,50.0,1,AGRICULTURAL,,,,,0.0,0.0,0.0,0.0,unknown
444,29.093278333333338,75.74587166666666,6,4,7.964583333333334,1.049120502730968,0.5022233847763536,0.2654861111111111,0.7533350771645304,0.4880142474135848,33.34747696225141,5.403333333333333,8.37,335.95,341.92,50.0,1,AGRICULTURAL,,,,,0.0,0.0,0.0,0.0,unknown
445,29.363380000000003,75.59873666666668,3,1,1.0,0.2427325314047914,1.0,0.0333333333333333,3.0,0.8046783798840405,54.426900931014146,5.656666666666666,8.03,337.4633333333333,339.82,50.0,1,AGRICULTURAL,,,,,0.0,0.0,0.0,0.0,unknown
446,29.3064975,74.22333499999999,4,4,12.970138888888888,0.930121487946153,0.3084007067516197,0.4323379629629629,0.3084007067516197,0.5181021019894984,31.19351408329168,4.43,5.35,338.1725,346.78,45.0,1,AGRICULTURAL,,,,,0.0,0.0,0.0,0.0,unknown
447,29.61637,74.46573599999999,5,3,6.979166666666667,0.7089477211422106,0.4298507462686567,0.2326388888888889,0.7164179104477612,0.5851554074056925,32.20564753451518,7.996,14.85,337.81000000000006,343.23,46.0,1,AGRICULTURAL,,,10.299,1.667,0.0,0.0,1.0,27.0,population
448,29.803893333333335,75.95755333333334,3,2,10.009027777777778,0.3811398981249,0.1998196072989662,0.3336342592592592,0.2997294109484493,0.7240396149279639,29.565560526380867,4.066666666666666,5.56,334.0566666666666,336.57,43.333333333333336,1,AGRICULTURAL,,,,,0.0,0.0,0.0,0.0,unknown
449,29.923882,75.78376,5,2,7.964583333333334,0.6643847349175872,0.2511116923881768,0.2654861111111111,0.6277792309704421,0.600822621729654,27.756404061442268,14.448000000000002,21.92,343.2699999999999,352.45,50.0,1,AGRICULTURAL,,,,,0.0,0.0,0.0,0.0,unknown
450,30.752115,75.4695175,4,2,5.990972222222222,1.0601159503156043,0.3338356323171438,0.199699074074074,0.6676712646342877,0.485409571168459,26.384915406321063,5.984999999999999,12.29,345.46250000000003,367.0,57.5,1,AGRICULTURAL,,,,,0.0,0.0,0.0,0.0,unknown
451,30.77798,75.10853499999999,4,3,2.959722222222222,0.6831373522657432,1.0,0.0986574074074074,1.3514781792585642,0.5941285770016673,47.727702173364946,7.755,16.06,334.5,338.24,50.0,1,AGRICULTURAL,,,,,0.0,0.0,0.0,0.0,unknown
452,30.864821999999997,75.167768,5,5,6.977777777777778,0.8191259497902021,0.7165605095541401,0.2325925925925926,0.7165605095541401,0.5497145484155888,40.097322343636144,6.2940000000000005,9.96,334.882,340.25,46.0,1,AGRICULTURAL,,,,,0.0,0.0,0.0,0.0,unknown
453,31.01508,76.10187333333333,3,3,10.995138888888889,0.8685598259990939,0.272847849428409,0.3665046296296296,0.272847849428409,0.5351715187739913,28.733601222643856,4.456666666666667,5.48,338.29,340.13,50.0,1,AGRICULTURAL,,,,,0.0,0.0,0.0,0.0,unknown
454,30.9692225,75.19218500000001,4,2,5.004166666666666,0.5596227860922641,0.3996669442131557,0.1668055555555555,0.7993338884263115,0.6411806809424506,30.982095555198352,9.14,13.52,340.9375,345.5,50.0,1,AGRICULTURAL,,,,,0.0,0.0,0.0,0.0,unknown
455,30.960475,75.1568825,4,2,1.0,0.4268240861302764,1.0,0.0333333333333333,4.0,0.7008572463281888,54.85047825989711,4.2675,5.88,333.385,334.51,50.0,1,AGRICULTURAL,,,,,0.0,0.0,0.0,0.0,unknown
456,31.01449666666667,75.28281,3,2,5.989583333333333,0.3763948380083883,0.3339130434782609,0.1996527777777777,0.5008695652173913,0.7265357093659092,30.791598849153935,10.066666666666668,20.41,341.67,350.52,50.0,1,AGRICULTURAL,,,,,0.0,0.0,0.0,0.0,unknown
457,31.173720000000003,75.00032,3,1,1.0,0.3292700541548585,1.0,0.0333333333333333,3.0,0.7522925810856347,53.37918495504603,4.923333333333333,5.1,342.43666666666667,348.48,50.0,1,AGRICULTURAL,,,,,0.0,0.0,0.0,0.0,unknown
458,31.34692,74.82708666666667,3,2,9.022222222222222,0.6423109002470401,0.2216748768472906,0.3007407407407407,0.3325123152709359,0.6088981080558972,27.17800777323253,3.816666666666667,5.87,333.65333333333336,334.55,50.0,1,AGRICULTURAL,,,,,0.0,0.0,0.0,0.0,unknown
459,31.366433333333333,74.86722999999999,3,2,5.004166666666666,0.3868351417260633,0.3996669442131557,0.1668055555555555,0.5995004163197336,0.7210662391748986,32.08022303958087,4.193333333333334,4.69,337.64,339.81,50.0,1,AGRICULTURAL,,,,,0.0,0.0,0.0,0.0,unknown
460,32.08461333333333,74.63667,3,3,1.9736111111111112,0.237778985589536,1.0,0.065787037037037,1.5200562983814214,0.807898673060534,51.60279013309016,4.19,5.5,333.69666666666666,335.39,50.0,1,AGRICULTURAL,,,,,0.0,0.0,0.0,0.0,unknown
461,30.933916666666665,75.40095333333335,3,2,1.0,0.1742907343464642,1.0,0.0333333333333333,3.0,0.8515778680281734,55.3648906938968,5.240000000000001,11.05,322.52000000000004,338.85,50.0,1,AGRICULTURAL,,,,,0.0,0.0,0.0,0.0,unknown
462,30.526606666666662,74.69760333333333,3,2,1.0,0.2223890234847831,1.0,0.0333333333333333,3.0,0.8180701730691289,54.694736794715915,1.4666666666666668,1.54,318.10666666666674,325.98,50.0,1,AGRICULTURAL,,8.317,,5.456,0.0,7.0,0.0,23.0,population
463,29.953238571428574,76.11551714285714,7,2,1.0,0.3038211916408385,1.0,0.0333333333333333,7.0,0.7669763357209401,63.672860047752145,15.20142857142857,22.45,317.87,343.2,50.0,1,AGRICULTURAL,,,,,0.0,0.0,0.0,0.0,unknown
464,29.857673999999996,76.600878,5,4,2.9583333333333335,0.2301882364885563,1.0,0.0986111111111111,1.6901408450704225,0.8128837281474869,52.94830445340357,1.334,2.53,309.97799999999995,331.49,50.0,1,AGRICULTURAL,,,,,0.0,0.0,0.0,0.0,unknown
465,28.61193,79.12099333333333,3,1,1.0,0.2983192244649836,1.0,0.0333333333333333,3.0,0.7702265984793407,53.73786530292015,8.59,11.45,332.31666666666666,333.94,43.333333333333336,1,AGRICULTURAL,,,,,0.0,0.0,0.0,0.0,unknown
466,29.010343999999996,76.422746,5,5,16.0,0.969496502205544,0.3125,0.5333333333333333,0.3125,0.5077439837441439,33.644463008216206,3.756,5.99,336.014,340.51,50.0,1,AGRICULTURAL,,,,,0.0,0.0,0.0,0.0,unknown
467,29.02316666666667,76.35378,3,1,1.0,0.4673354626147171,1.0,0.0333333333333333,3.0,0.681507416319136,51.96348165971606,4.596666666666667,5.2,335.29999999999995,337.93,50.0,1,AGRICULTURAL,,,,,0.0,0.0,0.0,0.0,unknown
468,29.21858333333334,76.52516333333332,3,3,1.9743055555555555,0.5243075036783217,1.0,0.0658101851851851,1.51952163207879,0.6560356080298038,48.56477087042268,3.8633333333333337,5.39,334.31333333333333,339.52,43.333333333333336,1,AGRICULTURAL,,,,,0.0,0.0,0.0,0.0,unknown
469,29.56632,74.51963333333335,3,2,4.01875,0.5250972699689213,0.4976671850699845,0.1339583333333333,0.7465007776049767,0.6556958822832187,33.25914347510969,9.076666666666666,10.85,340.90000000000003,345.86,50.0,1,AGRICULTURAL,,14.315,9.942,1.806,0.0,1.0,1.0,38.0,population
470,30.239353333333337,75.91175,3,3,16.0,0.7448829208615015,0.1875,0.5333333333333333,0.1875,0.5731043544779897,30.88917042289313,5.38,8.4,338.5133333333333,344.04,50.0,1,AGRICULTURAL,,,,,0.0,0.0,0.0,0.0,unknown
471,30.380394000000003,76.43183,5,3,9.53888888888889,0.8671281641922935,0.314502038439138,0.317962962962963,0.52417006406523,0.5355818733700013,29.406197854811317,3.024,6.39,314.93600000000004,333.73,46.0,1,AGRICULTURAL,0.319,9.103,,1.856,33.0,4.0,0.0,143.0,industrial
472,30.17777,74.45995666666667,3,2,14.026388888888889,0.6935182544040306,0.1425883750866422,0.4675462962962963,0.2138825626299633,0.5904866967920059,28.310749002421694,2.5,2.88,331.01666666666665,331.16,50.0,1,AGRICULTURAL,,,,,0.0,0.0,0.0,0.0,unknown
473,30.695203333333335,75.62628,3,1,1.0,0.5199028644385802,1.0,0.0333333333333333,3.0,0.6579367822754769,51.49206897884287,2.94,3.25,333.31,333.77,36.666666666666664,1,AGRICULTURAL,,,,,0.0,0.0,0.0,0.0,unknown
474,30.87980333333333,75.18693666666667,3,2,10.010416666666666,0.4243105011710745,0.1997918834547346,0.3336805555555555,0.299687825182102,0.7020941003929939,29.126871963346066,6.66,11.4,334.41,335.22,50.0,1,AGRICULTURAL,,,,,0.0,0.0,0.0,0.0,unknown
475,30.988349999999997,74.64021666666666,3,1,1.0,0.2865788747935325,1.0,0.0333333333333333,3.0,0.7772551062292842,53.87843545791902,13.71,24.35,339.7133333333333,345.75,43.333333333333336,1,AGRICULTURAL,,,,,0.0,0.0,0.0,0.0,unknown
476,32.18072333333333,75.31147,3,2,4.01875,0.5188638745980395,0.4976671850699845,0.1339583333333333,0.7465007776049767,0.6583868486994238,33.31296280343379,2.3366666666666664,2.69,332.27333333333337,333.6,50.0,1,AGRICULTURAL,,,,,0.0,0.0,0.0,0.0,unknown
477,28.665799999999997,77.57198500000001,4,4,10.010416666666666,0.0780212042801356,0.3995837669094693,0.3336805555555555,0.3995837669094693,0.9276255383749752,39.880997080946145,0.865,1.12,299.7825,301.85,50.0,1,AGRICULTURAL,9.186,9.412,9.329,5.313,16.0,1.0,5.0,141.0,population
478,28.368740000000003,77.26431666666666,3,3,16.00138888888889,0.096602099352838,0.1874837253710615,0.5333796296296297,0.1874837253710615,0.9119077927993682,37.66586767128761,0.4033333333333333,0.42,297.49666666666667,299.33,50.0,1,AGRICULTURAL,,,,,0.0,0.0,0.0,0.0,unknown
479,27.913613333333338,77.75707500000001,6,3,6.979166666666667,0.8292319509668611,0.4298507462686567,0.2326388888888889,0.8597014925373134,0.5466775274023826,31.794298889672863,2.3216666666666668,4.23,317.555,343.12,50.0,1,AGRICULTURAL,,,,,0.0,0.0,0.0,0.0,unknown
480,29.998163333333338,75.97968333333334,3,3,9.022222222222222,0.6405464359531285,0.3325123152709359,0.3007407407407407,0.3325123152709359,0.6095529989792807,30.516228744409553,6.926666666666667,8.44,343.1066666666666,347.99,50.0,1,AGRICULTURAL,,,,,0.0,0.0,0.0,0.0,unknown
481,30.665744,78.329724,5,1,1.0,0.3874317637651154,1.0,0.0333333333333333,5.0,0.7207561669816971,57.74845667296727,4.5,6.67,325.852,343.1,50.0,1,AGRICULTURAL,,,,,0.0,0.0,0.0,0.0,unknown
482,31.20475,74.86764,6,5,14.026388888888889,0.9991482578577549,0.3564709377166056,0.4675462962962963,0.4277651252599267,0.5002130262572817,33.45645887720103,6.551666666666667,10.04,337.28000000000003,340.26,50.0,1,AGRICULTURAL,,,,,0.0,0.0,0.0,0.0,unknown
483,31.33511,74.99584666666668,3,2,10.995833333333334,0.6065556994792695,0.1818870784388025,0.3665277777777778,0.2728306176582039,0.6224496295547852,27.750875932849738,7.890000000000001,9.82,338.27000000000004,340.99,43.333333333333336,1,AGRICULTURAL,,,,,0.0,0.0,0.0,0.0,unknown
484,32.122605,77.3598475,8,2,18.044444444444444,1.970877094144856,0.1108374384236453,0.6014814814814815,0.4433497536945813,0.3366009324218921,26.202553222420693,8.85125,18.87,339.79499999999996,367.0,53.75,1,AGRICULTURAL,,,,,0.0,0.0,0.0,0.0,unknown
485,32.051163333333335,74.91411000000001,3,2,5.991666666666666,0.7111889743012043,0.3337969401947149,0.1997222222222222,0.5006954102920723,0.58438899210905,27.94648212930818,3.41,3.72,334.69666666666666,335.7,50.0,1,AGRICULTURAL,,,,,0.0,0.0,0.0,0.0,unknown
486,30.132536666666667,78.92699333333333,3,2,1.0,0.3119007831443328,1.0,0.0333333333333333,3.0,0.7622527654897985,53.5783886431293,4.53,7.44,321.21999999999997,337.76,50.0,1,AGRICULTURAL,,,,,0.0,0.0,0.0,0.0,unknown
487,28.289652,78.4287,5,4,3.029861111111111,0.3485925302709782,1.0,0.1009953703703703,1.6502406600962642,0.7415138209308233,51.480762328116384,1.6940000000000002,2.75,306.208,324.79,50.0,1,AGRICULTURAL,,,,,0.0,0.0,0.0,0.0,unknown
488,30.2261,76.16484000000001,3,2,7.965277777777778,0.6478396379400984,0.2510897994768962,0.2655092592592593,0.3766346992153443,0.6068551678062933,27.249115569952597,7.563333333333333,8.18,337.5466666666666,341.06,43.333333333333336,1,AGRICULTURAL,,,,,0.0,0.0,0.0,0.0,unknown
489,30.726470000000003,75.42444666666665,3,2,3.029861111111111,0.2686826542047925,0.6600962640385056,0.1009953703703703,0.9901443960577584,0.7882191789142083,40.56751674884299,2.7466666666666666,3.41,331.53000000000003,332.23,50.0,1,AGRICULTURAL,,,,,0.0,0.0,0.0,0.0,unknown
490,31.33568,74.84703333333333,3,3,10.008333333333333,0.5509584564033645,0.2997502081598668,0.3336111111111111,0.2997502081598668,0.6447625955881346,30.977411454736146,5.743333333333332,8.51,338.67,340.11,50.0,1,AGRICULTURAL,,,,,0.0,0.0,0.0,0.0,unknown
491,27.864176666666665,77.49174000000001,3,2,21.992361111111112,0.5994167744678756,0.0909406675297609,0.7330787037037038,0.1364110012946414,0.6252279055486955,33.90077323269593,5.923333333333333,9.67,338.5266666666667,346.47,50.0,1,AGRICULTURAL,,,,,0.0,0.0,0.0,0.0,unknown
492,31.099402142857144,75.51245285714286,14,2,1.0576388888888888,0.480371035917488,1.0,0.0352546296296296,13.237032173342088,0.6755063262773383,69.39149226628751,13.150714285714283,28.84,337.2314285714286,367.0,58.57142857142857,1,AGRICULTURAL,,,,,0.0,0.0,0.0,0.0,unknown
493,28.846556666666668,77.19760000000001,3,3,7.048611111111111,0.1448346113923828,0.425615763546798,0.2349537037037037,0.425615763546798,0.8734886157781074,37.17612722342568,0.7733333333333333,1.19,300.79333333333335,304.37,50.0,1,AGRICULTURAL,,,,,0.0,0.0,0.0,0.0,unknown
494,28.819315000000003,76.8521225,4,4,15.014583333333333,0.2464126498903462,0.2664076592202026,0.5004861111111111,0.2664076592202026,0.8023025120035291,37.216451942504946,1.865,4.25,309.17,331.8,50.0,1,AGRICULTURAL,,,,,0.0,0.0,0.0,0.0,unknown
495,30.917793333333332,75.176,3,1,1.0,0.4771289993217815,1.0,0.0333333333333333,3.0,0.6769889430504352,51.87311219434204,8.776666666666667,10.41,343.28999999999996,352.87,50.0,1,AGRICULTURAL,,,,,0.0,0.0,0.0,0.0,unknown
496,29.16312666666667,76.36652333333333,3,2,1.9729166666666669,0.2281352376852122,1.0,0.0657638888888888,1.5205913410770855,0.8142425763182227,51.73042710127939,7.1433333333333335,10.24,338.70666666666665,344.7,50.0,1,AGRICULTURAL,,,,,0.0,0.0,0.0,0.0,unknown
497,29.59368428571429,74.3791257142857,7,4,7.965277777777778,0.9108140858758392,0.5021795989537925,0.2655092592592593,0.8788142981691369,0.5233371511083669,34.36689821768544,10.777142857142858,20.57,342.16571428571433,350.13,50.0,1,AGRICULTURAL,,12.728,8.314,1.548,0.0,1.0,1.0,23.0,population
498,30.39549,76.06249333333334,3,1,1.0,0.4047951138021619,1.0,0.0333333333333333,3.0,0.7118475784653324,52.57028490263998,6.9433333333333325,8.87,339.95,341.29,50.0,1,AGRICULTURAL,,,,,0.0,0.0,0.0,0.0,unknown
499,30.584446666666665,74.20682333333333,3,1,1.0,0.2937637789910047,1.0,0.0333333333333333,3.0,0.7729386277763096,53.79210588885953,19.360000000000003,27.28,343.68,348.01,50.0,1,AGRICULTURAL,,,,,0.0,0.0,0.0,0.0,unknown
500,30.619005,74.35321166666665,6,1,1.0,0.4102750532084688,1.0,0.0333333333333333,6.0,0.7090815353536418,60.01496404040617,23.386666666666667,28.06,354.84166666666664,367.0,60.0,1,AGRICULTURAL,,,,5.905,0.0,0.0,0.0,22.0,population
501,30.64158,74.6415225,4,2,8.034722222222221,0.6953861360536627,0.2489196197061365,0.267824074074074,0.4978392394122731,0.589836131565693,27.204511172880498,7.52,11.03,340.93,352.2,50.0,1,AGRICULTURAL,11.826,5.87,,5.929,1.0,8.0,0.0,19.0,forest
502,32.17950666666667,75.03373333333333,3,2,1.9743055555555555,0.6264733766443126,1.0,0.0658101851851851,1.51952163207879,0.6148271557098388,47.74060182402338,3.1466666666666665,4.43,333.84999999999997,339.87,50.0,1,AGRICULTURAL,,,,,0.0,0.0,0.0,0.0,unknown
503,29.286535,74.2544575,4,4,5.990277777777778,0.5913180133664013,0.6677486668212381,0.1996759259259259,0.6677486668212381,0.6284099039917986,39.26192789967436,3.4,7.67,332.3975,333.75,50.0,1,AGRICULTURAL,,,,,0.0,0.0,0.0,0.0,unknown
504,29.878405,76.19127750000001,4,1,1.0,0.3110091928620415,1.0,0.0333333333333333,4.0,0.7627711578565801,56.088756490464945,11.1175,11.85,341.2375,345.55,50.0,1,AGRICULTURAL,,,,,0.0,0.0,0.0,0.0,unknown
505,30.364716666666663,74.49307666666668,3,2,3.030555555555555,0.6542662887445813,0.6599450045829515,0.1010185185185185,0.9899175068744273,0.6044975992099177,36.88855885183593,3.3666666666666667,3.64,337.58666666666664,340.24,50.0,1,AGRICULTURAL,6.651,13.977,,1.922,9.0,2.0,0.0,19.0,population
506,30.48494666666667,74.66542666666668,3,1,1.0,0.2728231377844762,1.0,0.0333333333333333,3.0,0.7856551081720886,54.0464354967751,6.336666666666667,7.79,337.59333333333336,340.11,50.0,1,AGRICULTURAL,12.108,2.81,,2.625,1.0,7.0,0.0,28.0,population
507,30.481763333333333,74.38379666666667,3,1,1.0,0.3497393943217158,1.0,0.0333333333333333,3.0,0.7408837618631778,53.15100857059689,5.233333333333333,5.99,337.1133333333333,341.08,50.0,1,AGRICULTURAL,6.081,14.76,,1.062,9.0,1.0,0.0,34.0,population
508,30.576214,74.975512,5,3,13.03888888888889,0.9283569164251594,0.2300809544098849,0.4346296296296296,0.3834682573498082,0.5185761989817878,29.098363996047567,9.05,15.51,344.562,367.0,56.0,1,AGRICULTURAL,,,,,0.0,0.0,0.0,0.0,unknown
509,30.673293333333337,74.39532,3,1,1.0,0.2912182628257285,1.0,0.0333333333333333,3.0,0.7744624040644992,53.82258141462333,15.996666666666668,23.85,344.97333333333336,353.72,50.0,1,AGRICULTURAL,,,,7.724,0.0,0.0,0.0,14.0,population
510,31.2826,75.05694666666668,3,2,20.01875,0.7496092346757678,0.0999063378083047,0.6672916666666667,0.149859506712457,0.5715561967671695,31.485254503040345,7.703333333333333,9.4,339.3566666666667,348.0,50.0,1,AGRICULTURAL,,,,,0.0,0.0,0.0,0.0,unknown
511,29.864658333333335,79.04016,6,2,1.0,0.9090616784726196,1.0,0.0333333333333333,6.0,0.5238175441246449,56.30968421582624,3.9883333333333337,11.57,321.025,346.7,50.0,1,AGRICULTURAL,,,,,0.0,0.0,0.0,0.0,unknown
512,29.62269333333333,76.15604666666667,3,1,1.0,0.2565024337921635,1.0,0.0333333333333333,3.0,0.795859978545341,54.25053290424016,5.659999999999999,9.36,335.18333333333334,340.96,36.666666666666664,1,AGRICULTURAL,,,,,0.0,0.0,0.0,0.0,unknown
513,29.66476,75.99178666666667,3,2,14.026388888888889,0.550207259055533,0.1425883750866422,0.4675462962962963,0.2138825626299633,0.6450750337791943,29.40251574216547,4.57,5.55,335.98333333333335,339.47,50.0,1,AGRICULTURAL,,,,,0.0,0.0,0.0,0.0,unknown
514,29.642763333333335,74.49832333333333,3,3,1.9736111111111112,0.6811027409924195,1.0,0.065787037037037,1.5200562983814214,0.5948476411439682,47.34176949475884,15.373333333333331,21.29,336.21333333333337,340.44,36.666666666666664,1,AGRICULTURAL,,,14.322,3.099,0.0,0.0,1.0,20.0,population
515,30.55767666666667,74.60399666666666,3,2,10.00763888888889,0.5645334762072868,0.1998473388383873,0.333587962962963,0.299771008257581,0.6391681707087415,27.867910174044475,12.256666666666668,12.43,335.67333333333335,341.24,36.666666666666664,1,AGRICULTURAL,5.949,2.0,,1.284,5.0,10.0,0.0,39.0,population
516,30.7167,75.49492666666667,3,3,7.965972222222222,0.8095061367794294,0.3766018655740563,0.2655324074074074,0.3766018655740563,0.5526369762855883,29.930610342053782,4.6066666666666665,5.98,338.57,343.35,50.0,1,AGRICULTURAL,,,,,0.0,0.0,0.0,0.0,unknown
517,31.21078,74.80426,3,2,20.01597222222222,0.6817051763181307,0.0999202026159664,0.667199074074074,0.1498803039239496,0.5946345495524766,31.94497468119025,6.013333333333333,10.75,337.09,344.67,50.0,1,AGRICULTURAL,,,,,0.0,0.0,0.0,0.0,unknown
518,31.82450333333333,74.54629666666666,3,1,1.0,0.3857464945334566,1.0,0.0333333333333333,3.0,0.7216327112822125,52.76598755897759,5.11,6.73,337.3,341.21,50.0,1,AGRICULTURAL,,,,,0.0,0.0,0.0,0.0,unknown
519,31.94505,74.7224,3,2,1.975,0.3706526960170627,1.0,0.0658333333333333,1.5189873417721518,0.7295794207430292,50.034890102624296,3.6166666666666663,4.83,332.81666666666666,336.34,50.0,1,AGRICULTURAL,,,,,0.0,0.0,0.0,0.0,unknown
520,32.01190666666667,74.48658999999999,3,2,1.0,0.6231044912706208,1.0,0.0333333333333333,3.0,0.6161032794735023,50.655398922803386,3.293333333333333,5.27,332.6066666666666,332.84,50.0,1,AGRICULTURAL,,,,,0.0,0.0,0.0,0.0,unknown
521,32.13111666666667,74.64834333333333,3,2,1.0,0.3560134494415196,1.0,0.0333333333333333,3.0,0.737455812412373,53.08244958158079,3.2166666666666663,3.39,332.56,334.34,50.0,1,AGRICULTURAL,,,,,0.0,0.0,0.0,0.0,unknown
522,32.13764666666667,74.58810666666666,3,2,1.0,0.392259729472788,1.0,0.0333333333333333,3.0,0.7182567870282893,52.698469073899126,4.8500000000000005,8.47,335.8733333333333,345.58,50.0,1,AGRICULTURAL,,,,,0.0,0.0,0.0,0.0,unknown
523,28.1549075,77.68836,4,4,26.99513888888889,0.8502185279860247,0.1481748257145062,0.8998379629629629,0.1481748257145062,0.5404766976841956,38.12116486347944,3.3949999999999996,5.47,333.8425,340.55,45.0,1,AGRICULTURAL,,,,,0.0,0.0,0.0,0.0,unknown
524,28.024628,75.557936,5,1,1.0,0.589364210448856,1.0,0.0333333333333333,5.0,0.6291824072958002,55.91698147924934,4.318,5.6,335.91999999999996,341.66,38.0,1,AGRICULTURAL,,,,,0.0,0.0,0.0,0.0,unknown
525,29.1322375,79.03105500000001,4,2,14.026388888888889,0.9219427072117,0.1425883750866422,0.4675462962962963,0.2851767501732845,0.5203068729612506,27.0853879946649,3.2375,3.88,329.46000000000004,334.43,50.0,1,AGRICULTURAL,,,,,0.0,0.0,0.0,0.0,unknown
526,29.37325,79.06321666666666,3,3,5.990972222222222,0.5422393965990548,0.5007534484757158,0.199699074074074,0.5007534484757158,0.648407764841956,34.23511922415173,3.3366666666666664,5.03,335.13666666666666,345.12,50.0,1,AGRICULTURAL,,,,,0.0,0.0,0.0,0.0,unknown
527,28.956634,75.55989,5,1,1.0,0.485880204030822,1.0,0.0333333333333333,5.0,0.673001765073153,56.793368634796394,3.4080000000000004,4.41,343.68999999999994,347.6,50.0,1,AGRICULTURAL,,,,,0.0,0.0,0.0,0.0,unknown
528,29.224370000000004,76.57246333333335,3,2,1.9736111111111112,0.3179028562299066,1.0,0.065787037037037,1.5200562983814214,0.7587812677337055,50.62044202655358,4.08,7.2,335.0333333333333,344.32,50.0,1,AGRICULTURAL,,,,,0.0,0.0,0.0,0.0,unknown
529,31.033576666666665,75.61395666666667,3,2,5.992361111111111,0.5430731495786458,0.3337582570402132,0.1997453703703703,0.5006373855603199,0.6480574172864466,29.219123780095384,2.813333333333334,3.49,333.9766666666667,338.11,50.0,1,AGRICULTURAL,,,,,0.0,0.0,0.0,0.0,unknown
530,31.573983333333334,78.13047333333333,3,1,1.0,0.3536505448423603,1.0,0.0333333333333333,3.0,0.7387431001377502,53.108195336088336,9.18,13.46,327.2933333333333,343.5,50.0,1,AGRICULTURAL,,,,,0.0,0.0,0.0,0.0,unknown
531,29.982505,74.8507875,4,1,1.0,0.309032645608336,1.0,0.0333333333333333,4.0,0.76392288867271,56.111791106787535,21.03,32.59,339.84000000000003,341.27,50.0,1,AGRICULTURAL,,,,,0.0,0.0,0.0,0.0,unknown
532,30.801893333333336,78.13262666666667,3,1,1.0,0.3672331444265679,1.0,0.0333333333333333,3.0,0.7314041530344926,52.96141639402319,4.66,4.66,331.83666666666664,333.32,43.333333333333336,1,AGRICULTURAL,,,,,0.0,0.0,0.0,0.0,unknown
533,29.333836666666667,77.28927,3,2,1.9736111111111112,0.8181933842304623,1.0,0.065787037037037,1.5200562983814214,0.5499965012925416,46.44474669773031,3.1966666666666668,4.28,337.0066666666667,342.24,50.0,1,AGRICULTURAL,,,,,0.0,0.0,0.0,0.0,unknown
534,31.349760000000003,77.974745,4,1,1.0,0.4194714818300525,1.0,0.0333333333333333,4.0,0.7044875594899243,54.92308452313181,7.42,12.16,332.74,336.67,50.0,1,AGRICULTURAL,,,,,0.0,0.0,0.0,0.0,unknown
535,30.626075,74.304605,4,1,1.0,0.3945390793659057,1.0,0.0333333333333333,4.0,0.7170828087906278,55.17498950914589,11.6925,15.16,353.3975,367.0,65.0,1,AGRICULTURAL,,,,8.739,0.0,0.0,0.0,12.0,population
536,28.699105,76.95809750000001,4,1,1.0,0.251526566236163,1.0,0.0333333333333333,4.0,0.7990241893205646,56.81381711974463,4.7275,7.75,321.82,333.4,50.0,1,AGRICULTURAL,,,,,0.0,0.0,0.0,0.0,unknown
537,29.23911666666667,76.47838,3,1,1.0,0.2317280626902531,1.0,0.0333333333333333,3.0,0.8118675138535618,54.57068361040458,7.956666666666666,8.69,351.0133333333333,367.0,60.0,1,AGRICULTURAL,,,,,0.0,0.0,0.0,0.0,unknown
538,29.86214,76.37551333333333,3,2,1.5048611111111112,0.1157226375677553,1.0,0.050162037037037,1.9935394554683896,0.8962801025351359,54.163501615299616,2.0766666666666667,2.66,322.08666666666664,331.28,50.0,1,AGRICULTURAL,,,,,0.0,0.0,0.0,0.0,unknown
539,29.057126666666665,77.53518333333334,3,2,9.940277777777778,0.6548031544838434,0.2012016207908341,0.3313425925925926,0.3018024311862512,0.6043014828019918,27.160149172545307,4.753333333333334,5.55,332.4066666666667,338.97,50.0,1,AGRICULTURAL,,,,,0.0,0.0,0.0,0.0,unknown
540,30.74138,76.52039,4,2,1.0,0.2382653547595608,1.0,0.0333333333333333,4.0,0.8075813444640662,56.98496022261465,5.174999999999999,7.31,317.69500000000005,336.1,50.0,1,AGRICULTURAL,,,,12.411,0.0,0.0,0.0,11.0,population
541,28.705946666666662,77.55180666666666,3,2,4.016666666666667,0.240385302405572,0.4979253112033195,0.1338888888888889,0.7468879668049793,0.8062011038510576,36.27622355235541,1.163333333333333,1.55,302.53666666666663,305.59,50.0,1,AGRICULTURAL,11.828,14.288,13.4,8.752,10.0,1.0,4.0,4.0,population
542,31.57450375,78.07729625,8,2,1.0,0.5687536375138957,1.0,0.0333333333333333,8.0,0.6374487211291915,63.58230775591716,5.9712499999999995,11.1,332.43375000000003,345.76,50.0,1,AGRICULTURAL,,,,,0.0,0.0,0.0,0.0,unknown
543,30.420726666666667,78.39030666666666,3,2,1.9736111111111112,0.4139079339320577,1.0,0.065787037037037,1.5200562983814214,0.707259628439183,49.590009240663136,4.966666666666666,6.2,330.29,336.44,50.0,1,AGRICULTURAL,,,,,0.0,0.0,0.0,0.0,unknown
544,30.000193333333332,74.80066333333333,3,3,24.952083333333334,0.7156520550734188,0.1202304416798864,0.8317361111111111,0.1202304416798864,0.5828687681997423,36.35826749636893,5.19,6.87,340.85,349.35,50.0,1,AGRICULTURAL,,,,,0.0,0.0,0.0,0.0,unknown
545,31.427416666666662,78.17507666666667,3,1,1.0,0.2685229358943176,1.0,0.0333333333333333,3.0,0.7883184227134159,54.09970178760166,5.319999999999999,5.52,333.7866666666667,336.82,50.0,1,AGRICULTURAL,,,,,0.0,0.0,0.0,0.0,unknown
546,31.031348,74.506426,5,3,7.048611111111111,0.6170535366411519,0.425615763546798,0.2349537037037037,0.7093596059113301,0.6184087151976062,32.78388881772699,4.58,5.97,330.40399999999994,334.43,50.0,1,AGRICULTURAL,,,,,0.0,0.0,0.0,0.0,unknown
547,29.276433333333333,77.42879333333333,3,2,2.9618055555555554,0.1990695490445292,0.6752637749120751,0.0987268518518518,1.012895662368113,0.8339799812253123,41.93792332408508,3.78,4.31,328.6566666666667,330.54,50.0,1,AGRICULTURAL,,,,,0.0,0.0,0.0,0.0,unknown
548,29.977996666666662,78.81224999999999,3,2,1.0,0.3062375659070344,1.0,0.0333333333333333,3.0,0.7655575265174777,53.64448386368289,3.463333333333334,4.49,328.42333333333335,331.05,50.0,1,AGRICULTURAL,,,,,0.0,0.0,0.0,0.0,unknown
549,29.717392499999995,76.3586325,4,2,1.0,0.230613702632184,1.0,0.0333333333333333,4.0,0.812602685847785,57.08538705028903,6.967499999999999,11.36,326.43,340.5,50.0,1,AGRICULTURAL,,,,,0.0,0.0,0.0,0.0,unknown
550,31.0144375,78.0801525,4,2,1.0,0.5411430960100923,1.0,0.0333333333333333,4.0,0.6488690132596561,53.81071359852645,3.3275,7.9,319.8225,342.42,50.0,1,AGRICULTURAL,,,,,0.0,0.0,0.0,0.0,unknown
551,30.505876666666666,75.89773,3,2,11.984027777777778,0.5573937833728135,0.166888798748334,0.3994675925925925,0.250333198122501,0.6420983637383745,28.461154047338574,5.8566666666666665,8.69,334.48,340.68,50.0,1,AGRICULTURAL,,,,,0.0,0.0,0.0,0.0,unknown
552,31.115495,78.0698275,8,2,1.0,0.8895094425638297,1.0,0.0333333333333333,8.0,0.529237895018468,61.41809123370269,3.85125,7.78,317.98125,339.19,47.5,1,AGRICULTURAL,,,,,0.0,0.0,0.0,0.0,unknown
553,29.589166666666667,76.86130666666666,3,1,1.0,0.109548153426251,1.0,0.0333333333333333,3.0,0.9012677790612604,56.35868891455856,8.926666666666668,24.42,318.9066666666667,342.45,50.0,1,AGRICULTURAL,,,,,0.0,0.0,0.0,0.0,unknown
554,29.5366725,77.29422,4,1,1.0,0.2409391393765184,1.0,0.0333333333333333,4.0,0.8058412925088553,56.95015918351044,4.7075000000000005,4.99,331.2075,336.17,50.0,1,AGRICULTURAL,,,,,0.0,0.0,0.0,0.0,unknown
555,31.482939090909095,78.14206272727273,11,1,1.0,0.9244107580763444,1.0,0.0333333333333333,11.0,0.5196395810006839,66.22612495334701,32.345454545454544,60.4,353.59272727272725,367.0,58.18181818181818,1,AGRICULTURAL,,,,,0.0,0.0,0.0,0.0,unknown
556,30.7013325,74.73440249999999,4,1,1.0,0.3417735693352137,1.0,0.0333333333333333,4.0,0.7452822315582304,55.738977964497934,5.4025,8.62,337.38,342.21,50.0,1,AGRICULTURAL,,,,,0.0,0.0,0.0,0.0,unknown
557,30.798756000000004,77.991084,5,2,1.0,0.4588633919711046,1.0,0.0333333333333333,5.0,0.6854651405357951,57.04263614404924,3.3200000000000003,3.69,325.91,338.95,50.0,1,AGRICULTURAL,,,,,0.0,0.0,0.0,0.0,unknown
558,30.63872714285714,78.346845,14,2,1.0,0.9661763899286008,1.0,0.0333333333333333,14.0,0.5086013671623397,66.00536067658012,2.005,6.41,309.79785714285714,337.01,50.0,1,AGRICULTURAL,,,,,0.0,0.0,0.0,0.0,unknown
559,29.936562857142857,76.35405142857142,7,1,1.0,0.4580874873366288,1.0,0.0333333333333333,7.0,0.6858299029961636,62.04993139325661,72.18714285714286,121.41,334.1657142857143,367.0,58.57142857142857,1,AGRICULTURAL,,,,,0.0,0.0,0.0,0.0,unknown
