cluster_id,centroid_lat,centroid_lon,detection_count,unique_detection_days,observation_window_days,spatial_spread_km,temporal_recurrence,duration_score,detection_frequency,spatial_consistency,persistence_score,persistence_label,mean_frp,max_frp,mean_brightness,max_brightness,mean_confidence,satellite_count,fire_class,industrial_distance_km,industrial_feature_count,forest_distance_km,forest_feature_count,farmland_distance_km,farmland_feature_count,population_distance_km,population_feature_count,land_cover_type
0,24.134144074074076,82.57165925925926,27,24,71.96597222222222,1.8396477207324335,0.3334909438295491,1.0,0.3751773118082427,0.3521563582337843,44.46566482232639,MEDIUM / RECURRENT,1.1681481481481482,4.51,307.1933333333333,337.39,,1,AGRICULTURAL,,0,,0,,0,,0,unknown
1,24.166994222222225,80.69486,45,43,71.96597222222222,0.3195340429492386,0.5975046076946088,1.0,0.6252955196804045,0.7578432745584489,62.32011779984109,MEDIUM / RECURRENT,1.3022222222222222,1.96,305.3813333333333,313.22,,1,AGRICULTURAL,,0,,0,,0,,0,unknown
2,24.205941818181817,82.52529681818181,22,19,50.96111111111111,0.2724868463357244,0.3728333151640685,1.0,0.4317017333478687,0.7858627402551293,54.62982430254072,MEDIUM / RECURRENT,1.0995454545454544,1.5,303.7972727272727,311.99,,1,AGRICULTURAL,,0,,0,,0,,0,unknown
3,26.759990689655176,83.20006051724138,58,49,72.95208333333333,0.5819675923173943,0.6716737584601765,1.0,0.7950424079732701,0.6321242008093977,62.74115037824066,MEDIUM / RECURRENT,1.8653448275862068,4.38,309.961724137931,332.79,,1,AGRICULTURAL,,0,,0,,0,,0,unknown
4,24.15009716981132,82.62992396226412,53,33,71.96666666666667,3.042901259366625,0.4585456229735988,1.0,0.7364520611394164,0.2473471242175881,47.46894341070656,MEDIUM / RECURRENT,1.3250943396226418,3.54,307.3435849056604,333.27,,1,AGRICULTURAL,,0,,0,,0,,0,unknown
5,24.18040958333334,82.67166041666667,24,18,65.45555555555555,1.0609091783617854,0.2749957562383296,1.0,0.3666610083177729,0.4852227407686635,45.062628300350354,MEDIUM / RECURRENT,0.96375,2.16,306.84499999999997,328.49,,1,AGRICULTURAL,,0,,0,,0,,0,unknown
6,24.449183939393937,83.0395787878788,33,31,71.96666666666667,0.3235860515507191,0.4307549791570171,1.0,0.4585456229735988,0.7555232233132071,56.10397998270694,MEDIUM / RECURRENT,1.246060606060606,2.16,303.8090909090909,308.12,,1,AGRICULTURAL,,0,,0,,0,,0,unknown
7,26.640337974683547,79.47403126582277,79,43,72.03680555555556,6.694414361887787,0.5969170852091427,1.0,1.0966616216633087,0.1299644070318374,50.68470936628336,MEDIUM / RECURRENT,3.4537974683544306,24.89,317.09594936708856,367.0,,1,AGRICULTURAL,,0,,0,,0,,0,unknown
8,28.34903425531915,77.23186744680851,47,30,71.96527777777777,1.9519356802717975,0.4168677024027791,1.0,0.6530927337643541,0.3387607686316273,47.671770424258526,MEDIUM / RECURRENT,1.0944680851063828,2.42,304.9057446808511,322.42,,1,AGRICULTURAL,,0,,0,,0,,0,unknown
9,28.833473,77.14524300000001,10,9,67.03125,1.914492525371038,0.1342657342657342,1.0,0.1491841491841491,0.3431129060359117,36.85992711838723,LOW / TRANSIENT,1.2580000000000002,3.06,305.271,311.36,,1,AGRICULTURAL,,0,,0,,0,,0,unknown
10,23.989170967741934,79.39228161290323,31,27,64.00069444444445,0.3046141874613204,0.4218704224129512,1.0,0.4843697442519069,0.7665101373348726,56.06440701965455,MEDIUM / RECURRENT,1.353225806451613,2.26,305.84903225806454,313.72,,1,AGRICULTURAL,,0,,0,,0,,0,unknown
11,24.0100275,80.52953749999999,20,20,69.99097222222223,0.2531501518095035,0.2857511385396926,1.0,0.2857511385396926,0.797988970879536,51.53257154355935,MEDIUM / RECURRENT,0.9635,1.68,305.7219999999999,309.61,,1,AGRICULTURAL,,0,,0,,0,,0,unknown
12,24.3262488,81.3281004,25,22,70.97847222222222,0.2523673710727668,0.3099531352424933,1.0,0.3522194718664697,0.7984877465654577,52.52255360852936,MEDIUM / RECURRENT,1.1792000000000002,1.78,304.3048,314.07,,1,AGRICULTURAL,,0,,0,,0,,0,unknown
13,29.599453333333333,77.00600000000001,3,2,25.022222222222226,1.0150589000794674,0.0799289520426287,1.0,0.1198934280639431,0.4962634094519833,37.96256836665956,LOW / TRANSIENT,2.8866666666666667,3.72,332.11999999999995,332.32,,1,AGRICULTURAL,,0,,0,,0,,0,unknown
14,24.20622268292683,82.70958902439024,41,29,69.99375,0.3666688769688321,0.4143227073845879,1.0,0.5857665863023483,0.7317061336890354,55.30695060484598,MEDIUM / RECURRENT,1.3717073170731708,2.58,305.3260975609756,311.24,,1,AGRICULTURAL,,0,,0,,0,,0,unknown
15,29.565078000000007,77.03833999999999,5,4,12.052777777777775,1.5269490719660452,0.3318737036183453,1.0,0.4148421295229316,0.395734132948698,45.3599465446619,MEDIUM / RECURRENT,5.845999999999999,11.28,335.816,340.22,,1,AGRICULTURAL,,0,,0,,0,,0,unknown
16,29.065610000000003,78.86181,3,2,68.41944444444445,0.2399470136246723,0.0292314562949129,1.0,0.0438471844423693,0.8064860748176265,42.24051683555922,MEDIUM / RECURRENT,1.5833333333333333,2.87,312.65000000000003,326.52,,1,AGRICULTURAL,,0,,0,,0,,0,unknown
17,28.270166521739135,77.27231739130436,23,21,66.96180555555556,3.145101803888377,0.3136116152450091,1.0,0.3434793881254861,0.241248598300272,41.48833727583173,MEDIUM / RECURRENT,0.971304347826087,4.48,307.34782608695656,335.97,,1,AGRICULTURAL,,0,,0,,0,,0,unknown
18,29.993685,77.07802333333335,6,5,19.03125,3.146356181771923,0.2627257799671593,1.0,0.3152709359605911,0.24117561448198,39.64945646041136,LOW / TRANSIENT,2.64,3.22,331.8683333333333,334.27,,1,AGRICULTURAL,,0,,0,,0,,0,unknown
19,29.9930325,77.17658,4,4,17.972916666666666,1.6829441318672815,0.2225570882114292,1.0,0.2225570882114292,0.3727248689684856,40.689109643192594,MEDIUM / RECURRENT,3.72,5.12,334.4575,340.74,,1,AGRICULTURAL,,0,,0,,0,,0,unknown
20,28.65761,77.568534,5,4,64.00138888888888,1.4402629731717391,0.0624986436926282,1.0,0.0781233046157852,0.4097918998870219,35.539537136213994,LOW / TRANSIENT,2.202,5.72,316.71799999999996,344.34,,1,AGRICULTURAL,,0,,0,,0,,0,unknown
21,29.02237,77.1217,6,5,11.984027777777778,2.751123442441009,0.417221996870835,1.0,0.5006663962450021,0.2665868013528393,45.93583871002602,MEDIUM / RECURRENT,5.28,6.18,336.11999999999995,339.66,,1,AGRICULTURAL,,0,,0,,0,,0,unknown
22,30.0807,77.02028600000001,5,3,20.01597222222222,1.1334387051033248,0.1498803039239496,1.0,0.249800506539916,0.4687268481667341,40.119948613752754,MEDIUM / RECURRENT,5.808,7.97,340.404,353.53,,1,AGRICULTURAL,,0,,0,,0,,0,unknown
23,30.21999428571429,77.01591571428571,7,5,48.9875,2.145348070095841,0.1020668537892319,1.0,0.1428935953049247,0.3179298372435866,35.216723818104704,LOW / TRANSIENT,3.608571428571429,8.08,335.4542857142857,346.06,,1,AGRICULTURAL,,0,,0,,0,,0,unknown
24,28.069785,77.8573825,8,7,64.00138888888888,0.1966251815045208,0.1093726264620993,1.0,0.1249972873852564,0.835683566965135,45.791707840246694,MEDIUM / RECURRENT,0.84,1.31,301.4125,307.07,,1,AGRICULTURAL,,0,,0,,0,,0,unknown
25,28.7657,77.56766857142857,7,7,64.47083333333333,2.774852634054102,0.108576229561171,1.0,0.108576229561171,0.2649110036716913,34.31554056719716,LOW / TRANSIENT,2.4585714285714286,8.2,317.5828571428571,338.26,,1,AGRICULTURAL,,0,,0,,0,,0,unknown
26,28.795066,77.071552,5,5,42.99513888888889,0.1766113463224076,0.116292216497343,1.0,0.116292216497343,0.8498983144481647,46.300778299364985,MEDIUM / RECURRENT,0.926,1.07,307.634,310.97,,1,AGRICULTURAL,,0,,0,,0,,0,unknown
27,29.9662575,77.02250000000001,4,3,11.981944444444444,1.520811048138281,0.2503767242378579,1.0,0.3338356323171438,0.3966977218457288,42.36481104987389,MEDIUM / RECURRENT,5.2025,9.41,335.96000000000004,344.01,,1,AGRICULTURAL,,0,,0,,0,,0,unknown
28,28.7971625,77.14186791666667,24,16,58.00972222222222,2.6235740764423947,0.2758158354681926,1.0,0.4137237532022889,0.2759706242798255,41.00041423338783,MEDIUM / RECURRENT,3.357083333333333,22.04,315.14666666666665,350.81,,1,AGRICULTURAL,,0,,0,,0,,0,unknown
29,28.728071999999997,77.156472,5,5,59.984027777777776,0.2425286380155301,0.0833555228822487,1.0,0.0833555228822487,0.8048104240052947,44.180362826749096,MEDIUM / RECURRENT,0.634,1.13,302.02,305.07,,1,AGRICULTURAL,,0,,0,,0,,0,unknown
30,28.798852,77.236466,5,4,9.022222222222222,1.2299579647000682,0.4433497536945813,1.0,0.5541871921182266,0.448438946307448,50.594394689695754,MEDIUM / RECURRENT,2.3879999999999995,3.78,331.15,331.85,,1,AGRICULTURAL,,0,,0,,0,,0,unknown
31,24.052506,80.61383599999999,5,5,16.988194444444446,0.1425348762416318,0.2943220373625475,1.0,0.2943220373625475,0.8752468049723784,53.39485148186183,MEDIUM / RECURRENT,1.684,2.22,311.028,312.96,,1,AGRICULTURAL,,0,,0,,0,,0,unknown
32,24.59760125,80.86229,8,8,59.46527777777778,1.3409702734070432,0.1345322900852505,1.0,0.1345322900852505,0.4271733013271467,38.5211607596972,LOW / TRANSIENT,1.32125,3.53,308.20500000000004,341.01,,1,AGRICULTURAL,,0,,0,,0,,0,unknown
33,24.1313375,82.72045250000001,40,23,53.990972222222226,1.9404826346343311,0.4259971445843569,1.0,0.7408645992771424,0.340080226362009,48.19323378624695,MEDIUM / RECURRENT,2.1020000000000003,5.83,314.62174999999996,345.01,,1,AGRICULTURAL,,0,,0,,0,,0,unknown
34,24.92686,84.15058333333333,12,8,58.99583333333333,0.8780792474555271,0.1356027968076841,1.0,0.2034041952115262,0.5324588945619985,40.802084169931966,MEDIUM / RECURRENT,1.0741666666666665,3.64,305.01916666666665,313.94,,1,AGRICULTURAL,,0,,0,,0,,0,unknown
35,27.98105,77.46448666666666,3,3,5.004861111111111,1.163163249778713,0.5994172332454558,0.7149801587301587,0.5994172332454558,0.462285960203095,49.298660802397734,MEDIUM / RECURRENT,6.653333333333333,8.06,341.5,347.07,,1,AGRICULTURAL,,0,,0,,0,,0,unknown
36,28.666432000000004,78.526698,10,7,12.052083333333334,2.5898313861468396,0.5808124459809852,1.0,0.8297320656871219,0.2785646155579898,52.55919205186852,MEDIUM / RECURRENT,8.842,38.47,339.19899999999996,367.0,,1,AGRICULTURAL,,0,,0,,0,,0,unknown
37,24.473971428571428,78.04336714285715,7,4,38.979166666666664,2.430065235935777,0.102618920363442,1.0,0.1795831106360235,0.2915396446467829,34.781621326928175,LOW / TRANSIENT,3.962857142857142,5.08,334.2685714285714,343.13,,1,AGRICULTURAL,,0,,0,,0,,0,unknown
38,24.93679107142857,77.02551035714285,28,11,45.48888888888889,5.017265187557267,0.2418172936003908,1.0,0.6155349291646312,0.1661884541947459,38.01844421823786,LOW / TRANSIENT,3.931071428571428,8.87,335.8860714285714,355.07,,1,AGRICULTURAL,,0,,0,,0,,0,unknown
39,27.996983333333333,77.38599333333333,3,3,26.995833333333337,1.4827237615111282,0.111128260534033,1.0,0.111128260534033,0.4027834330595614,37.167414300950455,LOW / TRANSIENT,4.123333333333333,4.93,335.87,341.39,,1,AGRICULTURAL,,0,,0,,0,,0,unknown
40,28.533815000000004,80.03192166666668,6,6,42.52708333333333,2.770462920217376,0.1410865624846911,1.0,0.1410865624846911,0.2652194229620875,35.524591271175325,LOW / TRANSIENT,1.4349999999999998,2.84,317.635,336.68,,1,AGRICULTURAL,,0,,0,,0,,0,unknown
41,30.149473333333333,77.07108999999998,3,2,5.004861111111111,1.1952260288386567,0.3996114888303038,0.7149801587301587,0.5994172332454558,0.4555339572613537,42.170419689032585,MEDIUM / RECURRENT,4.88,7.46,335.1166666666666,340.34,,1,AGRICULTURAL,,0,,0,,0,,0,unknown
42,27.372001612903222,77.69316322580646,31,20,54.46041666666667,1.292430671467395,0.3672392027848973,1.0,0.5692207643165907,0.436218208230435,47.71617779071329,MEDIUM / RECURRENT,2.8245161290322582,9.33,314.27967741935487,367.0,,1,AGRICULTURAL,,0,,0,,0,,0,unknown
43,24.919002027649768,77.13855585253455,217,32,50.96111111111111,20.03013476471462,0.6279297939605364,1.0,4.258148915294887,0.0475508127355345,56.44485687391925,MEDIUM / RECURRENT,5.570599078341014,23.99,338.06313364055296,367.0,,1,AGRICULTURAL,,0,,0,,0,,0,unknown
44,27.87762181818182,77.45509090909091,11,7,26.997222222222224,3.717488176589878,0.2592859347669513,1.0,0.407449326062352,0.211977213840707,39.12945064578214,LOW / TRANSIENT,7.373636363636362,29.45,343.1654545454545,367.0,,1,AGRICULTURAL,,0,,0,,0,,0,unknown
45,27.934928333333332,77.44952166666667,6,5,26.010416666666668,2.902623533520952,0.1922306768121746,1.0,0.2306768121746095,0.2562378849537143,37.314185011849624,LOW / TRANSIENT,2.9249999999999994,5.92,336.405,344.97,,1,AGRICULTURAL,,0,,0,,0,,0,unknown
46,27.972972400000003,77.5371264,25,12,26.010416666666668,5.8586609380309,0.461353624349219,1.0,0.961153384060873,0.1458010549049093,45.9857047184426,MEDIUM / RECURRENT,4.7912,13.49,338.16360000000003,367.0,,1,AGRICULTURAL,,0,,0,,0,,0,unknown
47,28.123949999999997,77.79215222222223,9,8,54.979166666666664,2.8364301074518217,0.145509662751042,1.0,0.1636983705949223,0.2606589907783321,35.633414753042956,LOW / TRANSIENT,3.908888888888889,6.71,336.62,343.12,,1,AGRICULTURAL,,0,,0,,0,,0,unknown
48,27.5565,77.48810666666667,6,5,16.0,2.3480732323971805,0.3125,1.0,0.375,0.2986792494033984,42.66108498806797,MEDIUM / RECURRENT,5.215000000000001,8.97,337.29,342.88,,1,AGRICULTURAL,,0,,0,,0,,0,unknown
49,27.80653,78.16294571428571,7,4,10.995833333333334,1.945545042026798,0.3637741568776051,1.0,0.636604774535809,0.339495742123132,45.79521988225043,MEDIUM / RECURRENT,5.308571428571428,6.35,336.6328571428572,340.3,,1,AGRICULTURAL,,0,,0,,0,,0,unknown
50,27.95255,77.40977666666667,6,5,53.00555555555555,2.0867554799892907,0.0943297348286343,1.0,0.1131956817943611,0.3239647605658319,35.00722729390756,LOW / TRANSIENT,3.803333333333333,5.47,334.53833333333336,338.36,,1,AGRICULTURAL,,0,,0,,0,,0,unknown
51,27.976443333333336,77.60491333333333,9,5,8.034027777777778,1.4174471505710753,0.6223528394848301,1.0,1.1202351110726942,0.4136595084462423,57.29600977303928,MEDIUM / RECURRENT,3.788888888888888,6.61,337.27777777777777,345.21,,1,AGRICULTURAL,,0,,0,,0,,0,unknown
52,27.97025666666666,77.30887000000001,3,3,20.018055555555556,1.142424784489132,0.1498647054742246,1.0,0.1498647054742246,0.4667608437130983,39.88021097680828,LOW / TRANSIENT,7.25,8.82,340.8966666666667,346.48,,1,AGRICULTURAL,,0,,0,,0,,0,unknown
53,28.03842333333333,77.533135,6,4,16.0,1.3220142424554064,0.25,1.0,0.375,0.4306605798173543,43.11321159634709,MEDIUM / RECURRENT,3.8716666666666666,8.22,336.2866666666667,340.46,,1,AGRICULTURAL,,0,,0,,0,,0,unknown
54,28.54266125,78.61982125,8,4,7.964583333333334,2.6451300157353512,0.5022233847763536,1.0,1.0044467695527073,0.2743386369438635,50.07348474515506,MEDIUM / RECURRENT,3.5862499999999997,7.09,333.8475,339.22,,1,AGRICULTURAL,,0,,0,,0,,0,unknown
55,30.16309,77.02554333333332,6,6,26.010416666666668,2.1697459932132626,0.2306768121746095,1.0,0.2306768121746095,0.3154826923485662,39.84469589743188,LOW / TRANSIENT,4.026666666666666,5.64,334.93333333333334,347.04,,1,AGRICULTURAL,,0,,0,,0,,0,unknown
56,28.29146,80.083675,4,3,9.022222222222222,1.1141676534220493,0.3325123152709359,1.0,0.4433497536945813,0.4729993850683378,46.98461824323867,MEDIUM / RECURRENT,1.2875,2.7,312.3825,326.24,,1,AGRICULTURAL,,0,,0,,0,,0,unknown
57,24.53422181818182,81.17003545454546,11,11,53.00555555555555,2.781522264712652,0.2075254166229955,1.0,0.2075254166229955,0.2644437689370546,37.967315793791926,LOW / TRANSIENT,1.7109090909090907,6.06,312.03636363636366,331.84,,1,AGRICULTURAL,,0,,0,,0,,0,unknown
58,24.598350681818182,81.04273083333334,132,29,54.45902777777778,12.137568876676356,0.5325104245036406,1.0,2.4238405529131226,0.0761175838077119,50.007897639607904,MEDIUM / RECURRENT,4.418030303030303,16.96,334.2841666666667,350.2,,1,AGRICULTURAL,,0,,0,,0,,0,unknown
59,24.83001363636364,82.71959636363636,11,1,1.0,1.271572476987994,1.0,0.1428571428571428,11.0,0.4402236821102694,67.37590221363396,MEDIUM / RECURRENT,12.219090909090909,16.18,344.44818181818175,355.67,,1,AGRICULTURAL,,0,,0,,0,,0,unknown
60,28.10118,77.43257333333334,3,2,1.05625,0.2610601146049136,1.0,0.1508928571428571,2.840236686390533,0.792983608329645,60.3124669679454,MEDIUM / RECURRENT,7.946666666666666,9.53,336.05333333333334,342.51,,1,AGRICULTURAL,,0,,0,,0,,0,unknown
61,28.122842499999997,77.598375,4,4,25.022222222222226,0.9503743501261294,0.1598579040852575,1.0,0.1598579040852575,0.5127220832940766,41.16918411703606,MEDIUM / RECURRENT,5.86,13.9,333.49,367.0,,1,AGRICULTURAL,,0,,0,,0,,0,unknown
62,28.23888,77.47206666666666,3,3,36.01875,0.2667934641682266,0.0832899531494013,1.0,0.0832899531494013,0.7893946632070742,43.869621530669335,MEDIUM / RECURRENT,3.776666666666667,4.24,335.93,339.73,,1,AGRICULTURAL,,0,,0,,0,,0,unknown
63,28.927012626262627,79.8117997979798,99,31,53.00555555555555,12.171813194472174,0.5848443559375328,1.0,1.8677287496069592,0.075919691938819,50.72340379580395,MEDIUM / RECURRENT,5.356262626262626,15.84,334.490202020202,346.51,,1,AGRICULTURAL,,0,,0,,0,,0,unknown
64,29.018828000000003,79.39349,5,2,3.029861111111111,0.3462751172514723,0.6600962640385056,0.4328373015873015,1.6502406600962642,0.7427902270388681,52.08058764200013,MEDIUM / RECURRENT,8.383999999999999,9.24,337.76800000000003,343.74,,1,AGRICULTURAL,,0,,0,,0,,0,unknown
65,24.546235,78.05607060606062,66,24,48.986111111111114,7.826552550610295,0.4899347887723277,1.0,1.3473206691239012,0.1132945160940391,47.108249267160055,MEDIUM / RECURRENT,4.970909090909091,13.68,338.8142424242424,367.0,,1,AGRICULTURAL,,0,,0,,0,,0,unknown
66,26.34917125,77.672495,8,5,15.011805555555556,2.2443984376475163,0.3330711939677105,1.0,0.5329139103483369,0.3082235487467103,43.88779058450075,MEDIUM / RECURRENT,4.995,7.02,334.635,341.12,,1,AGRICULTURAL,,0,,0,,0,,0,unknown
67,27.959913333333336,77.70372583333334,12,8,21.990972222222226,2.727532963768072,0.3637856443616383,1.0,0.5456784665424574,0.2682739521608749,44.18933352895975,MEDIUM / RECURRENT,4.085,8.39,336.39000000000004,341.59,,1,AGRICULTURAL,,0,,0,,0,,0,unknown
68,28.151933333333332,77.45423000000001,6,4,17.972916666666666,2.1040104897679113,0.2225570882114292,1.0,0.3338356323171438,0.3221638597216115,39.90044654646655,LOW / TRANSIENT,5.395,11.94,337.33666666666664,345.59,,1,AGRICULTURAL,,0,,0,,0,,0,unknown
69,30.46358,77.17415625,8,7,27.981944444444444,2.9311337234316235,0.2501613143396039,1.0,0.2858986449595473,0.2543795429902255,39.41503415160974,LOW / TRANSIENT,4.925000000000001,9.22,332.995,336.96,,1,AGRICULTURAL,,0,,0,,0,,0,unknown
70,27.7267575,77.7562825,4,4,12.970833333333331,1.0626132200696798,0.3083841953099903,1.0,0.3083841953099903,0.484821870755884,46.10665264158733,MEDIUM / RECURRENT,5.08,8.06,338.42,347.09,,1,AGRICULTURAL,,0,,0,,0,,0,unknown
71,27.849676666666667,77.58344666666666,3,3,4.0159722222222225,1.0697862469219883,0.7470171191423136,0.5737103174603175,0.7470171191423136,0.4831416777877985,51.645224900529506,MEDIUM / RECURRENT,6.116666666666666,8.19,348.04333333333335,367.0,,1,AGRICULTURAL,,0,,0,,0,,0,unknown
72,27.848678571428568,77.38920428571429,7,3,20.018055555555556,1.2475678449433028,0.1498647054742246,1.0,0.3496843127731908,0.4449253900165251,39.843141117474744,LOW / TRANSIENT,4.408571428571429,6.03,337.65285714285716,342.61,,1,AGRICULTURAL,,0,,0,,0,,0,unknown
73,28.343506,77.497176,5,4,16.988194444444446,0.7048673699413326,0.235457629890038,1.0,0.2943220373625475,0.5865558914617574,45.560778950111576,MEDIUM / RECURRENT,3.816,7.19,333.168,338.02,,1,AGRICULTURAL,,0,,0,,0,,0,unknown
74,28.810634,77.676124,5,3,44.97013888888889,1.6702406281405842,0.0667109347252034,1.0,0.1111848912086724,0.374498084352925,35.047214184857964,LOW / TRANSIENT,5.5280000000000005,8.92,336.604,346.36,,1,AGRICULTURAL,,0,,0,,0,,0,unknown
75,28.936134634146335,79.45829451219512,82,28,48.9875,8.584057404361932,0.571574381219699,1.0,1.673896402143404,0.1043399426577804,50.43969500013188,MEDIUM / RECURRENT,6.999024390243903,25.48,337.83695121951223,367.0,,1,AGRICULTURAL,,0,,0,,0,,0,unknown
76,28.893495087719295,79.7187703508772,57,23,50.96111111111111,6.712989510804033,0.4513245394091355,1.0,1.1184999454922055,0.1296514144871118,45.62638706004638,MEDIUM / RECURRENT,5.712631578947367,18.63,336.8166666666667,367.0,,1,AGRICULTURAL,,0,,0,,0,,0,unknown
77,29.576966666666667,77.07889333333333,3,2,47.014583333333334,0.999338531830354,0.0425399920237514,1.0,0.0638099880356272,0.5001654217530236,36.619828131963025,LOW / TRANSIENT,12.956666666666663,30.96,342.2366666666667,349.39,,1,AGRICULTURAL,,0,,0,,0,,0,unknown
78,25.96619088661552,78.7018514236999,1173,44,48.98680555555555,23.894541320101133,0.8982010462000822,1.0,23.945223345288557,0.0401694486812074,77.24042559062703,HIGH / PERSISTENT,6.275959079283887,43.78,337.7193009377664,367.0,,1,AGRICULTURAL,,0,,0,,0,,0,unknown
79,26.984,80.2201575,4,3,42.99583333333333,1.2340777660862807,0.0697742029266401,1.0,0.0930322705688535,0.4476119923756403,36.58040149108293,LOW / TRANSIENT,3.66,4.86,337.0525,342.74,,1,AGRICULTURAL,,0,,0,,0,,0,unknown
80,27.092115,80.17208500000001,4,3,26.007638888888888,1.664072852534738,0.1153507249472644,1.0,0.1538009665963525,0.3753651102478477,36.85217951130391,LOW / TRANSIENT,4.2924999999999995,7.54,337.5725,342.72,,1,AGRICULTURAL,,0,,0,,0,,0,unknown
81,27.11716,81.27236666666666,9,7,17.97361111111111,2.964675313388382,0.3894598562707673,1.0,0.500734100919558,0.2522274640304295,44.67711245192456,MEDIUM / RECURRENT,3.44,5.9,335.96333333333337,351.37,,1,AGRICULTURAL,,0,,0,,0,,0,unknown
82,27.169516666666667,81.26210333333334,3,3,10.995833333333334,1.1851443981699588,0.2728306176582039,1.0,0.2728306176582039,0.4576356605254519,44.24744606386258,MEDIUM / RECURRENT,5.633333333333333,8.57,337.39000000000004,346.36,,1,AGRICULTURAL,,0,,0,,0,,0,unknown
83,27.2540175,81.19145625000002,8,4,7.964583333333334,1.8118036871914889,0.5022233847763536,1.0,1.0044467695527073,0.3556436050479857,51.699584107237506,MEDIUM / RECURRENT,7.225,16.31,339.56375,346.22,,1,AGRICULTURAL,,0,,0,,0,,0,unknown
84,27.58157,77.45303249999999,4,4,20.018055555555556,0.9990050131071484,0.1998196072989662,1.0,0.1998196072989662,0.5002488705346728,42.3983028807552,MEDIUM / RECURRENT,4.9,9.63,333.97,338.71,,1,AGRICULTURAL,,0,,0,,0,,0,unknown
85,27.783263333333338,77.37211333333333,6,4,21.00486111111111,0.7046294610811631,0.1904321089694845,1.0,0.2856481634542269,0.5866377549087699,43.96917523901581,MEDIUM / RECURRENT,6.906666666666666,8.87,335.795,339.86,,1,AGRICULTURAL,,0,,0,,0,,0,unknown
86,27.94784714285715,80.13205142857144,14,11,48.98680555555555,3.989295295610636,0.2245502615500205,1.0,0.2857912419727534,0.2004291068680092,37.439423775556406,LOW / TRANSIENT,3.2271428571428573,10.88,321.9842857142857,346.1,,1,AGRICULTURAL,,0,,0,,0,,0,unknown
87,28.063038333333328,79.939195,6,5,42.99583333333333,2.190297116808624,0.1162903382110669,1.0,0.1395484058532803,0.313450429030992,35.61826722971374,LOW / TRANSIENT,3.834999999999999,6.84,334.9433333333333,347.61,,1,AGRICULTURAL,,0,,0,,0,,0,unknown
88,28.870699374999997,79.907856875,16,10,31.013194444444444,6.121943496822245,0.3224434044649454,1.0,0.5159094471439127,0.1404111111589402,40.12556027373972,MEDIUM / RECURRENT,4.2375,6.91,334.729375,345.2,,1,AGRICULTURAL,,0,,0,,0,,0,unknown
89,29.0541775,77.01917999999999,4,4,10.009027777777778,1.4534539192218587,0.3996392145979324,1.0,0.3996392145979324,0.4075886619126564,47.93842417837663,MEDIUM / RECURRENT,3.33,5.21,335.555,340.18,,1,AGRICULTURAL,,0,,0,,0,,0,unknown
90,29.07056333333333,77.10650333333334,3,3,9.020833333333334,1.3176806268594363,0.3325635103926097,1.0,0.3325635103926097,0.4314658320094109,45.93416652471477,MEDIUM / RECURRENT,5.27,5.86,335.2033333333334,335.5,,1,AGRICULTURAL,,0,,0,,0,,0,unknown
91,27.187609999999996,81.17938666666667,3,1,1.0,0.5021736070268774,1.0,0.1428571428571428,3.0,0.6657020169454406,57.88546891033739,MEDIUM / RECURRENT,4.01,4.18,334.31666666666666,337.76,,1,AGRICULTURAL,,0,,0,,0,,0,unknown
92,28.067556666666665,77.56210666666666,3,2,17.573611111111113,0.8062625412369802,0.1138070022919465,1.0,0.1707105034379198,0.5536293740084824,40.39725356726362,MEDIUM / RECURRENT,2.983333333333333,6.87,317.39000000000004,345.25,,1,AGRICULTURAL,,0,,0,,0,,0,unknown
93,28.20171,77.534,3,3,11.98263888888889,0.4391518366058068,0.2503622138510576,1.0,0.2503622138510576,0.6948537149203573,48.16047621089628,MEDIUM / RECURRENT,2.83,4.04,334.1333333333334,335.01,,1,AGRICULTURAL,,0,,0,,0,,0,unknown
94,28.235673333333335,80.08787000000001,3,3,5.990972222222222,1.3060885572328254,0.5007534484757158,0.8558531746031746,0.5007534484757158,0.4336346914621279,48.59690078792341,MEDIUM / RECURRENT,1.42,2.7,322.6766666666667,333.21,,1,AGRICULTURAL,,0,,0,,0,,0,unknown
95,28.473653333333335,78.71050666666666,3,3,7.0472222222222225,0.527424457512966,0.4256996452502956,1.0,0.4256996452502956,0.6546968624741373,53.844824123743685,MEDIUM / RECURRENT,6.686666666666667,11.23,336.9166666666667,338.23,,1,AGRICULTURAL,,0,,0,,0,,0,unknown
96,28.57231333333333,78.61749666666667,3,3,14.026388888888889,1.2326904457727224,0.2138825626299633,1.0,0.2138825626299633,0.4478901237264466,41.87145729183758,MEDIUM / RECURRENT,3.9033333333333338,5.3,335.71,339.46,,1,AGRICULTURAL,,0,,0,,0,,0,unknown
97,27.327632857142856,81.25064,7,4,10.00763888888889,0.9394405649678478,0.3996946776767746,1.0,0.6994656859343557,0.51561260399675,50.700497170490834,MEDIUM / RECURRENT,6.827142857142857,13.67,336.6842857142857,345.03,,1,AGRICULTURAL,,0,,0,,0,,0,unknown
98,27.772916666666664,81.51790333333334,3,3,16.0,1.5328919037739344,0.1875,1.0,0.1875,0.3948056363992595,39.833612727985184,LOW / TRANSIENT,3.186666666666667,3.64,334.98,339.58,,1,AGRICULTURAL,,0,,0,,0,,0,unknown
99,30.013476666666666,77.01723333333332,3,3,20.018055555555556,1.632169658013068,0.1498647054742246,1.0,0.1498647054742246,0.3799147205256004,38.14328851305832,LOW / TRANSIENT,3.3333333333333335,4.6,335.8966666666667,337.5,,1,AGRICULTURAL,,0,,0,,0,,0,unknown
100,30.117123333333335,77.09545333333334,3,2,19.03125,1.2435958096448374,0.1050903119868637,1.0,0.1576354679802955,0.4457130806276111,37.90769346805305,LOW / TRANSIENT,2.2066666666666666,2.83,331.97,333.02,,1,AGRICULTURAL,,0,,0,,0,,0,unknown
101,30.2051775,77.064455,4,3,11.065277777777778,0.8032569704500239,0.2711183632483996,1.0,0.3614911509978661,0.5545521333825418,46.303167683340554,MEDIUM / RECURRENT,4.4075,6.01,335.3775,337.93,,1,AGRICULTURAL,,0,,0,,0,,0,unknown
102,28.7732575,79.93472499999999,4,3,12.970138888888888,1.5970177854232035,0.2313005300637147,1.0,0.3084007067516197,0.3850570472073383,41.413460909880015,MEDIUM / RECURRENT,6.745,11.35,337.3675,345.22,,1,AGRICULTURAL,,0,,0,,0,,0,unknown
103,28.4771025,80.0632425,4,4,18.961111111111112,1.84258371785873,0.2109581013770876,1.0,0.2109581013770876,0.351792629260989,39.84130233617202,LOW / TRANSIENT,1.035,1.46,311.83500000000004,318.67,,1,AGRICULTURAL,,0,,0,,0,,0,unknown
104,24.2949775,77.378235,4,4,10.995138888888889,0.596403590620263,0.363797132571212,1.0,0.363797132571212,0.6264080122818205,50.98865415077126,MEDIUM / RECURRENT,6.1375,8.73,338.555,345.96,,1,AGRICULTURAL,,0,,0,,0,,0,unknown
105,24.661466206896556,77.90930896551724,29,17,32.00138888888889,5.649456051271864,0.5312269432750314,1.0,0.9062106679397596,0.1503882411266898,48.413129173039415,MEDIUM / RECURRENT,4.550344827586207,11.46,336.6420689655172,351.14,,1,AGRICULTURAL,,0,,0,,0,,0,unknown
106,27.875435,78.17158,4,2,1.0,0.6720371815447459,1.0,0.1428571428571428,4.0,0.5980728245983917,58.5328850633964,MEDIUM / RECURRENT,4.295,4.72,337.0,337.97,,1,AGRICULTURAL,,0,,0,,0,,0,unknown
107,27.9467625,77.7445225,4,4,25.538888888888888,1.343556455994252,0.1566238851424842,1.0,0.1566238851424842,0.4267019031874573,39.329121814021065,LOW / TRANSIENT,5.065,8.5,331.4,343.25,,1,AGRICULTURAL,,0,,0,,0,,0,unknown
108,28.050894,77.710448,5,2,20.53472222222222,0.7613422674232886,0.0973960094690564,1.0,0.2434900236726412,0.5677488234373237,40.25081684750873,MEDIUM / RECURRENT,3.1420000000000003,6.49,326.568,343.65,,1,AGRICULTURAL,,0,,0,,0,,0,unknown
109,30.12458666666667,77.03672999999999,3,1,1.0,0.2285484975745924,1.0,0.1428571428571428,3.0,0.813968680906131,60.85080218955119,MEDIUM / RECURRENT,11.49,17.07,341.6566666666666,352.64,,1,AGRICULTURAL,,0,,0,,0,,0,unknown
110,30.3555425,77.36698,4,4,45.956944444444446,1.3799609821563346,0.0870379884553779,1.0,0.0870379884553779,0.4201749555969452,36.62390468478788,LOW / TRANSIENT,4.702500000000001,7.99,333.7325,343.96,,1,AGRICULTURAL,,0,,0,,0,,0,unknown
111,27.997983333333337,79.85518,3,2,27.46527777777778,1.027990976734615,0.072819216182048,1.0,0.109228824273072,0.4930988409081374,37.62910703308057,LOW / TRANSIENT,1.33,2.42,312.75333333333333,331.64,,1,AGRICULTURAL,,0,,0,,0,,0,unknown
112,24.332697136752135,77.97429115384614,234,32,51.49930555555556,16.473722730967197,0.6213676020442562,1.0,4.5437505899486235,0.0572287895027534,56.97994304150128,MEDIUM / RECURRENT,5.827008547008547,25.78,338.2186752136752,367.0,,1,AGRICULTURAL,,0,,0,,0,,0,unknown
113,24.36554114035087,77.48443859649123,114,20,31.999305555555555,13.619699543084172,0.6250135636624059,1.0,3.5625773128757134,0.0684008585164835,55.36864652426531,MEDIUM / RECURRENT,5.150964912280702,16.38,337.72543859649124,353.3,,1,AGRICULTURAL,,0,,0,,0,,0,unknown
114,24.483914,77.33575400000001,5,4,16.986805555555556,0.9841107388149146,0.2354768815665753,1.0,0.2943461019582192,0.5040041266029778,43.91046559080613,MEDIUM / RECURRENT,4.708,5.82,336.188,337.66,,1,AGRICULTURAL,,0,,0,,0,,0,unknown
115,24.56163617647059,77.82876058823528,34,20,41.02152777777778,8.302840628024365,0.48754888185404,1.0,0.8288330991518681,0.107494048321923,45.8717580296336,MEDIUM / RECURRENT,5.074705882352942,16.26,338.18323529411765,354.04,,1,AGRICULTURAL,,0,,0,,0,,0,unknown
116,24.688853773584903,77.11888981132074,53,18,31.999305555555555,7.023649331280356,0.5625122072961652,1.0,1.6562859437053756,0.1246315683440302,50.493130509657135,MEDIUM / RECURRENT,5.61566037735849,12.62,338.64509433962263,367.0,,1,AGRICULTURAL,,0,,0,,0,,0,unknown
117,24.711250399999997,77.3831228,25,12,37.990972222222226,3.914589773898141,0.3158645145959383,1.0,0.6580510720748716,0.2034757825182268,41.44087580537211,MEDIUM / RECURRENT,6.860399999999999,23.24,341.3516,367.0,,1,AGRICULTURAL,,0,,0,,0,,0,unknown
118,24.709781166666662,77.83120783333332,60,25,42.00694444444444,6.877871942306221,0.595139692511159,1.0,1.4283352620267813,0.126937833887568,51.22531643969549,MEDIUM / RECURRENT,4.321166666666667,10.43,336.6689999999999,367.0,,1,AGRICULTURAL,,0,,0,,0,,0,unknown
119,24.7582803125,77.033133125,32,17,36.017361111111114,6.427140711642428,0.4719946013689385,1.0,0.8884604261062373,0.1346413160629161,45.989558221383646,MEDIUM / RECURRENT,5.3865625,22.4,334.95124999999996,349.06,,1,AGRICULTURAL,,0,,0,,0,,0,unknown
120,24.745176,77.065086,10,7,26.99513888888889,1.3363999919711482,0.2593059450003859,1.0,0.3704370642862655,0.4280089040559922,43.37676028470588,MEDIUM / RECURRENT,4.429,7.68,334.99899999999997,336.96,,1,AGRICULTURAL,,0,,0,,0,,0,unknown
121,24.858618,77.79988766666665,30,17,42.00833333333333,10.020455986876298,0.4046816107915096,1.0,0.7141440190438405,0.0907403469684783,42.40695135516008,MEDIUM / RECURRENT,4.414666666666667,7.37,336.82566666666673,348.65,,1,AGRICULTURAL,,0,,0,,0,,0,unknown
122,24.86872742857143,77.56389600000001,35,13,16.0,7.633998616452477,0.8125,1.0,2.1875,0.1158211906699237,60.12892381339847,MEDIUM / RECURRENT,5.796857142857142,15.22,338.95342857142856,347.72,,1,AGRICULTURAL,,0,,0,,0,,0,unknown
123,24.98382413793104,77.73605482758622,29,13,26.99513888888889,5.250299754042688,0.4815681835721452,1.0,1.07426748643017,0.1599923266645253,47.20326793117593,MEDIUM / RECURRENT,8.715862068965517,43.7,343.201724137931,367.0,,1,AGRICULTURAL,,0,,0,,0,,0,unknown
124,25.04778375,77.68400125,8,5,16.0,2.658339127503326,0.3125,1.0,0.5,0.2733480864258916,42.40446172851783,MEDIUM / RECURRENT,3.84625,6.01,336.1925,344.17,,1,AGRICULTURAL,,0,,0,,0,,0,unknown
125,25.048832499999996,77.628275,4,4,10.995138888888889,1.837792416500758,0.363797132571212,1.0,0.363797132571212,0.352386592544738,45.50822575602961,MEDIUM / RECURRENT,3.95,5.55,338.07500000000005,345.88,,1,AGRICULTURAL,,0,,0,,0,,0,unknown
126,25.252055,77.5062025,4,3,30.025,1.1723642023465553,0.0999167360532889,1.0,0.1332223147377185,0.4603279684501405,37.97008976034336,LOW / TRANSIENT,3.47,3.88,338.39,340.29,,1,AGRICULTURAL,,0,,0,,0,,0,unknown
127,25.978803988439303,79.05878572254335,173,39,43.98194444444445,13.893226053968032,0.8867275081314934,1.0,3.933432279660214,0.0671446197335847,65.24521973859439,MEDIUM / RECURRENT,5.858497109826589,27.42,338.2005780346821,367.0,,1,AGRICULTURAL,,0,,0,,0,,0,unknown
128,26.3601625,82.6883375,4,4,43.98194444444445,1.1793739092232896,0.0909464110904095,1.0,0.0909464110904095,0.4588473761973188,37.54196473429153,LOW / TRANSIENT,3.43,4.16,333.76,337.14,,1,AGRICULTURAL,,0,,0,,0,,0,unknown
129,26.909211428571428,79.34425857142857,7,5,10.995138888888889,2.064858547961383,0.454746415714015,1.0,0.636644981999621,0.3262793320967972,48.71500115592571,MEDIUM / RECURRENT,3.298571428571429,5.42,335.89285714285717,341.59,,1,AGRICULTURAL,,0,,0,,0,,0,unknown
130,25.310355,83.01445875000002,8,7,43.984027777777776,0.2784464041622035,0.1591486808658446,1.0,0.1818842067038224,0.7821993919685072,46.577960083082345,MEDIUM / RECURRENT,1.16,1.9,305.31125,309.04,,1,AGRICULTURAL,,0,,0,,0,,0,unknown
131,24.450450000000004,77.74170888888888,9,7,24.036805555555556,2.581646273546989,0.2912200618264813,1.0,0.3744257937769046,0.2792012174361585,41.52557810020383,MEDIUM / RECURRENT,4.977777777777778,8.57,336.7088888888889,341.35,,1,AGRICULTURAL,,0,,0,,0,,0,unknown
132,24.760680941176467,77.50866670588236,85,17,22.979166666666668,11.965684728456006,0.7398005439709882,1.0,3.6990027198549407,0.0771266632610064,59.83355774391459,MEDIUM / RECURRENT,5.181176470588236,15.84,338.09482352941177,367.0,,1,AGRICULTURAL,,0,,0,,0,,0,unknown
133,24.942120675675675,77.62076999999998,74,15,16.002083333333335,9.351687468182345,0.9373779455800024,1.0,4.624397864861345,0.0966026073597825,68.98907597221843,MEDIUM / RECURRENT,5.58581081081081,17.87,338.91040540540536,367.0,,1,AGRICULTURAL,,0,,0,,0,,0,unknown
134,25.852772857142856,79.53027,7,1,1.0,0.8559655018586442,1.0,0.1428571428571428,7.0,0.5388031183761534,63.34749093895164,MEDIUM / RECURRENT,5.384285714285714,6.08,348.95,354.66,,1,AGRICULTURAL,,0,,0,,0,,0,unknown
135,26.076006666666668,79.55772333333333,3,1,1.0,0.3001180897177354,1.0,0.1428571428571428,3.0,0.7691609000049425,59.95464657152743,MEDIUM / RECURRENT,4.516666666666667,5.26,344.01000000000005,348.8,,1,AGRICULTURAL,,0,,0,,0,,0,unknown
136,26.29581770833333,79.99123875,48,22,42.99513888888889,6.369302547463538,0.5116857525883094,1.0,1.116405278374493,0.1356980519607236,47.85577293655429,MEDIUM / RECURRENT,5.665,17.25,336.7704166666667,367.0,,1,AGRICULTURAL,,0,,0,,0,,0,unknown
137,26.635084666666668,79.203857,30,15,43.983333333333334,6.5752999056866805,0.3410382720727548,1.0,0.6820765441455097,0.1320079749251,40.94065210933944,MEDIUM / RECURRENT,5.5183333333333335,11.81,335.0849999999999,339.93,,1,AGRICULTURAL,,0,,0,,0,,0,unknown
138,26.692618235294123,81.11063705882353,34,14,37.99236111111111,7.317223789966137,0.3684951287722313,1.0,0.8949167413039902,0.1202324267391236,42.091811524418546,MEDIUM / RECURRENT,3.989705882352941,8.55,334.1823529411764,353.2,,1,AGRICULTURAL,,0,,0,,0,,0,unknown
139,26.858196363636363,79.14119818181818,11,7,26.99513888888889,4.433957506904286,0.2593059450003859,1.0,0.4074807707148921,0.1840279388878949,38.571228394201185,LOW / TRANSIENT,4.6000000000000005,7.27,337.62272727272733,350.09,,1,AGRICULTURAL,,0,,0,,0,,0,unknown
140,27.519433333333335,78.42704666666667,3,3,16.0,1.1137819734582628,0.1875,1.0,0.1875,0.4730856883805974,41.39921376761195,MEDIUM / RECURRENT,4.016666666666667,4.62,335.0933333333333,338.89,,1,AGRICULTURAL,,0,,0,,0,,0,unknown
141,29.738966666666663,77.93076666666667,3,1,1.0,0.3093858049423679,1.0,0.1428571428571428,3.0,0.7637168481783064,59.8457655349947,MEDIUM / RECURRENT,11.396666666666668,14.5,346.62999999999994,352.14,,1,AGRICULTURAL,,0,,0,,0,,0,unknown
142,30.07495,77.7275775,4,1,1.0,0.8653215798813578,1.0,0.1428571428571428,4.0,0.5361005902604762,57.293440376638095,MEDIUM / RECURRENT,12.9875,17.61,345.49749999999995,355.58,,1,AGRICULTURAL,,0,,0,,0,,0,unknown
143,30.214768000000003,77.212616,5,3,30.027083333333337,2.936027154905218,0.0999098036494831,1.0,0.1665163394158051,0.2540632878393037,33.911141563349595,LOW / TRANSIENT,3.606,7.37,334.936,340.56,,1,AGRICULTURAL,,0,,0,,0,,0,unknown
144,26.642349375,79.51940562499999,16,11,38.45902777777778,4.015087509635327,0.2860186706632238,1.0,0.4160271573283256,0.1993983151996315,39.830674091862114,LOW / TRANSIENT,2.55875,6.45,325.64250000000004,339.74,,1,AGRICULTURAL,,0,,0,,0,,0,unknown
145,24.04537333333333,77.54429,3,3,25.022222222222226,1.7819287223326332,0.1198934280639431,1.0,0.1198934280639431,0.3594628402849606,36.62531364406511,LOW / TRANSIENT,2.703333333333333,3.07,334.30333333333334,336.29,,1,AGRICULTURAL,,0,,0,,0,,0,unknown
146,24.230368571428578,77.44940999999999,7,6,8.034027777777778,2.768941460877499,0.7468234073817961,1.0,0.8712939752787622,0.2653264876571408,58.187936962063205,MEDIUM / RECURRENT,3.4499999999999997,5.59,333.88142857142856,339.77,,1,AGRICULTURAL,,0,,0,,0,,0,unknown
147,24.295729999999995,77.43240545454545,11,4,10.00763888888889,2.675329799108652,0.3996946776767746,1.0,1.0991603636111302,0.2720844263397864,46.6293229727051,MEDIUM / RECURRENT,6.132727272727272,12.29,341.3109090909091,353.17,,1,AGRICULTURAL,,0,,0,,0,,0,unknown
148,24.3423275,77.61578499999999,4,2,9.022222222222222,0.9495781730497614,0.2216748768472906,1.0,0.4433497536945813,0.5129314709323409,43.903949615691154,MEDIUM / RECURRENT,4.0225,6.31,340.135,345.45,,1,AGRICULTURAL,,0,,0,,0,,0,unknown
149,24.373427391304343,77.58337782608695,23,13,29.558333333333337,4.451616541558933,0.4398082886946715,1.0,0.778122356921342,0.1834318302427855,45.61817142301191,MEDIUM / RECURRENT,5.668695652173913,13.12,338.79086956521735,354.09,,1,AGRICULTURAL,,0,,0,,0,,0,unknown
150,24.359656666666663,77.35922333333333,3,3,19.02986111111111,0.5144053747342593,0.157646972959165,1.0,0.157646972959165,0.6603251789009764,44.03944157750864,MEDIUM / RECURRENT,2.89,4.6,335.2,338.13,,1,AGRICULTURAL,,0,,0,,0,,0,unknown
151,24.4011425,77.35321125,8,5,15.011805555555556,2.886450428314786,0.3330711939677105,1.0,0.5329139103483369,0.2573041952920554,42.86940351540765,MEDIUM / RECURRENT,2.89,4.31,334.64625,337.11,,1,AGRICULTURAL,,0,,0,,0,,0,unknown
152,24.575875000000007,77.06632333333333,6,4,9.022222222222222,3.2901723554539313,0.4433497536945813,1.0,0.6650246305418719,0.2330908684190131,46.50910800877435,MEDIUM / RECURRENT,2.7083333333333335,6.13,335.3583333333333,339.08,,1,AGRICULTURAL,,0,,0,,0,,0,unknown
153,24.65924,77.52650200000001,5,5,9.022222222222222,1.6569872795997034,0.5541871921182266,1.0,0.5541871921182266,0.3763661225170254,53.0322485587149,MEDIUM / RECURRENT,5.0520000000000005,8.98,340.066,345.76,,1,AGRICULTURAL,,0,,0,,0,,0,unknown
154,24.599218421052623,77.44651842105263,95,30,38.06111111111111,11.850805238384991,0.7882061012990804,1.0,2.495985987447088,0.0778161353666016,59.135508227694025,MEDIUM / RECURRENT,5.12621052631579,21.11,339.0611578947369,367.0,,1,AGRICULTURAL,,0,,0,,0,,0,unknown
155,24.837982500000003,77.0122825,4,2,25.022222222222226,1.350310289115843,0.0799289520426287,1.0,0.1598579040852575,0.4254757359617344,36.62674384889721,LOW / TRANSIENT,4.6425,6.21,335.1275,338.46,,1,AGRICULTURAL,,0,,0,,0,,0,unknown
156,24.92691125,77.72529,8,4,7.049305555555556,1.7575874875303965,0.5674317801201851,1.0,1.1348635602403705,0.3626358200861894,54.38255582641101,MEDIUM / RECURRENT,4.87375,6.1,336.84000000000003,341.74,,1,AGRICULTURAL,,0,,0,,0,,0,unknown
157,24.976805,77.57833249999999,4,3,4.018055555555556,1.5464755204299436,0.7466297960594538,0.5740079365079366,0.9955063947459384,0.3926996320903809,50.32724670607879,MEDIUM / RECURRENT,5.6225,11.48,336.53499999999997,343.41,,1,AGRICULTURAL,,0,,0,,0,,0,unknown
158,24.97772666666667,77.83547888888889,9,6,10.995833333333334,4.235785606202467,0.5456612353164078,1.0,0.8184918529746116,0.190993305534774,49.55499305271898,MEDIUM / RECURRENT,4.0,6.86,336.37333333333333,341.8,,1,AGRICULTURAL,,0,,0,,0,,0,unknown
159,25.126332738095236,77.0334725,84,22,41.022222222222226,8.56904789226505,0.5362946912242686,1.0,2.047670639219935,0.1045036048788438,49.95572756886615,MEDIUM / RECURRENT,5.08654761904762,13.44,336.1797619047619,352.68,,1,AGRICULTURAL,,0,,0,,0,,0,unknown
160,25.17515777777778,77.12180666666667,18,10,24.554166666666667,3.2144705663323916,0.4072628542338367,1.0,0.7330731376209062,0.2372777278333781,45.46590073009366,MEDIUM / RECURRENT,4.732222222222222,10.88,334.80277777777775,343.94,,1,AGRICULTURAL,,0,,0,,0,,0,unknown
161,25.29301625,77.10242375,8,7,24.035416666666663,3.0817869563877114,0.2912368900060674,1.0,0.3328421600069342,0.2449907382929601,40.75879023608543,MEDIUM / RECURRENT,4.91375,8.06,336.07500000000005,339.29,,1,AGRICULTURAL,,0,,0,,0,,0,unknown
162,25.41429933333334,77.10073733333334,15,12,26.995833333333337,3.612647740453636,0.4445130421361321,1.0,0.5556413026701651,0.2167952239729569,46.0051435595641,MEDIUM / RECURRENT,5.709999999999999,11.59,339.224,367.0,,1,AGRICULTURAL,,0,,0,,0,,0,unknown
163,25.711962857142854,79.58036285714286,7,6,19.02986111111111,2.746573256509057,0.3152939459183301,1.0,0.3678429369047185,0.2669105690814036,42.10918536257907,MEDIUM / RECURRENT,5.595714285714285,11.94,338.97999999999996,346.27,,1,AGRICULTURAL,,0,,0,,0,,0,unknown
164,25.9414625,83.779845,4,1,1.0,0.6843149773478547,1.0,0.1428571428571428,4.0,0.5937131792146226,58.44569215572102,MEDIUM / RECURRENT,10.19,12.35,350.9225,367.0,,1,AGRICULTURAL,,0,,0,,0,,0,unknown
165,25.986279999999997,79.52058083333333,36,20,41.022222222222226,4.626379237294997,0.4875406283856988,1.0,0.8775731310942578,0.1777341977539309,47.37375221076659,MEDIUM / RECURRENT,6.878333333333334,30.85,338.73777777777775,367.0,,1,AGRICULTURAL,,0,,0,,0,,0,unknown
166,27.012516666666667,81.20214666666668,3,2,13.03888888888889,0.83887404172767,0.1533873029399233,1.0,0.2300809544098849,0.5438110372478118,41.70493825667331,MEDIUM / RECURRENT,4.756666666666667,5.77,340.77666666666664,348.81,,1,AGRICULTURAL,,0,,0,,0,,0,unknown
167,27.211339999999996,79.96857999999999,6,5,20.018055555555556,1.817156042587718,0.2497745091237077,1.0,0.2997294109484493,0.3549679126334241,41.44092489389515,MEDIUM / RECURRENT,4.108333333333333,5.62,338.61833333333334,342.03,,1,AGRICULTURAL,,0,,0,,0,,0,unknown
168,27.99538,77.7373325,4,3,9.022222222222222,2.2461634399181145,0.3325123152709359,1.0,0.4433497536945813,0.3080559616016208,43.685749773904334,MEDIUM / RECURRENT,2.7275,3.98,332.515,333.72,,1,AGRICULTURAL,,0,,0,,0,,0,unknown
169,30.256956,77.302942,5,5,41.022222222222226,2.2153438599139967,0.1218851570964247,1.0,0.1218851570964247,0.3110087267701277,35.72992534797027,LOW / TRANSIENT,3.184,4.73,332.272,334.76,,1,AGRICULTURAL,,0,,0,,0,,0,unknown
170,24.825570000000003,77.5441,4,3,15.013194444444444,1.3895830986656263,0.1998242286877284,1.0,0.2664323049169712,0.4184830402250554,40.896373418405545,MEDIUM / RECURRENT,4.365,6.31,332.3325,335.82,,1,AGRICULTURAL,,0,,0,,0,,0,unknown
171,25.07683555555555,77.89732444444445,9,8,34.043055555555554,2.706196078906151,0.2349965321692301,1.0,0.2643710986903839,0.2698184280350166,39.14998938400415,LOW / TRANSIENT,5.253333333333334,13.42,338.9811111111111,367.0,,1,AGRICULTURAL,,0,,0,,0,,0,unknown
172,28.8218275,79.9066,4,3,30.02638888888889,0.8041409967761276,0.0999121143438642,1.0,0.1332161524584856,0.554280403686258,39.84896438067737,LOW / TRANSIENT,3.1624999999999996,3.61,334.64750000000004,339.37,,1,AGRICULTURAL,,0,,0,,0,,0,unknown
173,29.65993333333333,78.463305,6,5,33.05763888888889,1.1145677862000718,0.1512509715774216,1.0,0.1815011658929059,0.4729098809345921,40.114983955687414,MEDIUM / RECURRENT,4.156666666666666,5.29,331.955,336.16,,1,AGRICULTURAL,,0,,0,,0,,0,unknown
174,24.395796363636364,77.70682181818182,11,9,13.955555555555556,4.297090367529628,0.6449044585987261,1.0,0.7882165605095541,0.1887828846813432,52.92374686560139,MEDIUM / RECURRENT,5.171818181818182,9.15,338.4681818181818,346.88,,1,AGRICULTURAL,,0,,0,,0,,0,unknown
175,25.228543,77.033949,10,7,36.93472222222222,2.5831365467991723,0.1895235588312714,1.0,0.2707479411875306,0.2790850940060611,37.75652232159078,LOW / TRANSIENT,4.89,8.52,337.708,348.35,,1,AGRICULTURAL,,0,,0,,0,,0,unknown
176,26.275345,77.50263142857143,14,10,17.97361111111111,1.796985553399459,0.5563712232439533,1.0,0.7789197125415347,0.3575277672723762,53.181387584068965,MEDIUM / RECURRENT,3.2785714285714285,5.3,334.87071428571426,344.97,,1,AGRICULTURAL,,0,,0,,0,,0,unknown
177,27.02337333333333,78.67292333333333,3,2,10.995833333333334,0.1071372288199159,0.1818870784388025,1.0,0.2728306176582039,0.90323039815569,49.976316943788305,MEDIUM / RECURRENT,5.1066666666666665,5.9,335.29999999999995,338.09,,1,AGRICULTURAL,,0,,0,,0,,0,unknown
178,27.230543333333333,78.86988166666667,6,5,30.475694444444443,3.3602642516178913,0.1640651703315483,1.0,0.196878204397858,0.22934389805135,35.72291533142691,LOW / TRANSIENT,7.260000000000001,20.7,331.8766666666667,351.47,,1,AGRICULTURAL,,0,,0,,0,,0,unknown
179,27.703821666666663,77.39916,6,4,13.957638888888887,1.7527843647763268,0.2865814219612916,1.0,0.4298721329419374,0.3632685555743679,43.15546514601644,MEDIUM / RECURRENT,3.4966666666666666,5.26,337.46666666666664,339.92,,1,AGRICULTURAL,,0,,0,,0,,0,unknown
180,27.7409275,77.5105325,4,4,32.51875,1.7211772965284768,0.1230059581010955,1.0,0.1230059581010955,0.3674879991376317,36.90098043249317,LOW / TRANSIENT,4.672499999999999,9.5,331.45,340.78,,1,AGRICULTURAL,,0,,0,,0,,0,unknown
181,27.74914,77.421038,5,4,13.957638888888887,0.9592647539570612,0.2865814219612916,1.0,0.3582267774516145,0.5103955440326957,45.954714204202354,MEDIUM / RECURRENT,4.55,7.76,336.232,346.13,,1,AGRICULTURAL,,0,,0,,0,,0,unknown
182,24.188486666666662,82.57717444444444,9,8,42.00972222222222,0.2875398990017119,0.1904321089694845,1.0,0.2142361225906701,0.7766749603451865,47.62709526601704,MEDIUM / RECURRENT,1.5244444444444445,2.5,304.12333333333333,309.54,,1,AGRICULTURAL,,0,,0,,0,,0,unknown
183,27.960089999999997,79.81151666666666,3,3,6.507638888888889,1.334907627722702,0.4609966919218867,0.9296626984126984,0.4609966919218867,0.4282824674204893,48.86409440983705,MEDIUM / RECURRENT,2.876666666666667,6.5,317.95666666666665,336.04,,1,AGRICULTURAL,,0,,0,,0,,0,unknown
184,28.63750285714286,80.01299714285715,7,7,40.55277777777778,2.1801714362447706,0.1726145626412768,1.0,0.1726145626412768,0.3144484566469869,37.67570795066698,LOW / TRANSIENT,3.074285714285714,12.76,314.8457142857143,339.32,,1,AGRICULTURAL,,0,,0,,0,,0,unknown
185,28.967292499999996,79.94578357142856,28,10,35.03125,5.474781635160268,0.2854594112399643,1.0,0.7992863514719001,0.1544453630018439,39.67855935637943,LOW / TRANSIENT,5.179285714285714,11.56,334.2753571428572,348.64,,1,AGRICULTURAL,,0,,0,,0,,0,unknown
186,29.066730000000003,79.18899666666665,3,2,5.074305555555555,0.2801115341372125,0.3941426029834405,0.7249007936507936,0.5912139044751609,0.7811819308963528,48.72357737256763,MEDIUM / RECURRENT,7.98,10.05,353.75,367.0,,1,AGRICULTURAL,,0,,0,,0,,0,unknown
187,24.277511428571433,77.35473857142857,7,5,26.997222222222224,1.987665753144537,0.1852042391192509,1.0,0.2592859347669513,0.3347094630473619,38.69490949965492,LOW / TRANSIENT,6.09857142857143,9.61,338.6828571428572,345.58,,1,AGRICULTURAL,,0,,0,,0,,0,unknown
188,24.598341333333337,77.53328666666668,15,10,27.983333333333334,4.198764678988399,0.357355568790947,1.0,0.5360333531864204,0.1923533881119206,42.4265793762944,MEDIUM / RECURRENT,4.7780000000000005,12.39,338.2366666666667,346.32,,1,AGRICULTURAL,,0,,0,,0,,0,unknown
189,25.047948333333338,77.72565333333334,6,5,9.020833333333334,2.464904518828072,0.5542725173210161,1.0,0.6651270207852193,0.2886082414583326,51.50195697697265,MEDIUM / RECURRENT,4.456666666666666,8.74,333.58833333333337,335.34,,1,AGRICULTURAL,,0,,0,,0,,0,unknown
190,25.09584375,77.6206725,8,6,34.49305555555556,2.859442337078955,0.1739480571773706,1.0,0.2319307429031608,0.2591047909675097,36.73413930636449,LOW / TRANSIENT,5.04,13.07,334.46500000000003,354.48,,1,AGRICULTURAL,,0,,0,,0,,0,unknown
191,25.61751467889908,78.65336146788992,109,31,34.96319444444445,12.221092661599844,0.8866466720956561,1.0,3.1175641051105325,0.0756367136662207,63.78049600689343,MEDIUM / RECURRENT,4.4226605504587155,11.03,335.8130275229357,367.0,,1,AGRICULTURAL,,0,,0,,0,,0,unknown
192,25.762171315789477,78.40921999999999,38,23,39.96597222222222,6.776121795804561,0.5754895657764418,1.0,0.950808847804556,0.12859880879689,49.61572867372237,MEDIUM / RECURRENT,4.7015789473684215,14.75,335.8057894736842,352.79,,1,AGRICULTURAL,,0,,0,,0,,0,unknown
193,25.903293333333338,80.64065666666667,3,2,2.9604166666666667,0.1686443260412851,0.6755805770584096,0.4229166666666666,1.0133708655876144,0.8556923417302184,53.358825429490594,MEDIUM / RECURRENT,5.19,7.18,334.48333333333335,335.46,,1,AGRICULTURAL,,0,,0,,0,,0,unknown
194,25.909094166666662,77.75816916666666,12,9,23.964583333333337,4.620017500300537,0.3755542032513257,1.0,0.5007389376684344,0.1779353889817111,42.704582768767494,MEDIUM / RECURRENT,4.081666666666666,6.76,335.1666666666667,340.8,,1,AGRICULTURAL,,0,,0,,0,,0,unknown
195,26.157835,78.93084083333333,12,10,34.96180555555556,3.0075206216093187,0.2860264177177475,1.0,0.343231701261297,0.24953084323704,40.68800488738455,MEDIUM / RECURRENT,5.834166666666667,12.51,336.06,353.79,,1,AGRICULTURAL,,0,,0,,0,,0,unknown
196,26.546638,78.60299,5,5,22.977777777777774,1.4612480506704535,0.2176015473887814,1.0,0.2176015473887814,0.4062979347927146,41.177215949239205,MEDIUM / RECURRENT,3.99,8.11,334.42600000000004,341.22,,1,AGRICULTURAL,,0,,0,,0,,0,unknown
197,26.570773333333335,78.6406,3,2,17.97361111111111,1.0079664343680446,0.1112742446487906,1.0,0.1669113669731859,0.4980162929440223,39.18874715553449,LOW / TRANSIENT,5.363333333333333,6.87,337.49333333333334,338.97,,1,AGRICULTURAL,,0,,0,,0,,0,unknown
198,26.691965,79.15138099999999,10,10,29.95694444444445,3.467442264915134,0.3338124159673605,1.0,0.3338124159673605,0.2238417288239978,41.8278939672723,MEDIUM / RECURRENT,5.862,14.19,335.881,346.6,,1,AGRICULTURAL,,0,,0,,0,,0,unknown
199,24.18634466666667,77.51292933333333,15,10,12.970138888888888,4.0740232661485365,0.7710017668790491,1.0,1.1565026503185738,0.1970822654029836,58.239712449463546,MEDIUM / RECURRENT,5.203999999999999,9.92,341.90399999999994,367.0,,1,AGRICULTURAL,,0,,0,,0,,0,unknown
200,24.267906666666665,80.82835083333332,12,8,37.00416666666667,4.841872054059969,0.2161918702848778,1.0,0.3242878054273167,0.1711780043701954,36.63885115822927,LOW / TRANSIENT,3.7633333333333336,7.33,334.91666666666663,342.26,,1,AGRICULTURAL,,0,,0,,0,,0,unknown
201,24.2986,77.56157363636363,11,7,6.977777777777778,1.9761542026321135,1.0,0.9968253968253968,1.5764331210191085,0.3360040951895567,69.79358306646427,MEDIUM / RECURRENT,6.323636363636364,12.54,343.58818181818185,367.0,,1,AGRICULTURAL,,0,,0,,0,,0,unknown
202,24.47399,77.56874333333333,3,2,1.0,0.5484865851692229,1.0,0.1428571428571428,3.0,0.645791839320789,57.48726535784434,MEDIUM / RECURRENT,3.543333333333333,4.55,338.1166666666667,341.52,,1,AGRICULTURAL,,0,,0,,0,,0,unknown
203,24.488714285714288,77.5038657142857,7,5,10.997222222222222,2.8162444168891434,0.4546602677443799,1.0,0.6365243748421319,0.262037723677867,47.426912594294905,MEDIUM / RECURRENT,4.572857142857143,5.55,335.2942857142857,336.21,,1,AGRICULTURAL,,0,,0,,0,,0,unknown
204,24.488613333333333,80.42649,9,8,37.99236111111111,2.220205825088529,0.2105686450127036,1.0,0.2368897256392915,0.3105391562890264,39.05446515250374,LOW / TRANSIENT,4.343333333333334,10.72,332.88444444444445,335.58,,1,AGRICULTURAL,,0,,0,,0,,0,unknown
205,24.53688,80.71279545454546,22,11,32.0,3.794832649467792,0.34375,1.0,0.6875,0.2085578524020011,42.57740704804002,MEDIUM / RECURRENT,5.506363636363636,12.35,336.54681818181825,345.67,,1,AGRICULTURAL,,0,,0,,0,,0,unknown
206,24.51139428571429,77.62781714285714,14,3,32.988194444444446,2.315348914373101,0.0909416247394901,1.0,0.4243942487842873,0.3016273779404271,35.06429292225927,LOW / TRANSIENT,28.055,87.75,343.6471428571428,355.06,,1,AGRICULTURAL,,0,,0,,0,,0,unknown
207,24.57869520833333,77.92766229166666,48,26,37.99236111111111,6.525204122628362,0.6843480962912867,1.0,1.2634118700762216,0.1328867607714441,54.13674232577635,MEDIUM / RECURRENT,5.670833333333333,15.18,338.09666666666664,367.0,,1,AGRICULTURAL,,0,,0,,0,,0,unknown
208,24.721594,77.47171,5,4,10.009027777777778,1.9461221302105072,0.3996392145979324,1.0,0.4995490182474155,0.3394292414919498,46.77505537726146,MEDIUM / RECURRENT,3.412,6.77,334.878,338.93,,1,AGRICULTURAL,,0,,0,,0,,0,unknown
209,24.744332,77.43622400000001,5,3,1.975,1.8911742002133207,1.0,0.2821428571428571,2.531645569620253,0.3458802309200934,54.03446718621379,MEDIUM / RECURRENT,4.7,5.5,340.068,350.91,,1,AGRICULTURAL,,0,,0,,0,,0,unknown
210,24.833413333333333,77.66572000000001,9,6,9.022222222222222,3.826645704941076,0.6650246305418719,1.0,0.997536945812808,0.2071832202177781,54.41460036494669,MEDIUM / RECURRENT,7.112222222222223,13.56,340.2766666666667,349.63,,1,AGRICULTURAL,,0,,0,,0,,0,unknown
211,24.892103333333335,77.28537999999999,3,3,10.529166666666669,0.7143737269791136,0.2849228333992877,1.0,0.2849228333992877,0.5833033861071198,47.20821255791604,MEDIUM / RECURRENT,1.986666666666667,2.55,326.20666666666665,338.23,,1,AGRICULTURAL,,0,,0,,0,,0,unknown
212,24.922775,77.7904075,4,3,7.965972222222222,0.6991785110251865,0.3766018655740563,1.0,0.5021358207654084,0.5885196837833463,50.95573061228972,MEDIUM / RECURRENT,3.5275,4.74,337.79,346.89,,1,AGRICULTURAL,,0,,0,,0,,0,unknown
213,25.3456825,77.7892775,4,4,21.992361111111112,1.1393483016208237,0.1818813350595219,1.0,0.1818813350595219,0.4674320676265642,41.0782507497336,MEDIUM / RECURRENT,3.3175,4.8,333.7925,336.82,,1,AGRICULTURAL,,0,,0,,0,,0,unknown
214,25.470954782608693,81.24773086956525,23,14,39.96597222222222,4.083902769230777,0.3502979965595733,1.0,0.5754895657764418,0.1966992771876527,42.345394554891,MEDIUM / RECURRENT,6.367826086956522,27.11,334.565652173913,342.82,,1,AGRICULTURAL,,0,,0,,0,,0,unknown
215,25.532207083333333,78.72065333333335,24,17,36.01875,4.846192446351417,0.471976401179941,1.0,0.6663196251952109,0.1710515021831167,46.272843335350686,MEDIUM / RECURRENT,4.935416666666666,11.81,335.69666666666666,344.69,,1,AGRICULTURAL,,0,,0,,0,,0,unknown
216,25.8099,81.23839333333332,3,2,12.970138888888888,1.494398318979998,0.1542003533758098,1.0,0.2313005300637147,0.400898281718261,38.87757906264599,LOW / TRANSIENT,2.766666666666667,3.32,331.6766666666667,332.28,,1,AGRICULTURAL,,0,,0,,0,,0,unknown
217,26.53765444444444,78.71570444444446,9,6,15.014583333333333,2.4125285400246415,0.3996114888303039,1.0,0.5994172332454558,0.2930378422542889,46.04599342063732,MEDIUM / RECURRENT,7.720000000000001,18.33,340.9166666666667,350.09,,1,AGRICULTURAL,,0,,0,,0,,0,unknown
218,26.66074133333333,79.28541666666665,15,8,38.979166666666664,3.17331081204961,0.205237840726884,1.0,0.3848209513629075,0.2396179065102694,37.745324458372146,LOW / TRANSIENT,3.663333333333333,7.61,333.836,344.61,,1,AGRICULTURAL,,0,,0,,0,,0,unknown
219,28.98881,79.7866775,4,4,11.984027777777778,1.9150229618266772,0.333777597496668,1.0,0.333777597496668,0.3430504709895518,44.21078052716776,MEDIUM / RECURRENT,3.9525,4.65,332.2825,334.2,,1,AGRICULTURAL,,0,,0,,0,,0,unknown
220,29.010802,79.694466,5,4,11.984027777777778,0.9029073003664708,0.333777597496668,1.0,0.417221996870835,0.5255116735362859,48.02689337685077,MEDIUM / RECURRENT,5.088,7.37,332.594,334.49,,1,AGRICULTURAL,,0,,0,,0,,0,unknown
221,23.860916666666668,78.32977,3,3,8.035416666666666,1.0127164946496363,0.3733471610059632,1.0,0.3733471610059632,0.4968409622807186,48.75066420283501,MEDIUM / RECURRENT,2.9966666666666666,4.04,340.11333333333334,344.87,,1,AGRICULTURAL,,0,,0,,0,,0,unknown
222,24.2818475,80.86354,4,4,26.99652777777778,0.818738448226985,0.1481672025723472,1.0,0.1481672025723472,0.5498316709446923,41.4788199140707,MEDIUM / RECURRENT,2.8099999999999996,4.38,333.93499999999995,337.12,,1,AGRICULTURAL,,0,,0,,0,,0,unknown
223,24.634038888888888,80.67326055555556,54,21,37.99236111111111,9.39013311719125,0.5527426931583469,1.0,1.4213383538357491,0.0962451576626506,49.113574121466655,MEDIUM / RECURRENT,4.202222222222222,10.23,335.03888888888895,367.0,,1,AGRICULTURAL,,0,,0,,0,,0,unknown
224,24.317893333333338,77.62777666666666,3,2,4.0159722222222225,0.6210428169262568,0.4980114127615424,0.5737103174603175,0.7470171191423136,0.6168868518205779,45.6049286578581,MEDIUM / RECURRENT,7.583333333333333,9.87,338.73333333333335,342.26,,1,AGRICULTURAL,,0,,0,,0,,0,unknown
225,24.728482,77.30741800000001,5,5,32.0,1.4798090002990072,0.15625,1.0,0.15625,0.40325686368564,38.8463872737128,LOW / TRANSIENT,4.954,8.0,334.052,336.44,,1,AGRICULTURAL,,0,,0,,0,,0,unknown
226,25.05492125,77.5842725,8,6,9.022222222222222,3.390866784343718,0.6650246305418719,1.0,0.8866995073891626,0.2277454655571986,54.60417039488781,MEDIUM / RECURRENT,3.90625,6.21,335.87125000000003,341.44,,1,AGRICULTURAL,,0,,0,,0,,0,unknown
227,25.111248333333336,77.59148,6,5,22.509722222222223,1.4274472491334158,0.2221262417473931,1.0,0.2665514900968717,0.411955398971901,41.54662942079053,MEDIUM / RECURRENT,4.285,7.71,332.5466666666667,341.29,,1,AGRICULTURAL,,0,,0,,0,,0,unknown
228,25.160816363636364,77.66488545454546,11,9,26.99513888888889,3.606266392683787,0.3333933578576389,1.0,0.4074807707148921,0.2170955639014533,41.82564034447621,MEDIUM / RECURRENT,4.3136363636363635,7.33,335.7163636363636,341.78,,1,AGRICULTURAL,,0,,0,,0,,0,unknown
229,25.3215,77.1027675,4,3,4.0159722222222225,0.8609521624931757,0.7470171191423136,0.5737103174603175,0.9960228255230849,0.5373593261313439,53.22758928016197,MEDIUM / RECURRENT,11.145,15.62,341.425,349.18,,1,AGRICULTURAL,,0,,0,,0,,0,unknown
230,25.393383333333333,81.32254,3,2,10.995833333333334,0.6892542771708491,0.1818870784388025,1.0,0.2728306176582039,0.5919771898845169,43.75125277836484,MEDIUM / RECURRENT,3.2266666666666666,6.54,333.00333333333333,334.77,,1,AGRICULTURAL,,0,,0,,0,,0,unknown
231,25.4809,77.59715,3,1,1.0,0.3093528946293847,1.0,0.1428571428571428,3.0,0.7637360440426202,59.84614945228097,MEDIUM / RECURRENT,4.536666666666666,6.0,345.7033333333334,355.76,,1,AGRICULTURAL,,0,,0,,0,,0,unknown
232,25.511968,77.661332,5,1,1.0,0.8637818734671934,1.0,0.1428571428571428,5.0,0.5365434733731475,59.30229803889152,MEDIUM / RECURRENT,7.738,10.58,345.178,355.84,,1,AGRICULTURAL,,0,,0,,0,,0,unknown
233,25.536445384615384,77.61099461538461,13,1,1.0,1.6540734182912658,1.0,0.1428571428571428,13.0,0.3767793283743506,66.10701513891559,MEDIUM / RECURRENT,6.024615384615384,9.37,344.0446153846154,355.64,,1,AGRICULTURAL,,0,,0,,0,,0,unknown
234,25.63815666666667,79.43463666666668,3,3,4.0159722222222225,0.9096686805477564,0.7470171191423136,0.5737103174603175,0.7470171191423136,0.5236510449096158,52.45541224296586,MEDIUM / RECURRENT,2.893333333333333,3.89,334.7166666666667,337.26,,1,AGRICULTURAL,,0,,0,,0,,0,unknown
235,25.638836666666663,79.47850999999999,3,3,10.995833333333334,1.0711876103523714,0.2728306176582039,1.0,0.2728306176582039,0.4828147846200518,44.75102854575458,MEDIUM / RECURRENT,5.093333333333334,9.97,334.69666666666666,337.23,,1,AGRICULTURAL,,0,,0,,0,,0,unknown
236,25.82048,78.78971580645161,31,19,32.988194444444446,4.943480792936719,0.5759636233501042,1.0,0.9397301223080649,0.1682515742607275,50.40321854708433,MEDIUM / RECURRENT,5.844193548387096,19.75,337.0093548387096,352.0,,1,AGRICULTURAL,,0,,0,,0,,0,unknown
237,25.84092068574836,78.16335382826475,1677,39,38.979166666666664,33.495299660941235,1.0,1.0,43.022982362373064,0.0289894568195994,80.579789136392,HIGH / PERSISTENT,5.593905784138342,55.99,336.9388372093023,367.0,,1,AGRICULTURAL,,0,,0,,0,,0,unknown
238,25.84399,80.7458875,4,4,25.022222222222226,0.6889188139468179,0.1598579040852575,1.0,0.1598579040852575,0.5920947719583453,42.75663789032144,MEDIUM / RECURRENT,3.5625,4.83,334.6275,339.17,,1,AGRICULTURAL,,0,,0,,0,,0,unknown
239,25.870166666666663,79.18213666666666,3,3,26.99513888888889,0.9296550380839828,0.1111311192858796,1.0,0.1111311192858796,0.5182273412935674,39.4763982394489,LOW / TRANSIENT,4.76,7.06,338.37666666666667,343.1,,1,AGRICULTURAL,,0,,0,,0,,0,unknown
240,26.050766666666664,78.902585,6,4,26.008333333333333,1.5636618190817988,0.1537968599807753,1.0,0.2306952899711631,0.3900670488427214,38.64562165612389,LOW / TRANSIENT,9.613333333333337,20.81,340.3516666666667,350.07,,1,AGRICULTURAL,,0,,0,,0,,0,unknown
241,26.301326666666668,78.18147,9,6,31.013194444444444,1.9261235488679356,0.1934660426789672,1.0,0.2901990640184509,0.341749069476879,39.18669101133834,LOW / TRANSIENT,4.518888888888889,10.63,334.56555555555565,339.69,,1,AGRICULTURAL,,0,,0,,0,,0,unknown
242,26.408343333333335,79.64635111111112,9,6,31.013194444444444,2.218325374173816,0.1934660426789672,1.0,0.2901990640184509,0.3107206027161602,38.56612167612396,LOW / TRANSIENT,4.025555555555556,9.64,332.8833333333334,336.85,,1,AGRICULTURAL,,0,,0,,0,,0,unknown
243,26.844285555555555,79.39471666666665,9,8,26.99513888888889,2.8974170396930523,0.2963496514290124,1.0,0.3333933578576389,0.2565801888316157,41.17062829236303,MEDIUM / RECURRENT,3.591111111111111,4.7,334.6188888888889,339.78,,1,AGRICULTURAL,,0,,0,,0,,0,unknown
244,27.13465666666666,79.20973,3,2,10.009027777777778,1.3914483307723542,0.1998196072989662,1.0,0.2997294109484493,0.4181566405313198,40.956277887987106,MEDIUM / RECURRENT,4.4366666666666665,5.22,334.6433333333333,337.62,,1,AGRICULTURAL,,0,,0,,0,,0,unknown
245,27.709438,80.06981800000001,5,4,21.990972222222226,2.165163966561954,0.1818928221808191,1.0,0.2273660277260239,0.3159393985791561,38.13976880336384,LOW / TRANSIENT,6.484,9.67,340.98,346.02,,1,AGRICULTURAL,,0,,0,,0,,0,unknown
246,28.64190333333333,80.15655333333332,3,2,9.53888888888889,0.907694675775746,0.209668025626092,1.0,0.314502038439138,0.5241928976885987,43.45124292756347,MEDIUM / RECURRENT,1.606666666666667,3.91,313.93333333333334,334.11,,1,AGRICULTURAL,,0,,0,,0,,0,unknown
247,28.873238333333333,78.0915,6,4,33.97430555555555,1.4743113381105672,0.1177360341761543,1.0,0.1766040512642315,0.4041528584529785,37.55702646775344,LOW / TRANSIENT,6.870000000000001,17.61,338.45,346.32,,1,AGRICULTURAL,,0,,0,,0,,0,unknown
248,29.459046666666666,77.04738,3,3,35.03125,1.410125120058664,0.0856378233719892,1.0,0.0856378233719892,0.4149162181155388,36.46692382707438,LOW / TRANSIENT,2.91,5.0,324.83666666666664,339.93,,1,AGRICULTURAL,,0,,0,,0,,0,unknown
249,28.079935999999996,77.72634000000001,5,3,19.029166666666665,1.6935285188577254,0.1576527260783884,1.0,0.2627545434639807,0.3712602235316525,38.468558970304606,LOW / TRANSIENT,1.1940000000000002,1.35,304.832,308.17,,1,AGRICULTURAL,,0,,0,,0,,0,unknown
250,24.231239090909092,79.64359909090909,11,7,38.511805555555554,1.355553919003309,0.1817624465802333,1.0,0.2856267017689381,0.4245285968334462,40.42351097051496,MEDIUM / RECURRENT,4.796363636363637,9.36,336.61454545454546,351.99,,1,AGRICULTURAL,,0,,0,,0,,0,unknown
251,24.731524,81.042272,5,5,34.045138888888886,2.9487510785482773,0.1468638449770525,1.0,0.1468638449770525,0.2532446285187571,35.498854834526085,LOW / TRANSIENT,4.604,7.87,335.992,339.05,,1,AGRICULTURAL,,0,,0,,0,,0,unknown
252,24.868457,77.69516899999999,10,6,24.036805555555556,2.229699830044294,0.2496171958512697,1.0,0.4160286597521162,0.3096262973721262,40.76118512174119,MEDIUM / RECURRENT,4.335000000000001,5.97,339.72999999999996,349.0,,1,AGRICULTURAL,,0,,0,,0,,0,unknown
253,24.912,77.76940250000001,4,1,1.0,0.272339524203681,1.0,0.1428571428571428,4.0,0.7859537340285565,62.290503251999695,MEDIUM / RECURRENT,4.805,6.1,338.78999999999996,342.92,,1,AGRICULTURAL,,0,,0,,0,,0,unknown
254,25.100507777777786,82.36294888888888,9,2,16.000694444444445,0.7496357503924449,0.1249945748882427,1.0,0.5624755869970921,0.5715475348372935,41.93071199182855,MEDIUM / RECURRENT,6.583333333333333,13.15,343.40333333333336,351.24,,1,AGRICULTURAL,,0,,0,,0,,0,unknown
255,25.761296666666667,79.62676666666665,3,3,26.009722222222223,1.0867776348911034,0.1153414855556148,1.0,0.1153414855556148,0.4792077427321019,38.85178982019979,LOW / TRANSIENT,3.513333333333333,5.72,335.01,341.46,,1,AGRICULTURAL,,0,,0,,0,,0,unknown
256,26.455071630434784,78.34955877717391,368,37,37.00555555555555,18.31640222064293,0.9998498723915328,1.0,9.944452784867138,0.0517694749041478,80.91904060152089,HIGH / PERSISTENT,5.497635869565217,25.48,336.27983695652176,367.0,,1,AGRICULTURAL,,0,,0,,0,,0,unknown
257,27.03618666666667,79.18938666666666,3,2,21.005555555555556,0.9147644483658052,0.0952129066384554,1.0,0.1428193599576831,0.5222574509639922,39.06323947154115,LOW / TRANSIENT,3.776666666666667,5.78,332.62333333333333,333.38,,1,AGRICULTURAL,,0,,0,,0,,0,unknown
258,27.086846233333333,83.64440041666666,600,31,37.99375,37.38949803750558,0.8159236716565225,1.0,15.79207106431979,0.0260487907141433,74.07830432226115,HIGH / PERSISTENT,4.808949999999999,21.4,334.41470000000004,367.0,,1,AGRICULTURAL,,0,,0,,0,,0,unknown
259,24.102746666666665,82.63896666666666,3,1,1.0,0.3118086425660398,1.0,0.1428571428571428,3.0,0.762306305623884,59.81755468390626,MEDIUM / RECURRENT,5.98,5.98,346.7266666666667,353.3,,1,AGRICULTURAL,,0,,0,,0,,0,unknown
260,27.63787846153846,77.5180076923077,13,7,9.022222222222222,3.570532703766392,0.7758620689655172,1.0,1.4408866995073892,0.218792877070093,59.41280335420974,MEDIUM / RECURRENT,6.182307692307693,19.58,340.0607692307692,367.0,,1,AGRICULTURAL,,0,,0,,0,,0,unknown
261,28.165536666666668,81.58670000000001,3,1,1.0,1.0652813547929425,1.0,0.1428571428571428,3.0,0.4841955299113502,54.25533916965557,MEDIUM / RECURRENT,4.453333333333333,5.94,340.2166666666667,343.96,,1,AGRICULTURAL,,0,,0,,0,,0,unknown
262,28.939586666666667,77.98796833333334,6,4,36.01875,2.1108151429684865,0.1110532708658684,1.0,0.1665799062988027,0.3214591526791119,35.64920734648524,LOW / TRANSIENT,3.358333333333333,4.84,332.0416666666667,339.06,,1,AGRICULTURAL,,0,,0,,0,,0,unknown
263,27.9272525,80.0095,4,4,6.4625,1.4057985691782549,0.6189555125725338,0.9232142857142858,0.6189555125725338,0.4156623970150455,54.294959048341795,MEDIUM / RECURRENT,1.7999999999999998,4.63,310.52,331.52,,1,AGRICULTURAL,,0,,0,,0,,0,unknown
264,24.158754285714284,82.67229999999999,7,5,37.99236111111111,0.2810777127500549,0.1316054031329397,1.0,0.1842475643861156,0.7805927697027272,45.58653963247966,MEDIUM / RECURRENT,1.3185714285714285,2.46,308.61285714285714,331.85,,1,AGRICULTURAL,,0,,0,,0,,0,unknown
265,24.534953333333338,77.09752999999999,3,2,6.060416666666667,1.2912072735663067,0.3300103128222756,0.8657738095238096,0.4950154692334135,0.4364511284234366,42.91375969381045,MEDIUM / RECURRENT,2.4766666666666666,3.16,332.19,333.36,,1,AGRICULTURAL,,0,,0,,0,,0,unknown
266,24.9832,77.00669666666667,3,2,2.5625,0.8837623657862983,0.7804878048780488,0.3660714285714285,1.170731707317073,0.5308525205527139,49.427372710705846,MEDIUM / RECURRENT,6.013333333333333,11.43,327.59666666666664,337.22,,1,AGRICULTURAL,,0,,0,,0,,0,unknown
267,26.126263333333327,78.87646333333333,6,5,20.01736111111111,1.974302032675916,0.2497831743278404,1.0,0.2997398091934085,0.3362133330824917,41.06615738151106,MEDIUM / RECURRENT,4.63,7.36,338.57666666666665,341.5,,1,AGRICULTURAL,,0,,0,,0,,0,unknown
268,26.15735384615384,79.07602076923078,26,14,34.04375,7.151727669337216,0.4112355425004589,1.0,0.7637231503579952,0.1226733817128738,43.37415792248953,MEDIUM / RECURRENT,5.442307692307693,12.56,336.63461538461536,345.79,,1,AGRICULTURAL,,0,,0,,0,,0,unknown
269,26.91326888888889,79.03233333333333,9,5,20.01736111111111,2.5689074606825075,0.2497831743278404,1.0,0.4496097137901128,0.2801977947079532,40.2455864232137,MEDIUM / RECURRENT,4.532222222222223,7.97,336.8588888888888,343.99,,1,AGRICULTURAL,,0,,0,,0,,0,unknown
270,27.648900000000005,77.438492,5,4,18.04375,1.1655257268509212,0.2216834083824038,1.0,0.2771042604780048,0.4617816300220947,42.548760414782045,MEDIUM / RECURRENT,3.5160000000000005,5.27,333.53000000000003,335.65,,1,AGRICULTURAL,,0,,0,,0,,0,unknown
271,27.735248571428578,77.29339857142857,7,3,6.060416666666667,1.0028597257245633,0.4950154692334135,0.8657738095238096,1.155036094877965,0.4992860893631658,51.26568063828396,MEDIUM / RECURRENT,4.222857142857142,5.15,339.44428571428574,344.05,,1,AGRICULTURAL,,0,,0,,0,,0,unknown
272,24.48223,77.39708777777777,9,5,13.956944444444444,2.5988701459221115,0.3582446014528809,1.0,0.6448402826151857,0.2778649852463008,44.38554132100722,MEDIUM / RECURRENT,5.571111111111111,12.43,339.56555555555553,353.02,,1,AGRICULTURAL,,0,,0,,0,,0,unknown
273,24.542052499999997,77.599075,4,4,17.972916666666666,1.3794745887821318,0.2225570882114292,1.0,0.2225570882114292,0.4202608444378565,41.63982915258001,MEDIUM / RECURRENT,8.850000000000001,14.73,336.685,343.44,,1,AGRICULTURAL,,0,,0,,0,,0,unknown
274,27.8336775,77.486615,4,1,1.0,0.5381004643537486,1.0,0.1428571428571428,4.0,0.6501525896230466,59.574480363889506,MEDIUM / RECURRENT,16.1325,31.79,345.72,367.0,,1,AGRICULTURAL,,0,,0,,0,,0,unknown
275,26.241558333333337,79.38450833333333,6,6,23.04861111111111,2.1235305812732452,0.2603193733052124,1.0,0.2603193733052124,0.3201505392632877,41.03482759755862,MEDIUM / RECURRENT,4.224999999999999,8.28,336.0,347.18,,1,AGRICULTURAL,,0,,0,,0,,0,unknown
276,26.498258,80.619858,5,4,24.035416666666663,1.73310145787292,0.1664210800034671,1.0,0.2080263500043339,0.3658846974448823,38.55848444902767,LOW / TRANSIENT,5.114,13.66,336.57599999999996,351.9,,1,AGRICULTURAL,,0,,0,,0,,0,unknown
277,24.449579999999997,77.548325,4,3,2.959722222222222,1.4765085562005935,1.0,0.4228174603174603,1.3514781792585642,0.4037942842944095,56.34927855234183,MEDIUM / RECURRENT,4.78,7.28,334.7475,339.95,,1,AGRICULTURAL,,0,,0,,0,,0,unknown
278,24.502675,77.744865,10,10,33.97430555555555,4.342933987561462,0.2943400854403859,1.0,0.2943400854403859,0.1871630834908376,39.633844831111034,LOW / TRANSIENT,4.542999999999999,6.74,337.274,347.23,,1,AGRICULTURAL,,0,,0,,0,,0,unknown
279,24.59849222222222,80.39999777777777,9,7,28.97013888888889,2.6478834423174336,0.241628113239207,1.0,0.3106647170218376,0.2741315658278594,39.560944713973115,LOW / TRANSIENT,3.508888888888889,5.85,333.65333333333336,340.55,,1,AGRICULTURAL,,0,,0,,0,,0,unknown
280,24.663526666666662,77.70057000000001,3,3,2.959722222222222,1.0036611695877835,1.0,0.4228174603174603,1.013608634443923,0.4990863800618202,57.579381378060766,MEDIUM / RECURRENT,6.416666666666667,9.64,340.78,342.61,,1,AGRICULTURAL,,0,,0,,0,,0,unknown
281,24.80870875,77.81456374999999,8,6,16.00138888888889,2.7167716261832906,0.374967450742123,1.0,0.4999566009894974,0.2690506979108878,44.504787936171056,MEDIUM / RECURRENT,10.1225,29.92,341.62375000000003,348.95,,1,AGRICULTURAL,,0,,0,,0,,0,unknown
282,25.264160000000004,77.63090333333334,3,3,5.992361111111111,1.1097458920560013,0.5006373855603199,0.8560515873015874,0.5006373855603199,0.4739907321376388,49.40468759102429,MEDIUM / RECURRENT,5.676666666666667,11.46,338.72666666666663,341.03,,1,AGRICULTURAL,,0,,0,,0,,0,unknown
283,25.28086454545454,77.02632727272727,11,10,25.021527777777777,2.536382844782892,0.3996558519053038,1.0,0.4396214370958342,0.2827748136702073,45.52269396428144,MEDIUM / RECURRENT,4.66090909090909,8.37,337.13181818181823,344.11,,1,AGRICULTURAL,,0,,0,,0,,0,unknown
284,25.49719625,81.31625375,8,7,34.959722222222226,3.5978756223687123,0.2002304239005204,1.0,0.2288347701720233,0.217491746652517,36.8155693099126,LOW / TRANSIENT,4.46875,6.94,335.34749999999997,346.9,,1,AGRICULTURAL,,0,,0,,0,,0,unknown
285,25.591361999999997,78.863518,5,5,17.972916666666666,2.029604412055017,0.2781963602642865,1.0,0.2781963602642865,0.3300760970709334,41.89478727119727,MEDIUM / RECURRENT,3.842,6.53,336.552,340.55,,1,AGRICULTURAL,,0,,0,,0,,0,unknown
286,25.68716,79.61145888888889,9,7,33.97291666666667,3.5736619584164973,0.2060464831054148,1.0,0.264916906849819,0.2186431811296832,37.11432434498282,LOW / TRANSIENT,7.124444444444445,11.52,338.72222222222223,349.49,,1,AGRICULTURAL,,0,,0,,0,,0,unknown
287,25.786258723404256,78.49905531914894,47,23,35.946527777777774,8.398783400383351,0.639839267430404,1.0,1.3074976334447386,0.1063967491749211,52.13730461045204,MEDIUM / RECURRENT,3.9240425531914895,10.47,334.59851063829785,346.78,,1,AGRICULTURAL,,0,,0,,0,,0,unknown
288,25.8953775,80.671885,4,4,27.98055555555555,1.823173247806461,0.142956418147523,1.0,0.142956418147523,0.3542113473825867,37.37361441911008,LOW / TRANSIENT,5.0275,7.98,337.02750000000003,344.23,,1,AGRICULTURAL,,0,,0,,0,,0,unknown
289,26.034099444444443,78.25435388888889,18,12,33.97291666666667,3.696736197384441,0.3532225424664254,1.0,0.5298338136996381,0.2129138103513007,42.68073282075018,MEDIUM / RECURRENT,4.151666666666666,7.91,335.3677777777778,348.71,,1,AGRICULTURAL,,0,,0,,0,,0,unknown
290,27.7508,77.80393666666667,3,3,17.975,1.4005985228343998,0.1668984700973574,1.0,0.1668984700973574,0.4165627823594986,39.5064990407922,LOW / TRANSIENT,6.086666666666666,6.46,342.9433333333333,355.27,,1,AGRICULTURAL,,0,,0,,0,,0,unknown
291,29.810016666666662,77.68750666666666,3,3,35.947916666666664,1.4267288904147484,0.0834540712836859,1.0,0.0834540712836859,0.4120773457430144,36.329347552356666,LOW / TRANSIENT,5.763333333333333,11.79,333.4266666666667,338.3,,1,AGRICULTURAL,,0,,0,,0,,0,unknown
292,28.359746666666663,80.01740666666667,3,2,15.014583333333333,0.7795028827674501,0.1332038296101013,1.0,0.1998057444151519,0.5619546951476799,41.30083942813745,MEDIUM / RECURRENT,0.97,1.04,303.02,307.79,,1,AGRICULTURAL,,0,,0,,0,,0,unknown
293,26.88846,79.565315,4,3,21.004166666666663,1.4905809677522346,0.1428288038087681,1.0,0.1904384050783574,0.4015127445956943,38.410139835377485,LOW / TRANSIENT,2.325,4.31,319.37,334.17,,1,AGRICULTURAL,,0,,0,,0,,0,unknown
294,23.94936791666667,79.94339583333333,24,12,33.975,5.448140168107596,0.3532008830022075,1.0,0.706401766004415,0.1550834773949215,41.87650398498453,MEDIUM / RECURRENT,3.845833333333333,8.32,335.26375,352.9,,1,AGRICULTURAL,,0,,0,,0,,0,unknown
295,24.419473333333332,77.05594,3,2,16.0,0.5411284408473481,0.125,1.0,0.1875,0.6488751835961037,42.72750367192207,MEDIUM / RECURRENT,6.733333333333333,8.78,339.94666666666666,346.24,,1,AGRICULTURAL,,0,,0,,0,,0,unknown
296,24.43551666666666,77.61135333333333,3,2,22.979166666666668,1.1097969831405272,0.0870353581142339,1.0,0.1305530371713508,0.4739792539239748,37.78692868682039,LOW / TRANSIENT,5.8566666666666665,7.55,341.27666666666664,346.81,,1,AGRICULTURAL,,0,,0,,0,,0,unknown
297,24.413309444444437,81.2166761111111,54,19,34.96180555555556,9.475137456551035,0.5434501936637203,1.0,1.5445426556758366,0.095464141081472,49.01912491121133,MEDIUM / RECURRENT,4.200555555555555,9.76,333.98203703703706,343.77,,1,AGRICULTURAL,,0,,0,,0,,0,unknown
298,24.543716666666665,77.56765,3,3,5.990972222222222,1.3547633786659752,0.5007534484757158,0.8558531746031746,0.5007534484757158,0.4246711194253929,48.41762934718871,MEDIUM / RECURRENT,4.386666666666667,5.7,335.64000000000004,337.2,,1,AGRICULTURAL,,0,,0,,0,,0,unknown
299,25.11350285714286,77.12313214285714,14,8,26.010416666666668,3.473742667102072,0.3075690828994794,1.0,0.5382458950740889,0.2235264909968019,41.311939511566,MEDIUM / RECURRENT,4.622142857142856,6.22,337.0621428571429,340.89,,1,AGRICULTURAL,,0,,0,,0,,0,unknown
300,25.104046666666665,77.18810666666667,3,3,5.993055555555555,0.9492935389906354,0.5005793742757821,0.8561507936507936,0.5005793742757821,0.5130063687164379,50.185334063802536,MEDIUM / RECURRENT,5.0633333333333335,6.69,338.06333333333333,344.81,,1,AGRICULTURAL,,0,,0,,0,,0,unknown
301,25.56206307692308,78.78833846153846,13,9,16.988194444444446,6.146653969759127,0.5297796672525855,1.0,0.7652372971426235,0.1399256217289199,47.871275382704134,MEDIUM / RECURRENT,5.318461538461539,17.64,335.87538461538463,346.13,,1,AGRICULTURAL,,0,,0,,0,,0,unknown
302,25.59870666666667,79.61933666666665,3,2,5.004861111111111,1.0203420802247074,0.3996114888303038,0.7149801587301587,0.5994172332454558,0.4949656841720475,42.95905422724646,MEDIUM / RECURRENT,3.4066666666666663,4.28,341.08,341.36,,1,AGRICULTURAL,,0,,0,,0,,0,unknown
303,26.133958421052633,79.21215763157896,38,17,33.975,5.878596022201001,0.5003679175864606,1.0,1.1184694628403238,0.1453785040977042,47.657386123160855,MEDIUM / RECURRENT,5.692894736842105,20.6,337.2626315789474,348.64,,1,AGRICULTURAL,,0,,0,,0,,0,unknown
304,26.161367499999997,78.88756749999999,4,4,22.977777777777774,2.2412805895209886,0.1740812379110251,1.0,0.1740812379110251,0.3085200347149781,37.611406497007486,LOW / TRANSIENT,4.1275,7.58,338.755,340.41,,1,AGRICULTURAL,,0,,0,,0,,0,unknown
305,26.187187857142856,79.43624285714286,28,15,32.00138888888889,5.024965921164427,0.4687296558309101,1.0,0.8749620242176989,0.1659760425344834,46.47498285320692,MEDIUM / RECURRENT,5.017499999999999,12.45,338.07000000000005,367.0,,1,AGRICULTURAL,,0,,0,,0,,0,unknown
306,26.263269999999995,77.36919400000001,15,12,21.00625,4.806865268345808,0.5712585540017852,1.0,0.7140731925022314,0.1722099538715263,49.86639485249747,MEDIUM / RECURRENT,3.630666666666667,16.36,334.2286666666667,346.48,,1,AGRICULTURAL,,0,,0,,0,,0,unknown
307,27.327915555555553,78.7311611111111,9,5,21.00625,3.110332983241936,0.2380243975007438,1.0,0.4284439155013388,0.2432892916649472,39.053527576827655,LOW / TRANSIENT,4.79,11.05,337.37333333333333,343.26,,1,AGRICULTURAL,,0,,0,,0,,0,unknown
308,27.970975000000006,80.02294166666667,6,5,10.010416666666666,0.9036826767352936,0.4994797086368366,1.0,0.599375650364204,0.5252976308609072,54.18649372023584,MEDIUM / RECURRENT,1.3733333333333333,2.8,308.30833333333334,313.81,,1,AGRICULTURAL,,0,,0,,0,,0,unknown
309,28.012345,80.03277,4,2,1.9736111111111112,1.2660022392683823,1.0,0.2819444444444444,2.0267417311752287,0.4413058304491646,54.92821118244486,MEDIUM / RECURRENT,1.6575000000000002,2.49,312.72749999999996,318.86,,1,AGRICULTURAL,,0,,0,,0,,0,unknown
310,24.108473333333336,78.23221333333333,3,3,21.004166666666663,0.5388110184257792,0.1428288038087681,1.0,0.1428288038087681,0.6498523782491571,43.28171330590756,MEDIUM / RECURRENT,2.783333333333333,3.15,335.53333333333336,337.45,,1,AGRICULTURAL,,0,,0,,0,,0,unknown
311,24.148242222222223,77.9343511111111,9,8,32.0,2.121086334387723,0.25,1.0,0.28125,0.3204012618882503,40.72052523776501,MEDIUM / RECURRENT,4.224444444444445,6.8,334.3255555555555,337.87,,1,AGRICULTURAL,,0,,0,,0,,0,unknown
312,24.442359999999997,77.65030999999999,3,2,4.016666666666667,1.1793931712296464,0.4979253112033195,0.5738095238095238,0.7468879668049793,0.4588433207927255,42.443266336818745,MEDIUM / RECURRENT,12.793333333333337,28.16,341.18666666666667,351.74,,1,AGRICULTURAL,,0,,0,,0,,0,unknown
313,24.49494411764706,77.68540470588235,17,12,30.02638888888889,3.980229302588031,0.3996484573754568,1.0,0.5661686479485638,0.2007939673541415,44.13591265112095,MEDIUM / RECURRENT,4.511764705882352,7.71,336.1723529411765,346.6,,1,AGRICULTURAL,,0,,0,,0,,0,unknown
314,24.53873571428571,77.95687,7,4,15.011805555555556,1.3953080309143924,0.2664569551741684,1.0,0.4662996715547948,0.4174828402417441,43.60824957904037,MEDIUM / RECURRENT,4.984285714285714,10.2,339.4057142857143,347.94,,1,AGRICULTURAL,,0,,0,,0,,0,unknown
315,24.86112,77.47553500000001,4,2,2.0430555555555556,1.3963304541096988,0.9789259007477906,0.2918650793650794,1.9578518014955812,0.4173047161692592,53.820831436675995,MEDIUM / RECURRENT,8.58,14.29,345.89,352.57,,1,AGRICULTURAL,,0,,0,,0,,0,unknown
316,25.04593388888889,77.00826944444445,18,7,9.022222222222222,2.2937141391496505,0.7758620689655172,1.0,1.995073891625616,0.3036086186453853,62.21749256995203,MEDIUM / RECURRENT,9.830555555555556,26.51,343.4105555555555,367.0,,1,AGRICULTURAL,,0,,0,,0,,0,unknown
317,25.41808266666667,79.381116,15,11,19.02986111111111,2.588922293159313,0.5780389008502719,1.0,0.7882348647958253,0.2786351774475741,52.38053480830265,MEDIUM / RECURRENT,5.7413333333333325,11.59,337.1953333333333,347.4,,1,AGRICULTURAL,,0,,0,,0,,0,unknown
318,25.57506123076923,77.05369338461539,65,18,21.990972222222226,11.134680597599615,0.8185176998136862,1.0,2.955758360438311,0.0824084319283864,61.20780485292335,MEDIUM / RECURRENT,5.984923076923078,16.43,338.14507692307694,367.0,,1,AGRICULTURAL,,0,,0,,0,,0,unknown
319,25.770112,79.95371800000001,5,5,12.97222222222222,2.59146881051562,0.3854389721627409,1.0,0.3854389721627409,0.2784376122304211,44.829994214629835,MEDIUM / RECURRENT,5.672,9.74,343.812,367.0,,1,AGRICULTURAL,,0,,0,,0,,0,unknown
320,25.766917142857142,78.60050571428573,7,7,26.995833333333337,2.2865345106570514,0.2592992745794104,1.0,0.2592992745794104,0.3042718695809702,40.67951055105759,MEDIUM / RECURRENT,3.818571428571429,8.85,333.29714285714283,336.51,,1,AGRICULTURAL,,0,,0,,0,,0,unknown
321,25.810238470588228,78.87941682352943,85,22,32.0,7.306269476546316,0.6875,1.0,2.65625,0.120390989339271,56.782819786785424,MEDIUM / RECURRENT,7.859294117647059,46.16,339.4903529411764,367.0,,1,AGRICULTURAL,,0,,0,,0,,0,unknown
322,26.006122833333336,79.85997666666667,60,25,32.986805555555556,8.39961946737592,0.7578787814993369,1.0,1.8189090755984083,0.1063872855141409,57.29132121395642,MEDIUM / RECURRENT,5.515500000000001,18.29,337.8986666666666,367.0,,1,AGRICULTURAL,,0,,0,,0,,0,unknown
323,26.47580333333333,78.49078,3,2,16.986805555555556,0.6621675486745007,0.1177384407832876,1.0,0.1766076611749315,0.6016240665975294,41.50654208171552,MEDIUM / RECURRENT,3.9266666666666663,6.85,332.7966666666666,334.03,,1,AGRICULTURAL,,0,,0,,0,,0,unknown
324,26.73945666666667,79.80963833333333,6,4,25.022222222222226,1.7249295496373025,0.1598579040852575,1.0,0.2397868561278863,0.3669819647752374,38.414239650744534,LOW / TRANSIENT,4.19,6.54,337.13000000000005,347.44,,1,AGRICULTURAL,,0,,0,,0,,0,unknown
325,26.82084857142857,79.20086571428571,7,5,16.986805555555556,2.5665851212499287,0.2943461019582192,1.0,0.4120845427415069,0.2803802421655212,41.73388749733111,MEDIUM / RECURRENT,3.435714285714286,4.2,336.28285714285715,340.11,,1,AGRICULTURAL,,0,,0,,0,,0,unknown
326,26.927349166666673,79.13765166666667,12,8,26.995833333333337,4.669796013468412,0.2963420280907547,1.0,0.4445130421361321,0.1763731883165696,39.78846083378008,LOW / TRANSIENT,3.73,13.31,334.5958333333333,347.34,,1,AGRICULTURAL,,0,,0,,0,,0,unknown
327,27.49393333333333,78.62910666666667,3,3,10.009027777777778,1.601693056468207,0.2997294109484493,1.0,0.2997294109484493,0.3843650954573011,43.777290114238646,MEDIUM / RECURRENT,3.556666666666666,4.07,331.34,332.51,,1,AGRICULTURAL,,0,,0,,0,,0,unknown
328,27.66634666666667,79.50246333333332,3,2,10.525694444444444,0.7140161304041709,0.1900112159398298,1.0,0.2850168239097447,0.5834250811654826,43.88892782902318,MEDIUM / RECURRENT,1.3333333333333333,2.2,313.9066666666667,330.81,,1,AGRICULTURAL,,0,,0,,0,,0,unknown
329,28.05165,79.29092333333334,3,1,1.0,0.5465544521208814,1.0,0.1428571428571428,3.0,0.6465986364907107,57.50340130124278,MEDIUM / RECURRENT,3.3733333333333335,3.94,334.2133333333333,337.8,,1,AGRICULTURAL,,0,,0,,0,,0,unknown
330,29.142593333333338,79.18176666666666,3,3,30.02638888888889,0.4474526395024996,0.0999121143438642,1.0,0.0999121143438642,0.6908688911187503,42.514126053097975,MEDIUM / RECURRENT,4.336666666666667,7.21,336.28,340.59,,1,AGRICULTURAL,,0,,0,,0,,0,unknown
331,30.27393,77.27193,4,2,17.975,1.1257138260390074,0.1112656467315716,1.0,0.2225312934631432,0.470430209255105,38.74796440763339,LOW / TRANSIENT,3.94,6.06,330.6025,332.48,,1,AGRICULTURAL,,0,,0,,0,,0,unknown
332,27.970258,80.29042799999999,5,5,27.466666666666665,2.1402800609068,0.1820388349514563,1.0,0.1820388349514563,0.3184429352174519,38.10429559755292,LOW / TRANSIENT,4.046,10.57,322.12800000000004,341.15,,1,AGRICULTURAL,,0,,0,,0,,0,unknown
333,24.262753333333336,78.02983666666667,3,3,18.044444444444444,1.0695357801554497,0.1662561576354679,1.0,0.1662561576354679,0.4832001502892048,40.815480838296416,MEDIUM / RECURRENT,4.483333333333333,6.77,336.41,340.97,,1,AGRICULTURAL,,0,,0,,0,,0,unknown
334,24.3889825,78.15308250000001,4,4,19.030555555555555,1.5358600745550022,0.2101882936797547,1.0,0.2101882936797547,0.394343524721285,40.66383736057663,MEDIUM / RECURRENT,4.4425,8.08,341.24500000000006,349.15,,1,AGRICULTURAL,,0,,0,,0,,0,unknown
335,24.484332,77.989714,5,5,14.026388888888889,0.8376287755894927,0.3564709377166056,1.0,0.3564709377166056,0.5441795499089364,49.07301569369313,MEDIUM / RECURRENT,3.286,5.85,336.22799999999995,341.12,,1,AGRICULTURAL,,0,,0,,0,,0,unknown
336,24.661330000000003,77.63686666666666,3,3,20.01875,1.1434300713473982,0.149859506712457,1.0,0.149859506712457,0.466541928923943,39.87564032683977,LOW / TRANSIENT,5.7299999999999995,8.5,341.83,348.41,,1,AGRICULTURAL,,0,,0,,0,,0,unknown
337,24.986346,77.32278,5,3,5.992361111111111,1.509632411082353,0.5006373855603199,0.8560515873015874,0.8343956426005331,0.3984647295691884,48.56168405373571,MEDIUM / RECURRENT,4.056,9.81,332.59000000000003,335.15,,1,AGRICULTURAL,,0,,0,,0,,0,unknown
338,26.28943,78.12639899999999,20,8,20.01736111111111,3.301030756109332,0.3996530789245446,1.0,0.9991326973113616,0.2325024062149673,45.636171281281136,MEDIUM / RECURRENT,6.611999999999999,15.2,337.413,346.35,,1,AGRICULTURAL,,0,,0,,0,,0,unknown
339,26.725320000000004,80.05136,4,1,1.0,0.4778736154160204,1.0,0.1428571428571428,4.0,0.6766478469936692,60.10438551130195,MEDIUM / RECURRENT,6.3925,13.63,343.44000000000005,351.42,,1,AGRICULTURAL,,0,,0,,0,,0,unknown
340,26.754803888888887,80.07009166666666,18,2,16.988194444444446,2.3404740552930083,0.117728814945019,1.0,1.059559334505171,0.2993587088082579,37.226801368251174,LOW / TRANSIENT,7.352222222222222,16.09,344.3594444444445,355.61,,1,AGRICULTURAL,,0,,0,,0,,0,unknown
341,26.779659999999996,79.184275,4,3,5.004861111111111,1.828815586602784,0.5994172332454558,0.7149801587301587,0.7992229776606077,0.3535048395293001,47.52264987775213,MEDIUM / RECURRENT,2.8825,5.26,337.42,344.95,,1,AGRICULTURAL,,0,,0,,0,,0,unknown
342,27.4682525,83.67547375,8,6,26.997222222222224,2.290098618941094,0.2222450869431011,1.0,0.2963267825908015,0.3039422570019637,39.45007674822942,LOW / TRANSIENT,3.255,7.22,337.17375000000004,367.0,,1,AGRICULTURAL,,0,,0,,0,,0,unknown
343,28.86971,79.62152666666667,3,2,31.014583333333334,1.1798456087390523,0.0644857929737354,1.0,0.0967286894606032,0.4587480856400914,36.62542184580378,LOW / TRANSIENT,3.836666666666666,4.76,330.8133333333333,332.27,,1,AGRICULTURAL,,0,,0,,0,,0,unknown
344,28.980836666666665,79.63411666666667,3,2,30.02638888888889,0.9786319482148657,0.0666080762292428,1.0,0.0999121143438642,0.5053997035184873,37.63910096708097,LOW / TRANSIENT,3.033333333333333,3.81,330.25333333333333,332.36,,1,AGRICULTURAL,,0,,0,,0,,0,unknown
345,29.732635,77.9754925,4,4,30.02638888888889,1.3401664502596635,0.1332161524584856,1.0,0.1332161524584856,0.4273200309700366,38.4753982603647,LOW / TRANSIENT,2.2025,2.22,327.8675,330.1,,1,AGRICULTURAL,,0,,0,,0,,0,unknown
346,26.82369222222222,83.3608611111111,9,7,16.00138888888889,0.2282097307106182,0.4374620258658102,1.0,0.5624511761131846,0.8141931911102995,57.719937079735715,MEDIUM / RECURRENT,2.056666666666666,3.48,314.2777777777778,329.07,,1,AGRICULTURAL,,0,,0,,0,,0,unknown
347,28.57149,80.01873666666667,3,3,28.499305555555555,1.3274932038978868,0.1052657228489973,1.0,0.1052657228489973,0.4296467969596154,37.4877676846052,LOW / TRANSIENT,4.543333333333334,11.74,315.11999999999995,331.67,,1,AGRICULTURAL,,0,,0,,0,,0,unknown
348,24.5284,77.494375,4,4,11.065277777777778,0.5193872854178232,0.3614911509978661,1.0,0.3614911509978661,0.6581600422732282,51.53837343238561,MEDIUM / RECURRENT,3.1925,4.92,333.5875,338.74,,1,AGRICULTURAL,,0,,0,,0,,0,unknown
349,24.64823,77.82369,3,2,8.034027777777778,0.8897863362173463,0.248941135793932,1.0,0.373411703690898,0.5291603504773086,45.04297016971559,MEDIUM / RECURRENT,4.243333333333333,5.93,337.99666666666667,341.92,,1,AGRICULTURAL,,0,,0,,0,,0,unknown
350,25.694205,78.41228000000001,4,4,25.022222222222226,1.3535301231812564,0.1598579040852575,1.0,0.1598579040852575,0.4248936481205111,39.41261541356476,LOW / TRANSIENT,3.797499999999999,5.31,336.4275,344.2,,1,AGRICULTURAL,,0,,0,,0,,0,unknown
351,25.737443000000003,80.97505799999999,20,10,37.99236111111111,5.507501955998985,0.2632108062658795,1.0,0.526421612531759,0.1536687974527834,38.33859739342497,LOW / TRANSIENT,8.422999999999998,20.98,336.66400000000004,351.44,,1,AGRICULTURAL,,0,,0,,0,,0,unknown
352,26.2320175,78.34112625,24,17,30.02638888888889,3.597863699849124,0.5661686479485638,1.0,0.7992969147509136,0.2174923106208682,50.764342720118925,MEDIUM / RECURRENT,4.184583333333333,10.94,335.81874999999997,347.6,,1,AGRICULTURAL,,0,,0,,0,,0,unknown
353,27.064376666666664,78.64432666666666,3,3,2.4430555555555555,1.2652328231967491,1.0,0.3490079365079365,1.2279704377487208,0.4414557257689639,55.010253803575125,MEDIUM / RECURRENT,2.0133333333333336,3.74,323.19,334.26,,1,AGRICULTURAL,,0,,0,,0,,0,unknown
354,27.203963333333338,84.60985,3,2,26.010416666666668,1.9069600479424067,0.0768922707248698,1.0,0.1153384060873047,0.3440019757780352,34.80194580310575,LOW / TRANSIENT,2.51,3.3,332.0566666666667,333.74,,1,AGRICULTURAL,,0,,0,,0,,0,unknown
355,24.6270275,80.6096425,8,7,31.013194444444444,2.2210671419813166,0.2257103831254618,1.0,0.2579547235719563,0.310456117777442,39.62489521208391,LOW / TRANSIENT,6.39625,15.69,337.74,354.12,,1,AGRICULTURAL,,0,,0,,0,,0,unknown
356,25.447728666666663,81.32566733333333,15,11,30.02638888888889,4.072207240581494,0.3663444192608354,1.0,0.499560571719321,0.1971528276682474,42.764232370932824,MEDIUM / RECURRENT,5.751333333333332,14.51,340.49600000000004,367.0,,1,AGRICULTURAL,,0,,0,,0,,0,unknown
357,25.759885,81.30997,4,3,3.03125,1.742845850988434,0.9896907216494846,0.4330357142857143,1.3195876288659794,0.3645848342660714,55.39594005792821,MEDIUM / RECURRENT,5.8925,10.24,339.695,348.76,,1,AGRICULTURAL,,0,,0,,0,,0,unknown
358,29.034996666666668,82.40673666666666,3,1,1.0,0.1396240318009658,1.0,0.1428571428571428,3.0,0.8774823732171427,62.12107603577142,MEDIUM / RECURRENT,7.123333333333332,8.83,338.07,347.71,,1,AGRICULTURAL,,0,,0,,0,,0,unknown
359,29.18024,79.08473333333333,3,2,8.035416666666666,1.3170896627343067,0.2488981073373088,1.0,0.3733471610059632,0.4315758755834848,43.08964559048743,MEDIUM / RECURRENT,4.1000000000000005,5.39,335.88333333333327,341.81,,1,AGRICULTURAL,,0,,0,,0,,0,unknown
360,25.76882,78.76708285714287,7,4,12.051388888888887,1.8354046809659628,0.3319119511351849,1.0,0.5808459144865737,0.3526833424212733,44.832276967130085,MEDIUM / RECURRENT,10.178571428571429,16.63,337.76857142857136,342.44,,1,AGRICULTURAL,,0,,0,,0,,0,unknown
361,27.562174,79.90190399999999,5,3,3.029861111111111,0.6323100293273303,0.9901443960577584,0.4328373015873015,1.6502406600962642,0.6126287176046433,61.02904207398948,MEDIUM / RECURRENT,6.04,10.85,336.502,341.9,,1,AGRICULTURAL,,0,,0,,0,,0,unknown
362,25.334006666666667,77.65792166666667,6,3,21.004166666666663,1.6075278831122253,0.1428288038087681,1.0,0.2856576076175362,0.3835050073583282,38.24042349570852,LOW / TRANSIENT,11.446666666666667,22.55,347.915,367.0,,1,AGRICULTURAL,,0,,0,,0,,0,unknown
363,25.836485,78.828335,4,4,26.99652777777778,1.0185963126780533,0.1481672025723472,1.0,0.1481672025723472,0.4953937514496443,40.39006152416974,MEDIUM / RECURRENT,4.5425,6.98,334.36249999999995,337.83,,1,AGRICULTURAL,,0,,0,,0,,0,unknown
364,25.869707647058824,78.91687764705881,17,11,26.009027777777774,4.187388485338461,0.4229300723573545,1.0,0.6536192027340934,0.1927752283883078,44.96529550574175,MEDIUM / RECURRENT,6.7799999999999985,20.49,338.45705882352945,367.0,,1,AGRICULTURAL,,0,,0,,0,,0,unknown
365,25.866043333333337,78.82843000000001,3,3,22.979166666666668,0.8113881362228811,0.1305530371713508,1.0,0.1305530371713508,0.5520627964833682,40.87171830500735,MEDIUM / RECURRENT,3.393333333333333,4.25,332.01,332.75,,1,AGRICULTURAL,,0,,0,,0,,0,unknown
366,26.017055,78.44493750000001,4,4,17.974305555555556,1.86101444510766,0.2225398910481783,1.0,0.2225398910481783,0.3495263722663134,40.22450341410887,MEDIUM / RECURRENT,2.745,5.22,332.15749999999997,334.58,,1,AGRICULTURAL,,0,,0,,0,,0,unknown
367,26.471100000000003,78.54699249999999,4,4,11.983333333333333,1.5153640143524347,0.3337969401947149,1.0,0.3337969401947149,0.3975567728146273,45.301622243497,MEDIUM / RECURRENT,4.005,5.3,335.13750000000005,340.62,,1,AGRICULTURAL,,0,,0,,0,,0,unknown
368,27.721590000000003,77.36626,3,3,12.970138888888888,0.9986255350035782,0.2313005300637147,1.0,0.2313005300637147,0.5003438525557563,43.56499666347257,MEDIUM / RECURRENT,3.973333333333333,6.16,338.84,346.74,,1,AGRICULTURAL,,0,,0,,0,,0,unknown
369,27.81458,77.366412,5,4,30.945138888888888,1.3158005155120684,0.1292610129934247,1.0,0.1615762662417809,0.4318161228921225,38.48361044509588,LOW / TRANSIENT,4.4479999999999995,6.88,340.01599999999996,354.07,,1,AGRICULTURAL,,0,,0,,0,,0,unknown
370,28.4151575,79.8542625,4,3,26.408333333333335,1.565973541774106,0.1136005048911328,1.0,0.1514673398548437,0.3897156317943182,37.073264986785695,LOW / TRANSIENT,3.405,8.59,318.895,339.83,,1,AGRICULTURAL,,0,,0,,0,,0,unknown
371,24.31155,78.0721525,4,4,16.9875,1.240382295483684,0.235467255334805,1.0,0.235467255334805,0.4463523935249213,42.63933631788621,MEDIUM / RECURRENT,3.9975,5.39,335.875,341.35,,1,AGRICULTURAL,,0,,0,,0,,0,unknown
372,24.478913333333335,81.42470166666666,6,5,28.97013888888889,1.6644607496625663,0.1725915094565764,1.0,0.2071098113478917,0.3753104639003004,38.96113173168197,LOW / TRANSIENT,2.6666666666666665,4.29,333.4099999999999,339.58,,1,AGRICULTURAL,,0,,0,,0,,0,unknown
373,24.49421025,80.52529824999999,40,17,29.95694444444445,4.926964177447541,0.5674811071445129,1.0,1.3352496638694422,0.1687204393448269,50.906746864693375,MEDIUM / RECURRENT,5.30875,21.16,336.219,351.87,,1,AGRICULTURAL,,0,,0,,0,,0,unknown
374,24.56026,77.66120333333333,3,2,12.970138888888888,0.9784155928610389,0.1542003533758098,1.0,0.2313005300637147,0.5054549729634276,40.96871288754932,MEDIUM / RECURRENT,2.85,4.11,337.4266666666667,340.91,,1,AGRICULTURAL,,0,,0,,0,,0,unknown
375,25.51093,81.26966,3,3,21.990972222222226,0.5846968493599892,0.1364196166356143,1.0,0.1364196166356143,0.6310355197613157,42.66823621074404,MEDIUM / RECURRENT,3.64,5.52,334.5566666666667,337.0,,1,AGRICULTURAL,,0,,0,,0,,0,unknown
376,25.612487142857137,78.82357714285716,14,8,16.9875,2.460090802266242,0.47093451066961,1.0,0.8241353936718174,0.2890097564332803,48.91117378944559,MEDIUM / RECURRENT,4.425714285714285,7.18,335.71,341.09,,1,AGRICULTURAL,,0,,0,,0,,0,unknown
377,25.651069259259263,78.89154666666666,27,13,26.99652777777778,6.210617540727862,0.4815434083601286,1.0,1.000128617363344,0.1386843768029134,46.627964063389456,MEDIUM / RECURRENT,7.691481481481482,27.16,341.1692592592592,367.0,,1,AGRICULTURAL,,0,,0,,0,,0,unknown
378,25.858606,78.471344,5,5,16.9875,1.221102135692159,0.2943340691685062,1.0,0.2943340691685062,0.4502269319048542,44.89489919733182,MEDIUM / RECURRENT,4.143999999999999,8.15,333.852,339.94,,1,AGRICULTURAL,,0,,0,,0,,0,unknown
379,26.102236,79.45699714285713,35,18,28.97013888888889,5.04025450341878,0.6213294340436752,1.0,1.2081405661960352,0.1655559379880435,52.47393008368157,MEDIUM / RECURRENT,6.074857142857143,12.73,337.698,349.64,,1,AGRICULTURAL,,0,,0,,0,,0,unknown
380,26.12293,80.50463,4,3,22.979166666666668,1.479492714560387,0.1305530371713508,1.0,0.1740707162284678,0.4033083033991893,37.983663801438,LOW / TRANSIENT,3.7825,5.83,336.6,348.97,,1,AGRICULTURAL,,0,,0,,0,,0,unknown
381,26.4129675,77.8425275,4,3,8.034027777777778,1.9466566773994916,0.373411703690898,1.0,0.4978822715878641,0.3393676663012294,45.85252749838174,MEDIUM / RECURRENT,2.78,4.8,335.48,339.91,,1,AGRICULTURAL,,0,,0,,0,,0,unknown
382,26.69461666666666,81.165885,6,5,16.00138888888889,2.5507982387720247,0.3124728756184359,1.0,0.374967450742123,0.2816268153680933,42.31902185549137,MEDIUM / RECURRENT,3.87,6.07,337.2033333333333,343.6,,1,AGRICULTURAL,,0,,0,,0,,0,unknown
383,26.965789500000007,79.086849,20,11,21.990972222222226,5.693843599100478,0.5002052609972527,1.0,0.9094641109040956,0.149391001626387,47.313932389239774,MEDIUM / RECURRENT,4.0235,8.67,331.6735,340.77,,1,AGRICULTURAL,,0,,0,,0,,0,unknown
384,27.019785,79.008165,8,5,26.478472222222223,2.3858976514307555,0.1888326470665372,1.0,0.3021322353064596,0.29534265442945,38.12026020653072,LOW / TRANSIENT,5.0512500000000005,8.16,332.13125,340.82,,1,AGRICULTURAL,,0,,0,,0,,0,unknown
385,27.698976666666667,79.39548,3,2,11.981944444444444,0.876563671884608,0.1669178161585719,1.0,0.2503767242378579,0.5328889261698823,42.00065553742338,MEDIUM / RECURRENT,6.406666666666666,8.78,338.3933333333334,340.49,,1,AGRICULTURAL,,0,,0,,0,,0,unknown
386,27.703268,77.57769599999999,5,4,30.02638888888889,3.026179408497311,0.1332161524584856,1.0,0.166520190573107,0.2483744261096475,34.963094239386166,LOW / TRANSIENT,9.2,27.68,337.05999999999995,342.75,,1,AGRICULTURAL,,0,,0,,0,,0,unknown
387,28.232520000000005,80.30220666666668,3,1,1.0,0.3654771316764331,1.0,0.1428571428571428,3.0,0.7323447436811139,59.21832344505085,MEDIUM / RECURRENT,7.363333333333333,9.27,335.2366666666666,340.09,,1,AGRICULTURAL,,0,,0,,0,,0,unknown
388,28.993992499999997,79.31368,4,2,1.9736111111111112,0.6977163086681016,1.0,0.2819444444444444,2.0267417311752287,0.589026561678331,57.88262580702819,MEDIUM / RECURRENT,4.185,4.61,334.6125,341.1,,1,AGRICULTURAL,,0,,0,,0,,0,unknown
389,29.25302666666667,77.06137666666666,3,3,27.983333333333334,1.1727780856049037,0.107206670637284,1.0,0.107206670637284,0.4602402825328565,38.17145246423664,LOW / TRANSIENT,4.226666666666667,5.41,338.6933333333334,345.01,,1,AGRICULTURAL,,0,,0,,0,,0,unknown
390,29.24938333333333,78.99872666666668,3,2,12.96875,1.3121122013404598,0.1542168674698795,1.0,0.2313253012048192,0.4325049620949383,39.51034020575418,LOW / TRANSIENT,5.713333333333334,9.42,332.3866666666667,332.86,,1,AGRICULTURAL,,0,,0,,0,,0,unknown
391,28.7643,77.30907666666667,3,3,5.990972222222222,1.2199341524114358,0.5007534484757158,0.8558531746031746,0.5007534484757158,0.4504638116917727,48.933483192516306,MEDIUM / RECURRENT,1.5533333333333337,2.85,321.09000000000003,334.72,,1,AGRICULTURAL,,0,,0,,0,,0,unknown
392,24.44649710526316,81.0908302631579,38,18,28.96875,10.008793967742664,0.6213592233009708,1.0,1.3117583603020495,0.0908364715453974,51.18781896704603,MEDIUM / RECURRENT,3.726052631578947,11.32,334.41236842105263,346.23,,1,AGRICULTURAL,,0,,0,,0,,0,unknown
393,24.507436666666667,77.52237333333333,3,1,1.0,0.4503579246172095,1.0,0.1428571428571428,3.0,0.6894849767955922,58.36112810734042,MEDIUM / RECURRENT,5.663333333333334,8.06,337.8566666666666,339.78,,1,AGRICULTURAL,,0,,0,,0,,0,unknown
394,24.584343333333333,78.11866666666667,3,3,10.995138888888889,0.8899249647082548,0.272847849428409,1.0,0.272847849428409,0.5291215358670965,45.67780114619306,MEDIUM / RECURRENT,2.563333333333333,3.33,332.63000000000005,334.54,,1,AGRICULTURAL,,0,,0,,0,,0,unknown
395,24.67777,80.687856,5,5,26.99513888888889,2.014082812062598,0.1852185321431327,1.0,0.1852185321431327,0.331775887509766,38.48860343949123,LOW / TRANSIENT,3.264,4.02,334.244,337.48,,1,AGRICULTURAL,,0,,0,,0,,0,unknown
396,24.669586666666664,81.211065,6,4,22.979166666666668,2.236579784476438,0.1740707162284678,1.0,0.2611060743427017,0.3089681288860191,37.79404979440216,LOW / TRANSIENT,3.8166666666666664,5.78,334.1033333333333,339.64,,1,AGRICULTURAL,,0,,0,,0,,0,unknown
397,24.759945714285713,81.03002428571428,7,6,26.99513888888889,2.58557167999195,0.2222622385717593,1.0,0.2593059450003859,0.2788955539726499,38.87570131946534,LOW / TRANSIENT,3.5385714285714287,4.73,334.6257142857143,340.38,,1,AGRICULTURAL,,0,,0,,0,,0,unknown
398,25.858486666666668,80.80073666666667,3,3,16.98611111111111,0.6460440186799843,0.1766148814390842,1.0,0.1766148814390842,0.6075171676161687,43.68509396556949,MEDIUM / RECURRENT,3.99,4.29,335.17333333333335,337.47,,1,AGRICULTURAL,,0,,0,,0,,0,unknown
399,26.003989285714287,80.73852642857142,14,10,21.002777777777776,4.305465311663624,0.476127496362915,1.0,0.666578494908081,0.1884848813923226,46.76731699036464,MEDIUM / RECURRENT,4.914285714285714,18.24,336.7742857142858,342.2,,1,AGRICULTURAL,,0,,0,,0,,0,unknown
400,26.00023333333333,78.49322,3,3,26.99513888888889,1.5049044711481532,0.1111311192858796,1.0,0.1111311192858796,0.3992168210477256,37.09618783453206,LOW / TRANSIENT,3.9666666666666672,6.9,335.7966666666667,340.19,,1,AGRICULTURAL,,0,,0,,0,,0,unknown
401,26.27907666666667,80.09449000000001,3,2,6.979166666666667,0.8361296468082507,0.2865671641791044,0.9970238095238096,0.4298507462686567,0.5446238514466029,46.70762450583326,MEDIUM / RECURRENT,5.03,5.83,336.82666666666665,341.77,,1,AGRICULTURAL,,0,,0,,0,,0,unknown
402,26.284687647058824,79.43994558823529,34,16,27.981944444444444,5.058125444979437,0.5717972899190946,1.0,1.215069241078076,0.1650675624138374,50.744394877601216,MEDIUM / RECURRENT,5.294411764705883,13.92,336.0617647058823,350.1,,1,AGRICULTURAL,,0,,0,,0,,0,unknown
403,26.322175999999995,81.000174,5,4,16.98611111111111,1.3762071491200376,0.2354865085854456,1.0,0.294358135731807,0.4208387304828715,42.24751868161164,MEDIUM / RECURRENT,2.98,3.78,333.428,336.94,,1,AGRICULTURAL,,0,,0,,0,,0,unknown
404,26.61557,80.92385,3,3,21.004166666666663,0.6558688673848821,0.1428288038087681,1.0,0.1428288038087681,0.6039125559376586,42.36291685967758,MEDIUM / RECURRENT,2.69,3.58,331.96000000000004,333.5,,1,AGRICULTURAL,,0,,0,,0,,0,unknown
405,26.675915000000003,81.758155,6,5,27.981944444444444,1.840981295757711,0.178686653099717,1.0,0.2144239837196605,0.3519910537578152,38.72270190108573,LOW / TRANSIENT,4.241666666666666,6.03,335.1433333333334,346.04,,1,AGRICULTURAL,,0,,0,,0,,0,unknown
406,26.80384,79.26790947368421,19,14,27.981944444444444,4.064455811155896,0.5003226286792078,1.0,0.679009281778925,0.1974545809635099,47.81840218660032,MEDIUM / RECURRENT,5.409473684210527,26.82,336.7373684210527,367.0,,1,AGRICULTURAL,,0,,0,,0,,0,unknown
407,26.868895555555554,79.65525333333332,9,6,20.01736111111111,3.2399534584013603,0.2997398091934085,1.0,0.4496097137901128,0.2358516454982602,41.10714565931473,MEDIUM / RECURRENT,3.335555555555555,6.0,328.8255555555555,347.65,,1,AGRICULTURAL,,0,,0,,0,,0,unknown
408,26.916228,79.25442,5,4,16.00138888888889,2.0649428439195994,0.2499783004947487,1.0,0.3124728756184359,0.3262703583474173,40.89959343550142,MEDIUM / RECURRENT,3.714,6.27,334.058,339.27,,1,AGRICULTURAL,,0,,0,,0,,0,unknown
409,27.08169,79.29108333333333,3,2,10.995138888888889,1.2281252455175309,0.181898566285606,1.0,0.272847849428409,0.4488078046832274,40.88830161251758,MEDIUM / RECURRENT,2.3733333333333335,3.51,333.85,334.65,,1,AGRICULTURAL,,0,,0,,0,,0,unknown
410,27.13621,79.093165,4,1,1.0,0.576669243201896,1.0,0.1428571428571428,4.0,0.6342484349914776,59.25639727125813,MEDIUM / RECURRENT,8.2675,13.05,340.435,348.47,,1,AGRICULTURAL,,0,,0,,0,,0,unknown
411,27.32867333333333,78.90542333333333,3,2,16.00138888888889,0.4609757764414273,0.1249891502473743,1.0,0.1874837253710615,0.6844740454463596,43.43906861832742,MEDIUM / RECURRENT,3.2899999999999996,4.25,334.05,336.08,,1,AGRICULTURAL,,0,,0,,0,,0,unknown
412,27.520201666666665,79.92195499999998,6,4,10.995138888888889,1.382391734279406,0.363797132571212,1.0,0.545695698856818,0.4197462514713041,47.219216067132145,MEDIUM / RECURRENT,6.221666666666667,9.42,335.6366666666667,345.09,,1,AGRICULTURAL,,0,,0,,0,,0,unknown
413,27.71952333333333,77.44868333333334,3,3,6.979166666666667,1.1451067630862592,0.4298507462686567,0.9970238095238096,0.4298507462686567,0.4661772631592733,50.15361811322101,MEDIUM / RECURRENT,7.243333333333333,9.41,340.01666666666665,342.25,,1,AGRICULTURAL,,0,,0,,0,,0,unknown
414,28.143983333333335,77.50089000000001,3,2,11.98263888888889,1.2307801314300415,0.1669081425673717,1.0,0.2503622138510576,0.4482736715782698,40.30798284912552,MEDIUM / RECURRENT,4.516666666666667,6.22,337.93333333333334,342.11,,1,AGRICULTURAL,,0,,0,,0,,0,unknown
415,28.884253333333337,77.39279666666667,3,3,27.981944444444444,0.2450699935993149,0.1072119918598302,1.0,0.1072119918598302,0.8031676975116449,45.03019764904661,MEDIUM / RECURRENT,3.19,4.58,332.1966666666667,335.12,,1,AGRICULTURAL,,0,,0,,0,,0,unknown
416,28.97837,79.20277333333333,3,2,21.004166666666663,0.6143332440323382,0.0952192025391787,1.0,0.1428288038087681,0.6194507879315952,41.0073454551207,MEDIUM / RECURRENT,6.156666666666666,7.11,332.91333333333336,335.66,,1,AGRICULTURAL,,0,,0,,0,,0,unknown
417,30.27718714285714,77.09903857142857,7,3,25.5375,0.7974905488402948,0.1174743024963289,1.0,0.2741067058247675,0.5563311588175972,40.78643717537299,MEDIUM / RECURRENT,4.45,8.75,329.5942857142857,367.0,,1,AGRICULTURAL,,0,,0,,0,,0,unknown
418,26.59984,81.55943666666666,3,3,21.474305555555556,0.6798360706155848,0.1397018400543284,1.0,0.1397018400543284,0.5952961824623427,42.07489173125701,MEDIUM / RECURRENT,2.6266666666666665,4.42,323.21999999999997,333.66,,1,AGRICULTURAL,,0,,0,,0,,0,unknown
419,28.75625,79.2820375,4,3,4.018055555555556,0.6127552067149021,0.7466297960594538,0.5740079365079366,0.9955063947459384,0.6200569037609543,54.874392139490254,MEDIUM / RECURRENT,1.9475,2.79,315.3775,325.86,,1,AGRICULTURAL,,0,,0,,0,,0,unknown
420,23.901235,80.07355,6,5,20.018055555555556,2.0094787316780423,0.2497745091237077,1.0,0.2997294109484493,0.3322834580865818,40.9872358029583,MEDIUM / RECURRENT,3.695,5.32,333.1716666666667,339.96,,1,AGRICULTURAL,,0,,0,,0,,0,unknown
421,23.910656666666668,78.10764,3,3,21.00625,0.8489741790028508,0.1428146385004463,1.0,0.1428146385004463,0.5408404353917471,41.10095033235145,MEDIUM / RECURRENT,3.543333333333333,3.84,337.16333333333336,341.32,,1,AGRICULTURAL,,0,,0,,0,,0,unknown
422,24.395538533333333,80.83481746666666,75,20,27.98402777777778,9.340064792152136,0.7146934014939077,1.0,2.680100255602154,0.0967111928311103,57.30869342011328,MEDIUM / RECURRENT,4.2012,10.79,334.2984,352.1,,1,AGRICULTURAL,,0,,0,,0,,0,unknown
423,24.498324000000004,77.802112,5,4,32.988194444444446,2.09975824633891,0.1212554996526535,1.0,0.1515693745658169,0.3226058035916475,35.99919730880746,LOW / TRANSIENT,4.836,8.49,334.62,341.51,,1,AGRICULTURAL,,0,,0,,0,,0,unknown
424,24.560703333333333,80.89021000000001,3,3,24.036805555555556,0.92924155587997,0.1248085979256348,1.0,0.1248085979256348,0.5183384096989752,39.98468631722799,LOW / TRANSIENT,3.4800000000000004,5.01,333.71,338.31,,1,AGRICULTURAL,,0,,0,,0,,0,unknown
425,24.733866,80.66824,5,3,26.010416666666668,1.119125760745419,0.1153384060873047,1.0,0.1922306768121746,0.4718927109112402,38.859159784904826,LOW / TRANSIENT,2.8080000000000003,5.53,334.678,343.01,,1,AGRICULTURAL,,0,,0,,0,,0,unknown
426,24.742346111111107,80.739585,18,15,26.010416666666668,4.545675830823231,0.5766920304365238,1.0,0.6920304365238286,0.1803206733509258,50.17469540534451,MEDIUM / RECURRENT,4.256111111111111,7.8,335.47166666666664,346.13,,1,AGRICULTURAL,,0,,0,,0,,0,unknown
427,24.76039,81.39150666666667,3,3,21.994444444444444,1.5435133222971362,0.1363980803233139,1.0,0.1363980803233139,0.3931569735584733,37.90986844313208,LOW / TRANSIENT,3.0233333333333334,3.81,332.95,336.28,,1,AGRICULTURAL,,0,,0,,0,,0,unknown
428,24.756712500000003,80.86658249999999,4,3,20.018055555555556,1.3700842671333149,0.1498647054742246,1.0,0.1998196072989662,0.4219259263762502,39.0834224337208,LOW / TRANSIENT,4.2575,5.11,337.12,339.83,,1,AGRICULTURAL,,0,,0,,0,,0,unknown
429,24.77195,81.22448499999999,8,8,26.010416666666668,2.222715996066664,0.3075690828994794,1.0,0.3075690828994794,0.3102972775821709,42.58600161892415,MEDIUM / RECURRENT,4.1075,8.81,335.39125,345.92,,1,AGRICULTURAL,,0,,0,,0,,0,unknown
430,24.803753333333333,81.16413666666666,3,3,25.022222222222226,0.9583519208730464,0.1198934280639431,1.0,0.1198934280639431,0.5106334511900155,39.64872586216621,LOW / TRANSIENT,1.76,2.72,320.55,331.26,,1,AGRICULTURAL,,0,,0,,0,,0,unknown
431,25.20483,77.64207833333334,6,4,10.008333333333333,2.4308511033371913,0.3996669442131557,1.0,0.5995004163197336,0.2914728648606461,46.01680117731284,MEDIUM / RECURRENT,4.8883333333333345,8.78,334.7833333333333,339.02,,1,AGRICULTURAL,,0,,0,,0,,0,unknown
432,25.311261666666667,79.40732666666668,6,1,1.0,0.7019532467581794,1.0,0.1428571428571428,6.0,0.5875602058427661,62.322632688283896,MEDIUM / RECURRENT,3.7816666666666663,5.53,344.555,350.72,,1,AGRICULTURAL,,0,,0,,0,,0,unknown
433,25.352366666666665,77.19669666666667,3,3,14.026388888888889,1.6909048590129918,0.2138825626299633,1.0,0.2138825626299633,0.3716222060585204,40.34609893847906,MEDIUM / RECURRENT,5.090000000000001,6.04,339.03333333333336,341.97,,1,AGRICULTURAL,,0,,0,,0,,0,unknown
434,25.513800000000003,80.93135333333333,3,3,26.99513888888889,0.9468286629270192,0.1111311192858796,1.0,0.1111311192858796,0.5136558851031705,39.38496911564096,LOW / TRANSIENT,2.8233333333333337,3.88,333.7066666666667,336.17,,1,AGRICULTURAL,,0,,0,,0,,0,unknown
435,25.66414,77.05889499999999,6,6,14.026388888888889,2.0979630469927035,0.4277651252599267,1.0,0.4277651252599267,0.3227927463404489,47.28316456142627,MEDIUM / RECURRENT,4.444999999999999,7.18,335.0316666666667,338.48,,1,AGRICULTURAL,,0,,0,,0,,0,unknown
436,25.663314999999997,79.522335,4,4,25.022222222222226,1.9035751911317444,0.1598579040852575,1.0,0.1598579040852575,0.3444029977436967,37.80280240602847,LOW / TRANSIENT,4.21,8.62,335.815,342.91,,1,AGRICULTURAL,,0,,0,,0,,0,unknown
437,25.699023125,79.91321375000001,16,9,26.99513888888889,2.426608461763854,0.3333933578576389,1.0,0.5926993028580249,0.2918337508234739,43.69084114720289,MEDIUM / RECURRENT,5.054375,9.8,339.440625,367.0,,1,AGRICULTURAL,,0,,0,,0,,0,unknown
438,25.85202,81.037048,5,5,38.979166666666664,2.772899399719946,0.1282736504543025,1.0,0.1282736504543025,0.2650481484012608,35.0470880348344,LOW / TRANSIENT,4.01,6.13,334.178,336.97,,1,AGRICULTURAL,,0,,0,,0,,0,unknown
439,25.9406925,80.68432250000001,4,4,7.965277777777778,0.5371754748803583,0.5021795989537925,1.0,0.5021795989537925,0.6505438164617037,56.5915214905244,MEDIUM / RECURRENT,4.5275,6.73,338.1325,349.3,,1,AGRICULTURAL,,0,,0,,0,,0,unknown
440,25.960256666666663,81.58894666666667,3,2,5.004166666666666,0.8283844258072522,0.3996669442131557,0.7148809523809524,0.5995004163197336,0.5469309330604742,43.997986350833216,MEDIUM / RECURRENT,2.8699999999999997,3.6,332.95,333.29,,1,AGRICULTURAL,,0,,0,,0,,0,unknown
441,26.01173714285714,80.84273571428572,7,5,26.008333333333333,2.0036561539302538,0.1922460749759692,1.0,0.2691445049663569,0.3329275884962764,38.92545340401717,LOW / TRANSIENT,4.97,7.62,335.0285714285714,343.26,,1,AGRICULTURAL,,0,,0,,0,,0,unknown
442,26.084213333333334,78.96470333333333,6,4,18.042361111111113,2.2049078432168727,0.2217004734228859,1.0,0.3325507101343289,0.3120214523848107,39.66504703776588,LOW / TRANSIENT,4.351666666666667,6.26,335.695,338.9,,1,AGRICULTURAL,,0,,0,,0,,0,unknown
443,26.262893333333334,79.81539666666667,3,3,21.992361111111112,1.4377565846742086,0.1364110012946414,1.0,0.1364110012946414,0.4102132289527356,38.25147162695645,LOW / TRANSIENT,3.263333333333333,3.65,335.10999999999996,337.73,,1,AGRICULTURAL,,0,,0,,0,,0,unknown
444,26.308984999999996,81.217271,10,8,26.99513888888889,3.106626021722089,0.2963496514290124,1.0,0.3704370642862655,0.2435089035890967,40.9832900003699,MEDIUM / RECURRENT,5.153,7.91,335.01899999999995,341.45,,1,AGRICULTURAL,,0,,0,,0,,0,unknown
445,26.427518,81.282044,5,4,26.008333333333333,1.1815524018025825,0.1537968599807753,1.0,0.1922460749759692,0.4583891723956371,39.93516569719181,LOW / TRANSIENT,4.25,4.69,337.75,342.43,,1,AGRICULTURAL,,0,,0,,0,,0,unknown
446,26.45842217391304,79.55733565217392,23,15,26.99513888888889,5.598593233679026,0.5556555964293983,1.0,0.8520052478584107,0.1515474533111132,49.18290543696803,MEDIUM / RECURRENT,4.651304347826087,14.93,335.4665217391304,350.69,,1,AGRICULTURAL,,0,,0,,0,,0,unknown
447,26.482956666666663,80.91562666666668,3,2,10.008333333333333,0.6696839444053716,0.1998334721065778,1.0,0.2997502081598668,0.5989157429169221,44.571986798388394,MEDIUM / RECURRENT,4.026666666666666,6.25,332.74666666666667,334.01,,1,AGRICULTURAL,,0,,0,,0,,0,unknown
448,26.493003333333338,80.08729666666666,3,3,16.516666666666666,1.5464268044300518,0.1816347124117053,1.0,0.1816347124117053,0.3927071448746483,39.57462725672606,LOW / TRANSIENT,4.676666666666667,8.76,326.28,337.69,,1,AGRICULTURAL,,0,,0,,0,,0,unknown
449,26.4984525,82.80122,4,3,26.99513888888889,0.6508280628886007,0.1111311192858796,1.0,0.1481748257145062,0.605756603295325,41.3010708923413,MEDIUM / RECURRENT,3.5675000000000003,4.94,335.345,344.39,,1,AGRICULTURAL,,0,,0,,0,,0,unknown
450,26.65988,79.66772166666667,6,4,16.9875,2.6448492467650406,0.235467255334805,1.0,0.3532008830022075,0.2743597697181969,39.43495109708653,LOW / TRANSIENT,4.716666666666667,8.7,335.195,344.12,,1,AGRICULTURAL,,0,,0,,0,,0,unknown
451,26.697329999999997,81.21759666666667,3,3,14.026388888888889,0.7546718575998494,0.2138825626299633,1.0,0.2138825626299633,0.5699071286000238,44.31179738930912,MEDIUM / RECURRENT,4.763333333333333,7.2,339.6333333333333,350.15,,1,AGRICULTURAL,,0,,0,,0,,0,unknown
452,26.8765875,79.4127525,4,3,15.0125,1.7366373043245256,0.1998334721065778,1.0,0.2664446294754371,0.3654119595679583,39.83529997404027,LOW / TRANSIENT,3.495,6.32,333.3675,336.53,,1,AGRICULTURAL,,0,,0,,0,,0,unknown
453,26.981983333333332,79.21412666666667,3,2,10.995138888888889,0.6010815387692295,0.181898566285606,1.0,0.272847849428409,0.624577809303024,44.40370170491351,MEDIUM / RECURRENT,3.746666666666666,5.79,335.43333333333334,338.12,,1,AGRICULTURAL,,0,,0,,0,,0,unknown
454,27.120382,79.15245399999999,5,5,29.040277777777774,2.5320050426356997,0.1721746616289636,1.0,0.1721746616289636,0.2831253035963297,37.03296855219824,LOW / TRANSIENT,5.626,16.07,333.374,340.53,,1,AGRICULTURAL,,0,,0,,0,,0,unknown
455,27.498200363636368,83.54382072727273,55,17,27.983333333333334,7.500905000529734,0.6075044669446099,1.0,1.9654556283502085,0.1176345341981453,52.54625828372467,MEDIUM / RECURRENT,4.024727272727272,13.65,333.45363636363635,348.74,,1,AGRICULTURAL,,0,,0,,0,,0,unknown
456,27.551291666666668,83.10157333333335,12,7,26.99513888888889,4.489261691412268,0.2593059450003859,1.0,0.4445244771435186,0.1821738616623908,38.60823426254836,LOW / TRANSIENT,2.964166666666666,6.48,330.30833333333334,333.14,,1,AGRICULTURAL,,0,,0,,0,,0,unknown
457,27.589705714285717,81.75403285714286,7,5,21.004166666666663,2.506046877806809,0.2380480063479468,1.0,0.3332672088871256,0.2852215143870367,39.70264492769313,LOW / TRANSIENT,3.155714285714286,5.7,333.3328571428571,339.15,,1,AGRICULTURAL,,0,,0,,0,,0,unknown
458,27.624916,81.722286,5,4,20.01736111111111,1.505427889200471,0.1998265394622723,1.0,0.2497831743278404,0.3991334192097296,40.47616361402981,MEDIUM / RECURRENT,2.824,6.08,326.87800000000004,339.09,,1,AGRICULTURAL,,0,,0,,0,,0,unknown
459,27.69475,80.124325,4,2,1.0,1.1996348602878435,1.0,0.1428571428571428,4.0,0.454620909158141,55.6638467545914,MEDIUM / RECURRENT,5.2625,7.66,333.98249999999996,335.27,,1,AGRICULTURAL,,0,,0,,0,,0,unknown
460,27.729163333333332,77.63680999999998,3,2,5.992361111111111,0.3312405309891238,0.3337582570402132,0.8560515873015874,0.5006373855603199,0.7511790519606482,49.10768448928075,MEDIUM / RECURRENT,3.6666666666666665,5.09,335.84999999999997,340.61,,1,AGRICULTURAL,,0,,0,,0,,0,unknown
461,28.8791825,79.5261725,4,3,12.96875,1.4980000473837771,0.2313253012048192,1.0,0.308433734939759,0.4003202486114149,41.71965798427649,MEDIUM / RECURRENT,4.1899999999999995,5.76,332.58500000000004,334.16,,1,AGRICULTURAL,,0,,0,,0,,0,unknown
462,24.49370888888889,77.14838111111112,9,4,28.053472222222226,1.2011892113072775,0.1425848454093125,1.0,0.3208159021709533,0.4542998824740304,39.718099043148456,LOW / TRANSIENT,2.644444444444444,6.63,310.35,329.28,,1,AGRICULTURAL,,0,,0,,0,,0,unknown
463,26.650751428571432,79.78538571428571,7,5,25.490277777777777,2.526594841499964,0.1961532174576363,1.0,0.2746145044406909,0.2835596502984365,38.08578462586738,LOW / TRANSIENT,2.7657142857142856,7.55,324.4114285714286,344.14,,1,AGRICULTURAL,,0,,0,,0,,0,unknown
464,24.326762307692302,81.05013576923078,26,13,21.990972222222226,5.010343529397419,0.5911516720876623,1.0,1.1823033441753246,0.1663798408708025,51.38251202883488,MEDIUM / RECURRENT,3.888846153846153,6.94,333.2823076923077,344.1,,1,AGRICULTURAL,,0,,0,,0,,0,unknown
465,24.473505,80.32682750000001,4,4,25.022222222222226,0.8719402122885055,0.1598579040852575,1.0,0.1598579040852575,0.5342050955663102,41.59884436248073,MEDIUM / RECURRENT,3.8825,6.08,334.5875,339.34,,1,AGRICULTURAL,,0,,0,,0,,0,unknown
466,24.51367888888889,80.84666333333332,9,9,26.995833333333337,2.0006500918154497,0.3333847816020991,1.0,0.3333847816020991,0.3332611165585725,44.00045925044912,MEDIUM / RECURRENT,3.4577777777777774,6.68,333.0711111111111,345.2,,1,AGRICULTURAL,,0,,0,,0,,0,unknown
467,24.716825,80.98877,6,6,14.026388888888889,1.4681767333276514,0.4277651252599267,1.0,0.4277651252599267,0.4051573724430087,48.930457083477464,MEDIUM / RECURRENT,6.668333333333333,14.52,338.99666666666667,345.94,,1,AGRICULTURAL,,0,,0,,0,,0,unknown
468,24.73023,81.11910800000001,10,6,20.018055555555556,2.894175873019502,0.2997294109484493,1.0,0.4995490182474155,0.2567937434280826,41.62550228825221,MEDIUM / RECURRENT,4.877000000000001,7.84,334.928,339.78,,1,AGRICULTURAL,,0,,0,,0,,0,unknown
469,25.56578333333334,78.32385833333332,6,3,10.009027777777778,2.000551871964432,0.2997294109484493,1.0,0.5994588218968986,0.3332720255041982,43.35488753707348,MEDIUM / RECURRENT,3.0833333333333335,5.48,334.795,339.45,,1,AGRICULTURAL,,0,,0,,0,,0,unknown
470,25.770093333333335,81.76837666666667,3,2,5.00625,0.960033428861039,0.3995006242197254,0.7151785714285713,0.599250936329588,0.5101953799742551,43.26439560554895,MEDIUM / RECURRENT,3.4099999999999997,3.67,333.4066666666667,334.72,,1,AGRICULTURAL,,0,,0,,0,,0,unknown
471,25.878242857142855,79.05744857142858,7,7,26.009027777777774,2.389202439387022,0.269137318772862,1.0,0.269137318772862,0.2950546678412228,40.859174151420355,MEDIUM / RECURRENT,5.81,15.01,337.04857142857145,352.16,,1,AGRICULTURAL,,0,,0,,0,,0,unknown
472,26.196853333333333,80.36778666666666,3,3,16.00138888888889,0.7357564943930298,0.1874837253710615,1.0,0.1874837253710615,0.5761176773529436,43.45925138578815,MEDIUM / RECURRENT,3.693333333333334,4.6,333.7,339.05,,1,AGRICULTURAL,,0,,0,,0,,0,unknown
473,26.64388666666667,79.96094000000001,3,3,15.013194444444444,1.05843025803439,0.1998242286877284,1.0,0.1998242286877284,0.4858070833815411,42.10963812907677,MEDIUM / RECURRENT,2.5966666666666667,4.26,326.54333333333335,343.72,,1,AGRICULTURAL,,0,,0,,0,,0,unknown
474,26.847490000000004,79.17628666666667,3,2,10.009027777777778,0.2538583181849748,0.1998196072989662,1.0,0.2997294109484493,0.7975382748567256,48.54391057449522,MEDIUM / RECURRENT,2.813333333333333,3.02,332.5066666666667,333.6,,1,AGRICULTURAL,,0,,0,,0,,0,unknown
475,27.05528992125985,83.52910637795277,127,25,26.997222222222224,11.227322177944163,0.9260211955962548,1.0,4.704187673628974,0.0817840558584295,68.45479831029544,MEDIUM / RECURRENT,4.340157480314961,11.93,333.83771653543306,346.06,,1,AGRICULTURAL,,0,,0,,0,,0,unknown
476,24.65024916666667,80.4799725,12,9,25.022222222222226,3.5342980255714154,0.3596802841918295,1.0,0.4795737122557726,0.2205413041578755,42.95878345438309,MEDIUM / RECURRENT,4.548333333333334,9.26,334.83166666666665,341.56,,1,AGRICULTURAL,,0,,0,,0,,0,unknown
477,24.713246666666667,77.42929333333335,3,1,1.0,0.1432933674203749,1.0,0.1428571428571428,3.0,0.8746661430008211,62.06475143144499,MEDIUM / RECURRENT,5.843333333333334,7.11,340.04999999999995,351.28,,1,AGRICULTURAL,,0,,0,,0,,0,unknown
478,24.763586,81.17489,5,4,21.992361111111112,1.404397033643557,0.1818813350595219,1.0,0.2273516688244024,0.4159046887878694,40.138643840489465,MEDIUM / RECURRENT,4.090000000000001,5.8,333.242,338.97,,1,AGRICULTURAL,,0,,0,,0,,0,unknown
479,25.706566666666664,81.71600333333333,3,2,25.022222222222226,1.3212635905134464,0.0799289520426287,1.0,0.1198934280639431,0.4307998471551468,36.65329712072283,LOW / TRANSIENT,1.75,1.98,331.64000000000004,331.82,,1,AGRICULTURAL,,0,,0,,0,,0,unknown
480,26.23927333333333,78.86658666666666,3,3,6.061805555555556,0.5330932894534348,0.4949020506358116,0.8659722222222223,0.4949020506358116,0.6522760270880263,53.006201970841104,MEDIUM / RECURRENT,5.52,7.16,339.44,347.03,,1,AGRICULTURAL,,0,,0,,0,,0,unknown
481,26.489863333333332,81.26819,3,3,14.026388888888889,1.704007474593462,0.2138825626299633,1.0,0.2138825626299633,0.3698214629197156,40.31008407570296,MEDIUM / RECURRENT,3.8366666666666664,5.92,333.21999999999997,334.78,,1,AGRICULTURAL,,0,,0,,0,,0,unknown
482,26.6531,79.8391225,4,4,22.061805555555555,1.5741300272176957,0.1813088230665114,1.0,0.1813088230665114,0.388480764151946,39.47804173649984,LOW / TRANSIENT,3.9775,6.88,336.91999999999996,353.4,,1,AGRICULTURAL,,0,,0,,0,,0,unknown
483,30.151350000000004,77.37765666666667,3,3,41.02361111111111,1.4525640567518558,0.0731286183430951,1.0,0.0731286183430951,0.4077365470830503,35.86048982035553,LOW / TRANSIENT,3.9966666666666666,4.15,330.27000000000004,332.11,,1,AGRICULTURAL,,0,,0,,0,,0,unknown
484,28.771025,77.6113175,4,3,33.52708333333333,1.5547760523163374,0.0894798980923382,1.0,0.1193065307897843,0.3914237410724633,36.198884316260674,LOW / TRANSIENT,5.0175,9.82,325.1125,351.36,,1,AGRICULTURAL,,0,,0,,0,,0,unknown
485,27.515585714285717,83.24865285714286,7,4,19.03125,2.320913061418207,0.2101806239737274,1.0,0.367816091954023,0.3011220051550963,39.11439412609043,LOW / TRANSIENT,4.1414285714285715,5.31,331.38999999999993,340.39,,1,AGRICULTURAL,,0,,0,,0,,0,unknown
486,23.900856666666662,79.98591,3,2,9.94097222222222,0.7345659988455477,0.2011875654907439,1.0,0.3017813482361159,0.5765130878072998,44.17538924479427,MEDIUM / RECURRENT,4.013333333333333,5.31,331.2866666666667,333.42,,1,AGRICULTURAL,,0,,0,,0,,0,unknown
487,24.30077823529412,80.20806823529412,17,14,24.95277777777778,4.737605939583006,0.5610597795836579,1.0,0.6812868752087275,0.1742887208584905,49.48544045301529,MEDIUM / RECURRENT,4.71,14.07,336.23588235294113,354.95,,1,AGRICULTURAL,,0,,0,,0,,0,unknown
488,25.891925714285716,79.14001,7,6,21.990972222222226,1.6795363715813296,0.2728392332712287,1.0,0.3183124388164335,0.3731988901534669,42.64997584519521,MEDIUM / RECURRENT,6.372857142857143,11.31,337.0457142857143,348.67,,1,AGRICULTURAL,,0,,0,,0,,0,unknown
489,26.033142,79.31286600000001,5,3,6.977777777777778,1.0599679753865892,0.4299363057324841,0.9968253968253968,0.7165605095541401,0.4854444398886018,51.11041543815218,MEDIUM / RECURRENT,5.628,8.38,337.85,345.02,,1,AGRICULTURAL,,0,,0,,0,,0,unknown
490,26.251841875,78.737329375,16,7,21.004166666666663,4.2928288954854565,0.3332672088871256,1.0,0.7617536203134299,0.1889348814681983,41.96655718104022,MEDIUM / RECURRENT,4.92625,15.87,338.815,367.0,,1,AGRICULTURAL,,0,,0,,0,,0,unknown
491,26.302233333333337,80.25067333333334,3,3,22.977777777777774,0.48750532167726,0.1305609284332688,1.0,0.1305609284332688,0.6722665024636243,43.27608440130344,MEDIUM / RECURRENT,7.993333333333332,10.26,339.37333333333333,344.12,,1,AGRICULTURAL,,0,,0,,0,,0,unknown
492,26.388011666666667,80.670355,6,5,18.961805555555557,0.8760108566851237,0.2636879692364036,1.0,0.3164255630836843,0.5330459556971762,45.52284916338502,MEDIUM / RECURRENT,3.8516666666666666,5.98,334.8233333333333,339.93,,1,AGRICULTURAL,,0,,0,,0,,0,unknown
493,26.74781181818182,79.62196454545455,11,6,15.999305555555557,3.1200848197188487,0.3750162767481227,1.0,0.6875298407048918,0.2427134497848127,44.35489836329033,MEDIUM / RECURRENT,3.252727272727273,12.03,330.4027272727273,367.0,,1,AGRICULTURAL,,0,,0,,0,,0,unknown
494,23.811566666666668,78.00789999999999,3,2,4.01875,1.11586536361459,0.4976671850699845,0.5741071428571428,0.7465007776049767,0.4726198638138642,42.716428880365264,MEDIUM / RECURRENT,2.17,2.49,338.02,339.85,,1,AGRICULTURAL,,0,,0,,0,,0,unknown
495,23.873086666666666,80.01015666666667,6,6,17.974305555555556,2.8268265092341025,0.3338098365722675,1.0,0.3338098365722675,0.261313126578121,42.57722648473632,MEDIUM / RECURRENT,3.75,6.42,333.04,336.03,,1,AGRICULTURAL,,0,,0,,0,,0,unknown
496,24.431594285714286,80.99033142857142,7,6,15.014583333333333,2.1547842559584063,0.3996114888303039,1.0,0.4662134036353545,0.3169788863093604,46.25840664251855,MEDIUM / RECURRENT,3.37,4.52,334.9842857142857,340.81,,1,AGRICULTURAL,,0,,0,,0,,0,unknown
497,24.57917,80.94766111111112,18,10,22.979166666666668,5.95075474864653,0.4351767905711695,1.0,0.7833182230281052,0.1438692683258207,44.67520948256356,MEDIUM / RECURRENT,4.368333333333334,7.84,335.0705555555556,354.81,,1,AGRICULTURAL,,0,,0,,0,,0,unknown
498,25.53651857142857,78.18541285714285,7,6,16.988194444444446,1.785062122564996,0.353186444835057,1.0,0.4120508523075665,0.3590584180862065,45.36679563556626,MEDIUM / RECURRENT,4.018571428571429,10.35,336.40285714285716,343.64,,1,AGRICULTURAL,,0,,0,,0,,0,unknown
499,25.593166250000003,78.5858175,8,7,16.0,2.4387571430048105,0.4375,1.0,0.5,0.2908027401801898,47.1285548036038,MEDIUM / RECURRENT,3.8425,6.76,334.015,342.89,,1,AGRICULTURAL,,0,,0,,0,,0,unknown
500,25.84164092592593,80.23461314814816,54,21,22.979166666666668,5.30154428891203,0.913871260199456,1.0,2.3499546690843154,0.1586912594996061,64.85922863514169,MEDIUM / RECURRENT,5.703518518518517,21.57,337.2801851851852,367.0,,1,AGRICULTURAL,,0,,0,,0,,0,unknown
501,26.212033333333338,79.19156041666666,24,13,21.992361111111112,4.918247955451283,0.5911143389434462,1.0,1.0912880103571316,0.1689689258590294,51.25095640091547,MEDIUM / RECURRENT,5.187916666666666,13.68,336.01416666666665,343.72,,1,AGRICULTURAL,,0,,0,,0,,0,unknown
502,26.198130000000003,78.982116,5,5,16.988194444444446,1.9564223964318292,0.2943220373625475,1.0,0.2943220373625475,0.3382466596136336,42.65484857468693,MEDIUM / RECURRENT,4.0280000000000005,6.4,336.83799999999997,343.29,,1,AGRICULTURAL,,0,,0,,0,,0,unknown
503,26.57979333333333,78.47411333333334,3,2,4.01875,0.4879538513112071,0.4976671850699845,0.5741071428571428,0.7465007776049767,0.6720638540763781,46.70530868561554,MEDIUM / RECURRENT,5.653333333333333,8.03,335.57,336.99,,1,AGRICULTURAL,,0,,0,,0,,0,unknown
504,26.69556,79.66272333333333,6,3,17.976388888888888,2.4451240085338273,0.1668855752144016,1.0,0.3337711504288032,0.2902653133886983,37.31384370113563,LOW / TRANSIENT,4.038333333333333,5.36,334.41833333333335,338.26,,1,AGRICULTURAL,,0,,0,,0,,0,unknown
505,26.68666,79.78998,5,4,12.971527777777778,1.3913195774539364,0.308367685636276,1.0,0.385459607045345,0.4181791549018767,44.92737130939789,MEDIUM / RECURRENT,4.7700000000000005,7.87,335.642,345.83,,1,AGRICULTURAL,,0,,0,,0,,0,unknown
506,27.02097,78.92894,4,4,15.014583333333333,2.037403541512707,0.2664076592202026,1.0,0.2664076592202026,0.3292285619387846,41.441654629923185,MEDIUM / RECURRENT,4.15,6.9,335.1975,337.96,,1,AGRICULTURAL,,0,,0,,0,,0,unknown
507,27.26343,83.3506725,4,4,12.971527777777778,1.7047821113864374,0.308367685636276,1.0,0.308367685636276,0.3697155478033727,43.80391532460967,MEDIUM / RECURRENT,3.0725,3.62,332.365,337.03,,1,AGRICULTURAL,,0,,0,,0,,0,unknown
508,28.02832666666667,77.39423,3,3,29.039583333333333,1.3897461295547808,0.1033072673792955,1.0,0.1033072673792955,0.4184544908903373,37.19145871084068,LOW / TRANSIENT,3.933333333333333,5.25,335.60999999999996,340.17,,1,AGRICULTURAL,,0,,0,,0,,0,unknown
509,29.35925625,79.0548925,8,6,15.013194444444444,2.3219707636995452,0.3996484573754568,1.0,0.5328646098339423,0.3010261291060672,46.07394780993022,MEDIUM / RECURRENT,3.4450000000000003,5.28,331.7,340.95,,1,AGRICULTURAL,,0,,0,,0,,0,unknown
510,27.798856666666666,80.47202333333333,3,2,18.444444444444443,0.4903232788794707,0.108433734939759,1.0,0.1626506024096385,0.6709953566261609,42.54038906023407,MEDIUM / RECURRENT,1.6733333333333331,2.76,315.9266666666667,331.64,,1,AGRICULTURAL,,0,,0,,0,,0,unknown
511,23.82722375,77.896645,8,3,16.0,1.0212925180219636,0.1875,1.0,0.5,0.4947329449270408,42.45715889854081,MEDIUM / RECURRENT,5.5912500000000005,8.81,346.4575,355.44,,1,AGRICULTURAL,,0,,0,,0,,0,unknown
512,23.85026666666667,79.81055333333335,3,3,8.034027777777778,0.9606833354189684,0.373411703690898,1.0,0.373411703690898,0.5100262658101876,49.01675835276698,MEDIUM / RECURRENT,4.366666666666667,6.7,334.83,336.33,,1,AGRICULTURAL,,0,,0,,0,,0,unknown
513,23.992848,77.73678600000001,5,2,16.0,0.2961717656543865,0.125,1.0,0.3125,0.7715026869877382,45.43005373975476,MEDIUM / RECURRENT,4.812,7.01,343.808,355.53,,1,AGRICULTURAL,,0,,0,,0,,0,unknown
514,24.045266666666663,77.73279333333332,9,2,16.0,1.1378337958908282,0.125,1.0,0.5625,0.4677632105555255,39.85526421111051,LOW / TRANSIENT,6.963333333333333,12.54,345.9322222222222,355.51,,1,AGRICULTURAL,,0,,0,,0,,0,unknown
515,24.287562,80.77446799999998,5,5,21.004166666666663,2.630151521058767,0.2380480063479468,1.0,0.2380480063479468,0.2754705951525519,39.31718813792507,LOW / TRANSIENT,3.724,9.28,331.832,332.47,,1,AGRICULTURAL,,0,,0,,0,,0,unknown
516,24.66274,78.04442,3,3,21.00625,1.3799206986309065,0.1428146385004463,1.0,0.1428146385004463,0.4201820676526191,38.687782977568894,LOW / TRANSIENT,7.06,10.97,337.77666666666664,342.84,,1,AGRICULTURAL,,0,,0,,0,,0,unknown
517,25.278238,82.59006400000001,5,4,21.004166666666663,1.2160076812457246,0.1904384050783574,1.0,0.2380480063479468,0.4512619737120459,41.16667966467932,MEDIUM / RECURRENT,3.896,5.25,332.65,335.16,,1,AGRICULTURAL,,0,,0,,0,,0,unknown
518,25.335207142857143,77.62068571428571,7,5,15.011805555555556,1.5373024021209265,0.3330711939677105,1.0,0.4662996715547948,0.3941193604530945,45.47247834104135,MEDIUM / RECURRENT,6.827142857142857,15.08,336.92,344.94,,1,AGRICULTURAL,,0,,0,,0,,0,unknown
519,25.62239,82.33292666666667,3,3,7.965972222222222,1.4166367837359295,0.3766018655740563,1.0,0.3766018655740563,0.413798220208367,47.21023343040742,MEDIUM / RECURRENT,4.326666666666667,6.32,338.68,345.25,,1,AGRICULTURAL,,0,,0,,0,,0,unknown
520,25.6565875,78.79443500000001,4,4,25.022222222222226,1.8350660088584625,0.1598579040852575,1.0,0.1598579040852575,0.352725473366544,37.96925191848541,LOW / TRANSIENT,4.862500000000001,6.32,338.78499999999997,349.12,,1,AGRICULTURAL,,0,,0,,0,,0,unknown
521,25.806505,83.6238975,4,3,16.988194444444446,1.1032329165478238,0.1765932224175285,1.0,0.235457629890038,0.4754585153799164,41.1608483519919,MEDIUM / RECURRENT,3.9625,5.06,335.5325,336.28,,1,AGRICULTURAL,,0,,0,,0,,0,unknown
522,25.81378666666667,80.10924,3,3,8.034027777777778,0.5503895829724282,0.373411703690898,1.0,0.373411703690898,0.6449991737449541,51.7162165114623,MEDIUM / RECURRENT,6.553333333333334,10.47,341.5833333333333,348.76,,1,AGRICULTURAL,,0,,0,,0,,0,unknown
523,25.878825,79.430375,4,3,10.008333333333333,1.3276496467327563,0.2997502081598668,1.0,0.3996669442131557,0.4296179201211258,44.88294957644416,MEDIUM / RECURRENT,3.125,6.49,333.9075,340.48,,1,AGRICULTURAL,,0,,0,,0,,0,unknown
524,25.961152,79.63249599999999,5,4,16.0,0.6687519697033714,0.25,1.0,0.3125,0.599250229006624,46.36000458013248,MEDIUM / RECURRENT,7.042,11.91,336.056,341.47,,1,AGRICULTURAL,,0,,0,,0,,0,unknown
525,25.96451,83.7951975,4,4,22.977777777777774,1.8797331977896337,0.1740812379110251,1.0,0.1740812379110251,0.3472543917497494,38.38609363770292,LOW / TRANSIENT,3.2325,4.96,331.27,331.85,,1,AGRICULTURAL,,0,,0,,0,,0,unknown
526,26.0672,79.39374833333333,6,4,14.026388888888889,2.4877953943711826,0.2851767501732845,1.0,0.4277651252599267,0.2867140663164649,41.57099783291411,MEDIUM / RECURRENT,4.283333333333333,7.43,335.4750000000001,343.73,,1,AGRICULTURAL,,0,,0,,0,,0,unknown
527,26.329136666666667,79.02526,3,3,21.004166666666663,0.5828974039825039,0.1428288038087681,1.0,0.1428288038087681,0.6317528839734285,42.91972342039299,MEDIUM / RECURRENT,4.12,5.14,337.64000000000004,343.41,,1,AGRICULTURAL,,0,,0,,0,,0,unknown
528,26.528508,79.68070600000001,5,4,17.972916666666666,1.7614398988901314,0.2225570882114292,1.0,0.2781963602642865,0.362129916498243,40.58848913789346,MEDIUM / RECURRENT,1.464,1.84,322.288,332.77,,1,AGRICULTURAL,,0,,0,,0,,0,unknown
529,26.58817666666667,81.16836666666667,3,3,21.004166666666663,1.100506387433252,0.1428288038087681,1.0,0.1428288038087681,0.4760756767904744,39.80617927673391,LOW / TRANSIENT,3.0833333333333335,3.6,332.1933333333334,333.06,,1,AGRICULTURAL,,0,,0,,0,,0,unknown
530,27.05537666666667,78.98773666666666,3,2,1.9729166666666669,0.6437480198097913,1.0,0.2818452380952381,1.5205913410770855,0.6083657518965203,57.254628672465536,MEDIUM / RECURRENT,4.5233333333333325,6.58,335.69,338.71,,1,AGRICULTURAL,,0,,0,,0,,0,unknown
531,27.056126666666668,78.92795,3,3,5.990972222222222,1.239182477541568,0.5007534484757158,0.8558531746031746,0.5007534484757158,0.4465915618891029,48.856038196462904,MEDIUM / RECURRENT,4.146666666666667,5.45,338.94,344.85,,1,AGRICULTURAL,,0,,0,,0,,0,unknown
532,27.06277,80.0588225,8,3,5.990972222222222,1.7478235124794983,0.5007534484757158,0.8558531746031746,1.3353425292685754,0.3639243915988076,48.871872952242725,MEDIUM / RECURRENT,4.01,6.88,333.95625,336.72,,1,AGRICULTURAL,,0,,0,,0,,0,unknown
533,27.091078571428568,83.34718428571429,7,6,21.990972222222226,1.850654651033925,0.2728392332712287,1.0,0.3183124388164335,0.3507966142574663,42.2019303272752,MEDIUM / RECURRENT,5.0042857142857144,8.11,334.5042857142857,341.16,,1,AGRICULTURAL,,0,,0,,0,,0,unknown
534,27.098954000000003,82.672668,5,3,10.995138888888889,1.2862921329660246,0.272847849428409,1.0,0.454746415714015,0.4373894243788926,44.2069560490002,MEDIUM / RECURRENT,4.314,5.56,333.70000000000005,341.26,,1,AGRICULTURAL,,0,,0,,0,,0,unknown
535,27.136803333333333,82.52097333333334,3,3,11.983333333333333,0.5721934806171847,0.2503477051460361,1.0,0.2503477051460361,0.6360540304539599,46.98394569948254,MEDIUM / RECURRENT,5.1933333333333325,6.42,338.2,342.37,,1,AGRICULTURAL,,0,,0,,0,,0,unknown
536,27.210373999999995,83.37427199999999,5,4,21.990972222222226,1.1912345974365957,0.1818928221808191,1.0,0.2273660277260239,0.4563637326509195,40.94825548479911,MEDIUM / RECURRENT,4.382,7.8,334.10600000000005,345.61,,1,AGRICULTURAL,,0,,0,,0,,0,unknown
537,27.246134,83.391644,5,3,4.017361111111111,1.1279745730133253,0.7467588591184098,0.5739087301587301,1.2445980985306828,0.4699304271215735,52.372083062605434,MEDIUM / RECURRENT,4.442,7.88,334.898,344.45,,1,AGRICULTURAL,,0,,0,,0,,0,unknown
538,27.29531857142857,83.35666714285715,7,5,16.988194444444446,2.545530435731576,0.2943220373625475,1.0,0.4120508523075665,0.2820452448869368,41.76627791004303,MEDIUM / RECURRENT,3.6314285714285712,5.97,331.07857142857137,336.11,,1,AGRICULTURAL,,0,,0,,0,,0,unknown
539,27.318616666666667,82.64629000000001,6,5,11.983333333333333,2.6693343490316903,0.4172461752433936,1.0,0.5006954102920723,0.272528994329419,46.055586840691305,MEDIUM / RECURRENT,2.895,4.76,332.8916666666667,338.17,,1,AGRICULTURAL,,0,,0,,0,,0,unknown
540,27.400515,79.686955,4,3,1.9729166666666669,0.4400213223575101,1.0,0.2818452380952381,2.027455121436114,0.6944341618239821,59.989724431732824,MEDIUM / RECURRENT,4.0525,5.58,333.5825,336.49,,1,AGRICULTURAL,,0,,0,,0,,0,unknown
541,27.4321,83.45782666666666,3,3,4.017361111111111,1.8684781831195032,0.7467588591184098,0.5739087301587301,0.7467588591184098,0.3486169097902946,48.95013423715531,MEDIUM / RECURRENT,3.7733333333333334,4.76,338.8933333333333,344.62,,1,AGRICULTURAL,,0,,0,,0,,0,unknown
542,27.59943,79.88355,4,2,21.990972222222226,1.0371983255020805,0.0909464110904095,1.0,0.1818928221808191,0.4908702247993178,38.36431452851233,LOW / TRANSIENT,6.0575,13.84,335.7975,346.63,,1,AGRICULTURAL,,0,,0,,0,,0,unknown
543,28.279686666666667,77.46836333333333,3,3,26.009027777777774,1.434463158246652,0.1153445651883694,1.0,0.1153445651883694,0.410768179675481,37.48311250547929,LOW / TRANSIENT,2.9299999999999997,3.36,333.43333333333334,333.74,,1,AGRICULTURAL,,0,,0,,0,,0,unknown
544,29.32533,77.363216,5,3,21.005555555555556,1.2006262557707468,0.1428193599576831,1.0,0.2380322665961385,0.4544160996796615,39.563064125304415,LOW / TRANSIENT,3.1759999999999997,4.25,333.106,336.6,,1,AGRICULTURAL,,0,,0,,0,,0,unknown
545,30.36715666666667,77.15806666666667,3,3,5.990972222222222,1.0574835449393205,0.5007534484757158,0.8558531746031746,0.5007534484757158,0.4860306185483938,49.644819329648726,MEDIUM / RECURRENT,3.5199999999999996,4.2,333.24333333333334,335.86,,1,AGRICULTURAL,,0,,0,,0,,0,unknown
546,28.30075,79.925615,4,4,16.47013888888889,1.7666803038960592,0.2428637686047982,1.0,0.2428637686047982,0.3614440015320139,41.21483946901781,MEDIUM / RECURRENT,1.6324999999999998,3.43,316.4525,330.53,,1,AGRICULTURAL,,0,,0,,0,,0,unknown
547,24.98957888888889,81.43796444444445,9,7,21.00486111111111,2.1081944085116007,0.333256190696598,1.0,0.4284722451813403,0.3217301972043836,43.95551510883129,MEDIUM / RECURRENT,6.181111111111111,13.3,338.9533333333333,367.0,,1,AGRICULTURAL,,0,,0,,0,,0,unknown
548,25.285315,81.13236,4,3,15.531944444444443,1.7538540631281936,0.1931503174461235,1.0,0.2575337565948314,0.3631274486869747,39.537877597543485,LOW / TRANSIENT,4.4975000000000005,9.79,320.765,343.65,,1,AGRICULTURAL,,0,,0,,0,,0,unknown
549,25.8242525,83.97781499999999,4,3,21.00486111111111,0.4624402523074569,0.1428240817271134,1.0,0.1904321089694845,0.6837886186613007,44.055479451613955,MEDIUM / RECURRENT,3.595,5.02,334.12,337.39,,1,AGRICULTURAL,,0,,0,,0,,0,unknown
550,25.557420000000004,78.54305333333333,3,3,12.96875,1.4288586854315146,0.2313253012048192,1.0,0.2313253012048192,0.4117160071922169,41.79335628842264,MEDIUM / RECURRENT,4.740000000000001,4.9,339.66,344.78,,1,AGRICULTURAL,,0,,0,,0,,0,unknown
551,26.248735714285715,78.46426,7,5,21.002777777777776,2.2199212130546173,0.2380637481814575,1.0,0.3332892474540405,0.3105666051534652,40.2101417843284,MEDIUM / RECURRENT,3.705714285714286,5.32,332.6614285714286,334.82,,1,AGRICULTURAL,,0,,0,,0,,0,unknown
552,26.270478571428573,78.30014714285714,7,6,20.01597222222222,2.037663207369662,0.2997606078478992,1.0,0.3497207091558825,0.329200418787015,42.77507106872854,MEDIUM / RECURRENT,4.204285714285715,7.29,334.4814285714286,341.75,,1,AGRICULTURAL,,0,,0,,0,,0,unknown
553,26.31105,78.39246399999999,5,3,14.025,2.2331167427183054,0.213903743315508,1.0,0.35650623885918,0.3092990694667062,39.38562488309527,LOW / TRANSIENT,3.2960000000000003,4.84,332.778,334.76,,1,AGRICULTURAL,,0,,0,,0,,0,unknown
554,26.454595,78.588165,4,4,9.020138888888887,1.579861732831901,0.4434521518207714,1.0,0.4434521518207714,0.3876176724022744,49.160083065414035,MEDIUM / RECURRENT,4.1575,5.87,336.36,340.3,,1,AGRICULTURAL,,0,,0,,0,,0,unknown
555,26.61511,80.72347857142857,7,6,13.038194444444445,3.0454712185745945,0.4601864181091877,1.0,0.536884154460719,0.2471899924558964,47.12409279186094,MEDIUM / RECURRENT,7.152857142857142,17.1,346.75857142857143,367.0,,1,AGRICULTURAL,,0,,0,,0,,0,unknown
556,26.77984707317073,83.52925024390245,41,19,21.989583333333332,6.4060141356327165,0.8640454760776883,1.0,1.864519185220275,0.1350253971550875,61.67113797626139,MEDIUM / RECURRENT,4.8951219512195125,15.99,333.41707317073167,344.15,,1,AGRICULTURAL,,0,,0,,0,,0,unknown
557,26.904635,82.8621525,4,4,15.011805555555556,2.1742270021785175,0.2664569551741684,1.0,0.2664569551741684,0.315037330132245,41.159653944089136,MEDIUM / RECURRENT,4.3975,5.64,333.685,338.28,,1,AGRICULTURAL,,0,,0,,0,,0,unknown
558,26.949828333333333,83.50768916666667,12,7,19.029166666666665,2.5793288877024936,0.367856360849573,1.0,0.6306109043135538,0.2793819823139756,44.72383408464168,MEDIUM / RECURRENT,3.949166666666667,6.92,333.59250000000003,339.61,,1,AGRICULTURAL,,0,,0,,0,,0,unknown
559,27.20086,83.33162333333333,3,2,10.006944444444445,0.8145628696563203,0.1998612074947952,1.0,0.2997918112421929,0.5510969152528734,43.61666418985968,MEDIUM / RECURRENT,2.3800000000000003,2.7,330.90000000000003,331.62,,1,AGRICULTURAL,,0,,0,,0,,0,unknown
560,27.33156,81.74876666666667,3,1,1.0,0.4777464489185032,1.0,0.1428571428571428,3.0,0.6767060754785473,58.105550080999514,MEDIUM / RECURRENT,14.296666666666669,25.13,344.1333333333334,348.92,,1,AGRICULTURAL,,0,,0,,0,,0,unknown
561,27.415266000000003,83.65421599999999,5,4,21.002777777777776,3.1656221948214305,0.190450998545166,1.0,0.2380637481814575,0.2400601766629648,36.94311597870302,LOW / TRANSIENT,3.044,4.25,330.71999999999997,334.11,,1,AGRICULTURAL,,0,,0,,0,,0,unknown
562,27.49787,83.7086025,4,3,15.013194444444444,1.6313313787039072,0.1998242286877284,1.0,0.2664323049169712,0.3800357522785905,40.12742765947625,MEDIUM / RECURRENT,2.92,5.22,331.7625,339.25,,1,AGRICULTURAL,,0,,0,,0,,0,unknown
563,27.944905,81.07941,4,4,21.002777777777776,1.7090756144764767,0.190450998545166,1.0,0.190450998545166,0.3691296007598695,39.42927896136854,LOW / TRANSIENT,3.5974999999999997,6.32,333.09749999999997,341.76,,1,AGRICULTURAL,,0,,0,,0,,0,unknown
564,23.838825555555555,80.69513333333333,9,9,16.0,2.375211132455914,0.5625,1.0,0.5625,0.2962777618217819,51.73805523643564,MEDIUM / RECURRENT,3.5277777777777777,10.68,333.53444444444443,339.64,,1,AGRICULTURAL,,0,,0,,0,,0,unknown
565,23.995873333333332,79.90758333333333,3,3,17.05763888888889,1.0755472747771373,0.1758742824573545,1.0,0.1758742824573545,0.4818006374282057,41.14336119948624,MEDIUM / RECURRENT,4.776666666666666,6.86,338.31666666666666,345.27,,1,AGRICULTURAL,,0,,0,,0,,0,unknown
566,24.903578,77.877406,5,4,31.013194444444444,2.574332667416734,0.1289773617859781,1.0,0.1612217022324727,0.2797725038623019,35.43210114422022,LOW / TRANSIENT,3.3,6.18,332.784,335.26,,1,AGRICULTURAL,,0,,0,,0,,0,unknown
567,25.640743333333333,83.24867333333333,3,3,20.018055555555556,1.748616085526867,0.1498647054742246,1.0,0.1498647054742246,0.3638194527295417,37.82138315713715,LOW / TRANSIENT,5.133333333333334,7.48,339.86333333333334,345.61,,1,AGRICULTURAL,,0,,0,,0,,0,unknown
568,25.843785,79.17342,4,4,8.035416666666666,0.8371108602041757,0.4977962146746176,1.0,0.4977962146746176,0.5443329641461379,54.305119225883615,MEDIUM / RECURRENT,6.2225,9.89,338.5,345.79,,1,AGRICULTURAL,,0,,0,,0,,0,unknown
569,25.861827500000004,79.1442975,4,3,2.0444444444444443,0.8901098238986977,1.0,0.292063492063492,1.956521739130435,0.529069785975355,56.796026499355264,MEDIUM / RECURRENT,3.9075,4.5,334.94,338.93,,1,AGRICULTURAL,,0,,0,,0,,0,unknown
570,26.06461833333334,79.50791666666667,6,4,20.018055555555556,0.754155020075254,0.1998196072989662,1.0,0.2997294109484493,0.5700750438562149,43.99464595448501,MEDIUM / RECURRENT,5.693333333333334,12.58,343.5,367.0,,1,AGRICULTURAL,,0,,0,,0,,0,unknown
571,26.086292222222223,78.87766777777779,9,5,32.00138888888889,2.8302680820296544,0.1562432186103033,1.0,0.281237793498546,0.2610783314858999,36.25255486807571,LOW / TRANSIENT,5.8999999999999995,10.29,339.3011111111111,344.44,,1,AGRICULTURAL,,0,,0,,0,,0,unknown
572,26.227608000000004,78.92340999999999,10,9,16.988194444444446,2.948184175600402,0.5297796672525855,1.0,0.588644074725095,0.2532809908362315,49.78519632001531,MEDIUM / RECURRENT,3.753,6.66,333.566,338.39,,1,AGRICULTURAL,,0,,0,,0,,0,unknown
573,26.407702,81.245414,5,5,27.981944444444444,2.42145904480067,0.178686653099717,1.0,0.178686653099717,0.2922729709477668,37.45686558364486,LOW / TRANSIENT,4.4719999999999995,7.42,331.872,332.99,,1,AGRICULTURAL,,0,,0,,0,,0,unknown
574,26.43179333333333,78.53457333333333,3,3,8.035416666666666,0.8923619709807211,0.3733471610059632,1.0,0.3733471610059632,0.528440126854667,49.38264749431398,MEDIUM / RECURRENT,2.9299999999999997,4.0,334.9633333333333,336.58,,1,AGRICULTURAL,,0,,0,,0,,0,unknown
575,26.455384285714285,83.86256571428571,7,6,15.015277777777778,2.37911042999014,0.3995930071223754,1.0,0.4661918416427713,0.2959358744611723,45.83685642179213,MEDIUM / RECURRENT,4.589999999999999,6.86,336.17571428571426,341.66,,1,AGRICULTURAL,,0,,0,,0,,0,unknown
576,26.49226736842105,79.40235052631579,19,14,21.00625,5.419509691543961,0.6664683130020826,1.0,0.9044927105028264,0.1557751367393744,53.25087911086602,MEDIUM / RECURRENT,5.543157894736843,16.25,335.5400000000001,345.81,,1,AGRICULTURAL,,0,,0,,0,,0,unknown
577,26.60696833333333,83.60928666666668,6,5,15.015277777777778,0.6782214170246975,0.3329941726019795,1.0,0.3995930071223754,0.5958689299609168,49.37136065453237,MEDIUM / RECURRENT,4.663333333333334,6.44,336.84166666666664,341.84,,1,AGRICULTURAL,,0,,0,,0,,0,unknown
578,26.7360125,79.73940250000001,4,3,18.044444444444444,2.0921350362563222,0.1662561576354679,1.0,0.2216748768472906,0.3234011413714679,37.73033809836532,LOW / TRANSIENT,2.61,3.85,333.925,338.49,,1,AGRICULTURAL,,0,,0,,0,,0,unknown
579,26.79819,79.7212775,8,5,9.022222222222222,2.03982892701429,0.5541871921182266,1.0,0.8866995073891626,0.3289658806498024,52.749268351912306,MEDIUM / RECURRENT,4.325,4.78,338.2925,348.41,,1,AGRICULTURAL,,0,,0,,0,,0,unknown
580,27.189415,79.02011833333334,6,5,10.010416666666666,2.77955656890973,0.4994797086368366,1.0,0.599375650364204,0.2645813025331871,48.97216715368143,MEDIUM / RECURRENT,5.146666666666666,7.43,335.3616666666667,343.14,,1,AGRICULTURAL,,0,,0,,0,,0,unknown
581,27.39844,83.31612750000001,4,4,16.0,1.6614257967289157,0.25,1.0,0.25,0.3757384486274508,41.76476897254902,MEDIUM / RECURRENT,3.2525,4.63,332.7075,339.9,,1,AGRICULTURAL,,0,,0,,0,,0,unknown
582,29.165606666666672,82.19790666666667,6,3,21.00486111111111,0.4609004055677683,0.1428240817271134,1.0,0.2856481634542269,0.6845093588781347,44.26032636492012,MEDIUM / RECURRENT,5.436666666666667,11.61,330.3016666666667,332.37,,1,AGRICULTURAL,,0,,0,,0,,0,unknown
583,24.237234000000004,77.89443200000001,5,3,3.9479166666666665,1.2088321326327092,0.7598944591029024,0.5639880952380952,1.266490765171504,0.4527279303964575,52.283548587826125,MEDIUM / RECURRENT,7.574000000000001,14.47,339.584,349.39,,1,AGRICULTURAL,,0,,0,,0,,0,unknown
584,24.680238461538465,80.93549769230769,13,5,13.03888888888889,2.3222267505322525,0.3834682573498082,1.0,0.9970174691095014,0.3010029342036303,46.435482629534896,MEDIUM / RECURRENT,4.283846153846153,11.15,333.1392307692307,336.37,,1,AGRICULTURAL,,0,,0,,0,,0,unknown
585,26.711808,83.614192,10,7,17.05625,2.6709693648648263,0.4104067423964823,1.0,0.5862953462806889,0.2724076124336773,45.98497892511181,MEDIUM / RECURRENT,3.5980000000000003,5.02,334.298,341.45,,1,AGRICULTURAL,,0,,0,,0,,0,unknown
586,26.30176,79.16501799999999,5,4,2.9604166666666667,1.8083040404104385,1.0,0.4229166666666666,1.688951442646024,0.3560868002931222,56.07255555782116,MEDIUM / RECURRENT,5.704000000000001,9.97,337.554,343.44,,1,AGRICULTURAL,,0,,0,,0,,0,unknown
587,26.389169999999996,78.47935333333332,3,2,8.952777777777778,0.5255506558017643,0.2233943530871858,1.0,0.3350915296307787,0.6555010128289989,46.59900567389304,MEDIUM / RECURRENT,4.346666666666667,5.44,337.16333333333336,339.17,,1,AGRICULTURAL,,0,,0,,0,,0,unknown
588,26.53272,78.65187333333333,3,3,5.992361111111111,1.3139054700904589,0.5006373855603199,0.8560515873015874,0.5006373855603199,0.4321697722426432,48.568268393124384,MEDIUM / RECURRENT,3.34,4.71,333.46999999999997,336.53,,1,AGRICULTURAL,,0,,0,,0,,0,unknown
589,26.939661666666662,79.489925,6,4,10.995833333333334,0.926928302194536,0.3637741568776051,1.0,0.5456612353164078,0.5189606685734607,49.20263133281821,MEDIUM / RECURRENT,5.756666666666667,8.43,339.8016666666667,346.21,,1,AGRICULTURAL,,0,,0,,0,,0,unknown
590,26.979243333333333,79.00729333333334,3,2,2.9604166666666667,0.9709840058787048,0.6755805770584096,0.4229166666666666,1.0133708655876144,0.5073607888330781,46.39219437154779,MEDIUM / RECURRENT,5.05,6.43,338.74,341.73,,1,AGRICULTURAL,,0,,0,,0,,0,unknown
591,29.05907666666667,77.34488666666667,3,3,18.960416666666667,0.6052865131992163,0.1582243709482474,1.0,0.1582243709482474,0.6229417563641486,43.31313685236813,MEDIUM / RECURRENT,5.41,8.85,334.2666666666667,337.3,,1,AGRICULTURAL,,0,,0,,0,,0,unknown
592,28.30180333333333,77.21967333333333,3,3,2.9618055555555554,0.1615097220585758,1.0,0.4231150793650793,1.012895662368113,0.8609484544198842,64.82263739726089,MEDIUM / RECURRENT,0.8799999999999999,1.23,301.8866666666667,303.85,,1,AGRICULTURAL,,0,,0,,0,,0,unknown
593,28.588390000000004,83.000784,5,3,2.0430555555555556,1.6764331004939752,1.0,0.2918650793650794,2.4473147518694764,0.3736316068634165,54.66388862513427,MEDIUM / RECURRENT,12.278,26.57,338.124,348.6,,1,AGRICULTURAL,,0,,0,,0,,0,unknown
594,24.329403333333335,78.54956,3,2,2.0430555555555556,1.4165281707795891,0.9789259007477906,0.2918650793650794,1.4683888511216858,0.4138168187285782,52.772147587114596,MEDIUM / RECURRENT,7.849999999999999,10.58,338.84666666666664,342.02,,1,AGRICULTURAL,,0,,0,,0,,0,unknown
595,24.614633333333337,80.50668666666667,3,2,1.0,0.8262994380069255,1.0,0.1428571428571428,3.0,0.5475553346779314,55.52253526498719,MEDIUM / RECURRENT,3.53,4.96,335.67333333333335,339.17,,1,AGRICULTURAL,,0,,0,,0,,0,unknown
596,26.499609999999997,82.496843,10,5,12.970833333333331,2.3005952831381564,0.3854802441374879,1.0,0.7709604882749759,0.3029756496074293,46.09324251351062,MEDIUM / RECURRENT,2.944,5.3,332.15799999999996,345.65,,1,AGRICULTURAL,,0,,0,,0,,0,unknown
597,26.589979999999997,79.24736666666666,3,3,21.990972222222226,1.4702425890349091,0.1364196166356143,1.0,0.1364196166356143,0.404818540672431,38.14389662896635,LOW / TRANSIENT,3.123333333333333,4.34,334.29333333333335,336.11,,1,AGRICULTURAL,,0,,0,,0,,0,unknown
598,27.103312222222225,78.9967811111111,9,5,11.98263888888889,2.666700790443557,0.4172703564184294,1.0,0.751086641553173,0.2727247346187282,46.561130450125944,MEDIUM / RECURRENT,4.906666666666666,10.66,335.97333333333336,350.5,,1,AGRICULTURAL,,0,,0,,0,,0,unknown
599,23.85261111111111,80.54997444444446,9,7,23.96388888888889,2.096257884352372,0.2921061782775008,1.0,0.3755650863567868,0.3229705138753856,42.43425668993382,MEDIUM / RECURRENT,3.2033333333333336,5.33,332.83000000000004,340.29,,1,AGRICULTURAL,,0,,0,,0,,0,unknown
600,23.856931999999997,79.94249,5,4,9.022222222222222,1.526091120510619,0.4433497536945813,1.0,0.5541871921182266,0.3958685385022303,49.5429865335914,MEDIUM / RECURRENT,4.38,6.77,335.40000000000003,343.18,,1,AGRICULTURAL,,0,,0,,0,,0,unknown
601,23.962289999999996,79.98777666666666,3,3,6.977777777777778,1.0585438964110956,0.4299363057324841,0.9968253968253968,0.4299363057324841,0.4857802652367136,50.5438835374711,MEDIUM / RECURRENT,3.3299999999999996,4.8,336.03,338.01,,1,AGRICULTURAL,,0,,0,,0,,0,unknown
602,24.247252222222222,80.87819555555556,9,6,12.96875,3.2863094287635817,0.4626506024096385,1.0,0.6939759036144578,0.2333009355996161,47.24674160355858,MEDIUM / RECURRENT,6.156666666666666,15.94,334.2666666666667,339.63,,1,AGRICULTURAL,,0,,0,,0,,0,unknown
603,24.43040666666667,81.37667666666665,3,3,16.00138888888889,1.9394115052117065,0.1874837253710615,1.0,0.1874837253710615,0.340204152507043,38.74098088887013,LOW / TRANSIENT,2.1966666666666668,2.42,331.9533333333333,332.58,,1,AGRICULTURAL,,0,,0,,0,,0,unknown
604,24.4747275,80.850765,8,7,10.995833333333334,3.228357735401695,0.636604774535809,1.0,0.7275483137552103,0.2364984380643942,53.46623249755162,MEDIUM / RECURRENT,4.563750000000001,7.23,335.34749999999997,341.17,,1,AGRICULTURAL,,0,,0,,0,,0,unknown
605,24.483053333333338,80.36964666666667,3,3,16.0,1.1586183953357054,0.1875,1.0,0.1875,0.4632592783239399,41.2026855664788,MEDIUM / RECURRENT,3.24,4.51,332.76666666666665,334.58,,1,AGRICULTURAL,,0,,0,,0,,0,unknown
606,24.595793529411768,81.14981882352942,17,11,16.986805555555556,3.4771325222908613,0.6475614243080823,1.0,1.0007767466579454,0.2233572481987465,54.13334830807371,MEDIUM / RECURRENT,4.652941176470588,8.09,335.1976470588236,344.28,,1,AGRICULTURAL,,0,,0,,0,,0,unknown
607,24.689962,80.885428,5,4,7.964583333333334,2.4188731329921977,0.5022233847763536,1.0,0.6277792309704421,0.292494035637058,49.683257641854425,MEDIUM / RECURRENT,4.750000000000001,9.55,335.65999999999997,345.6,,1,AGRICULTURAL,,0,,0,,0,,0,unknown
608,24.760206666666665,80.58249666666667,3,3,10.995833333333334,0.5904086963347636,0.2728306176582039,1.0,0.2728306176582039,0.628769197694019,47.67011680723392,MEDIUM / RECURRENT,4.756666666666667,7.34,334.51666666666665,336.83,,1,AGRICULTURAL,,0,,0,,0,,0,unknown
609,24.77043857142857,77.88374714285715,7,4,5.990972222222222,1.265404467502935,0.6676712646342877,0.8558531746031746,1.1684247131100034,0.4414222777190247,55.93011860787994,MEDIUM / RECURRENT,4.252857142857143,9.44,333.9757142857143,337.35,,1,AGRICULTURAL,,0,,0,,0,,0,unknown
610,25.153391875,83.448695625,32,9,17.97361111111111,6.597122371315065,0.500734100919558,1.0,1.7803879143806507,0.1316287866805678,48.71904509455718,MEDIUM / RECURRENT,5.243437500000001,9.21,336.5625,367.0,,1,AGRICULTURAL,,0,,0,,0,,0,unknown
611,25.556525,77.9686625,4,3,9.022222222222222,1.519603782114069,0.3325123152709359,1.0,0.4433497536945813,0.3968877992241111,45.462386526354145,MEDIUM / RECURRENT,3.8575,10.1,334.785,340.67,,1,AGRICULTURAL,,0,,0,,0,,0,unknown
612,25.57314,80.8010525,4,3,15.013194444444444,0.5086902376437815,0.1998242286877284,1.0,0.2664323049169712,0.6628265862989636,45.78324433988371,MEDIUM / RECURRENT,4.2425,7.29,335.22499999999997,339.65,,1,AGRICULTURAL,,0,,0,,0,,0,unknown
613,25.593462857142857,78.00271428571429,7,4,11.984027777777778,1.0620574821331623,0.333777597496668,1.0,0.584110795619169,0.4849525334112013,47.549488171845745,MEDIUM / RECURRENT,3.732857142857142,6.1,336.5114285714286,341.54,,1,AGRICULTURAL,,0,,0,,0,,0,unknown
614,25.649278,78.50895399999999,5,3,5.004166666666666,1.171229499777115,0.5995004163197336,0.7148809523809524,0.9991673605328892,0.4605685396696451,50.06424389517316,MEDIUM / RECURRENT,2.992,3.75,335.03599999999994,340.35,,1,AGRICULTURAL,,0,,0,,0,,0,unknown
615,25.740566666666663,77.94515833333334,6,4,15.013194444444444,2.2973222474003765,0.2664323049169712,1.0,0.3996484573754568,0.3032763936822991,41.189955460490886,MEDIUM / RECURRENT,3.0450000000000004,3.75,332.58666666666664,334.92,,1,AGRICULTURAL,,0,,0,,0,,0,unknown
616,25.985185,79.28799749999999,8,6,10.995833333333334,2.4407041444913253,0.5456612353164078,1.0,0.7275483137552103,0.2906381827687891,51.36600351896048,MEDIUM / RECURRENT,5.907500000000001,13.13,336.59875,343.07,,1,AGRICULTURAL,,0,,0,,0,,0,unknown
617,26.02212428571429,79.6132514285714,14,11,16.986805555555556,2.5793242646627217,0.6475614243080823,1.0,0.8241690854830138,0.2793823431625381,54.90063488499967,MEDIUM / RECURRENT,4.537857142857144,6.45,335.5835714285714,352.22,,1,AGRICULTURAL,,0,,0,,0,,0,unknown
618,26.18449875,80.04015749999999,8,4,12.96875,2.6316214081564784,0.308433734939759,1.0,0.6168674698795181,0.2753590993141629,42.53609764893386,MEDIUM / RECURRENT,3.5725,6.72,335.8325,344.11,,1,AGRICULTURAL,,0,,0,,0,,0,unknown
619,26.248716666666667,82.99894333333333,3,3,7.964583333333334,1.439223633437838,0.3766675385822652,1.0,0.3766675385822652,0.4099665099548915,47.136029126641645,MEDIUM / RECURRENT,3.92,5.83,335.3566666666666,339.34,,1,AGRICULTURAL,,0,,0,,0,,0,unknown
620,26.6106225,79.9641675,4,4,10.995833333333334,0.8745136243217392,0.3637741568776051,1.0,0.3637741568776051,0.5334717160894645,49.12907812626068,MEDIUM / RECURRENT,3.03,4.32,333.8175,336.27,,1,AGRICULTURAL,,0,,0,,0,,0,unknown
621,26.645776666666663,79.57920666666666,3,1,1.0,1.4216089413297188,1.0,0.1428571428571428,3.0,0.4129485908863941,52.83040038915645,MEDIUM / RECURRENT,2.53,2.55,332.09999999999997,333.06,,1,AGRICULTURAL,,0,,0,,0,,0,unknown
622,26.694736,79.46510599999999,5,3,5.990972222222222,1.7455890365219502,0.5007534484757158,0.8558531746031746,0.8345890807928596,0.3642205685912766,47.87628959514067,MEDIUM / RECURRENT,5.736,12.78,336.68600000000004,341.85,,1,AGRICULTURAL,,0,,0,,0,,0,unknown
623,26.7298,80.762835,4,3,11.984027777777778,1.3523125389648958,0.250333198122501,1.0,0.333777597496668,0.4251135779942052,42.93148868916498,MEDIUM / RECURRENT,4.1775,7.99,334.43,343.59,,1,AGRICULTURAL,,0,,0,,0,,0,unknown
624,26.730763333333332,79.37487333333334,3,3,10.995833333333334,0.6864093238396287,0.2728306176582039,1.0,0.2728306176582039,0.592975848664779,46.954249826649125,MEDIUM / RECURRENT,3.606666666666667,4.56,331.56333333333333,331.92,,1,AGRICULTURAL,,0,,0,,0,,0,unknown
625,26.739016,84.048178,5,4,11.984027777777778,1.0591596033820512,0.333777597496668,1.0,0.417221996870835,0.4856350126321231,47.22936015876751,MEDIUM / RECURRENT,6.210000000000001,12.9,335.92600000000004,342.26,,1,AGRICULTURAL,,0,,0,,0,,0,unknown
626,26.756590000000003,79.30615833333333,12,9,16.986805555555556,3.780094235677436,0.5298229835247945,1.0,0.706430644699726,0.2092008966133446,49.14068364503415,MEDIUM / RECURRENT,4.399166666666666,10.93,337.65,367.0,,1,AGRICULTURAL,,0,,0,,0,,0,unknown
627,26.782656666666664,79.07757333333333,3,3,26.99513888888889,1.335493125510073,0.1111311192858796,1.0,0.1111311192858796,0.4281750989019072,37.67535339161569,LOW / TRANSIENT,2.65,3.27,331.3833333333333,332.12,,1,AGRICULTURAL,,0,,0,,0,,0,unknown
628,26.798901666666666,79.95883166666667,6,5,16.0,1.2110874145855852,0.3125,1.0,0.375,0.4522661534787966,45.732823069575936,MEDIUM / RECURRENT,4.335,6.67,338.43,353.18,,1,AGRICULTURAL,,0,,0,,0,,0,unknown
629,26.86663827586207,83.49411379310344,29,12,17.97361111111111,7.199127372585463,0.6676454678927439,1.0,1.6134765474074646,0.1219641986955334,54.03382844497163,MEDIUM / RECURRENT,4.029655172413793,9.76,332.52551724137936,342.9,,1,AGRICULTURAL,,0,,0,,0,,0,unknown
630,26.892593333333338,79.19421999999999,3,2,5.004166666666666,0.3244584303999764,0.3996669442131557,0.7148809523809524,0.5995004163197336,0.7550255840781711,48.159879371187145,MEDIUM / RECURRENT,10.226666666666668,18.31,339.19,343.44,,1,AGRICULTURAL,,0,,0,,0,,0,unknown
631,27.0124575,79.14431375000001,8,6,16.0,2.805612849721546,0.375,1.0,0.5,0.2627697665234574,44.38039533046915,MEDIUM / RECURRENT,7.5875,18.6,339.53125,367.0,,1,AGRICULTURAL,,0,,0,,0,,0,unknown
632,27.044114,79.23290399999999,5,3,10.009027777777778,0.9647633647259656,0.2997294109484493,1.0,0.4995490182474155,0.5089671448243207,46.668970316176974,MEDIUM / RECURRENT,4.076,5.81,334.962,342.29,,1,AGRICULTURAL,,0,,0,,0,,0,unknown
633,27.065735,79.033205,4,3,16.986805555555556,0.9713620156621252,0.1766076611749315,1.0,0.2354768815665753,0.5072635021143633,41.797491946543026,MEDIUM / RECURRENT,4.53,7.43,337.5075,344.84,,1,AGRICULTURAL,,0,,0,,0,,0,unknown
634,27.35992333333333,79.03924666666667,3,3,16.00138888888889,1.4157267841550851,0.1874837253710615,1.0,0.1874837253710615,0.4139540971930548,40.21597978259038,MEDIUM / RECURRENT,2.81,4.24,333.55,334.82,,1,AGRICULTURAL,,0,,0,,0,,0,unknown
635,27.5171175,78.751545,4,2,1.0,1.082625438798551,1.0,0.1428571428571428,4.0,0.480163154338925,56.174691658207074,MEDIUM / RECURRENT,3.415,5.18,333.64,337.49,,1,AGRICULTURAL,,0,,0,,0,,0,unknown
636,27.5534325,83.3738125,4,4,10.995833333333334,1.5813976791754558,0.3637741568776051,1.0,0.3637741568776051,0.387387037676201,46.20738455799541,MEDIUM / RECURRENT,3.2725,4.64,330.1775,334.18,,1,AGRICULTURAL,,0,,0,,0,,0,unknown
637,28.130636666666664,80.58235666666667,3,2,10.995833333333334,0.766808196885317,0.1818870784388025,1.0,0.2728306176582039,0.5659923933808361,43.23155684829122,MEDIUM / RECURRENT,10.000000000000002,12.14,332.8233333333333,333.54,,1,AGRICULTURAL,,0,,0,,0,,0,unknown
638,29.027706666666663,77.99327333333333,3,2,16.985416666666666,1.2205944377826723,0.1177480681957561,1.0,0.1766221022936342,0.4503298679782918,38.481023951004566,LOW / TRANSIENT,5.276666666666666,5.97,331.1166666666667,331.82,,1,AGRICULTURAL,,0,,0,,0,,0,unknown
639,29.347303333333333,77.52972666666666,3,3,6.977777777777778,1.2012805114343306,0.4299363057324841,0.9968253968253968,0.4299363057324841,0.4542810399699631,49.913899032136094,MEDIUM / RECURRENT,3.9666666666666663,5.05,331.84333333333336,332.79,,1,AGRICULTURAL,,0,,0,,0,,0,unknown
640,29.36806,77.36018333333332,3,2,16.985416666666666,0.5937723440970976,0.1177480681957561,1.0,0.1766221022936342,0.6274421837621478,42.02327026668169,MEDIUM / RECURRENT,4.793333333333333,6.2,332.58,335.34,,1,AGRICULTURAL,,0,,0,,0,,0,unknown
641,25.735915,82.30757750000001,4,3,16.0,1.652010011878458,0.1875,1.0,0.25,0.3770724829548004,39.60394965909601,LOW / TRANSIENT,1.2125,2.46,310.515,331.54,,1,AGRICULTURAL,,0,,0,,0,,0,unknown
642,26.19512,81.60851111111111,9,6,16.468055555555555,3.5035828474739934,0.3643417390570971,1.0,0.5465126085856457,0.2220454322408853,43.2858947289874,MEDIUM / RECURRENT,3.201111111111111,8.39,324.0233333333333,339.58,,1,AGRICULTURAL,,0,,0,,0,,0,unknown
643,23.8151875,80.3533325,4,4,15.013194444444444,0.6984429024414277,0.2664323049169712,1.0,0.2664323049169712,0.5887745761500427,46.633486804928786,MEDIUM / RECURRENT,3.215,5.71,333.8975,336.97,,1,AGRICULTURAL,,0,,0,,0,,0,unknown
644,24.02658,77.78596666666665,3,3,10.008333333333333,1.4371192686254308,0.2997502081598668,1.0,0.2997502081598668,0.4103205012875771,44.29716772766661,MEDIUM / RECURRENT,2.7933333333333334,3.33,335.7,337.53,,1,AGRICULTURAL,,0,,0,,0,,0,unknown
645,24.536564,80.60988599999999,5,5,17.97361111111111,1.9384215884410096,0.2781856116219766,1.0,0.2781856116219766,0.3403187629487005,42.09924288898714,MEDIUM / RECURRENT,2.8,4.36,332.366,336.48,,1,AGRICULTURAL,,0,,0,,0,,0,unknown
646,24.57126,80.61322,3,2,1.975,0.8364329086395549,1.0,0.2821428571428571,1.5189873417721518,0.5445339142505393,55.98222439712652,MEDIUM / RECURRENT,6.096666666666667,9.83,336.95,345.98,,1,AGRICULTURAL,,0,,0,,0,,0,unknown
647,24.572663333333335,81.26847,3,3,13.039583333333333,1.2078400608289737,0.2300687010704585,1.0,0.2300687010704585,0.4529313593596683,42.571169126800335,MEDIUM / RECURRENT,4.566666666666666,5.96,337.54,342.24,,1,AGRICULTURAL,,0,,0,,0,,0,unknown
648,24.61868,80.77383666666667,3,3,10.009027777777778,1.126688707548671,0.2997294109484493,1.0,0.2997294109484493,0.4702145624089247,45.49427945327112,MEDIUM / RECURRENT,3.72,5.13,332.18333333333334,333.27,,1,AGRICULTURAL,,0,,0,,0,,0,unknown
649,24.664149999999996,81.14058333333334,3,2,5.004166666666666,0.7898235287153054,0.3996669442131557,0.7148809523809524,0.5995004163197336,0.558714300016928,44.23365368996229,MEDIUM / RECURRENT,2.523333333333333,2.87,332.14666666666665,333.28,,1,AGRICULTURAL,,0,,0,,0,,0,unknown
650,24.67466,80.57950333333334,6,5,16.0,1.3508851042421577,0.3125,1.0,0.375,0.4253717028516222,45.19493405703244,MEDIUM / RECURRENT,7.385000000000001,13.62,337.705,345.37,,1,AGRICULTURAL,,0,,0,,0,,0,unknown
651,25.095693333333333,77.65433333333334,3,3,27.98402777777778,1.2690428391558908,0.1072040102240861,1.0,0.1072040102240861,0.4407144645942477,37.78083767017614,LOW / TRANSIENT,2.3233333333333333,3.13,334.93666666666667,340.56,,1,AGRICULTURAL,,0,,0,,0,,0,unknown
652,25.404,80.4564925,4,3,10.009027777777778,0.9542724467523126,0.2997294109484493,1.0,0.3996392145979324,0.5116993803304343,46.52379541900027,MEDIUM / RECURRENT,3.84,4.24,336.8175,343.74,,1,AGRICULTURAL,,0,,0,,0,,0,unknown
653,25.487304,78.65306,5,4,9.020833333333334,0.804346640508458,0.4434180138568129,1.0,0.5542725173210161,0.5542172316280667,52.712520152191814,MEDIUM / RECURRENT,11.802,27.64,341.168,350.62,,1,AGRICULTURAL,,0,,0,,0,,0,unknown
654,25.677755,82.1289925,4,4,16.986805555555556,1.3359383503736757,0.2354768815665753,1.0,0.2354768815665753,0.4280934896419813,42.274514410802915,MEDIUM / RECURRENT,2.4575,3.19,331.785,332.59,,1,AGRICULTURAL,,0,,0,,0,,0,unknown
655,25.74039666666667,78.93391666666666,3,3,10.997222222222222,0.7087966546168357,0.2727961606466279,1.0,0.2727961606466279,0.5852071381917765,46.797600707760765,MEDIUM / RECURRENT,5.126666666666666,6.01,335.3933333333333,340.42,,1,AGRICULTURAL,,0,,0,,0,,0,unknown
656,25.788343333333337,78.96298,3,2,15.013194444444444,0.3749111028109314,0.1332161524584856,1.0,0.1998242286877284,0.7273197503137142,44.60860879969674,MEDIUM / RECURRENT,3.3333333333333335,4.27,333.1666666666667,333.82,,1,AGRICULTURAL,,0,,0,,0,,0,unknown
657,25.917726666666667,83.76887333333333,3,3,10.997222222222222,0.4436451028221078,0.2727961606466279,1.0,0.2727961606466279,0.6926910208368742,48.947278360662715,MEDIUM / RECURRENT,4.36,9.49,332.75666666666666,339.88,,1,AGRICULTURAL,,0,,0,,0,,0,unknown
658,25.99725,78.02076666666666,3,3,14.026388888888889,0.2569671285668882,0.2138825626299633,1.0,0.2138825626299633,0.7955657528929453,48.824969875167554,MEDIUM / RECURRENT,3.5399999999999996,4.02,331.5366666666667,332.64,,1,AGRICULTURAL,,0,,0,,0,,0,unknown
659,26.22556,80.38505750000002,4,4,10.997222222222222,1.2795507838033695,0.3637282141955039,1.0,0.3637282141955039,0.4386829225763187,47.231602376760016,MEDIUM / RECURRENT,4.797499999999999,7.26,337.33,344.26,,1,AGRICULTURAL,,0,,0,,0,,0,unknown
660,26.2337525,78.97922,4,3,5.004166666666666,0.5962714199946085,0.5995004163197336,0.7148809523809524,0.7993338884263115,0.6264598786109805,52.98240372978672,MEDIUM / RECURRENT,4.154999999999999,6.08,335.705,341.26,,1,AGRICULTURAL,,0,,0,,0,,0,unknown
661,26.24225,81.99013000000001,3,2,3.03125,0.8206439488299673,0.6597938144329897,0.4330357142857143,0.9896907216494846,0.5492562126947709,46.88318205949188,MEDIUM / RECURRENT,12.756666666666666,17.82,355.97333333333336,367.0,,1,AGRICULTURAL,,0,,0,,0,,0,unknown
662,26.254836666666662,80.35841666666666,3,2,5.004166666666666,0.3398324783439779,0.3996669442131557,0.7148809523809524,0.5995004163197336,0.7463619640240338,47.9866069701044,MEDIUM / RECURRENT,7.516666666666666,14.42,339.52000000000004,343.11,,1,AGRICULTURAL,,0,,0,,0,,0,unknown
663,26.277328148148143,79.28587703703704,27,13,33.975,5.6753800698804495,0.3826342899190581,1.0,0.7947019867549668,0.1498042043346768,42.9776882073705,MEDIUM / RECURRENT,5.901481481481483,11.57,336.8311111111111,352.0,,1,AGRICULTURAL,,0,,0,,0,,0,unknown
664,26.354138333333335,81.65075999999999,6,4,10.997222222222222,0.7107000305082813,0.3637282141955039,1.0,0.5455923212932559,0.5845560192705913,50.51279252484097,MEDIUM / RECURRENT,3.7116666666666673,4.65,335.49666666666667,342.12,,1,AGRICULTURAL,,0,,0,,0,,0,unknown
665,26.370346666666663,82.43205666666667,3,2,1.0,1.5736036474783313,1.0,0.1428571428571428,3.0,0.3885602202109948,52.34263297564847,MEDIUM / RECURRENT,5.096666666666667,7.79,335.7633333333333,339.51,,1,AGRICULTURAL,,0,,0,,0,,0,unknown
666,26.38737,81.55548,4,4,11.981944444444444,1.1274018578062504,0.3338356323171438,1.0,0.3338356323171438,0.470056936507138,46.753057125877085,MEDIUM / RECURRENT,4.1425,4.86,333.61,338.9,,1,AGRICULTURAL,,0,,0,,0,,0,unknown
667,26.41713,82.39571333333333,3,3,15.013194444444444,0.4107942989454957,0.1998242286877284,1.0,0.1998242286877284,0.7088205564393436,46.569907590232816,MEDIUM / RECURRENT,3.9066666666666663,4.97,335.26,344.43,,1,AGRICULTURAL,,0,,0,,0,,0,unknown
668,26.4573,80.68072666666667,3,2,6.977777777777778,0.5062785749705537,0.286624203821656,0.9968253968253968,0.4299363057324841,0.6638878203651997,49.09011107316184,MEDIUM / RECURRENT,3.4599999999999995,4.23,332.03333333333336,336.27,,1,AGRICULTURAL,,0,,0,,0,,0,unknown
669,26.55374333333333,83.76729333333334,3,3,14.026388888888889,0.6685073767396815,0.2138825626299633,1.0,0.2138825626299633,0.5993380754204592,44.90041632571783,MEDIUM / RECURRENT,2.5500000000000003,2.76,330.5933333333333,331.98,,1,AGRICULTURAL,,0,,0,,0,,0,unknown
670,26.556602666666663,80.81371,15,7,26.99513888888889,5.518348905092682,0.2593059450003859,1.0,0.5556555964293983,0.1534130827545478,38.255280922963266,LOW / TRANSIENT,4.634666666666667,9.11,335.41533333333325,340.53,,1,AGRICULTURAL,,0,,0,,0,,0,unknown
671,26.571548,79.940936,5,4,16.0,1.385667668626406,0.25,1.0,0.3125,0.4191698672664534,42.75839734532907,MEDIUM / RECURRENT,4.882,7.51,333.948,341.94,,1,AGRICULTURAL,,0,,0,,0,,0,unknown
672,26.6316375,82.34375750000001,4,3,10.009027777777778,1.8615279857943492,0.2997294109484493,1.0,0.3996392145979324,0.3494636449352788,43.279080711097166,MEDIUM / RECURRENT,2.96,4.53,334.465,342.78,,1,AGRICULTURAL,,0,,0,,0,,0,unknown
673,26.647523999999997,83.51924799999999,5,4,10.995138888888889,2.3296218460907054,0.363797132571212,1.0,0.454746415714015,0.3003344061951346,44.64908059532315,MEDIUM / RECURRENT,5.034000000000001,7.83,341.288,345.68,,1,AGRICULTURAL,,0,,0,,0,,0,unknown
674,26.696613333333335,79.75149333333333,3,2,5.004166666666666,1.428932065042594,0.3996669442131557,0.7148809523809524,0.5995004163197336,0.4117035689849415,41.29343906932256,MEDIUM / RECURRENT,3.526666666666667,4.24,333.8333333333333,335.51,,1,AGRICULTURAL,,0,,0,,0,,0,unknown
675,26.737444,81.813146,5,5,11.981944444444444,1.0972430284049706,0.4172945403964298,1.0,0.4172945403964298,0.4768164616384665,49.97622722743723,MEDIUM / RECURRENT,5.14,9.59,338.592,347.62,,1,AGRICULTURAL,,0,,0,,0,,0,unknown
676,26.783334999999997,79.566685,4,2,4.017361111111111,0.6784550628133957,0.4978392394122731,0.5739087301587301,0.9956784788245464,0.5957859832862121,45.67916825677115,MEDIUM / RECURRENT,4.6775,7.78,336.47,339.46,,1,AGRICULTURAL,,0,,0,,0,,0,unknown
677,26.796425999999997,84.030828,5,3,5.992361111111111,0.985516803047833,0.5006373855603199,0.8560515873015874,0.8343956426005331,0.5036472108747544,50.66533367984704,MEDIUM / RECURRENT,3.784,4.78,333.826,341.3,,1,AGRICULTURAL,,0,,0,,0,,0,unknown
678,26.935106666666663,82.88020166666666,6,5,11.983333333333333,3.081420179798201,0.4172461752433936,1.0,0.5006954102920723,0.2450127543715539,45.505262041534,MEDIUM / RECURRENT,3.103333333333333,6.67,331.9783333333333,333.54,,1,AGRICULTURAL,,0,,0,,0,,0,unknown
679,26.962195,83.41422499999999,4,4,18.961111111111112,2.32027338559408,0.2109581013770876,1.0,0.2109581013770876,0.3011800185908712,38.829050122769665,LOW / TRANSIENT,3.42,4.19,331.23749999999995,333.64,,1,AGRICULTURAL,,0,,0,,0,,0,unknown
680,27.11443,82.63266999999999,4,3,5.004166666666666,1.3438752512339995,0.5995004163197336,0.7148809523809524,0.7993338884263115,0.4266438665938051,48.98608348944322,MEDIUM / RECURRENT,3.5,4.65,332.4475,334.0,,1,AGRICULTURAL,,0,,0,,0,,0,unknown
681,27.318009999999997,78.77482666666667,3,2,4.019444444444445,0.7975991207195329,0.497581202487906,0.5742063492063493,0.746371803731859,0.5562975573773787,44.389195572246734,MEDIUM / RECURRENT,2.8266666666666667,3.19,332.24666666666667,333.69,,1,AGRICULTURAL,,0,,0,,0,,0,unknown
682,27.324355,83.32758249999999,4,4,16.0,1.9892948434751467,0.25,1.0,0.25,0.3345270548279103,40.940541096558206,MEDIUM / RECURRENT,2.725,3.86,330.6325,331.93,,1,AGRICULTURAL,,0,,0,,0,,0,unknown
683,27.349604000000006,82.61948000000001,5,3,10.009027777777778,0.988090093919568,0.2997294109484493,1.0,0.4995490182474155,0.5029953134711695,46.54953368911395,MEDIUM / RECURRENT,4.236,8.02,331.16400000000004,335.5,,1,AGRICULTURAL,,0,,0,,0,,0,unknown
684,27.377916666666664,80.24762,3,2,3.03125,1.0845086269202169,0.6597938144329897,0.4330357142857143,0.9896907216494846,0.4797293650338413,45.49264510627329,MEDIUM / RECURRENT,6.383333333333334,7.19,335.4266666666667,337.16,,1,AGRICULTURAL,,0,,0,,0,,0,unknown
685,27.451453333333333,80.33084666666666,3,2,6.977777777777778,1.2291130380032331,0.286624203821656,0.9968253968253968,0.4299363057324841,0.4486089233481705,44.78453313282126,MEDIUM / RECURRENT,2.6333333333333333,2.86,332.99333333333334,336.62,,1,AGRICULTURAL,,0,,0,,0,,0,unknown
686,27.46414333333333,82.67759000000001,3,3,9.022222222222222,1.110646597729502,0.3325123152709359,1.0,0.3325123152709359,0.4737884594586964,46.77872485419856,MEDIUM / RECURRENT,3.89,4.7,332.2866666666667,337.24,,1,AGRICULTURAL,,0,,0,,0,,0,unknown
687,27.598460000000003,81.66875666666668,3,2,3.03125,0.4990894938996172,0.6597938144329897,0.4330357142857143,0.9896907216494846,0.6670715818297653,49.239489442191775,MEDIUM / RECURRENT,2.9166666666666665,3.12,334.93333333333334,338.59,,1,AGRICULTURAL,,0,,0,,0,,0,unknown
688,24.378919999999997,81.06390999999999,4,4,15.013194444444444,0.909984386523282,0.2664323049169712,1.0,0.2664323049169712,0.5235644893518141,45.32928506896422,MEDIUM / RECURRENT,3.785,7.46,332.75,335.64,,1,AGRICULTURAL,,0,,0,,0,,0,unknown
689,24.991724,81.605897,10,5,16.0,3.005131213180367,0.3125,1.0,0.625,0.2496797100452364,42.18109420090473,MEDIUM / RECURRENT,5.485,10.51,336.608,345.12,,1,AGRICULTURAL,,0,,0,,0,,0,unknown
690,25.715386,82.8651,5,3,10.010416666666666,1.1047660486194724,0.299687825182102,1.0,0.4994797086368366,0.4751121867705465,45.990277034058174,MEDIUM / RECURRENT,3.286,5.21,332.544,340.7,,1,AGRICULTURAL,,0,,0,,0,,0,unknown
691,26.050233333333335,82.15935333333334,3,3,15.013194444444444,1.1771077315204317,0.1998242286877284,1.0,0.1998242286877284,0.4593249959668407,41.57999638078277,MEDIUM / RECURRENT,4.026666666666666,8.48,333.0233333333333,334.03,,1,AGRICULTURAL,,0,,0,,0,,0,unknown
692,26.21342,81.12968,3,3,10.010416666666666,1.1783582979165554,0.299687825182102,1.0,0.299687825182102,0.459061303623205,45.26967560420187,MEDIUM / RECURRENT,3.629999999999999,5.51,335.7333333333333,341.74,,1,AGRICULTURAL,,0,,0,,0,,0,unknown
693,26.244570000000003,81.86376,4,3,15.013194444444444,0.609956553582554,0.1998242286877284,1.0,0.2664323049169712,0.6211347739631552,44.949408093167534,MEDIUM / RECURRENT,4.65,8.19,338.0225,346.69,,1,AGRICULTURAL,,0,,0,,0,,0,unknown
694,26.368524,81.373096,5,3,16.0,2.578056846149735,0.1875,1.0,0.3125,0.2794813059149905,37.77712611829981,LOW / TRANSIENT,3.934,5.39,336.056,339.66,,1,AGRICULTURAL,,0,,0,,0,,0,unknown
695,26.0009,78.2622425,4,3,10.009027777777778,1.2096821683673844,0.2997294109484493,1.0,0.3996392145979324,0.4525537719023394,45.34088325043838,MEDIUM / RECURRENT,6.2875,8.79,339.8475,341.93,,1,AGRICULTURAL,,0,,0,,0,,0,unknown
696,26.04332,79.17769333333334,3,2,6.059027777777778,0.8153310536453314,0.3300859598853868,0.8655753968253969,0.4951289398280802,0.5508637105016847,45.199925606313315,MEDIUM / RECURRENT,8.94,11.97,343.79333333333335,351.14,,1,AGRICULTURAL,,0,,0,,0,,0,unknown
697,26.20040999999999,79.23017333333333,6,5,14.025,1.2186866095336686,0.35650623885918,1.0,0.427807486631016,0.4507171024979429,47.347675383292184,MEDIUM / RECURRENT,6.571666666666668,13.66,339.15166666666664,346.35,,1,AGRICULTURAL,,0,,0,,0,,0,unknown
698,26.5839,79.66941000000001,3,3,14.025,0.6495643928990452,0.213903743315508,1.0,0.213903743315508,0.606220650921386,45.03885152110151,MEDIUM / RECURRENT,3.5233333333333334,3.75,332.42333333333335,335.06,,1,AGRICULTURAL,,0,,0,,0,,0,unknown
699,26.757871666666663,80.74620666666665,6,6,14.94375,2.196305880344295,0.4015056461731493,1.0,0.4015056461731493,0.3128611708126894,46.112932324660314,MEDIUM / RECURRENT,4.4366666666666665,8.06,334.81500000000005,341.85,,1,AGRICULTURAL,,0,,0,,0,,0,unknown
700,26.82247666666667,79.33415666666667,9,7,21.990972222222226,2.097569217318229,0.3183124388164335,1.0,0.4092588499068431,0.3228337867025184,43.41612879243923,MEDIUM / RECURRENT,2.9911111111111115,5.49,336.2511111111111,352.32,,1,AGRICULTURAL,,0,,0,,0,,0,unknown
701,29.63113,82.222565,4,3,5.004166666666666,1.5364149825512188,0.5995004163197336,0.7148809523809524,0.7993338884263115,0.39425725162456,48.33835119005832,MEDIUM / RECURRENT,15.39,21.27,351.99,367.0,,1,AGRICULTURAL,,0,,0,,0,,0,unknown
702,28.700482,77.34374399999999,5,1,1.0,0.31727012304094,1.0,0.1428571428571428,5.0,0.7591457382267832,63.75434333596422,MEDIUM / RECURRENT,1.97,3.18,305.848,313.53,,1,AGRICULTURAL,,0,,0,,0,,0,unknown
703,24.075733333333332,82.56795999999999,3,2,1.0,0.6659548987607808,1.0,0.1428571428571428,3.0,0.6002563459213986,56.57655548985654,MEDIUM / RECURRENT,2.063333333333333,3.03,321.82,334.46,,1,AGRICULTURAL,,0,,0,,0,,0,unknown
704,24.102196666666668,80.87809,3,2,11.583333333333334,0.6975562769647907,0.1726618705035971,1.0,0.2589928057553957,0.5890820902786136,43.34279288470896,MEDIUM / RECURRENT,1.6366666666666667,3.61,307.58666666666664,331.26,,1,AGRICULTURAL,,0,,0,,0,,0,unknown
705,25.2159375,81.27795,4,4,21.00486111111111,1.9129528644311744,0.1904321089694845,1.0,0.1904321089694845,0.343294260683231,38.91187324553555,LOW / TRANSIENT,2.8,5.37,321.455,332.83,,1,AGRICULTURAL,,0,,0,,0,,0,unknown
706,25.778923333333335,80.78002666666667,3,3,9.022222222222222,0.4786589296908047,0.3325123152709359,1.0,0.3325123152709359,0.6762884800006619,50.828725265037875,MEDIUM / RECURRENT,6.170000000000001,10.22,335.81666666666666,343.0,,1,AGRICULTURAL,,0,,0,,0,,0,unknown
707,25.856936875,79.37059875,16,6,7.045833333333333,2.3019996467260633,0.8515671200473093,1.0,2.2708456534594914,0.3028467919406052,65.40347634738691,MEDIUM / RECURRENT,5.660625,9.36,336.806875,350.1,,1,AGRICULTURAL,,0,,0,,0,,0,unknown
708,25.92568,82.69009666666668,3,2,14.025,0.7290095118218185,0.142602495543672,1.0,0.213903743315508,0.5783658176329651,41.98621118331884,MEDIUM / RECURRENT,3.153333333333333,5.1,337.58,348.55,,1,AGRICULTURAL,,0,,0,,0,,0,unknown
709,26.910533333333333,82.91835666666667,3,2,4.017361111111111,0.9890475328577872,0.4978392394122731,0.5739087301587301,0.7467588591184098,0.5027531939185176,43.320673230004985,MEDIUM / RECURRENT,4.566666666666666,6.06,333.07,336.14,,1,AGRICULTURAL,,0,,0,,0,,0,unknown
710,27.077191666666664,82.72327,6,5,15.011805555555556,3.045343782387269,0.3330711939677105,1.0,0.3996854327612527,0.2471977794208314,42.400818242808995,MEDIUM / RECURRENT,3.3683333333333327,8.33,331.0466666666667,334.22,,1,AGRICULTURAL,,0,,0,,0,,0,unknown
711,27.171833333333336,80.89366,3,3,3.029166666666667,1.2518921308812312,0.9903713892709766,0.4327380952380952,0.9903713892709766,0.4440710042397416,56.343613868773346,MEDIUM / RECURRENT,3.856666666666667,7.16,332.09,333.76,,1,AGRICULTURAL,,0,,0,,0,,0,unknown
712,27.65268692307692,81.76791461538461,13,8,15.013194444444444,3.236131812259913,0.5328646098339423,1.0,0.8659049909801564,0.236064420164139,50.10335972943108,MEDIUM / RECURRENT,4.646153846153846,9.18,334.6123076923077,345.04,,1,AGRICULTURAL,,0,,0,,0,,0,unknown
713,26.102903333333337,79.23490333333332,3,2,2.0430555555555556,1.2054444879260604,0.9789259007477906,0.2918650793650794,1.4683888511216858,0.4534233373247914,53.564277959038854,MEDIUM / RECURRENT,9.47,13.07,340.9433333333333,345.97,,1,AGRICULTURAL,,0,,0,,0,,0,unknown
714,28.715243333333333,77.59436000000001,3,3,39.048611111111114,1.481854003893247,0.076827316379157,1.0,0.076827316379157,0.4029245871962312,35.901102449953434,LOW / TRANSIENT,4.756666666666667,6.66,334.94666666666666,339.81,,1,AGRICULTURAL,,0,,0,,0,,0,unknown
715,25.68755,83.88842666666666,3,3,14.027083333333334,0.4716538097961281,0.213871973860092,1.0,0.213871973860092,0.6795076351132692,46.50341573508879,MEDIUM / RECURRENT,4.013333333333333,4.6,332.60666666666674,333.98,,1,AGRICULTURAL,,0,,0,,0,,0,unknown
716,23.89727333333333,77.74937,3,1,1.0,0.2533202273205255,1.0,0.1428571428571428,3.0,0.7978806838040913,60.52904224751039,MEDIUM / RECURRENT,3.056666666666666,4.65,337.02,340.51,,1,AGRICULTURAL,,0,,0,,0,,0,unknown
717,24.42613,81.284165,4,2,1.9729166666666669,1.3662096889609905,1.0,0.2818452380952381,2.027455121436114,0.4226168139980455,54.55337747521409,MEDIUM / RECURRENT,4.145,5.5,335.91999999999996,344.17,,1,AGRICULTURAL,,0,,0,,0,,0,unknown
718,24.7211625,80.9649825,4,3,12.96875,1.6220279647025602,0.2313253012048192,1.0,0.308433734939759,0.3813841856234508,41.3409367245172,MEDIUM / RECURRENT,4.282500000000001,5.07,336.86249999999995,348.14,,1,AGRICULTURAL,,0,,0,,0,,0,unknown
719,25.988091818181815,80.8056518181818,11,7,10.995138888888889,2.3842138416075307,0.636644981999621,1.0,1.000442114570833,0.2954896016632895,55.19325063239419,MEDIUM / RECURRENT,6.3518181818181825,11.44,339.24363636363637,367.0,,1,AGRICULTURAL,,0,,0,,0,,0,unknown
720,26.133566666666667,81.13676666666667,3,3,11.981944444444444,0.6627797061120481,0.2503767242378579,1.0,0.2503767242378579,0.6014025768562117,46.29199033392498,MEDIUM / RECURRENT,4.033333333333334,4.24,336.0566666666667,343.9,,1,AGRICULTURAL,,0,,0,,0,,0,unknown
721,26.303355999999997,82.377394,5,5,10.995138888888889,1.9394362604637347,0.454746415714015,1.0,0.454746415714015,0.3402012873863905,48.62964312914637,MEDIUM / RECURRENT,3.564,4.42,335.55,343.47,,1,AGRICULTURAL,,0,,0,,0,,0,unknown
722,26.42977,80.64125333333334,3,3,12.96875,1.433589041269104,0.2313253012048192,1.0,0.2313253012048192,0.4109157228446858,41.77735060147202,MEDIUM / RECURRENT,2.2266666666666666,2.99,332.95666666666665,335.87,,1,AGRICULTURAL,,0,,0,,0,,0,unknown
723,26.534360833333334,80.61912000000001,12,6,10.008333333333333,3.0729395054484505,0.5995004163197336,1.0,1.1990008326394672,0.2455229199113515,53.29097463469664,MEDIUM / RECURRENT,3.869166666666667,4.84,335.09166666666664,352.03,,1,AGRICULTURAL,,0,,0,,0,,0,unknown
724,27.668376666666664,80.08846666666666,3,2,4.018055555555556,1.3072696185625567,0.4977531973729692,0.5740079365079366,0.7466297960594538,0.433412719499599,41.93307430286322,MEDIUM / RECURRENT,4.39,6.47,333.21333333333337,335.96,,1,AGRICULTURAL,,0,,0,,0,,0,unknown
725,29.24406,78.03843333333333,3,3,12.96875,0.9200171237379484,0.2313253012048192,1.0,0.2313253012048192,0.5208286882635553,43.97560990984942,MEDIUM / RECURRENT,3.1166666666666667,3.78,329.0233333333333,329.71,,1,AGRICULTURAL,,0,,0,,0,,0,unknown
726,29.410386,82.477758,5,1,1.0,0.5844634395046024,1.0,0.1428571428571428,5.0,0.6311284786177581,61.19399814378374,MEDIUM / RECURRENT,19.05,26.64,351.036,367.0,,1,AGRICULTURAL,,0,,0,,0,,0,unknown
727,26.85691,79.6012475,4,4,15.0125,1.6781126673499738,0.2664446294754371,1.0,0.2664446294754371,0.3733972854060365,42.32639699871191,MEDIUM / RECURRENT,2.6325,6.35,323.4875,332.56,,1,AGRICULTURAL,,0,,0,,0,,0,unknown
728,23.81141666666667,80.00105666666666,3,3,16.9875,1.358672761601046,0.1766004415011037,1.0,0.1766004415011037,0.4239672481405216,40.01356129835127,MEDIUM / RECURRENT,4.293333333333333,5.69,334.1366666666667,339.47,,1,AGRICULTURAL,,0,,0,,0,,0,unknown
729,23.95955,78.02823749999999,4,3,10.995833333333334,1.345169041467793,0.2728306176582039,1.0,0.3637741568776051,0.4264084943634257,43.804789819060865,MEDIUM / RECURRENT,3.495,5.35,334.7075,337.62,,1,AGRICULTURAL,,0,,0,,0,,0,unknown
730,24.21433111111111,80.75314777777777,9,4,5.991666666666666,1.6793015771933004,0.6675938803894298,0.8559523809523809,1.502086230876217,0.3732315945738176,55.233399690668335,MEDIUM / RECURRENT,4.964444444444445,8.64,336.9222222222222,345.8,,1,AGRICULTURAL,,0,,0,,0,,0,unknown
731,24.528475,80.90496666666667,6,5,14.025,2.5880038226767588,0.35650623885918,1.0,0.427807486631016,0.2787065035103474,43.90746340354029,MEDIUM / RECURRENT,5.580000000000001,7.15,340.9883333333333,346.53,,1,AGRICULTURAL,,0,,0,,0,,0,unknown
732,24.71147666666667,80.93623000000001,3,3,9.022222222222222,0.6698338178589154,0.3325123152709359,1.0,0.3325123152709359,0.598861988124192,49.280195427508474,MEDIUM / RECURRENT,4.6066666666666665,6.1,331.6333333333334,333.95,,1,AGRICULTURAL,,0,,0,,0,,0,unknown
733,25.449956666666665,80.50860333333334,6,4,11.98263888888889,1.125501577687941,0.3338162851347435,1.0,0.5007244277021153,0.4704771854781548,47.09456254468335,MEDIUM / RECURRENT,6.31,10.05,339.60333333333335,344.58,,1,AGRICULTURAL,,0,,0,,0,,0,unknown
734,25.49997666666667,80.96778666666667,3,2,10.995833333333334,0.6960820921449218,0.1818870784388025,1.0,0.2728306176582039,0.5895941031576878,43.703591043828254,MEDIUM / RECURRENT,4.56,6.5,334.17,337.78,,1,AGRICULTURAL,,0,,0,,0,,0,unknown
735,25.7887,78.7273475,4,3,9.022222222222222,1.521959464713034,0.3325123152709359,1.0,0.4433497536945813,0.3965170788792939,45.4549721194578,MEDIUM / RECURRENT,4.2225,5.66,333.52,338.83,,1,AGRICULTURAL,,0,,0,,0,,0,unknown
736,25.799942,83.59073799999999,5,3,11.98263888888889,1.695999875762558,0.2503622138510576,1.0,0.4172703564184294,0.3709198983984196,42.01561616559227,MEDIUM / RECURRENT,3.94,6.31,335.976,346.79,,1,AGRICULTURAL,,0,,0,,0,,0,unknown
737,25.85509,78.9812925,8,5,8.952777777777778,1.885695485044664,0.5584858827179646,1.0,0.8935774123487434,0.3465369111822698,53.26489894347165,MEDIUM / RECURRENT,6.22875,9.36,335.51874999999995,341.31,,1,AGRICULTURAL,,0,,0,,0,,0,unknown
738,25.91371,80.89948,3,3,25.022916666666667,1.5338707394566773,0.1198901007409874,1.0,0.1198901007409874,0.3946531227612754,37.32899618264205,LOW / TRANSIENT,4.13,5.14,333.7366666666667,335.17,,1,AGRICULTURAL,,0,,0,,0,,0,unknown
739,25.983773333333335,84.08699333333334,3,3,10.009027777777778,1.0545882908028597,0.2997294109484493,1.0,0.2997294109484493,0.4867155159388335,45.824298523869295,MEDIUM / RECURRENT,4.033333333333333,4.99,336.3566666666666,338.71,,1,AGRICULTURAL,,0,,0,,0,,0,unknown
740,25.985415999999997,79.921508,5,4,8.952777777777778,1.1709604022953952,0.4467887061743717,1.0,0.5584858827179646,0.4606256286124252,50.96708905378744,MEDIUM / RECURRENT,7.026000000000001,11.97,336.428,344.27,,1,AGRICULTURAL,,0,,0,,0,,0,unknown
741,26.17675,81.05391750000001,4,4,11.98263888888889,1.150818646592571,0.3338162851347435,1.0,0.3338162851347435,0.4649392460792766,46.649987471571045,MEDIUM / RECURRENT,9.215,18.94,337.1625,343.54,,1,AGRICULTURAL,,0,,0,,0,,0,unknown
742,26.15732375,81.67535000000001,8,5,5.991666666666666,2.382291649551466,0.8344923504867873,0.8559523809523809,1.3351877607788596,0.2956575315238153,59.189567942881105,MEDIUM / RECURRENT,8.3,15.64,340.03999999999996,351.56,,1,AGRICULTURAL,,0,,0,,0,,0,unknown
743,26.18025,79.98564666666668,3,3,10.008333333333333,1.4100239026454562,0.2997502081598668,1.0,0.2997502081598668,0.4149336439785146,44.38943058148536,MEDIUM / RECURRENT,4.95,7.81,334.1233333333334,338.2,,1,AGRICULTURAL,,0,,0,,0,,0,unknown
744,26.4366575,78.2272625,4,3,3.029861111111111,0.9556465444614964,0.9901443960577584,0.4328373015873015,1.3201925280770113,0.5113398445297068,58.343168348452245,MEDIUM / RECURRENT,5.672499999999999,7.79,327.11,342.19,,1,AGRICULTURAL,,0,,0,,0,,0,unknown
745,26.476335,82.607651,10,7,10.995833333333334,3.4636149762362636,0.636604774535809,1.0,0.9094353921940128,0.2240336600096283,53.58071109333391,MEDIUM / RECURRENT,4.101000000000001,5.96,336.41400000000004,352.02,,1,AGRICULTURAL,,0,,0,,0,,0,unknown
746,26.61188,80.48807,4,4,5.991666666666666,1.7083523866767194,0.6675938803894298,0.8559523809523809,0.6675938803894298,0.3692281716808088,53.48434653183459,MEDIUM / RECURRENT,12.990000000000002,37.89,340.36249999999995,346.08,,1,AGRICULTURAL,,0,,0,,0,,0,unknown
747,26.662585714285715,80.0133,7,5,11.98263888888889,2.0971386117493793,0.4172703564184294,1.0,0.5841784989858012,0.3228786713666531,47.2303928999497,MEDIUM / RECURRENT,5.28,8.7,335.0057142857143,342.04,,1,AGRICULTURAL,,0,,0,,0,,0,unknown
748,26.666163333333333,79.95194,3,2,6.979861111111111,0.221156889608293,0.2865386528703612,0.997123015873016,0.4298079793055417,0.8188955968800758,52.194456143500645,MEDIUM / RECURRENT,5.256666666666667,6.92,336.9266666666667,342.27,,1,AGRICULTURAL,,0,,0,,0,,0,unknown
749,26.66591,83.69092967741936,31,12,11.98263888888889,6.116726950634025,1.0,1.0,2.5870762097942626,0.1405140322140518,67.98443306386956,MEDIUM / RECURRENT,5.4316129032258065,13.49,334.7545161290323,346.68,,1,AGRICULTURAL,,0,,0,,0,,0,unknown
750,26.686202,79.37986599999999,5,4,28.96875,1.9886162268806624,0.1380798274002157,1.0,0.1725997842502697,0.3346030149356914,36.87005382622192,LOW / TRANSIENT,5.262,12.61,336.036,345.83,,1,AGRICULTURAL,,0,,0,,0,,0,unknown
751,26.70762,82.21727666666666,3,2,12.969444444444443,0.9503205531078868,0.1542086099807239,1.0,0.2313129149710859,0.512736226056006,41.114651700387626,MEDIUM / RECURRENT,3.61,4.15,332.70666666666665,335.29,,1,AGRICULTURAL,,0,,0,,0,,0,unknown
752,26.7309275,80.28752,4,2,10.009027777777778,1.2588428052918124,0.1998196072989662,1.0,0.3996392145979324,0.4427045554729574,41.647055794118835,MEDIUM / RECURRENT,7.6225,11.76,337.66499999999996,347.38,,1,AGRICULTURAL,,0,,0,,0,,0,unknown
753,26.751721666666665,79.96651166666668,6,3,5.004861111111111,1.1517064037218216,0.5994172332454558,0.7149801587301587,1.1988344664909116,0.4647474201267854,50.546724467362445,MEDIUM / RECURRENT,3.5500000000000003,7.99,328.6933333333333,340.36,,1,AGRICULTURAL,,0,,0,,0,,0,unknown
754,26.801006666666662,79.66691666666667,3,3,11.98263888888889,0.9041370162958275,0.2503622138510576,1.0,0.2503622138510576,0.5251722914064917,44.76684774061896,MEDIUM / RECURRENT,2.536666666666666,3.6,330.6333333333334,331.14,,1,AGRICULTURAL,,0,,0,,0,,0,unknown
755,26.948855,82.817145,4,3,12.970833333333331,1.727619183158113,0.2312881464824927,1.0,0.3083841953099903,0.3666200935139972,41.044255387787175,MEDIUM / RECURRENT,3.785,6.69,335.66499999999996,340.58,,1,AGRICULTURAL,,0,,0,,0,,0,unknown
756,26.988876,82.75437200000002,5,3,10.009027777777778,2.1922563981992704,0.2997294109484493,1.0,0.4995490182474155,0.313258045489107,42.754788329472696,MEDIUM / RECURRENT,4.304,7.25,340.76800000000003,352.22,,1,AGRICULTURAL,,0,,0,,0,,0,unknown
757,27.513606666666664,80.20281,3,3,9.022222222222222,1.5010502405448565,0.3325123152709359,1.0,0.3325123152709359,0.3998320320755128,45.29959630653488,MEDIUM / RECURRENT,5.21,7.34,336.1933333333333,342.5,,1,AGRICULTURAL,,0,,0,,0,,0,unknown
758,28.936893333333337,77.55711000000001,3,2,9.020138888888887,0.4440603882189582,0.2217260759103857,1.0,0.3325891138655785,0.6924918155489029,47.27542719557272,MEDIUM / RECURRENT,2.563333333333333,3.32,331.9466666666667,337.18,,1,AGRICULTURAL,,0,,0,,0,,0,unknown
759,29.09246333333333,77.42446666666667,3,3,12.96875,1.7858564582496292,0.2313253012048192,1.0,0.2313253012048192,0.3589560391881447,40.738156928341205,MEDIUM / RECURRENT,3.526666666666667,4.6,330.75,331.18,,1,AGRICULTURAL,,0,,0,,0,,0,unknown
760,29.20262,78.72617666666667,3,3,10.995138888888889,1.3641764467866309,0.272847849428409,1.0,0.272847849428409,0.4229802734729008,43.55497589830915,MEDIUM / RECURRENT,4.303333333333334,4.41,337.8233333333333,338.34,,1,AGRICULTURAL,,0,,0,,0,,0,unknown
761,29.53416,78.45037666666666,3,3,10.995138888888889,1.03618532823591,0.272847849428409,1.0,0.272847849428409,0.4911144315465479,44.917659059782096,MEDIUM / RECURRENT,2.2166666666666663,2.84,329.2566666666667,330.1,,1,AGRICULTURAL,,0,,0,,0,,0,unknown
762,29.80094,82.16887666666666,3,2,1.9729166666666669,0.231777406348173,1.0,0.2818452380952381,1.5205913410770855,0.8118349913274355,61.32401346108384,MEDIUM / RECURRENT,7.830000000000001,13.01,340.3233333333333,355.31,,1,AGRICULTURAL,,0,,0,,0,,0,unknown
763,23.920973333333333,80.71879,3,2,9.022222222222222,1.3916792760837142,0.2216748768472906,1.0,0.3325123152709359,0.4181162624938001,41.78597057007305,MEDIUM / RECURRENT,2.3466666666666667,3.14,330.32666666666665,330.86,,1,AGRICULTURAL,,0,,0,,0,,0,unknown
764,23.976844999999997,80.770615,4,3,10.995833333333334,0.4756004109177084,0.2728306176582039,1.0,0.3637741568776051,0.6776902422913247,48.830424777618845,MEDIUM / RECURRENT,4.2575,5.4,331.9325,333.89,,1,AGRICULTURAL,,0,,0,,0,,0,unknown
765,24.3127775,80.88664,4,3,6.977777777777778,1.3189968032266848,0.4299363057324841,0.9968253968253968,0.5732484076433121,0.431220948044683,49.739321397452144,MEDIUM / RECURRENT,6.6675,8.14,339.63750000000005,342.59,,1,AGRICULTURAL,,0,,0,,0,,0,unknown
766,24.413253333333333,81.15639666666667,3,3,5.990972222222222,0.3395740639592205,0.5007534484757158,0.8558531746031746,0.5007534484757158,0.7465059431237556,54.85432582115596,MEDIUM / RECURRENT,2.193333333333334,3.18,333.56,338.4,,1,AGRICULTURAL,,0,,0,,0,,0,unknown
767,24.489904999999997,78.70193,4,2,4.016666666666667,0.9285835325575752,0.4979253112033195,0.5738095238095238,0.995850622406639,0.5185152642436276,44.1346305170401,MEDIUM / RECURRENT,2.8274999999999997,4.14,333.9525,337.79,,1,AGRICULTURAL,,0,,0,,0,,0,unknown
768,24.499193636363636,80.76342909090909,11,7,16.0,3.8971105956025345,0.4375,1.0,0.6875,0.2042020453648671,45.771540907297336,MEDIUM / RECURRENT,5.16909090909091,9.1,334.79727272727274,345.76,,1,AGRICULTURAL,,0,,0,,0,,0,unknown
769,24.583134,80.30520200000001,5,4,10.009027777777778,1.848738704710052,0.3996392145979324,1.0,0.4995490182474155,0.3510325458584946,47.00712146459235,MEDIUM / RECURRENT,4.262,7.69,336.47,346.38,,1,AGRICULTURAL,,0,,0,,0,,0,unknown
770,25.277614999999997,81.2944925,8,5,5.993055555555555,1.401099761126188,0.8342989571263036,0.8561507936507936,1.3348783314020858,0.4164758233664435,61.6035064708235,MEDIUM / RECURRENT,4.85,10.29,337.9875,345.23,,1,AGRICULTURAL,,0,,0,,0,,0,unknown
771,25.38875,81.47217666666667,3,3,10.009027777777778,1.1891340710507752,0.2997294109484493,1.0,0.2997294109484493,0.4568016245437193,45.22602069596701,MEDIUM / RECURRENT,6.173333333333333,9.75,343.2533333333334,367.0,,1,AGRICULTURAL,,0,,0,,0,,0,unknown
772,25.443593333333336,81.20757333333334,3,3,19.947222222222223,1.374696273764504,0.15039688065729,1.0,0.15039688065729,0.42110648466835,38.98681427768674,LOW / TRANSIENT,9.043333333333331,21.25,343.92333333333335,367.0,,1,AGRICULTURAL,,0,,0,,0,,0,unknown
773,25.49866555555556,81.05963222222222,9,7,10.995833333333334,2.3215548472805265,0.636604774535809,1.0,0.8184918529746116,0.3010638228113966,54.93942727093047,MEDIUM / RECURRENT,4.845555555555555,6.62,335.66888888888894,343.85,,1,AGRICULTURAL,,0,,0,,0,,0,unknown
774,25.703118,78.95778800000001,5,4,8.035416666666666,1.7390799171462283,0.4977962146746176,1.0,0.622245268343272,0.3650860983427866,50.9690800171539,MEDIUM / RECURRENT,3.918,4.87,336.31000000000006,345.62,,1,AGRICULTURAL,,0,,0,,0,,0,unknown
775,25.762280000000004,83.7887175,4,4,5.993055555555555,0.9112765901002332,0.6674391657010429,0.8561507936507936,0.6674391657010429,0.5232105102838919,56.563229177886264,MEDIUM / RECURRENT,9.665,16.26,337.9675,352.15,,1,AGRICULTURAL,,0,,0,,0,,0,unknown
776,25.826293333333336,79.32629999999999,3,3,7.496527777777778,0.9966654471469928,0.4001852709587772,1.0,0.4001852709587772,0.5008350304398195,49.82355563427115,MEDIUM / RECURRENT,4.596666666666667,7.71,321.0466666666666,333.84,,1,AGRICULTURAL,,0,,0,,0,,0,unknown
777,25.930055,81.61696833333333,6,5,10.009027777777778,2.116532721001049,0.4995490182474155,1.0,0.5994588218968986,0.3208694050479258,50.10052138341186,MEDIUM / RECURRENT,2.9949999999999997,4.66,332.2083333333333,335.71,,1,AGRICULTURAL,,0,,0,,0,,0,unknown
778,25.9392275,83.999905,4,4,11.98263888888889,2.4698228953670047,0.3338162851347435,1.0,0.3338162851347435,0.2881991473787395,43.115185497560304,MEDIUM / RECURRENT,3.42,4.62,335.27750000000003,338.46,,1,AGRICULTURAL,,0,,0,,0,,0,unknown
779,25.9815475,80.56491249999999,4,4,6.977777777777778,1.3983587908449282,0.5732484076433121,0.9968253968253968,0.5732484076433121,0.4169517937921647,54.46986187928076,MEDIUM / RECURRENT,3.2125,3.79,334.665,338.77,,1,AGRICULTURAL,,0,,0,,0,,0,unknown
780,25.99615,79.683592,5,4,5.993055555555555,1.5730394133402674,0.6674391657010429,0.8561507936507936,0.8342989571263036,0.3886454264226836,54.20564708351262,MEDIUM / RECURRENT,4.226,5.13,336.728,346.36,,1,AGRICULTURAL,,0,,0,,0,,0,unknown
781,26.026526666666665,82.89127,3,3,11.98263888888889,1.449782031312793,0.2503622138510576,1.0,0.2503622138510576,0.4081995815211847,42.427393542912824,MEDIUM / RECURRENT,2.8633333333333333,3.23,334.03000000000003,338.55,,1,AGRICULTURAL,,0,,0,,0,,0,unknown
782,26.294953333333336,82.31281333333332,3,3,9.022222222222222,1.803639976167036,0.3325123152709359,1.0,0.3325123152709359,0.3566791772484064,44.43653920999276,MEDIUM / RECURRENT,9.39,12.57,337.00666666666666,343.47,,1,AGRICULTURAL,,0,,0,,0,,0,unknown
783,26.35215,81.53757666666667,3,3,10.009027777777778,0.920296954065682,0.2997294109484493,1.0,0.2997294109484493,0.5207527918443993,46.50504404198061,MEDIUM / RECURRENT,4.57,5.97,338.59666666666664,342.75,,1,AGRICULTURAL,,0,,0,,0,,0,unknown
784,26.3552275,81.14496,4,3,5.993055555555555,1.1722111296066182,0.5005793742757821,0.8561507936507936,0.6674391657010429,0.4603604071309115,49.46613441494252,MEDIUM / RECURRENT,5.9375,11.9,335.7075,340.66,,1,AGRICULTURAL,,0,,0,,0,,0,unknown
785,26.39664666666667,79.95921333333332,3,3,25.022222222222226,1.1252695697650976,0.1198934280639431,1.0,0.1198934280639431,0.4705285457555054,38.84662775347601,LOW / TRANSIENT,2.733333333333333,3.49,331.7833333333333,332.94,,1,AGRICULTURAL,,0,,0,,0,,0,unknown
786,26.431480000000004,83.84510999999999,3,2,1.0,0.7234373468943709,1.0,0.1428571428571428,3.0,0.5802357723081707,56.17614401759199,MEDIUM / RECURRENT,4.17,5.9,332.9766666666667,335.78,,1,AGRICULTURAL,,0,,0,,0,,0,unknown
787,26.55331333333333,83.65343,3,3,10.995138888888889,1.3081546840994505,0.272847849428409,1.0,0.272847849428409,0.4332465267119478,43.760300963090096,MEDIUM / RECURRENT,4.773333333333333,8.23,331.01,331.43,,1,AGRICULTURAL,,0,,0,,0,,0,unknown
788,26.5865625,83.7280525,4,4,6.977777777777778,1.4974615686298762,0.5732484076433121,0.9968253968253968,0.5732484076433121,0.4004065618309421,54.13895724005631,MEDIUM / RECURRENT,3.5675000000000003,5.12,333.07,340.37,,1,AGRICULTURAL,,0,,0,,0,,0,unknown
789,26.64413,83.053528,5,5,11.98263888888889,1.957041543361966,0.4172703564184294,1.0,0.4172703564184294,0.3381758373482519,47.202519934446926,MEDIUM / RECURRENT,5.564000000000001,10.68,334.66,341.3,,1,AGRICULTURAL,,0,,0,,0,,0,unknown
790,26.655379999999997,83.10581333333333,3,2,3.03125,1.3036707892184167,0.6597938144329897,0.4330357142857143,0.9896907216494846,0.4340898034042778,44.57985387368202,MEDIUM / RECURRENT,4.37,6.39,331.17333333333335,334.6,,1,AGRICULTURAL,,0,,0,,0,,0,unknown
791,26.669548571428574,80.47399714285714,7,5,10.009027777777778,2.6663638547815345,0.4995490182474155,1.0,0.6993686255463817,0.2727497977855737,49.33794884546378,MEDIUM / RECURRENT,3.97,6.25,335.04857142857145,340.2,,1,AGRICULTURAL,,0,,0,,0,,0,unknown
792,26.69843333333333,79.88209666666667,3,3,10.995833333333334,1.0094939292476468,0.2728306176582039,1.0,0.2728306176582039,0.4976377312940673,45.047487479234896,MEDIUM / RECURRENT,3.8866666666666663,6.64,335.0566666666667,343.17,,1,AGRICULTURAL,,0,,0,,0,,0,unknown
793,26.940982499999997,82.8477525,4,4,10.995138888888889,1.5776637551579038,0.363797132571212,1.0,0.363797132571212,0.3879481945614514,46.21945779636387,MEDIUM / RECURRENT,3.8925,5.2,333.635,338.63,,1,AGRICULTURAL,,0,,0,,0,,0,unknown
794,27.0365525,80.18375624999999,8,4,5.993055555555555,1.7183677770112853,0.6674391657010429,0.8561507936507936,1.3348783314020858,0.3678678096675542,54.79125349696159,MEDIUM / RECURRENT,4.99125,7.44,336.38874999999996,344.02,,1,AGRICULTURAL,,0,,0,,0,,0,unknown
795,27.0661975,82.877805,4,3,10.995833333333334,2.041226325845616,0.2728306176582039,1.0,0.3637741568776051,0.3288147256590478,41.85291444497331,MEDIUM / RECURRENT,3.6825,4.92,336.0275,341.92,,1,AGRICULTURAL,,0,,0,,0,,0,unknown
796,27.30171,81.86651666666666,3,2,10.995833333333334,0.9708533588138384,0.1818870784388025,1.0,0.2728306176582039,0.50739442157272,42.059597412128895,MEDIUM / RECURRENT,5.463333333333334,6.77,337.63,344.72,,1,AGRICULTURAL,,0,,0,,0,,0,unknown
797,27.64909666666667,78.27721333333334,3,2,26.99513888888889,1.3822292704533132,0.0740874128572531,1.0,0.1111311192858796,0.4197748774238302,36.21081923705222,LOW / TRANSIENT,3.1966666666666668,4.89,331.6766666666667,332.56,,1,AGRICULTURAL,,0,,0,,0,,0,unknown
798,28.97001,82.94081,4,2,1.0,0.7323418673070878,1.0,0.1428571428571428,4.0,0.5772532655777074,58.11649388298272,MEDIUM / RECURRENT,4.9275,9.38,323.6625,347.26,,1,AGRICULTURAL,,0,,0,,0,,0,unknown
799,29.14926,79.21717333333333,3,3,10.995833333333334,0.9144339517720532,0.2728306176582039,1.0,0.2728306176582039,0.522347610412139,45.541685061596326,MEDIUM / RECURRENT,2.356666666666667,3.15,332.89000000000004,337.79,,1,AGRICULTURAL,,0,,0,,0,,0,unknown
800,29.438333333333336,78.66073333333334,6,3,8.0375,1.54515959244281,0.3732503888024883,1.0,0.7465007776049767,0.3929026702173177,47.4148185676434,MEDIUM / RECURRENT,6.701666666666668,9.59,349.8416666666667,367.0,,1,AGRICULTURAL,,0,,0,,0,,0,unknown
801,29.605216666666667,78.44893,3,3,5.990972222222222,1.243034256268103,0.5007534484757158,0.8558531746031746,0.5007534484757158,0.4458246668349023,48.840700295378895,MEDIUM / RECURRENT,2.8033333333333332,3.75,331.51,338.12,,1,AGRICULTURAL,,0,,0,,0,,0,unknown
802,24.670503333333333,83.98836,3,3,5.990972222222222,0.1520067895463406,0.5007534484757158,0.8558531746031746,0.5007534484757158,0.8680504395237109,57.28521574915507,MEDIUM / RECURRENT,0.7066666666666667,1.02,300.6566666666667,304.14,,1,AGRICULTURAL,,0,,0,,0,,0,unknown
803,26.27295666666667,82.81614666666667,3,3,9.490277777777775,1.1288816077715207,0.3161129811210303,1.0,0.3161129811210303,0.4697302077999462,46.09078445747705,MEDIUM / RECURRENT,1.9633333333333336,4.0,320.3333333333333,331.27,,1,AGRICULTURAL,,0,,0,,0,,0,unknown
804,26.30755666666667,81.2787,6,3,10.477083333333333,2.1154962723608217,0.2863392324517796,1.0,0.5726784649035593,0.3209761503717777,42.586753073054965,MEDIUM / RECURRENT,3.973333333333333,10.78,328.4666666666667,338.98,,1,AGRICULTURAL,,0,,0,,0,,0,unknown
805,28.724100000000004,77.56145666666667,3,2,12.052083333333334,0.2995423018712774,0.1659464131374243,1.0,0.2489196197061365,0.769501691911105,46.69599753744423,MEDIUM / RECURRENT,0.8300000000000001,0.87,297.1033333333333,298.37,,1,AGRICULTURAL,,0,,0,,0,,0,unknown
806,24.473257500000003,80.576215,4,4,5.990972222222222,1.223628167186309,0.6676712646342877,0.8558531746031746,0.6676712646342877,0.4497154761559619,55.094475679667255,MEDIUM / RECURRENT,3.8975,4.83,335.65000000000003,341.5,,1,AGRICULTURAL,,0,,0,,0,,0,unknown
807,25.511392,84.32346,5,5,10.009027777777778,1.3826352274460272,0.4995490182474155,1.0,0.4995490182474155,0.4197033555454945,51.87738078606425,MEDIUM / RECURRENT,3.256,4.28,332.764,335.93,,1,AGRICULTURAL,,0,,0,,0,,0,unknown
808,25.7062575,82.9218325,4,2,10.994444444444444,1.409548321494513,0.1819100555836281,1.0,0.3638201111672562,0.4150155409125615,40.39480298601273,MEDIUM / RECURRENT,3.88,5.11,332.28,333.53,,1,AGRICULTURAL,,0,,0,,0,,0,unknown
809,25.749259259259265,80.88584592592593,27,11,10.994444444444444,5.269619917653129,1.0,1.0,2.4557857503789795,0.1594993018929805,68.10155753861757,MEDIUM / RECURRENT,5.073703703703703,10.93,336.1025925925926,348.72,,1,AGRICULTURAL,,0,,0,,0,,0,unknown
810,25.8452575,81.666975,4,4,6.977777777777778,2.009982340930614,0.5732484076433121,0.9968253968253968,0.5732484076433121,0.3322278627358405,52.77538325815427,MEDIUM / RECURRENT,4.2775,6.7,334.68,336.16,,1,AGRICULTURAL,,0,,0,,0,,0,unknown
811,25.94416111111111,84.10534222222222,9,5,10.994444444444444,3.113348991859458,0.4547751389590703,1.0,0.8185952501263265,0.2431109059744394,47.416538483308905,MEDIUM / RECURRENT,4.4911111111111115,8.87,335.7122222222222,344.33,,1,AGRICULTURAL,,0,,0,,0,,0,unknown
812,26.0147275,83.94402124999999,8,6,10.00763888888889,2.5386252872797477,0.599542016515162,1.0,0.7993893553535493,0.2825956180199943,53.23466164913765,MEDIUM / RECURRENT,4.3925,7.53,333.29875000000004,337.52,,1,AGRICULTURAL,,0,,0,,0,,0,unknown
813,26.020016666666667,78.31828,3,2,5.989583333333333,0.2980529299315356,0.3339130434782609,0.8556547619047619,0.5008695652173913,0.7703846098577382,49.48775689694773,MEDIUM / RECURRENT,6.773333333333333,8.1,335.1033333333333,339.82,,1,AGRICULTURAL,,0,,0,,0,,0,unknown
814,26.06649,79.47050333333334,3,2,9.020833333333334,0.2764237706427591,0.2217090069284064,1.0,0.3325635103926097,0.7834388727314577,49.0937197179086,MEDIUM / RECURRENT,4.153333333333333,5.49,335.6166666666666,339.44,,1,AGRICULTURAL,,0,,0,,0,,0,unknown
815,26.158186666666666,82.46296666666667,3,2,5.004861111111111,1.109568932213669,0.3996114888303038,0.7149801587301587,0.5994172332454558,0.4740304925474292,42.54035039475409,MEDIUM / RECURRENT,5.433333333333334,9.97,335.6133333333333,344.25,,1,AGRICULTURAL,,0,,0,,0,,0,unknown
816,26.3222325,80.8352625,4,2,4.016666666666667,1.140241165595136,0.4979253112033195,0.5738095238095238,0.995850622406639,0.4672370647173914,43.109066526515385,MEDIUM / RECURRENT,3.99,6.01,333.66499999999996,335.37,,1,AGRICULTURAL,,0,,0,,0,,0,unknown
817,26.651996666666665,80.67071666666668,3,2,1.0,1.4663711770622352,1.0,0.1428571428571428,3.0,0.4054539759871539,52.68050809117164,MEDIUM / RECURRENT,7.243333333333333,10.52,334.4533333333333,334.98,,1,AGRICULTURAL,,0,,0,,0,,0,unknown
818,26.757738,83.782048,5,3,4.016666666666667,1.9895297072707496,0.7468879668049793,0.5738095238095238,1.2448132780082988,0.3345007736728384,49.66595896288574,MEDIUM / RECURRENT,3.866,4.82,331.42600000000004,338.21,,1,AGRICULTURAL,,0,,0,,0,,0,unknown
819,26.8997,83.33312333333333,3,2,5.004861111111111,0.8130261954926822,0.3996114888303038,0.7149801587301587,0.5994172332454558,0.5515640107606136,44.09102075901778,MEDIUM / RECURRENT,2.72,3.07,330.9766666666667,332.94,,1,AGRICULTURAL,,0,,0,,0,,0,unknown
820,26.984885,83.4488075,4,3,8.034027777777778,1.7729978824295067,0.373411703690898,1.0,0.4978822715878641,0.3606205422428487,46.27758501721413,MEDIUM / RECURRENT,4.8125,6.92,332.43499999999995,335.76,,1,AGRICULTURAL,,0,,0,,0,,0,unknown
821,27.336646666666667,83.44419666666667,3,3,10.995833333333334,1.0750289602800187,0.2728306176582039,1.0,0.2728306176582039,0.4819209847871487,44.73315254909652,MEDIUM / RECURRENT,3.7466666666666666,4.99,330.34000000000003,332.85,,1,AGRICULTURAL,,0,,0,,0,,0,unknown
822,27.377786666666665,82.76670999999999,3,2,10.995833333333334,0.6165049937648581,0.1818870784388025,1.0,0.2728306176582039,0.6186185652733364,44.284080286141226,MEDIUM / RECURRENT,3.6133333333333337,4.65,333.6333333333334,338.29,,1,AGRICULTURAL,,0,,0,,0,,0,unknown
823,29.05936,82.985475,6,3,4.016666666666667,0.930956565410458,0.7468879668049793,0.5738095238095238,1.4937759336099583,0.517878039264665,53.831429585925584,MEDIUM / RECURRENT,7.326666666666667,18.17,326.42,342.65,,1,AGRICULTURAL,,0,,0,,0,,0,unknown
824,29.16634666666667,77.55339,3,2,5.004861111111111,0.2718201298014301,0.3996114888303038,0.7149801587301587,0.5994172332454558,0.7862747070657944,48.785234685121395,MEDIUM / RECURRENT,5.193333333333333,8.23,333.71,338.88,,1,AGRICULTURAL,,0,,0,,0,,0,unknown
825,29.353673333333333,81.57834666666668,3,1,1.0,0.3600834402795054,1.0,0.1428571428571428,3.0,0.7352490078068253,59.27640872756508,MEDIUM / RECURRENT,3.796666666666667,8.05,312.09,339.59,,1,AGRICULTURAL,,0,,0,,0,,0,unknown
826,24.981252499999997,81.48599375,8,5,9.022222222222222,2.015472159438964,0.5541871921182266,1.0,0.8866995073891626,0.331623025226687,52.802411243449995,MEDIUM / RECURRENT,3.72875,7.64,333.11375,339.54,,1,AGRICULTURAL,,0,,0,,0,,0,unknown
827,25.447423333333333,81.79109666666666,3,1,1.0,0.3195149045320479,1.0,0.1428571428571428,3.0,0.757854266416672,59.728513899762014,MEDIUM / RECURRENT,6.373333333333332,6.6,345.73333333333335,348.97,,1,AGRICULTURAL,,0,,0,,0,,0,unknown
828,25.4828325,84.475905,4,4,10.009027777777778,0.9006689051802559,0.3996392145979324,1.0,0.3996392145979324,0.5261305623901718,50.309262187926926,MEDIUM / RECURRENT,5.5625,10.16,333.6325,337.87,,1,AGRICULTURAL,,0,,0,,0,,0,unknown
829,25.96691,83.95374666666667,3,3,9.022222222222222,1.6384173344666246,0.3325123152709359,1.0,0.3325123152709359,0.3790150962611672,44.88325759024798,MEDIUM / RECURRENT,4.133333333333334,4.82,335.01,336.7,,1,AGRICULTURAL,,0,,0,,0,,0,unknown
830,26.639366666666664,83.75940333333334,3,3,12.969444444444443,1.5070645471041832,0.2313129149710859,1.0,0.2313129149710859,0.3988728575636646,41.53603500520347,MEDIUM / RECURRENT,4.8133333333333335,6.83,335.81666666666666,338.83,,1,AGRICULTURAL,,0,,0,,0,,0,unknown
831,27.32081666666667,82.54755333333334,3,3,10.00763888888889,1.2839472739582891,0.299771008257581,1.0,0.299771008257581,0.4378384787608991,44.848296880748485,MEDIUM / RECURRENT,3.3033333333333332,6.34,332.8333333333333,336.12,,1,AGRICULTURAL,,0,,0,,0,,0,unknown
832,27.444743333333335,80.39026,3,2,10.010416666666666,1.2610601353654196,0.1997918834547346,1.0,0.299687825182102,0.442270413050463,41.43749983228918,MEDIUM / RECURRENT,3.533333333333333,5.09,336.46999999999997,339.62,,1,AGRICULTURAL,,0,,0,,0,,0,unknown
833,29.233645,78.106735,4,3,3.948611111111111,1.2017272467325646,0.759760816039395,0.5640873015873016,1.01301442138586,0.4541888653483454,51.803617250799995,MEDIUM / RECURRENT,5.4275,7.18,331.485,333.61,,1,AGRICULTURAL,,0,,0,,0,,0,unknown
834,29.525438,77.464044,5,3,9.939583333333331,1.0334551230560751,0.3018235170823726,1.0,0.5030391951372878,0.4917738231159496,46.40537795047661,MEDIUM / RECURRENT,4.854000000000001,5.58,330.004,335.29,,1,AGRICULTURAL,,0,,0,,0,,0,unknown
835,27.994423750000003,80.19463875,8,4,7.447222222222222,2.463254902918772,0.5371130175307721,1.0,1.0742260350615442,0.2887457111970641,51.72232190764139,MEDIUM / RECURRENT,4.0075,9.81,323.57124999999996,338.95,,1,AGRICULTURAL,,0,,0,,0,,0,unknown
836,26.2164175,83.32417000000001,4,4,9.022222222222222,2.331432872200516,0.4433497536945813,1.0,0.4433497536945813,0.3001711390749016,47.40736366819754,MEDIUM / RECURRENT,3.3125000000000004,4.15,334.16249999999997,336.45,,1,AGRICULTURAL,,0,,0,,0,,0,unknown
837,26.231165000000004,82.37010000000001,4,4,9.020833333333334,1.2053303396169577,0.4434180138568129,1.0,0.4434180138568129,0.4534468066011776,50.475402644725634,MEDIUM / RECURRENT,4.3525,5.38,332.7425,339.85,,1,AGRICULTURAL,,0,,0,,0,,0,unknown
838,26.626258888888888,84.03427666666667,9,6,8.034027777777778,2.7362773967864853,0.7468234073817961,1.0,1.1202351110726942,0.2676460802562691,58.73221108563362,MEDIUM / RECURRENT,4.437777777777778,8.08,333.72999999999996,340.33,,1,AGRICULTURAL,,0,,0,,0,,0,unknown
839,24.309648,80.997622,5,3,7.964583333333334,1.8586983923157747,0.3766675385822652,1.0,0.6277792309704421,0.3498095506290609,46.43511332490139,MEDIUM / RECURRENT,4.896,7.66,338.25,347.18,,1,AGRICULTURAL,,0,,0,,0,,0,unknown
840,24.429173333333335,80.92104,3,3,2.959722222222222,0.8816232864101113,1.0,0.4228174603174603,1.013608634443923,0.5314560078111426,58.226773933047205,MEDIUM / RECURRENT,6.039999999999999,8.53,338.2033333333333,348.38,,1,AGRICULTURAL,,0,,0,,0,,0,unknown
841,25.051820000000003,83.53704,3,3,3.946527777777778,0.913345023134858,0.7601618863276438,0.5637896825396825,0.7601618863276438,0.5226448904451025,52.67362966651693,MEDIUM / RECURRENT,5.38,7.58,336.10999999999996,339.28,,1,AGRICULTURAL,,0,,0,,0,,0,unknown
842,25.778396666666666,80.89398666666666,3,2,2.9618055555555554,0.7748348305082025,0.6752637749120751,0.4231150793650793,1.012895662368113,0.5634327109264934,47.5065546493157,MEDIUM / RECURRENT,5.283333333333332,8.69,340.51,353.15,,1,AGRICULTURAL,,0,,0,,0,,0,unknown
843,26.047502222222224,81.36734555555556,9,5,7.964583333333334,2.999369320838918,0.6277792309704421,1.0,1.1300026157467955,0.2500394236634884,54.233066788728834,MEDIUM / RECURRENT,4.884444444444444,8.99,329.40777777777777,342.39,,1,AGRICULTURAL,,0,,0,,0,,0,unknown
844,26.09595333333333,79.66574,3,2,3.03125,1.32737601875123,0.6597938144329897,0.4330357142857143,0.9896907216494846,0.4296684300015074,44.49142640562661,MEDIUM / RECURRENT,4.7299999999999995,7.49,341.19,346.59,,1,AGRICULTURAL,,0,,0,,0,,0,unknown
845,26.132085,82.52765666666666,6,5,10.00763888888889,1.7239571913719576,0.4996183470959683,1.0,0.599542016515162,0.3671129646117296,51.02798547362381,MEDIUM / RECURRENT,4.765,8.08,334.65333333333336,342.42,,1,AGRICULTURAL,,0,,0,,0,,0,unknown
846,26.5401525,82.4834825,4,4,9.022222222222222,1.3878882425760477,0.4433497536945813,1.0,0.4433497536945813,0.4187800677477278,49.77954224165406,MEDIUM / RECURRENT,3.6275,3.79,337.035,339.7,,1,AGRICULTURAL,,0,,0,,0,,0,unknown
847,28.154856,79.93209199999998,5,3,5.004166666666666,1.385600152667389,0.5995004163197336,0.7148809523809524,0.9991673605328892,0.4191817303842302,49.236507709464874,MEDIUM / RECURRENT,6.414,8.91,343.48400000000004,355.54,,1,AGRICULTURAL,,0,,0,,0,,0,unknown
848,28.652733333333337,79.66407666666667,3,2,1.0,1.003368313553798,1.0,0.1428571428571428,3.0,0.4991593374191331,54.55461531981123,MEDIUM / RECURRENT,2.6300000000000003,4.03,335.5933333333333,338.95,,1,AGRICULTURAL,,0,,0,,0,,0,unknown
849,24.49557,81.4822125,4,4,6.979166666666667,0.8701624118498865,0.5731343283582089,0.9970238095238096,0.5731343283582089,0.5347129177999261,56.82582374334749,MEDIUM / RECURRENT,7.680000000000001,17.64,335.19,342.33,,1,AGRICULTURAL,,0,,0,,0,,0,unknown
850,25.1512775,84.0553175,4,3,7.965972222222222,1.301238572902129,0.3766018655740563,1.0,0.5021358207654084,0.4345485999475856,47.8763089355745,MEDIUM / RECURRENT,5.015,6.83,334.835,344.67,,1,AGRICULTURAL,,0,,0,,0,,0,unknown
851,25.4863275,80.6605975,4,2,1.0,0.2703376888597535,1.0,0.1428571428571428,4.0,0.7871922629467076,62.31527383036273,MEDIUM / RECURRENT,3.415,4.82,334.025,338.1,,1,AGRICULTURAL,,0,,0,,0,,0,unknown
852,25.513346666666664,80.42679666666668,3,3,5.992361111111111,0.8654702616324087,0.5006373855603199,0.8560515873015874,0.5006373855603199,0.5360578619596618,50.64603018746475,MEDIUM / RECURRENT,2.0,2.21,331.3766666666667,331.88,,1,AGRICULTURAL,,0,,0,,0,,0,unknown
853,25.80407333333333,78.98674999999999,3,2,1.976388888888889,1.1876573583076795,1.0,0.2823412698412698,1.5179198875614897,0.4571099748333426,54.236571017821575,MEDIUM / RECURRENT,5.986666666666667,7.95,339.8233333333333,341.81,,1,AGRICULTURAL,,0,,0,,0,,0,unknown
854,25.946136666666664,82.08337666666667,3,3,5.992361111111111,0.7423731125562142,0.5006373855603199,0.8560515873015874,0.5006373855603199,0.5739298849331486,51.403470646934494,MEDIUM / RECURRENT,3.6766666666666663,4.97,334.24666666666667,339.65,,1,AGRICULTURAL,,0,,0,,0,,0,unknown
855,26.01167,79.34669333333333,3,3,15.013194444444444,1.7686146847075654,0.1998242286877284,1.0,0.1998242286877284,0.3611914671707467,39.61732580486088,LOW / TRANSIENT,2.9466666666666668,3.69,332.38333333333327,334.78,,1,AGRICULTURAL,,0,,0,,0,,0,unknown
856,26.14171,79.36427333333333,3,3,10.00763888888889,1.2248820726529457,0.299771008257581,1.0,0.299771008257581,0.4494620242085917,45.080767789702335,MEDIUM / RECURRENT,5.543333333333333,9.17,336.41333333333336,336.92,,1,AGRICULTURAL,,0,,0,,0,,0,unknown
857,26.38623,80.1875875,4,3,1.975,2.152383794017106,1.0,0.2821428571428571,2.0253164556962022,0.3172202578562595,52.448609497089016,MEDIUM / RECURRENT,4.37,5.53,336.27500000000003,348.04,,1,AGRICULTURAL,,0,,0,,0,,0,unknown
858,26.577712,83.90815,5,5,6.977777777777778,1.98768787490312,0.7165605095541401,0.9968253968253968,0.7165605095541401,0.3347069847557039,58.12751346925218,MEDIUM / RECURRENT,3.316,5.48,334.082,340.48,,1,AGRICULTURAL,,0,,0,,0,,0,unknown
859,26.630882777777774,83.80376611111112,18,4,6.977777777777778,4.024166280159678,0.5732484076433121,0.9968253968253968,2.579617834394905,0.1990379983936793,54.12432482481424,MEDIUM / RECURRENT,3.011111111111111,5.04,334.86,345.25,,1,AGRICULTURAL,,0,,0,,0,,0,unknown
860,26.697883333333337,83.81831166666667,6,3,6.977777777777778,1.5823433196617005,0.4299363057324841,0.9968253968253968,0.8598726114649682,0.3872451785888039,49.43305441597788,MEDIUM / RECURRENT,4.681666666666667,11.75,332.19166666666666,337.2,,1,AGRICULTURAL,,0,,0,,0,,0,unknown
861,26.706615,83.79182200000001,10,6,6.977777777777778,2.9492815588911596,0.8598726114649682,0.9968253968253968,1.4331210191082802,0.2532106118766498,62.94663059765836,MEDIUM / RECURRENT,3.8199999999999994,5.42,332.933,343.92,,1,AGRICULTURAL,,0,,0,,0,,0,unknown
862,26.85119333333333,80.37607666666666,3,3,6.977777777777778,0.6648468751870765,0.4299363057324841,0.9968253968253968,0.4299363057324841,0.6006558410290024,52.84139505331689,MEDIUM / RECURRENT,2.983333333333333,3.22,334.76,336.54,,1,AGRICULTURAL,,0,,0,,0,,0,unknown
863,29.200545,79.10096250000001,4,4,6.977777777777778,0.2314842056439527,0.5732484076433121,0.9968253968253968,0.5732484076433121,0.8120282788987068,62.37139158141161,MEDIUM / RECURRENT,4.26,9.33,332.52750000000003,338.55,,1,AGRICULTURAL,,0,,0,,0,,0,unknown
864,26.438087000000003,82.716289,10,5,3.4291666666666667,2.3060952866756534,1.0,0.4898809523809523,2.916160388821385,0.3024716208362888,59.12877700389237,MEDIUM / RECURRENT,3.0420000000000003,6.8,330.457,349.98,,1,AGRICULTURAL,,0,,0,,0,,0,unknown
865,24.4544325,81.32723999999999,4,4,5.992361111111111,2.0070815529087067,0.6675165140804264,0.8560515873015874,0.6675165140804264,0.3325483470951143,52.75036764541774,MEDIUM / RECURRENT,4.8075,10.83,333.6075,339.82,,1,AGRICULTURAL,,0,,0,,0,,0,unknown
866,24.517929999999996,80.94424666666667,3,3,6.977777777777778,1.0165548276656946,0.4299363057324841,0.9968253968253968,0.4299363057324841,0.4958952696354758,50.74618362544635,MEDIUM / RECURRENT,2.65,3.51,333.68333333333334,334.62,,1,AGRICULTURAL,,0,,0,,0,,0,unknown
867,24.794903333333338,81.06773333333334,3,3,3.030555555555555,1.0243597770728914,0.9899175068744273,0.4329365079365079,0.9899175068744273,0.4939833380042469,57.330027212851434,MEDIUM / RECURRENT,4.173333333333333,4.67,335.00666666666666,337.31,,1,AGRICULTURAL,,0,,0,,0,,0,unknown
868,24.961514,83.75054,5,4,6.977777777777778,1.3693939049281538,0.5732484076433121,0.9968253968253968,0.7165605095541401,0.4220488614915731,54.85842743709058,MEDIUM / RECURRENT,6.904000000000001,15.32,334.826,342.71,,1,AGRICULTURAL,,0,,0,,0,,0,unknown
869,25.044816666666662,83.63942333333334,3,3,6.977777777777778,0.9933073658649112,0.4299363057324841,0.9968253968253968,0.4299363057324841,0.5016787762513948,50.86185375776473,MEDIUM / RECURRENT,2.9600000000000004,4.03,331.3766666666667,332.6,,1,AGRICULTURAL,,0,,0,,0,,0,unknown
870,25.12918375,83.74875312500001,16,7,6.977777777777778,2.836104763638448,1.0,0.9968253968253968,2.2929936305732483,0.2606810975233964,69.72024413224935,MEDIUM / RECURRENT,5.97625,18.07,340.640625,367.0,,1,AGRICULTURAL,,0,,0,,0,,0,unknown
871,25.162815,83.36648375,8,5,6.977777777777778,2.147200326073582,0.7165605095541401,0.9968253968253968,1.1464968152866242,0.3177427225446404,58.64810083649588,MEDIUM / RECURRENT,3.9375,6.27,334.23,338.52,,1,AGRICULTURAL,,0,,0,,0,,0,unknown
872,25.19429,83.94165000000001,4,3,6.977777777777778,1.3966009602633875,0.4299363057324841,0.9968253968253968,0.5732484076433121,0.4172576146719475,49.46005472999744,MEDIUM / RECURRENT,4.305000000000001,6.71,337.9075,340.81,,1,AGRICULTURAL,,0,,0,,0,,0,unknown
873,25.264758,83.67769999999999,5,4,5.990972222222222,0.7392558008627373,0.6676712646342877,0.8558531746031746,0.8345890807928596,0.5749585538274253,57.93317286541365,MEDIUM / RECURRENT,5.715999999999999,10.49,337.098,353.42,,1,AGRICULTURAL,,0,,0,,0,,0,unknown
874,25.29102222222222,83.76771,9,6,6.977777777777778,2.1062880300904836,0.8598726114649682,0.9968253968253968,1.2898089171974525,0.3219276481488649,64.03434711928101,MEDIUM / RECURRENT,6.343333333333334,20.48,336.3888888888889,349.91,,1,AGRICULTURAL,,0,,0,,0,,0,unknown
875,25.3391,84.0549625,4,3,5.990972222222222,1.3322500127897696,0.5007534484757158,0.8558531746031746,0.6676712646342877,0.4287704982382352,48.8334525557627,MEDIUM / RECURRENT,5.9225,11.79,333.7175,339.22,,1,AGRICULTURAL,,0,,0,,0,,0,unknown
876,25.553209999999996,84.26810333333333,3,2,6.977777777777778,0.7971645620239847,0.286624203821656,0.9968253968253968,0.4299363057324841,0.5564320714591601,46.94099609504105,MEDIUM / RECURRENT,6.260000000000001,7.13,335.62333333333333,337.03,,1,AGRICULTURAL,,0,,0,,0,,0,unknown
877,25.6536475,83.95208,4,3,6.979166666666667,1.9161596743950924,0.4298507462686567,0.9970238095238096,0.5731343283582089,0.3429167506773898,47.97497502776244,MEDIUM / RECURRENT,3.6625,5.16,336.2425,339.1,,1,AGRICULTURAL,,0,,0,,0,,0,unknown
878,25.748716666666667,78.72336666666666,3,2,3.030555555555555,0.2128856110391179,0.6599450045829515,0.4329365079365079,0.9899175068744273,0.8244800588765069,52.39092405009499,MEDIUM / RECURRENT,4.16,5.48,338.74,343.82,,1,AGRICULTURAL,,0,,0,,0,,0,unknown
879,25.887785714285716,82.74436428571428,7,5,5.990972222222222,3.0971866141548365,0.8345890807928596,0.8558531746031746,1.1684247131100034,0.2440699177687514,57.8251949744245,MEDIUM / RECURRENT,3.4142857142857146,5.07,334.46285714285716,338.77,,1,AGRICULTURAL,,0,,0,,0,,0,unknown
880,25.963099999999997,83.92486,4,3,5.004861111111111,2.503993909573058,0.5994172332454558,0.7149801587301587,0.7992229776606077,0.2853886238979919,46.16032556512597,MEDIUM / RECURRENT,4.175,5.05,331.735,333.37,,1,AGRICULTURAL,,0,,0,,0,,0,unknown
881,26.05124625,82.60636124999999,8,4,6.977777777777778,3.2522495940869676,0.5732484076433121,0.9968253968253968,1.1464968152866242,0.235169638534522,51.98071558941453,MEDIUM / RECURRENT,3.80625,4.41,333.52625,338.58,,1,AGRICULTURAL,,0,,0,,0,,0,unknown
882,26.054547272727277,77.32894272727273,11,1,1.0,1.3135785892949547,1.0,0.1428571428571428,11.0,0.4322308326274502,67.21604522397757,MEDIUM / RECURRENT,80.24727272727273,159.84,313.4418181818182,347.65,,1,AGRICULTURAL,,0,,0,,0,,0,unknown
883,26.072450000000003,79.25927999999999,3,1,1.0,0.8626310271724684,1.0,0.1428571428571428,3.0,0.5368749824370911,55.308928220170394,MEDIUM / RECURRENT,4.466666666666667,6.5,336.0333333333333,338.34,,1,AGRICULTURAL,,0,,0,,0,,0,unknown
884,26.458606666666668,80.13680166666666,6,3,6.979166666666667,1.5297113945498868,0.4298507462686567,0.9970238095238096,0.8597014925373134,0.3953020104010444,49.595814550593744,MEDIUM / RECURRENT,7.935,14.39,335.59000000000003,348.17,,1,AGRICULTURAL,,0,,0,,0,,0,unknown
885,26.500288,79.78744999999999,5,4,5.004166666666666,1.4846621185494608,0.7993338884263115,0.7148809523809524,0.9991673605328892,0.402469210012264,55.89642882575576,MEDIUM / RECURRENT,4.5200000000000005,6.41,335.95599999999996,346.16,,1,AGRICULTURAL,,0,,0,,0,,0,unknown
886,26.52888,80.68092,4,4,16.0,1.070947097056127,0.25,1.0,0.25,0.4828708572138373,43.90741714427675,MEDIUM / RECURRENT,3.355,3.72,334.56,339.37,,1,AGRICULTURAL,,0,,0,,0,,0,unknown
887,26.57993666666667,83.66141666666667,3,2,1.9729166666666669,0.3106533971231067,1.0,0.2818452380952381,1.5205913410770855,0.7629782230717953,60.34687809597104,MEDIUM / RECURRENT,7.390000000000001,11.71,334.1266666666667,337.76,,1,AGRICULTURAL,,0,,0,,0,,0,unknown
888,26.59935666666667,81.51404666666666,3,2,1.0,1.0482428496299143,1.0,0.1428571428571428,3.0,0.4882233570011898,54.335895711452366,MEDIUM / RECURRENT,2.6466666666666665,2.94,330.9733333333333,332.03,,1,AGRICULTURAL,,0,,0,,0,,0,unknown
889,26.65899,80.63525285714286,7,6,10.995833333333334,2.249451765300487,0.5456612353164078,1.0,0.636604774535809,0.3077442203262022,51.526237191669935,MEDIUM / RECURRENT,3.692857142857143,6.88,333.1914285714286,343.61,,1,AGRICULTURAL,,0,,0,,0,,0,unknown
890,26.695513333333327,79.94034,3,2,4.017361111111111,0.9293748976029996,0.4978392394122731,0.5739087301587301,0.7467588591184098,0.5183025866265657,43.63166108416595,MEDIUM / RECURRENT,4.266666666666667,4.84,335.0833333333333,340.27,,1,AGRICULTURAL,,0,,0,,0,,0,unknown
891,26.858003333333333,80.64149333333334,3,2,5.004166666666666,0.3523672791131297,0.3996669442131557,0.7148809523809524,0.5995004163197336,0.739444095878888,47.84824960720149,MEDIUM / RECURRENT,2.536666666666666,3.62,332.90000000000003,336.6,,1,AGRICULTURAL,,0,,0,,0,,0,unknown
892,27.36202,83.215715,4,4,5.990972222222222,1.4776143807041138,0.6676712646342877,0.8558531746031746,0.6676712646342877,0.4036140602783432,54.17244736211487,MEDIUM / RECURRENT,3.8425,4.61,331.1875,333.76,,1,AGRICULTURAL,,0,,0,,0,,0,unknown
893,28.646406666666667,78.84286999999999,3,2,5.0055555555555555,1.3797877033364545,0.3995560488346282,0.7150793650793651,0.5993340732519423,0.4202055496790757,41.464224976281514,MEDIUM / RECURRENT,3.2099999999999995,4.22,331.7366666666667,334.99,,1,AGRICULTURAL,,0,,0,,0,,0,unknown
894,29.269915,77.703325,4,4,5.989583333333333,2.292478900899878,0.6678260869565218,0.8556547619047619,0.6678260869565218,0.3037225233931451,52.17538473287326,MEDIUM / RECURRENT,1.9925,2.41,329.90999999999997,331.45,,1,AGRICULTURAL,,0,,0,,0,,0,unknown
895,29.819126666666666,78.09363166666667,6,4,5.992361111111111,3.409231953324942,0.6675165140804264,0.8560515873015874,1.0012747711206398,0.2267968686124379,51.30285458984465,MEDIUM / RECURRENT,2.7916666666666665,5.45,330.00666666666666,334.12,,1,AGRICULTURAL,,0,,0,,0,,0,unknown
896,24.70689333333333,80.73379333333334,3,3,26.997222222222224,1.4759928034572622,0.1111225434715505,1.0,0.1111225434715505,0.4038783952052229,37.189102012551835,LOW / TRANSIENT,4.22,4.94,333.18,334.12,,1,AGRICULTURAL,,0,,0,,0,,0,unknown
897,25.007853333333333,81.57386666666666,3,2,5.989583333333333,1.061616420047363,0.3339130434782609,0.8556547619047619,0.5008695652173913,0.4850562841253594,43.78119038230015,MEDIUM / RECURRENT,4.546666666666667,6.32,333.34999999999997,335.33,,1,AGRICULTURAL,,0,,0,,0,,0,unknown
898,25.11402666666667,83.59572,3,2,5.002777777777778,1.1389675163049326,0.3997779011660188,0.7146825396825397,0.5996668517490282,0.4675152812640654,42.40892936165352,MEDIUM / RECURRENT,4.923333333333333,6.1,332.88666666666666,336.92,,1,AGRICULTURAL,,0,,0,,0,,0,unknown
899,25.30412,83.49117,3,2,5.989583333333333,0.3035161655512617,0.3339130434782609,0.8556547619047619,0.5008695652173913,0.7671558101292103,49.42318090237717,MEDIUM / RECURRENT,4.266666666666667,4.7,333.58666666666664,338.1,,1,AGRICULTURAL,,0,,0,,0,,0,unknown
900,25.419516666666667,81.26747,3,3,25.022222222222226,1.5097051137616184,0.1198934280639431,1.0,0.1198934280639431,0.3984531865981542,37.40512057032899,LOW / TRANSIENT,4.1466666666666665,5.7,331.25,332.86,,1,AGRICULTURAL,,0,,0,,0,,0,unknown
901,25.496530000000003,84.29419999999999,6,4,5.989583333333333,1.9066958985133475,0.6678260869565218,0.8556547619047619,1.001739130434783,0.3440332373646166,53.6494250992592,MEDIUM / RECURRENT,5.0633333333333335,10.52,334.2033333333333,343.15,,1,AGRICULTURAL,,0,,0,,0,,0,unknown
902,25.626229999999996,83.88605333333334,3,2,4.0159722222222225,0.8303425880986024,0.4980114127615424,0.5737103174603175,0.7470171191423136,0.5463458078844249,44.194107779135045,MEDIUM / RECURRENT,2.6833333333333336,3.2,333.03000000000003,337.89,,1,AGRICULTURAL,,0,,0,,0,,0,unknown
903,25.797042499999996,84.0331375,4,3,5.002777777777778,1.0009936875784493,0.5996668517490282,0.7146825396825397,0.7995558023320377,0.4997517014709696,50.44954893736294,MEDIUM / RECURRENT,12.142499999999998,25.02,346.33250000000004,367.0,,1,AGRICULTURAL,,0,,0,,0,,0,unknown
904,26.0436375,83.646155,4,2,5.002777777777778,1.005014034065561,0.3997779011660188,0.7146825396825397,0.7995558023320377,0.4987496261920437,43.433394161379105,MEDIUM / RECURRENT,2.5775,2.9,331.97499999999997,333.83,,1,AGRICULTURAL,,0,,0,,0,,0,unknown
905,26.086663333333338,82.50777666666666,3,2,4.0159722222222225,0.7842261860324881,0.4980114127615424,0.5737103174603175,0.7470171191423136,0.5604670572757705,44.47653276696196,MEDIUM / RECURRENT,5.260000000000001,5.88,336.9166666666667,341.17,,1,AGRICULTURAL,,0,,0,,0,,0,unknown
906,26.19799,82.6272825,4,3,5.002777777777778,1.7139591898419035,0.5996668517490282,0.7146825396825397,0.7995558023320377,0.3684653784562814,47.823822477069186,MEDIUM / RECURRENT,3.225,4.72,333.0275,336.48,,1,AGRICULTURAL,,0,,0,,0,,0,unknown
907,26.240566,82.584348,5,3,5.002777777777778,1.2588767561844625,0.5996668517490282,0.7146825396825397,0.9994447529150472,0.4426979016283874,49.70825084167732,MEDIUM / RECURRENT,3.536,4.52,338.32399999999996,348.34,,1,AGRICULTURAL,,0,,0,,0,,0,unknown
908,26.34538,81.22880333333333,3,2,1.0,1.324731973093499,1.0,0.1428571428571428,3.0,0.4301571155617176,53.17457088266292,MEDIUM / RECURRENT,7.473333333333334,14.71,336.70666666666665,341.85,,1,AGRICULTURAL,,0,,0,,0,,0,unknown
909,26.414600000000004,82.16525666666666,3,3,3.029166666666667,1.6288810640905933,0.9903713892709766,0.4327380952380952,0.9903713892709766,0.3803899741451138,55.06999326688079,MEDIUM / RECURRENT,3.78,6.34,335.5933333333333,347.83,,1,AGRICULTURAL,,0,,0,,0,,0,unknown
910,26.474469999999997,81.17770666666667,3,3,10.997222222222222,1.3375902349442037,0.2727961606466279,1.0,0.2727961606466279,0.4277909725370961,43.64927739466716,MEDIUM / RECURRENT,3.466666666666667,4.72,330.7033333333333,332.76,,1,AGRICULTURAL,,0,,0,,0,,0,unknown
911,27.271963333333332,84.55391666666667,6,4,5.990972222222222,1.1296955942198257,0.6676712646342877,0.8558531746031746,1.0015068969514316,0.4695506732108029,56.15885088539836,MEDIUM / RECURRENT,4.1466666666666665,5.95,333.96,340.38,,1,AGRICULTURAL,,0,,0,,0,,0,unknown
912,27.30544,83.46137666666668,3,3,5.989583333333333,1.156113392613879,0.5008695652173913,0.8556547619047619,0.5008695652173913,0.4637974994384176,49.19949294943088,MEDIUM / RECURRENT,3.77,4.62,331.80333333333334,337.58,,1,AGRICULTURAL,,0,,0,,0,,0,unknown
913,27.365258,83.413906,5,3,5.990972222222222,2.027154487912485,0.5007534484757158,0.8558531746031746,0.8345890807928596,0.3303432328918226,47.19874288115159,MEDIUM / RECURRENT,2.97,4.48,332.35600000000005,341.67,,1,AGRICULTURAL,,0,,0,,0,,0,unknown
914,28.025449999999996,79.21503,3,2,1.975,1.3328421750939845,1.0,0.2821428571428571,1.5189873417721518,0.4286616603027218,53.664779318170154,MEDIUM / RECURRENT,3.673333333333334,4.62,331.15333333333336,331.63,,1,AGRICULTURAL,,0,,0,,0,,0,unknown
915,24.45883333333333,81.71916,3,2,5.004861111111111,1.3302149585652832,0.3996114888303038,0.7149801587301587,0.5994172332454558,0.4291449577749263,41.642639699304034,MEDIUM / RECURRENT,4.079999999999999,5.72,332.37666666666667,333.67,,1,AGRICULTURAL,,0,,0,,0,,0,unknown
916,24.980496666666667,81.74946333333334,3,2,4.018055555555556,1.2211039915983897,0.4977531973729692,0.5740079365079366,0.7466297960594538,0.4502265557050134,42.269351026971506,MEDIUM / RECURRENT,3.709999999999999,4.51,334.24,341.84,,1,AGRICULTURAL,,0,,0,,0,,0,unknown
917,25.08049,83.42589333333332,3,2,4.018055555555556,0.7623860711441542,0.4977531973729692,0.5740079365079366,0.7466297960594538,0.5674125643485098,44.61307119984144,MEDIUM / RECURRENT,2.17,2.81,332.86999999999995,335.65,,1,AGRICULTURAL,,0,,0,,0,,0,unknown
918,25.169289999999997,83.78681399999999,5,3,4.018055555555556,2.3878762447409017,0.7466297960594538,0.5740079365079366,1.244382993432423,0.2951701679045475,48.8744106197351,MEDIUM / RECURRENT,4.784000000000001,10.16,337.31000000000006,347.04,,1,AGRICULTURAL,,0,,0,,0,,0,unknown
919,25.187083333333337,83.84361333333332,3,3,5.004861111111111,1.2622237293427525,0.5994172332454558,0.7149801587301587,0.5994172332454558,0.4420429275094429,48.89380014852468,MEDIUM / RECURRENT,4.153333333333333,5.09,337.3233333333333,341.42,,1,AGRICULTURAL,,0,,0,,0,,0,unknown
920,25.194813333333332,83.62623333333335,3,3,5.004861111111111,0.7879047120745735,0.5994172332454558,0.7149801587301587,0.5994172332454558,0.5593139238609994,51.23922007555583,MEDIUM / RECURRENT,3.7566666666666664,4.0,330.91333333333336,334.11,,1,AGRICULTURAL,,0,,0,,0,,0,unknown
921,25.248075714285708,83.72340714285714,7,3,5.004861111111111,0.5929995524964816,0.5994172332454558,0.7149801587301587,1.3986402109060634,0.6277465668040159,54.20631888973737,MEDIUM / RECURRENT,7.104285714285715,11.7,338.47857142857146,345.36,,1,AGRICULTURAL,,0,,0,,0,,0,unknown
922,25.326286666666665,83.75479333333334,3,2,4.018055555555556,0.6030661581111856,0.4977531973729692,0.5740079365079366,0.7466297960594538,0.6238045728432388,45.74091136973601,MEDIUM / RECURRENT,9.333333333333334,10.58,339.2833333333333,339.56,,1,AGRICULTURAL,,0,,0,,0,,0,unknown
923,25.383272857142856,81.37681571428571,7,4,5.004861111111111,1.382788324942137,0.7992229776606077,0.7149801587301587,1.3986402109060634,0.4196763890154966,57.03811638849729,MEDIUM / RECURRENT,6.1571428571428575,10.32,335.5671428571428,343.05,,1,AGRICULTURAL,,0,,0,,0,,0,unknown
924,25.921547500000003,82.634845,8,3,5.004861111111111,1.5013050493466296,0.5994172332454558,0.7149801587301587,1.5984459553212154,0.3997913010495109,50.04682506347756,MEDIUM / RECURRENT,5.345,8.56,336.04875,344.52,,1,AGRICULTURAL,,0,,0,,0,,0,unknown
925,26.23064,82.53989333333334,3,3,10.995138888888889,1.2975625237304904,0.272847849428409,1.0,0.272847849428409,0.435243868086918,43.800247790589495,MEDIUM / RECURRENT,3.8433333333333337,3.9,333.63,337.64,,1,AGRICULTURAL,,0,,0,,0,,0,unknown
926,26.2508025,83.52295,4,3,1.9729166666666669,1.9931517699582844,1.0,0.2818452380952381,2.027455121436114,0.3340959887289434,52.78296096983205,MEDIUM / RECURRENT,4.1125,5.68,331.62,335.77,,1,AGRICULTURAL,,0,,0,,0,,0,unknown
927,26.355856666666668,81.57536,3,1,1.0,0.8579290710503605,1.0,0.1428571428571428,3.0,0.5382336794131009,55.33610215969058,MEDIUM / RECURRENT,4.21,4.49,332.3333333333333,334.37,,1,AGRICULTURAL,,0,,0,,0,,0,unknown
928,26.553165,81.5207425,4,4,10.995833333333334,1.642801921309834,0.3637741568776051,1.0,0.3637741568776051,0.3783862846233957,46.0273694969393,MEDIUM / RECURRENT,3.48,3.96,331.785,333.53,,1,AGRICULTURAL,,0,,0,,0,,0,unknown
929,27.57766666666667,82.86201666666666,3,3,21.990972222222226,1.327187521855388,0.1364196166356143,1.0,0.1364196166356143,0.4297032321670124,38.641590458857976,LOW / TRANSIENT,3.65,4.68,331.50666666666666,333.53,,1,AGRICULTURAL,,0,,0,,0,,0,unknown
930,29.853763333333333,78.10735666666666,3,2,45.95625,1.2546581169022777,0.0435196518427852,1.0,0.0652794777641778,0.4435262235561998,35.52427124114983,LOW / TRANSIENT,5.993333333333333,13.53,333.2,340.06,,1,AGRICULTURAL,,0,,0,,0,,0,unknown
931,30.12259,77.36207999999999,3,2,17.972916666666666,1.3036998938815545,0.1112785441057146,1.0,0.1669178161585719,0.4340843191667115,37.91027105935139,LOW / TRANSIENT,4.14,5.49,329.7266666666667,331.96,,1,AGRICULTURAL,,0,,0,,0,,0,unknown
932,24.99563444444444,83.95487444444444,9,3,4.016666666666667,2.076095677414362,0.7468879668049793,0.5738095238095238,2.240663900414938,0.3250874175801184,51.469393085844615,MEDIUM / RECURRENT,4.9688888888888885,6.55,338.1788888888889,352.8,,1,AGRICULTURAL,,0,,0,,0,,0,unknown
933,25.1143855,83.958498,20,4,4.016666666666667,4.646474805380394,0.995850622406639,0.5738095238095238,4.979253112033195,0.177101649164736,62.70054908683157,MEDIUM / RECURRENT,4.5625,8.8,333.642,339.41,,1,AGRICULTURAL,,0,,0,,0,,0,unknown
934,25.126383333333337,83.32568666666667,3,3,5.004861111111111,1.2017902781468772,0.5994172332454558,0.7149801587301587,0.5994172332454558,0.4541758631260938,49.13645886085771,MEDIUM / RECURRENT,2.82,3.59,330.3566666666666,331.19,,1,AGRICULTURAL,,0,,0,,0,,0,unknown
935,25.761919999999996,80.82294,4,3,3.029861111111111,1.3190274803855195,0.9901443960577584,0.4328373015873015,1.3201925280770113,0.4312152436562581,56.74067633098328,MEDIUM / RECURRENT,3.94,5.43,331.405,332.5,,1,AGRICULTURAL,,0,,0,,0,,0,unknown
936,24.280936666666666,81.01152666666667,3,3,14.026388888888889,1.0813857126268804,0.2138825626299633,1.0,0.2138825626299633,0.480449151703803,42.5226378513847,MEDIUM / RECURRENT,4.203333333333333,4.95,331.90000000000003,332.89,,1,AGRICULTURAL,,0,,0,,0,,0,unknown
937,25.31800625,83.78999999999999,8,3,2.9604166666666667,1.49665209275981,1.0,0.4229166666666666,2.7023223082336383,0.4005363834632624,58.988288952399195,MEDIUM / RECURRENT,6.95875,11.64,340.8325,355.14,,1,AGRICULTURAL,,0,,0,,0,,0,unknown
938,25.673322,78.97645,5,3,2.0444444444444443,1.7042965960693954,1.0,0.292063492063492,2.4456521739130435,0.3697819246060016,54.58853014153342,MEDIUM / RECURRENT,5.538,9.2,335.898,339.84,,1,AGRICULTURAL,,0,,0,,0,,0,unknown
939,25.680796666666662,78.05123333333333,3,2,1.0,1.066160700215225,1.0,0.1428571428571428,3.0,0.4839894592399485,54.25121775622755,MEDIUM / RECURRENT,4.303333333333334,6.69,337.44666666666666,340.86,,1,AGRICULTURAL,,0,,0,,0,,0,unknown
940,25.691244444444447,78.88958222222222,9,4,10.995833333333334,2.8674992960950365,0.3637741568776051,1.0,0.8184918529746116,0.2585650115074842,44.540379426815086,MEDIUM / RECURRENT,5.40888888888889,12.23,339.1488888888889,343.67,,1,AGRICULTURAL,,0,,0,,0,,0,unknown
941,28.372433333333333,78.30072333333334,3,2,2.9604166666666667,1.2640483534508582,0.6755805770584096,0.4229166666666666,1.0133708655876144,0.4416866797371186,45.07871218962861,MEDIUM / RECURRENT,3.563333333333333,3.75,333.2033333333333,336.74,,1,AGRICULTURAL,,0,,0,,0,,0,unknown
942,29.85741333333333,81.27200666666666,3,1,1.0,0.5162095028761764,1.0,0.1428571428571428,3.0,0.6595394621277918,57.76221781398441,MEDIUM / RECURRENT,28.316666666666663,33.96,348.29333333333335,367.0,,1,AGRICULTURAL,,0,,0,,0,,0,unknown
943,25.05328928571428,83.89730714285714,14,4,2.9618055555555554,3.143346400315346,1.0,0.4231150793650793,4.726846424384526,0.2413508076283196,59.85858598546243,MEDIUM / RECURRENT,4.674285714285714,10.06,336.51785714285717,347.19,,1,AGRICULTURAL,,0,,0,,0,,0,unknown
944,25.3914275,77.44724500000001,4,1,1.0,0.4306955984269228,1.0,0.1428571428571428,4.0,0.6989607021224635,60.550642613877834,MEDIUM / RECURRENT,16.127499999999998,36.58,340.72749999999996,345.02,,1,AGRICULTURAL,,0,,0,,0,,0,unknown
945,26.200333333333333,82.50739333333333,3,3,2.9604166666666667,0.7042670333502244,1.0,0.4229166666666666,1.0133708655876144,0.5867625087098082,59.33490857203806,MEDIUM / RECURRENT,3.790000000000001,6.05,335.26,339.5,,1,AGRICULTURAL,,0,,0,,0,,0,unknown
946,26.626135,81.823,4,3,5.004166666666666,1.5208873431283825,0.5995004163197336,0.7148809523809524,0.7993338884263115,0.3966857157365133,48.386920472297376,MEDIUM / RECURRENT,5.17,7.48,333.9325,338.87,,1,AGRICULTURAL,,0,,0,,0,,0,unknown
947,26.941678000000003,82.78403599999999,5,3,5.990972222222222,1.659658931808554,0.5007534484757158,0.8558531746031746,0.8345890807928596,0.3759880592358529,48.1116394080322,MEDIUM / RECURRENT,3.026,5.65,332.222,334.18,,1,AGRICULTURAL,,0,,0,,0,,0,unknown
948,28.03064,80.10354333333333,3,3,36.48680555555555,1.3317397491525316,0.0822215032070192,1.0,0.0822215032070192,0.42886432774646,36.61948217358892,LOW / TRANSIENT,2.84,4.08,327.49333333333334,340.16,,1,AGRICULTURAL,,0,,0,,0,,0,unknown
949,29.031113333333337,77.77587333333334,3,3,5.004166666666666,1.495599014799608,0.5995004163197336,0.7148809523809524,0.5995004163197336,0.4007053994130135,48.06764720161423,MEDIUM / RECURRENT,3.966666666666667,5.28,330.1133333333333,331.03,,1,AGRICULTURAL,,0,,0,,0,,0,unknown
950,29.74396333333333,77.85702333333334,3,2,4.0159722222222225,1.5780833514683863,0.4980114127615424,0.5737103174603175,0.7470171191423136,0.3878850539996835,41.024892701440216,MEDIUM / RECURRENT,1.9566666666666668,2.41,328.3633333333333,329.65,,1,AGRICULTURAL,,0,,0,,0,,0,unknown
951,25.074726666666667,81.70966666666668,3,3,5.004166666666666,1.299922398799272,0.5995004163197336,0.7148809523809524,0.5995004163197336,0.434797278604736,48.74948478544868,MEDIUM / RECURRENT,3.5033333333333334,4.15,332.81,337.03,,1,AGRICULTURAL,,0,,0,,0,,0,unknown
952,25.14209,83.57409000000001,3,3,1.9736111111111112,0.466720278691492,1.0,0.2819444444444444,1.5200562983814214,0.6817932597837482,58.72458890354893,MEDIUM / RECURRENT,3.81,4.74,337.9633333333333,339.09,,1,AGRICULTURAL,,0,,0,,0,,0,unknown
953,25.186995,84.03505875,8,3,1.9736111111111112,2.992379887320964,1.0,0.2819444444444444,4.053483462350457,0.2504771660572204,55.16512135695643,MEDIUM / RECURRENT,4.5675,8.39,335.66375,345.39,,1,AGRICULTURAL,,0,,0,,0,,0,unknown
954,25.22208666666667,83.59818666666666,6,2,1.0,2.752941619985486,1.0,0.1428571428571428,6.0,0.2664576487613648,55.90058154665587,MEDIUM / RECURRENT,4.496666666666667,11.61,331.885,334.43,,1,AGRICULTURAL,,0,,0,,0,,0,unknown
955,25.20974,83.45667399999999,5,3,1.9736111111111112,1.4514786505408082,1.0,0.2819444444444444,2.533427163969036,0.407917074774196,55.27380693453311,MEDIUM / RECURRENT,8.336,14.0,339.15999999999997,344.03,,1,AGRICULTURAL,,0,,0,,0,,0,unknown
956,25.70649,82.09513,3,1,1.0,0.2592263738645456,1.0,0.1428571428571428,3.0,0.7941383858813377,60.45419628905533,MEDIUM / RECURRENT,4.2,5.98,332.50666666666666,336.24,,1,AGRICULTURAL,,0,,0,,0,,0,unknown
957,25.8247925,82.75211999999999,4,3,1.9736111111111112,1.7391901648312729,1.0,0.2819444444444444,2.0267417311752287,0.3650714042563004,53.403522658587576,MEDIUM / RECURRENT,5.505,8.69,336.67,347.22,,1,AGRICULTURAL,,0,,0,,0,,0,unknown
958,26.22133,81.76055000000001,3,2,1.0,0.8482245973656412,1.0,0.1428571428571428,3.0,0.5410597832240441,55.39262423590945,MEDIUM / RECURRENT,3.123333333333333,4.31,333.16,335.82,,1,AGRICULTURAL,,0,,0,,0,,0,unknown
959,26.264686666666663,81.43342333333334,3,2,1.0,1.1315675852646458,1.0,0.1428571428571428,3.0,0.469138303149719,53.95419463442295,MEDIUM / RECURRENT,6.236666666666667,7.79,334.84666666666664,339.12,,1,AGRICULTURAL,,0,,0,,0,,0,unknown
960,26.31445666666667,81.49596333333334,3,2,5.522916666666666,1.5595824023108729,0.3621274990569597,0.7889880952380952,0.5431912485854395,0.3906887307465342,41.299321960047536,MEDIUM / RECURRENT,5.43,10.61,320.31,333.3,,1,AGRICULTURAL,,0,,0,,0,,0,unknown
961,26.367332500000003,82.2271875,4,2,1.9736111111111112,0.5749643324266128,1.0,0.2819444444444444,2.0267417311752287,0.6349350137086968,58.80079484763551,MEDIUM / RECURRENT,4.2425,5.68,333.7575,340.39,,1,AGRICULTURAL,,0,,0,,0,,0,unknown
962,26.72451,80.01118666666666,3,2,1.0,0.8138557456253851,1.0,0.1428571428571428,3.0,0.551311758066636,55.59766373276129,MEDIUM / RECURRENT,2.99,3.18,333.83666666666664,337.03,,1,AGRICULTURAL,,0,,0,,0,,0,unknown
963,27.76508,80.45636999999999,3,1,1.0,0.2118679089390531,1.0,0.1428571428571428,3.0,0.825172440514135,61.07487738171127,MEDIUM / RECURRENT,3.233333333333333,5.5,335.07,343.58,,1,AGRICULTURAL,,0,,0,,0,,0,unknown
964,27.889893333333333,80.21639,3,3,16.986805555555556,1.442370543151427,0.1766076611749315,1.0,0.1766076611749315,0.4094382823294638,39.723249110061744,LOW / TRANSIENT,6.760000000000001,11.23,334.65333333333336,340.14,,1,AGRICULTURAL,,0,,0,,0,,0,unknown
965,29.42834,77.72712333333334,3,3,2.4444444444444446,1.271653077789358,1.0,0.3492063492063492,1.227272727272727,0.4402080624798319,54.98886543430083,MEDIUM / RECURRENT,1.3099999999999998,3.04,305.8533333333333,325.5,,1,AGRICULTURAL,,0,,0,,0,,0,unknown
966,24.932473333333338,81.86332,3,2,10.995833333333334,1.713880972167548,0.1818870784388025,1.0,0.2728306176582039,0.3684759981206216,39.28122894308693,LOW / TRANSIENT,2.54,3.22,331.2,332.7,,1,AGRICULTURAL,,0,,0,,0,,0,unknown
967,24.999548,81.69613,5,2,1.0,1.026731753437046,1.0,0.1428571428571428,5.0,0.4934052068331903,58.43953270809238,MEDIUM / RECURRENT,4.238,5.79,335.726,343.34,,1,AGRICULTURAL,,0,,0,,0,,0,unknown
968,24.9969525,81.5316075,4,2,1.0,1.6232666575892931,1.0,0.1428571428571428,4.0,0.3812040979924516,54.195510531277606,MEDIUM / RECURRENT,4.7525,9.3,334.42249999999996,338.39,,1,AGRICULTURAL,,0,,0,,0,,0,unknown
969,25.0619475,83.9739725,4,2,1.0,0.6736963878579575,1.0,0.1428571428571428,4.0,0.5974799296064847,58.52102716355827,MEDIUM / RECURRENT,2.5025000000000004,3.0,332.285,333.99,,1,AGRICULTURAL,,0,,0,,0,,0,unknown
970,25.064231999999997,83.70382599999999,5,3,1.9736111111111112,2.0429617369576567,1.0,0.2819444444444444,2.533427163969036,0.3286272015368148,53.68800946978548,MEDIUM / RECURRENT,3.7120000000000006,5.9,331.084,334.45,,1,AGRICULTURAL,,0,,0,,0,,0,unknown
971,25.128536666666665,84.11353333333334,3,2,1.0,0.7262930061744043,1.0,0.1428571428571428,3.0,0.5792759377598798,56.156947326626174,MEDIUM / RECURRENT,8.61,20.7,335.04,342.87,,1,AGRICULTURAL,,0,,0,,0,,0,unknown
972,25.2083625,83.686545,4,2,1.0,0.7509630126711765,1.0,0.1428571428571428,4.0,0.5711142912576165,57.9937143965809,MEDIUM / RECURRENT,3.98,5.95,332.635,334.06,,1,AGRICULTURAL,,0,,0,,0,,0,unknown
973,25.698543333333333,83.98577999999999,3,3,17.975,1.453564157161592,0.1668984700973574,1.0,0.1668984700973574,0.4075703490700039,39.3266503750023,LOW / TRANSIENT,2.6,2.91,330.0466666666667,330.86,,1,AGRICULTURAL,,0,,0,,0,,0,unknown
974,26.038016666666667,82.09240333333332,3,2,5.002777777777778,1.3882476480487418,0.3997779011660188,0.7146825396825397,0.5996668517490282,0.4187170458712794,41.4329646537978,MEDIUM / RECURRENT,2.3366666666666664,2.59,332.44,332.75,,1,AGRICULTURAL,,0,,0,,0,,0,unknown
975,26.13257,81.63504,3,3,37.990972222222226,1.5249895853456057,0.0789661286489845,1.0,0.0789661286489845,0.3960412374782631,35.842571509577695,LOW / TRANSIENT,3.7266666666666666,5.0,332.50333333333333,335.32,,1,AGRICULTURAL,,0,,0,,0,,0,unknown
976,26.254859999999997,82.45232,3,3,10.995833333333334,1.661247352161998,0.2728306176582039,1.0,0.2728306176582039,0.3757636430103349,42.61000571356024,MEDIUM / RECURRENT,2.956666666666667,3.81,333.18666666666667,335.18,,1,AGRICULTURAL,,0,,0,,0,,0,unknown
977,26.58301333333333,83.77638666666667,3,2,5.002777777777778,1.510118515092492,0.3997779011660188,0.7146825396825397,0.5996668517490282,0.3983875637693355,41.02637501175892,MEDIUM / RECURRENT,2.92,5.38,333.1066666666667,335.23,,1,AGRICULTURAL,,0,,0,,0,,0,unknown
978,27.15789,84.62586,3,2,9.022222222222222,1.3172515415555617,0.2216748768472906,1.0,0.3325123152709359,0.4315457265069738,42.05455985033652,MEDIUM / RECURRENT,2.8633333333333333,3.38,331.77333333333337,332.64,,1,AGRICULTURAL,,0,,0,,0,,0,unknown
979,28.499326666666665,80.50692000000001,3,2,1.0,0.9461280626987024,1.0,0.1428571428571428,3.0,0.5138407996713724,54.84824456485602,MEDIUM / RECURRENT,4.926666666666667,6.79,331.3666666666667,333.88,,1,AGRICULTURAL,,0,,0,,0,,0,unknown
980,28.80416333333333,78.03696333333333,3,1,1.0,0.2895351267354047,1.0,0.1428571428571428,3.0,0.7754732533200599,60.08089363782976,MEDIUM / RECURRENT,5.423333333333333,6.8,331.4433333333333,335.4,,1,AGRICULTURAL,,0,,0,,0,,0,unknown
981,29.642595,81.45229,4,2,1.0,0.3645188875449793,1.0,0.1428571428571428,4.0,0.7328590385430165,61.228609342288905,MEDIUM / RECURRENT,5.2525,10.45,320.0575,326.98,,1,AGRICULTURAL,,0,,0,,0,,0,unknown
982,29.7084125,81.30959250000001,4,2,1.0,0.9355303791163452,1.0,0.1428571428571428,4.0,0.5166542518730932,56.90451360889044,MEDIUM / RECURRENT,27.9325,69.26,327.625,345.0,,1,AGRICULTURAL,,0,,0,,0,,0,unknown
983,24.440556666666662,81.60485666666666,3,3,10.009027777777778,1.4541355584843454,0.2997294109484493,1.0,0.2997294109484493,0.4074754536451083,44.239497277994786,MEDIUM / RECURRENT,3.5533333333333332,4.55,331.93666666666667,338.63,,1,AGRICULTURAL,,0,,0,,0,,0,unknown
984,27.47778,83.01473666666668,3,3,10.995833333333334,1.3224520157708952,0.2728306176582039,1.0,0.2728306176582039,0.4305794019464675,43.706320892282896,MEDIUM / RECURRENT,3.8733333333333335,5.88,333.48,337.46,,1,AGRICULTURAL,,0,,0,,0,,0,unknown
985,28.02283,80.16807666666666,3,3,51.43263888888889,1.263481763232854,0.0583287201436614,1.0,0.0583287201436614,0.4417972418614647,35.99410748254476,LOW / TRANSIENT,2.876666666666667,4.7,324.4066666666667,332.51,,1,AGRICULTURAL,,0,,0,,0,,0,unknown
986,29.301993333333332,77.1783,3,1,1.0,1.1137570557038488,1.0,0.1428571428571428,3.0,0.4730912652906628,54.033253877241826,MEDIUM / RECURRENT,4.77,6.35,349.6166666666666,367.0,,1,AGRICULTURAL,,0,,0,,0,,0,unknown
