cluster_id,centroid_lat,centroid_lon,detection_count,unique_detection_days,observation_window_days,spatial_spread_km,temporal_recurrence,duration_score,detection_frequency,spatial_consistency,persistence_score,mean_frp,max_frp,mean_brightness,max_brightness,mean_confidence,satellite_count,fire_class,industrial_distance_km,forest_distance_km,farmland_distance_km,population_distance_km,industrial_feature_count,forest_feature_count,farmland_feature_count,population_feature_count,land_cover_type
4,18.55978375,80.04003625,16,5,764.0180555555555,503.5580878620704,0.0065443479557093,1.0,0.0209419134582697,0.001981932356366,25.288323869444273,7.3675,11.34,341.504375,355.43,50.0,2,WILDFIRE,,,,,0.0,0.0,0.0,0.0,unknown
7,19.264889811320757,81.35790226415092,53,20,819.5152777777778,381.4549088302442,0.0244046701047875,1.0,0.064672375777687,0.0026146873184568,25.94611478895698,6.640943396226415,46.26,331.91415094339624,367.0,48.113207547169814,2,WILDFIRE,,14.267,,,0.0,1.0,0.0,0.0,forest
15,20.825681428571432,81.60800285714286,14,3,764.0180555555555,548.5296513169803,0.0039266087734255,1.0,0.018324174275986,0.0018197380206935,25.200003459306604,8.942857142857145,20.15,342.88142857142856,367.0,50.714285714285715,2,WILDFIRE,,,,,0.0,0.0,0.0,0.0,unknown
23,20.159712307692303,81.99738384615384,13,4,764.0180555555555,387.5682725331247,0.0052354783645674,1.0,0.0170153046848442,0.0025735503145454,25.251073618940044,5.424615384615384,7.21,336.41230769230765,344.33,43.84615384615385,2,WILDFIRE,,,,,0.0,0.0,0.0,0.0,unknown
29,19.899123125,82.3701453125,32,7,764.0173611111111,307.53535949543203,0.0091620954657625,1.0,0.0418838649863432,0.0032411195969089,25.44439491837692,5.8790625,30.0,330.60249999999996,367.0,45.3125,2,WILDFIRE,,,,,0.0,0.0,0.0,0.0,unknown
30,21.726702857142858,84.26354657142856,35,7,764.0173611111111,634.895367194745,0.0091620954657625,1.0,0.0458104773288128,0.0015725857611001,25.42084077251692,5.891428571428572,13.85,327.12257142857146,367.0,50.285714285714285,2,WILDFIRE,,,,,0.0,0.0,0.0,0.0,unknown
31,21.414589999999997,82.84317526315789,19,5,764.0173611111111,488.81763994987426,0.0065443539041161,1.0,0.0248685448356412,0.002041576126377,25.29933350174013,4.0873684210526315,8.71,319.37631578947367,343.91,47.89473684210526,2,WILDFIRE,,,,,0.0,0.0,0.0,0.0,unknown
35,22.21345171428571,82.91861285714286,35,7,770.0083333333333,497.1330421952632,0.0090908107055118,1.0,0.0454540535275592,0.0020074958199781,25.426509371383816,9.015714285714283,41.84,332.69457142857146,356.22,44.857142857142854,2,WILDFIRE,,,,,0.0,0.0,0.0,0.0,unknown
36,22.566902142857145,84.18725214285715,14,6,764.0173611111111,872.7929641585167,0.0078532246849393,1.0,0.0183241909315251,0.0011444358572548,25.304295935022093,12.240714285714288,49.16,332.4357142857143,347.95,50.0,2,WILDFIRE,,,,,0.0,0.0,0.0,0.0,unknown
37,21.527126944444447,84.72776722222221,36,7,775.0125,739.5390540838482,0.0090321123852841,1.0,0.0464508636957468,0.0013503676740413,25.41409788427872,4.205277777777777,10.87,321.1925,345.76,48.888888888888886,2,WILDFIRE,,,,,0.0,0.0,0.0,0.0,unknown
38,21.301694615384616,79.45264076923078,13,4,764.0173611111111,478.2255217892793,0.0052354831232929,1.0,0.0170153201507019,0.0020867002163539,25.24133679840262,12.17230769230769,28.87,341.07846153846157,367.0,51.53846153846154,2,WILDFIRE,,,,8.5,0.0,0.0,0.0,13.0,population
43,20.719007499999996,80.59410374999999,16,5,764.0173611111111,588.813082330703,0.0065443539041161,1.0,0.0209419324931716,0.0016954523898459,25.282594496153337,7.795625,16.52,337.88687500000003,346.67,48.75,2,WILDFIRE,,,,,0.0,0.0,0.0,0.0,unknown
44,21.01058,81.52066185185186,27,8,781.5236111111111,821.2353912541234,0.0102364149799981,1.0,0.0345479005574936,0.0012161967371347,25.417786135536375,5.610370370370371,17.47,331.90777777777777,351.62,46.2962962962963,2,WILDFIRE,,,,,0.0,0.0,0.0,0.0,unknown
46,23.26386,82.51193388888889,18,11,818.5298611111111,1114.019740920582,0.0134387278004348,1.0,0.0219906454916207,0.0008968451080286,25.476075349902676,3.417777777777778,10.27,319.66444444444437,346.12,48.888888888888886,2,WILDFIRE,,,,12.005,0.0,0.0,0.0,8.0,population
47,23.111533,85.486827,10,6,764.0173611111111,1114.1307755171576,0.0078532246849393,1.0,0.0130887078082322,0.0008967558083366,25.2862536262355,5.1240000000000006,13.4,332.996,367.0,51.0,2,WILDFIRE,,,,,0.0,0.0,0.0,0.0,unknown
55,26.50534804347827,82.84651717391304,46,9,766.5784722222222,1059.9541222032296,0.0117404810154791,1.0,0.0600069029680044,0.0009425478247102,25.52108264437859,3.5647826086956527,10.19,320.56347826086954,352.78,49.130434782608695,2,WILDFIRE,,,,,0.0,0.0,0.0,0.0,unknown
56,22.048504166666664,78.62404833333333,12,6,769.0215277777778,581.0359186077872,0.0078021222856244,1.0,0.0156042445712489,0.0017181070240337,25.307436420477536,6.969166666666666,14.11,334.8675,367.0,55.0,2,WILDFIRE,,,,,0.0,0.0,0.0,0.0,unknown
69,26.993088,78.833468,10,6,771.5826388888889,837.6336798011471,0.0077762247328947,1.0,0.0129603745548246,0.0011924157401323,25.289535993176553,7.462999999999999,20.99,328.629,367.0,53.0,2,WILDFIRE,,,,,0.0,0.0,0.0,0.0,unknown
84,25.520619411764702,80.9535194117647,34,12,809.575,709.4891726712729,0.0148225921007936,1.0,0.0419973442855819,0.0014074809841791,25.57782074342135,4.850294117647059,19.6,324.9167647058823,367.0,52.35294117647059,2,WILDFIRE,,,,,0.0,0.0,0.0,0.0,unknown
97,20.03017,82.57275461538461,13,9,817.54375,1052.8988829406458,0.0110085851674604,1.0,0.0159012896863317,0.0009488576334854,25.38898793190935,3.5384615384615383,9.17,321.4476923076923,346.47,48.46153846153846,2,WILDFIRE,,,,,0.0,0.0,0.0,0.0,unknown
103,26.89484,80.18366499999999,10,6,765.00625,836.3348577029577,0.0078430731775067,1.0,0.0130717886291778,0.0011942653417573,25.291856973733296,4.883000000000001,10.93,325.494,346.56,48.0,2,WILDFIRE,,,,,0.0,0.0,0.0,0.0,unknown
107,22.67542733333333,81.14228599999998,15,5,765.0027777777777,186.0243781638213,0.0065359239799419,1.0,0.0196077719398259,0.0053468965373276,25.35203507999438,6.389333333333334,12.85,340.30333333333334,367.0,52.0,2,WILDFIRE,,,,,0.0,0.0,0.0,0.0,unknown
110,23.26502625,83.9497975,16,8,765.0027777777777,550.3053797120749,0.0104574783679071,1.0,0.0209149567358143,0.0018138767311181,25.40228927749911,3.580625,11.71,320.595,348.17,48.75,2,WILDFIRE,,,,,,,,,unknown
112,22.828774,82.628145,10,6,770.0076388888889,334.81016131467084,0.0077921304893259,1.0,0.0129868841488765,0.0029778729627628,25.325788584307222,4.598000000000001,12.52,331.085,347.39,46.0,2,WILDFIRE,,,,,0.0,0.0,0.0,0.0,unknown
116,23.830425,79.111643,10,6,780.0166666666667,1073.3584081903766,0.0076921433302707,1.0,0.0128202388837845,0.000930788080008,25.281430658717746,5.457,18.05,334.92400000000004,367.0,49.0,2,WILDFIRE,,,,,,,,,unknown
117,22.321418,81.88827699999999,10,4,765.0027777777777,556.2416891227754,0.0052287391839535,1.0,0.0130718479598839,0.0017945534577181,25.22543286457268,6.664,11.92,345.669,367.0,47.0,2,WILDFIRE,,,,,0.0,0.0,0.0,0.0,unknown
118,23.918586923076923,83.23866461538462,13,5,772.0520833333334,440.3929597247205,0.0064762470148548,1.0,0.0168382422386227,0.0022655549391264,25.281694114824734,10.547692307692309,26.73,341.5307692307692,354.75,46.92307692307692,2,WILDFIRE,,,,,,,,,unknown
123,25.310053076923076,83.46046076923076,13,5,771.5138888888889,190.66550814820272,0.0064807647302381,1.0,0.0168499882986192,0.0052174228407688,25.340896369469075,5.5030769230769225,9.06,337.3007692307692,367.0,49.23076923076923,2,WILDFIRE,,,,,,,,,unknown
130,25.32317230769231,82.43482692307693,13,6,781.9909722222222,397.4439623063326,0.0076727228486404,1.0,0.0166242328387209,0.0025097632154134,25.32193753186428,7.101538461538461,14.17,344.21000000000004,355.83,43.84615384615385,2,WILDFIRE,,,,,,,,,unknown
131,28.32053882352941,78.02720588235294,17,4,775.0138888888889,662.4857381286382,0.0051611978279959,1.0,0.0219350907689826,0.0015071914022153,25.239817489806644,3.9629411764705886,9.98,329.2811764705882,348.43,48.8235294117647,2,WILDFIRE,,,,,,,,,unknown
132,27.729520999999995,76.89807950000001,20,5,765.075,598.9123482663911,0.0065353069960461,1.0,0.0261412279841845,0.0016669101792783,25.294750483427407,10.77,27.4,347.331,367.0,54.5,2,WILDFIRE,,,,,,,,,unknown
133,29.54790428571428,76.08742499999998,14,5,778.04375,238.28018316770624,0.0064263738382321,1.0,0.0179938467470498,0.0041792010803465,25.321359853621523,7.852857142857142,12.48,344.67857142857144,367.0,49.285714285714285,2,WILDFIRE,,,,,,,,,unknown
136,29.543777222222225,76.58768916666665,36,5,765.5902777777778,344.14677374517447,0.0065309084312213,1.0,0.0470225407047938,0.0028973181152732,25.37142996700409,5.778055555555556,12.58,335.7766666666666,367.0,45.833333333333336,2,WILDFIRE,,,,,,,,,unknown
138,28.791782380952377,77.51633333333334,21,6,771.0631944444444,762.9219543722711,0.0077814633654288,1.0,0.027235121779001,0.0013090342465961,25.327712390342295,4.890952380952381,13.38,329.6166666666667,354.13,50.0,2,WILDFIRE,,,,,,,,,unknown
139,28.81304732394366,78.63315211267607,71,6,765.0736111111111,915.8231117128934,0.007842382632027,1.0,0.0928015278123201,0.0010907229401445,25.489089757294508,3.757605633802817,17.96,324.9738028169014,367.0,50.563380281690144,2,WILDFIRE,,,,,,,,,unknown
140,30.00896789473684,79.04880999999997,38,5,765.075,426.1348991833962,0.0065353069960461,1.0,0.0496683331699506,0.0023411807415217,25.36705365763669,8.162894736842102,33.12,327.22710526315785,367.0,53.1578947368421,2,WILDFIRE,,,,,,,,,unknown
141,29.869466363636363,78.76775181818182,33,6,768.0347222222222,403.80930034947966,0.0078121468032586,1.0,0.0429668074179227,0.0024702989756823,25.391187402156213,4.211818181818182,26.39,316.81757575757575,367.0,50.90909090909091,2,WILDFIRE,,,,,,,,,unknown
142,30.626097027027036,76.69100837837837,37,8,768.0361111111112,327.706749615993,0.0104161769014043,1.0,0.0481748181689952,0.0030422253305362,25.493766859075347,6.404594594594594,22.93,332.86729729729734,367.0,48.108108108108105,2,WILDFIRE,,,,,,,,,unknown
144,29.893926000000004,76.53276133333334,15,5,765.5902777777778,211.89183910349576,0.0065309084312213,1.0,0.0195927252936641,0.0046972209184301,25.338853484539403,6.739333333333334,16.03,337.14,367.0,49.333333333333336,2,WILDFIRE,,,,,,,,,unknown
147,27.870151111111113,77.87979777777778,18,8,809.5743055555556,617.562368194421,0.0098817365436396,1.0,0.0222339072231891,0.0016166518550408,25.38436990146798,11.116111111111111,30.17,333.80333333333334,367.0,55.55555555555556,2,WILDFIRE,,,,,,,,,unknown
151,26.083702702702706,79.86775486486485,37,12,826.5625,844.8939177952182,0.0145179584120983,1.0,0.0447637051039697,0.0011821813338089,25.571091641799057,7.43108108108108,45.88,333.77513513513514,367.0,51.891891891891895,2,WILDFIRE,,,,,,,,,unknown
152,26.059079,81.93194333333334,30,17,815.4958333333333,590.7845410045534,0.0208462131934048,1.0,0.036787435047185,0.0016898041951256,25.751151067322624,4.778999999999999,14.06,326.55100000000004,354.3,45.333333333333336,2,WILDFIRE,,,,,,,,,unknown
154,28.062384166666664,75.97641361111113,36,7,766.5770833333333,695.837181502316,0.0091315017787404,1.0,0.046962009147808,0.001435055457064,25.420051185373016,9.509722222222225,36.95,338.8177777777778,367.0,49.72222222222222,2,WILDFIRE,,,,,,,,,unknown
158,30.61935944444445,77.85993555555555,18,6,765.5902777777778,383.43534227081057,0.0078370901174656,1.0,0.0235112703523969,0.0026012176562465,25.34591523252989,2.552777777777778,5.65,313.81,347.89,50.0,2,WILDFIRE,,,,,,,,,unknown
159,29.620629411764703,76.69376058823529,17,7,767.5652777777777,245.2960404595854,0.0091197455156727,1.0,0.0221479533952052,0.0040601545933666,25.41016534082553,4.925294117647059,10.12,324.9970588235294,354.64,50.0,2,WILDFIRE,,,,,,,,,unknown
160,28.688379374999997,75.9458025,16,7,766.0618055555556,312.88724921760735,0.009137643920158,1.0,0.0208860432460754,0.003185857350028,25.39006157272049,5.975625,19.21,327.03812500000004,350.93,46.25,2,WILDFIRE,,,,,,,,,unknown
161,28.973916666666668,75.67232416666668,12,5,766.5770833333333,334.3817543533835,0.0065225012705288,1.0,0.0156540030492693,0.0029816768116321,25.294443581971688,8.023333333333333,28.09,330.1575,367.0,50.0,2,WILDFIRE,,,,,,,,,unknown
162,29.250163589743597,76.33397435897437,39,16,823.5993055555556,792.5522765772425,0.0194269226456028,1.0,0.0473531239486569,0.0012601564251232,25.726393617742193,9.264871794871793,35.32,333.4361538461539,367.0,49.743589743589745,2,WILDFIRE,,,,,,,,,unknown
163,29.151119523809523,78.68820333333332,21,4,765.5902777777778,734.5268514905414,0.005224726744977,1.0,0.0274298154111297,0.0013595696716897,25.252507734310935,6.073809523809525,12.4,329.12666666666667,367.0,51.42857142857143,2,WILDFIRE,,,,,,,,,unknown
164,30.11641935483871,77.84030419354839,31,8,768.5506944444444,839.9853667030932,0.0104092027472343,1.0,0.0403356606455332,0.0011890813319621,25.436896860670107,3.571935483870967,10.9,322.1335483870968,367.0,49.03225806451613,2,WILDFIRE,,,,,,,,,unknown
165,29.38363740740741,78.88726962962964,27,4,765.5902777777778,740.9260410701644,0.005224726744977,1.0,0.0352669055285954,0.0013478432412988,25.27186593099678,3.806296296296296,13.16,324.0459259259259,367.0,51.48148148148148,2,WILDFIRE,,,,,,,,,unknown
167,30.15499149999999,76.45998725000001,40,7,767.0486111111111,828.8355842719034,0.0091258883708297,1.0,0.0521479335475985,0.001205057988538,25.42824764476465,7.625249999999999,21.26,336.71975000000003,367.0,50.0,2,WILDFIRE,,,,,,,,,unknown
168,29.78189375,75.90028187499999,16,8,768.5506944444444,622.7964961256297,0.0104092027472343,1.0,0.0208184054944687,0.0016030869140993,25.396383834435188,6.460625,21.26,332.1775,367.0,51.25,2,WILDFIRE,,,,,,,,,unknown
169,31.215172941176473,76.80886294117647,17,6,768.0361111111112,323.6518628070098,0.0078121326760532,1.0,0.0221343759154842,0.0030802225847521,25.351304371765348,7.225882352941177,25.16,338.77941176470586,367.0,55.88235294117647,2,WILDFIRE,,,,,,,,,unknown
172,27.305629230769227,78.95858307692309,13,3,765.59375,711.1432135431772,0.003918527286828,1.0,0.0169802849095881,0.0014042119351592,25.188090769582,8.702307692307691,14.8,337.4369230769231,367.0,50.76923076923077,2,WILDFIRE,,,,,,,,,unknown
180,26.757974166666667,79.97394416666667,12,5,774.0229166666667,733.8776654935012,0.0064597570593032,1.0,0.0155034169423278,0.001360770706412,25.25976666826316,4.855,6.9,341.2775,367.0,52.5,2,WILDFIRE,,,,,,,,,unknown
182,29.037097333333335,78.54275666666666,15,3,766.0618055555556,428.16029136901614,0.0039161331086391,1.0,0.0195806655431957,0.0023301317016306,25.213038291149775,9.989333333333333,17.16,353.74133333333333,367.0,64.0,2,WILDFIRE,,,,,,,,,unknown
201,27.58072363636364,72.95767454545454,11,6,798.0597222222223,451.28369758835873,0.0075182343287452,1.0,0.0137834296026996,0.0022110016463828,25.30422563679676,8.868181818181817,21.12,341.38181818181823,355.09,46.36363636363637,2,WILDFIRE,,,,,,,,,unknown
206,27.546542,74.05340866666667,15,7,793.0548611111111,633.2924552092506,0.0088266276940697,1.0,0.0189142022015781,0.0015765598215575,25.34361553275719,4.699333333333334,8.02,332.76733333333334,367.0,48.0,2,WILDFIRE,,,,,,,,,unknown
210,27.239147142857146,73.83435285714287,7,4,782.0597222222223,438.16214222868825,0.0051146988987413,1.0,0.0089507230727974,0.0022770633072448,25.22135904078914,5.604285714285715,8.64,341.9842857142857,345.46,47.142857142857146,2,WILDFIRE,,,,,,,,,unknown
211,27.789709166666665,75.29173249999998,12,4,782.0597222222223,718.4636142076902,0.0051146988987413,1.0,0.0153440966962241,0.0013899243551062,25.219599695804927,6.928333333333334,15.31,328.755,349.16,46.666666666666664,2,WILDFIRE,,,,,,,,,unknown
218,30.2068925,74.54469125,8,5,774.0256944444444,77.9096926956862,0.0064597338769079,1.0,0.0103355742030527,0.0126727144136333,25.473085240087535,7.953749999999999,11.62,343.2925,350.81,42.5,2,WILDFIRE,,,,,,,,,unknown
219,31.455733846153844,75.93720230769232,13,5,766.5763888888889,112.6658192188704,0.0065225071792874,1.0,0.0169585186661472,0.0087977195508039,25.41402590306007,3.2361538461538464,8.11,324.9353846153847,351.74,46.92307692307692,2,WILDFIRE,,,,,,,,,unknown
221,30.19507714285714,76.98830857142858,7,2,766.0611111111111,47.28998327536183,0.0026107577724434,1.0,0.009137652203552,0.0207082283358381,25.515331430398945,4.978571428571428,6.61,341.23428571428576,352.11,44.285714285714285,2,WILDFIRE,,,,,,,,,unknown
222,32.08224130434782,75.59357913043479,23,5,767.0479166666667,192.91751991783005,0.0065184975949459,1.0,0.0299850889367515,0.0051568316283321,25.373654282756902,8.693478260869568,23.72,338.2517391304347,367.0,48.26086956521739,2,WILDFIRE,,,,,,,,,unknown
233,28.96664793103448,76.71892827586208,29,9,783.5645833333333,1154.2509639117493,0.0114859708968894,1.0,0.037010350667755,0.0008656127813249,25.45441725920257,5.888275862068965,14.44,337.0275862068966,367.0,43.10344827586207,2,WILDFIRE,,,,,,,,,unknown
239,31.734978888888893,74.50249666666667,9,4,768.0354166666667,158.6677764006694,0.0052080931597663,1.0,0.0117182096094743,0.0062630044868327,25.310798408553335,4.855555555555556,12.29,334.2022222222222,355.51,43.333333333333336,2,WILDFIRE,,,,,,,,,unknown
241,31.07518368421053,74.56830631578947,19,4,767.5631944444444,201.51677711751137,0.0052112972963681,1.0,0.0247536621577485,0.0049378625032124,25.316980324349664,5.523157894736842,10.18,335.87315789473683,367.0,44.21052631578947,2,WILDFIRE,,,,,,,,,unknown
243,31.18098368421053,77.47724157894739,19,4,767.0479166666667,241.29702166891303,0.0052147980759567,1.0,0.0247702908607947,0.0041271658772861,25.300912986976417,3.428421052631579,8.09,323.30105263157895,354.56,50.0,2,WILDFIRE,,,,,,,,,unknown
245,30.892595,77.546053,10,3,767.0479166666667,309.50473902416365,0.0039110985569675,1.0,0.0130369951898919,0.0032205627622391,25.21433669992854,4.275,10.74,326.009,351.79,46.0,2,WILDFIRE,,,,,,,,,unknown
247,30.333698571428577,76.63682428571428,7,2,766.5763888888889,120.22739129701104,0.0026090028717149,1.0,0.0091315100510023,0.0082489608107623,25.266078077494203,4.695714285714286,8.29,331.0785714285715,348.21,44.285714285714285,2,WILDFIRE,,,,,,,,,unknown
248,30.3683004347826,78.54863739130434,23,4,766.5763888888889,196.7132684104783,0.0052180057434299,1.0,0.0300035330247221,0.0050578294923731,25.332705594712166,2.4395652173913045,9.18,317.0530434782609,349.86,49.130434782608695,2,WILDFIRE,,,,,,,,,unknown
249,30.77297384615385,78.1603046153846,13,3,766.5763888888889,146.85826063021943,0.0039135043075724,1.0,0.0169585186661472,0.0067632338953378,25.295066103799297,2.8699999999999997,8.06,318.1769230769231,342.69,50.0,2,WILDFIRE,,,,,,,,,unknown
251,30.415348749999996,78.40204125,24,6,767.0479166666667,337.6111575853283,0.0078221971139351,1.0,0.0312887884557407,0.0029532399556207,25.37195268366983,7.300833333333333,24.29,321.78749999999997,367.0,51.666666666666664,2,WILDFIRE,,,,,,,,,unknown
253,30.641568999999997,75.895815,10,3,767.0479166666667,346.29930959829903,0.0039110985569675,1.0,0.0130369951898919,0.0028793607483891,25.20751265965154,7.061999999999999,15.72,343.005,367.0,52.0,2,WILDFIRE,,,,,,,,,unknown
254,30.4799876,78.0995376,25,5,768.0340277777777,117.43681710342096,0.0065101282224004,1.0,0.0325506411120022,0.0084433204509944,25.445546858471907,3.2636000000000003,8.06,323.5252,343.29,48.4,2,WILDFIRE,,,,,,,,,unknown
260,28.10636962962963,74.69719185185184,27,9,807.6,798.6960448885873,0.0111441307578008,1.0,0.0334323922734026,0.0012504751103768,25.442914405625068,10.213333333333331,67.36,338.19481481481483,367.0,48.148148148148145,2,WILDFIRE,,,,,,,,,unknown
262,27.089764545454543,76.97224818181819,11,5,799.5659722222222,748.2533892310527,0.006253392682662,1.0,0.0137574639018564,0.0013346619639936,25.248688679514373,4.3172727272727265,7.18,331.77818181818185,346.61,50.0,2,WILDFIRE,,,,,,,,,unknown
263,27.4878232,77.1874556,50,10,778.5618055555556,1023.7557206919262,0.0128441954494085,1.0,0.0642209772470429,0.0009758423200846,25.565395153001553,4.4558,19.4,323.5648,349.64,46.8,2,WILDFIRE,,,,,,,,,unknown
264,22.380016470588235,77.87938411764706,17,7,799.0430555555556,1178.0540698237269,0.0087604791147744,1.0,0.0212754492787379,0.0008481375244729,25.33296574712953,8.323529411764707,13.35,343.7258823529412,367.0,50.0,2,WILDFIRE,,,,,,,,,unknown
268,27.081599,78.584475,10,3,767.0444444444445,791.8354496405581,0.0039111162615522,1.0,0.0130370542051742,0.0012612957713398,25.175152038786297,6.797,14.34,343.195,355.5,44.0,2,WILDFIRE,,,,,,,,,unknown
270,25.645865714285716,78.34127714285715,7,4,769.0180555555555,584.8008629730537,0.005201438342186,1.0,0.0091025170988255,0.0017070647436823,25.212940737886285,8.935714285714285,17.28,341.3614285714285,346.55,41.42857142857143,2,WILDFIRE,,,,,,,,,unknown
272,25.031323333333333,79.21412888888888,9,2,767.0444444444445,685.2529058760606,0.0026074108410348,1.0,0.0117333487846568,0.0014571887294574,25.13669947178184,3.931111111111111,7.28,329.3277777777778,350.93,50.0,2,WILDFIRE,,,,,,,,,unknown
273,27.83155153846154,80.25119923076923,13,4,770.00625,862.2512040280624,0.0051947630295208,1.0,0.0168829798459428,0.0011584113585174,25.22121856767083,7.785384615384616,15.25,345.4792307692308,367.0,59.23076923076923,2,WILDFIRE,,,,,,,,,unknown
275,26.15193,78.06926999999999,7,2,767.0444444444445,574.5239070986152,0.0026074108410348,1.0,0.0091259379436219,0.0017375472811221,25.135788115712543,2.912857142857143,5.16,327.0942857142857,348.51,47.142857142857146,2,WILDFIRE,,,,,0.0,0.0,0.0,0.0,unknown
280,25.22257142857143,79.60429857142857,7,2,767.0444444444445,773.5766441658183,0.0026074108410348,1.0,0.0091259379436219,0.0012910278247247,25.126857726584596,9.13142857142857,13.56,345.8971428571428,367.0,54.285714285714285,2,WILDFIRE,,,,,,,,,unknown
282,25.74344875,78.88065,8,3,771.0625,765.7178345110366,0.0038907351868363,1.0,0.0103752938315635,0.0013042607788531,25.168745505761063,6.699999999999999,9.36,337.25375,348.16,45.0,2,WILDFIRE,,,,,,,,,unknown
283,24.814846666666668,77.23180916666666,12,5,767.0444444444445,699.014991732336,0.0065185271025871,1.0,0.0156444650462091,0.0014285408338545,25.26323779237023,6.539166666666667,16.63,335.80833333333334,355.07,46.666666666666664,2,WILDFIRE,,,,,,,,,unknown
284,28.760434583333332,76.33194041666667,48,4,773.0375,1221.0277625128722,0.0051743932215448,1.0,0.0620927186585385,0.0008183120144043,25.32682983358079,10.183750000000002,18.38,347.7208333333333,367.0,53.125,2,WILDFIRE,,,,,,,,,unknown
287,27.85816,77.41648000000002,9,2,767.0458333333333,487.48774326007816,0.0026074061197994,1.0,0.0117333275390975,0.0020471342706086,25.148498187853903,12.788888888888888,16.28,351.42333333333335,367.0,56.666666666666664,2,WILDFIRE,,,,,,,,,unknown
290,27.286475555555555,77.65603999999999,9,3,768.0326388888889,690.4829582419721,0.0039060839970812,1.0,0.0117182519912438,0.0014461672382243,25.17540149465504,4.801111111111111,9.55,333.44888888888886,346.23,50.0,2,WILDFIRE,,,,,,,,,unknown
291,31.07469,76.058025,8,2,767.0479166666667,222.7953840139829,0.0026073990379783,1.0,0.0104295961519135,0.0044683674080494,25.19366330968013,9.16125,20.06,345.98625000000004,367.0,51.25,2,WILDFIRE,,,,,,,,,unknown
292,30.643608181818184,76.31452545454546,11,3,767.0479166666667,158.91141836033805,0.0039110985569675,1.0,0.0143406947088811,0.0062534621370604,25.27825393622244,11.57181818181818,17.1,344.4490909090909,354.95,39.09090909090909,2,WILDFIRE,,,,,,,,,unknown
296,30.45127153846154,78.13925692307693,13,2,767.5645833333333,146.96519980405893,0.002605643933328,1.0,0.0169366855666325,0.0067583458902785,25.255677949721996,5.688461538461539,12.0,331.61769230769227,347.19,50.0,2,WILDFIRE,,,,,,,,,unknown
298,30.188120909090912,76.80478363636364,11,4,768.0340277777777,132.58410042966688,0.0052081025779203,1.0,0.0143222820892809,0.007485920830275,25.34176719916631,8.41,19.33,339.71363636363634,367.0,43.63636363636363,2,WILDFIRE,,,,,,,,,unknown
299,30.551289696969697,78.36737696969695,33,5,768.0354166666667,420.5993853964641,0.0065101164497079,1.0,0.0429667685680727,0.002371919966296,25.350158814237343,4.337575757575758,14.05,325.40878787878785,367.0,47.878787878787875,2,WILDFIRE,,,,,,,,,unknown
301,30.25709428571428,76.57353642857142,14,2,767.5631944444444,239.2709550122184,0.002605648648184,1.0,0.0182395405372883,0.004161967891413,25.207007668617003,12.616428571428573,28.52,341.5057142857142,367.0,47.857142857142854,2,WILDFIRE,,,,,,,,,unknown
302,30.713623333333334,75.6095677777778,9,3,767.5631944444444,256.79440937049634,0.003908472972276,1.0,0.0117254189168282,0.0038790600713253,25.22414893788686,8.0,14.08,343.3511111111111,353.81,45.55555555555556,2,WILDFIRE,,,,,,,,,unknown
305,31.473514,76.806139,10,4,768.55,319.96184871759397,0.0052046060763775,1.0,0.0130115151909439,0.0031156350949357,25.2509796721674,2.1599999999999997,3.47,320.06399999999996,339.53,50.0,2,WILDFIRE,,,,,,,,,unknown
306,31.151597142857145,75.74999000000001,7,2,767.5631944444444,237.47952567828733,0.002605648648184,1.0,0.0091197702686441,0.004193232090494,25.184833526927015,4.58,11.62,330.5671428571428,367.0,51.42857142857143,2,WILDFIRE,,,,,,,,,unknown
307,30.872823888888888,78.43038777777778,18,4,768.0354166666667,473.7609726686976,0.0052080931597663,1.0,0.0234364192189487,0.0021063230921843,25.256960304684057,4.183888888888889,15.04,322.46,367.0,49.44444444444444,2,WILDFIRE,,,,,,,,,unknown
311,30.353437164179105,78.22429089552237,67,5,768.0354166666667,499.8270063679723,0.0065101164497079,1.0,0.0872355604260871,0.0019966974370093,25.453326343296645,6.161791044776119,47.78,330.07268656716417,367.0,51.343283582089555,2,WILDFIRE,,,,,,,,,unknown
312,31.056420999999993,75.421123,10,4,771.58125,260.97267822121876,0.005184159153686,1.0,0.012960397884215,0.0038171919560083,25.264269608441285,4.273000000000001,8.94,336.973,367.0,47.0,2,WILDFIRE,,,,,,,,,unknown
313,21.162648571428573,78.63118,7,2,767.4986111111111,1168.695794370357,0.0026058679078319,1.0,0.0091205376774116,0.0008549231388305,25.118075844205094,10.68142857142857,22.33,333.5942857142857,367.0,54.285714285714285,2,WILDFIRE,,,,,,,,,unknown
320,18.336118000000003,78.40439899999998,10,2,767.4979166666667,888.8334250155524,0.002605870265663,1.0,0.0130293513283152,0.0011238058403824,25.13322560309833,5.197000000000001,8.38,337.696,367.0,53.0,2,WILDFIRE,,,,,,,,,unknown
321,20.34088571428572,78.41101,7,4,810.49375,889.9914601376248,0.004935263226891,1.0,0.0086367106470592,0.0011223452128772,25.192096577681923,2.367142857142857,3.21,325.0414285714286,343.48,47.142857142857146,2,WILDFIRE,,,,,,,,,unknown
322,19.165084347826085,78.29429739130434,23,9,818.5277777777778,1026.8323271221764,0.0109953507313265,1.0,0.0280992296467234,0.0009729213351363,25.41956702275933,5.72608695652174,15.13,331.89434782608697,354.84,48.26086956521739,2,WILDFIRE,,,,,,,,,unknown
327,21.34561,80.96788214285714,14,6,811.5506944444444,354.6073708317582,0.0073932534850547,1.0,0.0172509247984611,0.0028120901927904,25.32116672040361,3.7771428571428585,10.45,317.5935714285714,349.51,50.0,2,WILDFIRE,,,,,,,,,unknown
333,18.9958375,79.979465,8,5,795.48125,251.538709441756,0.0062855032723901,1.0,0.0100568052358242,0.003959788985263,25.29290289096653,7.11875,15.15,331.865,350.09,50.0,2,WILDFIRE,,,,,,,,,unknown
339,21.62620857142857,81.00714714285714,7,4,773.4875,225.02463002173872,0.0051713828600979,1.0,0.0090499200051713,0.0044242965906141,25.26625221762815,14.86857142857143,36.59,337.39285714285717,367.0,51.42857142857143,2,WILDFIRE,,,,,0.0,0.0,0.0,0.0,unknown
348,21.150448372093024,72.97604209302325,43,7,777.9722222222222,468.3346301907177,0.0089977505623594,1.0,0.0552718963116363,0.0021306759307184,25.45072577626424,6.924418604651163,25.8,325.0086046511628,349.08,47.674418604651166,2,WILDFIRE,,,,,,,,,unknown
354,23.321892857142853,79.32924285714286,7,5,773.9534722222222,405.09146945383463,0.0064603366732675,1.0,0.0090444713425746,0.0024624994003073,25.26567126656061,7.938571428571429,21.6,339.5442857142857,351.21,35.714285714285715,2,WILDFIRE,,,,,,,,,unknown
357,23.845685714285715,80.21683142857141,7,3,767.9638888888888,377.8048499101933,0.0039064336792456,1.0,0.0091150119182397,0.0026398817233651,25.19277817464027,12.344285714285714,20.88,345.6728571428572,350.24,50.0,2,WILDFIRE,,,,,,,,,unknown
358,24.63660666666667,78.71778583333334,12,6,772.96875,406.161801740106,0.0077622801697998,1.0,0.0155245603395997,0.0024560260705357,25.32080032735371,12.759166666666664,29.35,344.20166666666665,367.0,51.666666666666664,2,WILDFIRE,,,,,,,,,unknown
360,26.452332916666663,77.159145,48,4,767.9652777777778,536.8074508602331,0.0052085688191197,1.0,0.0625028258294374,0.0018594015356248,25.34970215985969,6.46125,20.41,337.5664583333333,355.76,45.833333333333336,2,WILDFIRE,,,,,,,,,unknown
362,28.01645285714286,77.55953714285715,7,3,767.9652777777778,426.051302260683,0.0039064266143398,1.0,0.0091149954334596,0.0023416390365895,25.186813067745632,7.964285714285714,9.36,339.4057142857143,355.81,50.0,2,WILDFIRE,,,,,,,,,unknown
364,29.8843668627451,79.32702882352942,51,4,767.9645833333333,236.09257178761845,0.0052085735290527,1.0,0.0664093124954221,0.0042177618322676,25.40663572375549,6.304117647058822,20.21,331.5001960784313,367.0,53.333333333333336,2,WILDFIRE,,,,,,,,,unknown
366,31.21005818181818,76.9728418181818,11,3,786.9958333333333,324.09276058881875,0.0038119642734237,1.0,0.0139772023358869,0.0030760451207488,25.210822836457403,2.681818181818182,7.19,316.88454545454545,338.61,50.0,2,WILDFIRE,,,,,,,,,unknown
371,31.469219090909096,76.84287090909092,11,3,768.4805555555556,330.02078860747855,0.003903807296505,1.0,0.014313960087185,0.0030209583035758,25.213318285184627,8.412727272727272,21.76,326.93636363636364,367.0,52.72727272727273,2,WILDFIRE,,,,,,,,,unknown
372,31.10229,74.17039714285715,7,2,768.4805555555556,256.39507834289816,0.00260253819767,1.0,0.009108883691845,0.0038850781702508,25.17854991856473,6.177142857142857,7.37,339.9871428571428,367.0,48.57142857142857,2,WILDFIRE,,,,,,,,,unknown
373,28.1564853125,77.9680009375,32,8,826.4923611111111,974.1189260230044,0.0096794603028696,1.0,0.0387178412114785,0.0010255159379158,25.407688730873097,5.749375,44.05,316.8878125,367.0,50.3125,2,WILDFIRE,,,,,,,,,unknown
374,27.952134210526317,79.54182315789474,19,7,811.4791666666666,440.9218689987747,0.0086262226900464,1.0,0.0234140330158404,0.002262843434894,25.362578631938877,2.4626315789473683,6.97,314.171052631579,342.26,48.94736842105263,2,WILDFIRE,,,,,,,,,unknown
377,27.54245157894737,81.56863526315787,19,10,817.4701388888889,388.6676921645261,0.0122328627362365,1.0,0.0232424391988494,0.0025662892256866,25.47641776459795,3.633157894736842,15.45,314.46999999999997,367.0,51.578947368421055,2,WILDFIRE,,,,,,,,,unknown
382,23.93020153846154,80.00145846153845,13,8,822.4756944444445,722.4156915188163,0.0097267312019521,1.0,0.0158059382031721,0.0013823310880919,25.35896340332833,2.856923076923077,9.46,316.3507692307692,340.91,50.0,2,WILDFIRE,,,,,,,,,unknown
384,26.98065267857143,78.39159,56,12,827.4791666666666,1318.1599351226123,0.0145018756766283,1.0,0.0676754198242654,0.0007580581955038,25.61940598376959,4.727857142857142,15.88,325.5239285714285,367.0,52.142857142857146,2,WILDFIRE,,,,,0.0,0.0,0.0,0.0,unknown
386,25.103588,78.05470866666666,15,6,794.49375,1117.6869153592393,0.0075519788544592,1.0,0.018879947136148,0.0008939051545792,25.29163733656573,3.9766666666666666,11.89,320.8786666666666,353.25,50.0,2,WILDFIRE,,,,,,,,,unknown
387,24.34251375,75.9523475,8,4,809.5055555555556,1030.6612197487084,0.0049412878917857,1.0,0.0098825757835715,0.0009693104488734,25.19233128518997,11.2575,21.3,333.28499999999997,367.0,53.75,2,WILDFIRE,,,,,,,,,unknown
393,25.112867142857144,77.61227285714286,7,5,770.9930555555555,719.5250649464398,0.0064851427181755,1.0,0.0090791998054457,0.0013878767702194,25.24500981646327,5.9,10.24,337.1457142857143,343.7,44.285714285714285,2,WILDFIRE,,,,,,,,,unknown
395,24.88178142857143,78.98211428571427,7,2,768.9486111111111,742.3735154170151,0.0026009540443932,1.0,0.0091033391553762,0.0013452187618481,25.127691344457205,6.802857142857142,7.4,344.8200000000001,349.79,50.0,2,WILDFIRE,,,,,,,,,unknown
397,24.661288571428567,77.29375857142858,7,2,768.9486111111111,793.2294064541292,0.0026009540443932,1.0,0.0091033391553762,0.0012590820635369,25.12596861049098,6.331428571428572,7.52,341.99285714285713,351.74,50.0,2,WILDFIRE,,,,,,,,,unknown
398,24.854385714285716,79.18938428571428,7,2,768.9486111111111,749.5083087349053,0.0026009540443932,1.0,0.0091033391553762,0.0013324302853963,25.12743557492817,7.192857142857144,12.49,337.0057142857143,343.16,41.42857142857143,2,WILDFIRE,,,,,,,,,unknown
401,26.416407777777778,78.18389555555557,9,4,771.98125,526.2284105769692,0.00518147299562,1.0,0.011658314240145,0.0018967111406338,25.222524198281643,9.44,20.31,331.85888888888894,354.6,50.0,2,WILDFIRE,,,,,0.0,0.0,0.0,0.0,unknown
403,30.445478571428573,75.68203000000001,7,4,777.9736111111112,93.88906611310313,0.0051415625708526,1.0,0.0089977344989922,0.010538622003172,25.3875136534365,13.255714285714287,20.56,350.6642857142857,367.0,58.57142857142857,2,WILDFIRE,,,,,,,,,unknown
406,26.420034999999995,79.24711214285715,14,6,818.4583333333334,678.7456712090325,0.0073308557755943,1.0,0.0171053301430535,0.0014711384600969,25.292111767827404,13.722857142857142,37.1,332.1378571428571,367.0,52.857142857142854,2,WILDFIRE,,,,,,,,,unknown
407,26.657822352941174,80.51568588235294,17,8,816.4819444444445,588.2028978254501,0.0097981346120806,1.0,0.0208210360506713,0.0016972082175608,25.379940792840316,2.554117647058823,9.27,312.7770588235294,349.74,50.0,2,WILDFIRE,10.58,,,13.016,1.0,0.0,0.0,2.0,industrial
408,28.67435684210526,79.88572105263157,19,5,782.4388888888889,864.3772120587579,0.0063902754208706,1.0,0.0242830465993084,0.0011555654413651,25.275527187951692,1.993684210526316,10.97,307.3831578947368,349.15,50.0,2,WILDFIRE,,,,,,,,,unknown
424,28.50707722222222,79.84225777777777,18,6,781.4520833333333,845.1538896864027,0.0076780139537239,1.0,0.0230340418611719,0.0011818181210165,25.31156188568498,2.372222222222222,5.95,318.66611111111115,349.92,46.666666666666664,2,WILDFIRE,,,,,,,,,unknown
428,29.11864178571429,80.02404428571428,28,7,785.4701388888889,760.9461908340377,0.0089118601120878,1.0,0.0356474404483514,0.0013124286360764,25.382722977205045,4.871785714285715,34.3,321.10642857142864,367.0,51.42857142857143,2,WILDFIRE,,,,,,,,,unknown
432,26.254852222222222,78.95457888888888,9,5,769.9368055555556,721.130175481205,0.006494039463917,1.0,0.0116892710350506,0.0013847918754172,25.251740199013483,8.598888888888888,16.45,342.23555555555555,352.68,47.77777777777778,2,WILDFIRE,,,,,0.0,0.0,0.0,0.0,unknown
433,26.02625625,79.35406125,8,3,770.925,692.3798540059506,0.003891429127347,1.0,0.010377144339592,0.0014422109241025,25.17152995315144,6.14625,8.24,342.88374999999996,367.0,51.25,2,WILDFIRE,,,,,,,,,unknown
434,24.574774285714284,79.77833857142856,7,3,769.9368055555556,741.353984624781,0.0038964236783502,1.0,0.0090916552494838,0.0013470662523694,25.16656317352161,25.308571428571437,45.94,342.3257142857143,367.0,54.285714285714285,2,WILDFIRE,,,,,,,,,unknown
436,27.562287142857144,77.28663238095238,21,3,769.9368055555556,882.2389522403834,0.0038964236783502,1.0,0.0272749657484515,0.0011321964429483,25.20772405358061,11.555714285714286,25.61,345.9490476190477,355.89,44.285714285714285,2,WILDFIRE,,,,,,,,,unknown
438,26.59585043478261,73.4126495652174,23,4,770.0076388888889,524.892825540472,0.0051947536595506,1.0,0.0298698335424161,0.0019015281278505,25.26854775619957,15.740434782608697,39.12,347.79782608695655,367.0,48.69565217391305,2,WILDFIRE,,,,,,,,,unknown
439,28.280418571428573,79.48300714285713,7,4,827.4791666666666,554.0483699032883,0.0048339585588761,1.0,0.0084594274780331,0.001801644783092,25.20220022112321,3.397142857142857,7.76,319.80285714285714,343.8,50.0,2,WILDFIRE,,,,,,,,,unknown
440,28.717611249999997,78.35429624999999,8,3,773.4861111111111,156.6756253668876,0.0038785441094611,1.0,0.0103427842918963,0.006342134351287,25.26905597103932,7.68625,19.41,327.71625,350.41,50.0,2,WILDFIRE,,,,,,,,,unknown
449,25.06214058823529,75.62914294117647,17,5,802.9930555555555,649.4789158748275,0.0062267039115808,1.0,0.0211707932993747,0.0015373288443255,25.27047467748237,7.288235294117648,16.19,339.9064705882353,349.15,46.47058823529411,2,WILDFIRE,,,,,,,,,unknown
451,26.295972,78.303545,10,5,770.9930555555555,708.3339379809103,0.0064851427181755,1.0,0.012970285436351,0.0014097732343759,25.255175459823665,8.393,13.44,344.712,367.0,51.0,2,WILDFIRE,,,,,0.0,0.0,0.0,0.0,unknown
454,28.810652857142856,74.45259142857142,7,2,770.9923611111111,563.9938476691702,0.0025940594237765,1.0,0.0090792079832178,0.0017699307773445,25.13591841821823,5.135714285714285,9.75,345.8414285714286,367.0,58.57142857142857,2,WILDFIRE,,,,,,,,,unknown
455,30.6096525,73.920579375,16,5,786.9923611111111,1027.020620406215,0.0063533018197797,1.0,0.0203305658232952,0.0009727431338924,25.260880331829476,4.9468749999999995,7.98,341.5475,348.8,41.25,2,WILDFIRE,,,,,,,,,unknown
456,32.15939428571429,74.90869571428571,14,7,776.9861111111111,112.19886475629364,0.0090091700480846,1.0,0.0180183400961693,0.0088340108547281,25.492001168777524,5.9592857142857145,12.95,340.6414285714286,352.94,44.285714285714285,2,WILDFIRE,,,,,,,,,unknown
457,32.2797865,74.925507,20,6,803.9819444444445,155.14377450588483,0.007462854161664,1.0,0.0248761805388802,0.0064043539562463,25.41416315532205,6.172500000000001,23.16,341.86500000000007,367.0,43.5,2,WILDFIRE,,,,,,,,,unknown
458,31.66853076923077,75.34954307692307,13,4,776.9861111111111,47.392718059550134,0.005148097170334,1.0,0.0167313158035857,0.0206642660321216,25.609556525261414,21.629999999999995,56.9,339.0976923076923,367.0,50.76923076923077,2,WILDFIRE,,,,,,,,,unknown
459,30.590742,76.513322,10,3,782.9756944444445,452.42688895289945,0.003831536561462,1.0,0.0127717885382067,0.0022054272129941,25.19098411244926,9.831,14.58,350.788,367.0,56.0,2,WILDFIRE,,,,,,,,,unknown
460,31.75793142857143,75.43044714285715,7,3,770.99375,155.165561422918,0.0038910821261521,1.0,0.0090791916276882,0.0064034604741813,25.26749965233741,7.897142857142856,14.66,349.18857142857144,367.0,51.42857142857143,2,WILDFIRE,,,,,,,,,unknown
461,31.807487777777776,74.59714333333334,9,4,777.9729166666667,114.08490591110646,0.005141567160382,1.0,0.0115685261108596,0.0086892368037596,25.356953066163808,14.175555555555556,25.45,347.1111111111111,367.0,52.22222222222222,2,WILDFIRE,,,,,,,,,unknown
463,27.900058928571433,78.77362857142857,28,11,819.4423611111112,727.4292286060913,0.0134237629417701,1.0,0.0341695783972332,0.0013728169611117,25.515593173468424,4.4871428571428575,10.43,326.6664285714286,349.78,47.142857142857146,2,WILDFIRE,,,,,,,,,unknown
465,31.719398095238095,75.43090952380952,42,5,772.4972222222223,195.90001022614464,0.0064725151834418,1.0,0.0543691275409116,0.005078719898752,25.431672672330578,9.17904761904762,34.02,330.7997619047619,367.0,49.04761904761905,2,WILDFIRE,,,,,,,,,unknown
467,29.495823500000007,74.7575235,40,13,824.5166666666667,562.0920433713289,0.0157668128802732,1.0,0.0485132704008409,0.0017759085957116,25.629805734324535,15.855250000000002,55.68,335.2015,367.0,47.5,2,WILDFIRE,,,,,,,,,unknown
468,30.69385380952381,77.05635380952381,21,3,771.9111111111112,1102.140246778519,0.0038864578535237,1.0,0.027205204974666,0.0009065030515569,25.202736809073517,8.942380952380953,13.04,352.05380952380955,367.0,57.61904761904762,2,WILDFIRE,,,,,,,,,unknown
471,29.081892222222223,75.80764777777779,27,5,771.9777777777778,2248.1644179474997,0.0064768703762342,1.0,0.0349751000316647,0.0004446095590079,25.290636052546343,10.57962962962963,59.13,347.0718518518518,367.0,44.81481481481482,2,WILDFIRE,,,,,,,,,unknown
473,24.38982727272727,79.95418181818182,11,3,819.5333333333333,789.4659873405476,0.0036606198649638,1.0,0.0134222728382006,0.0012650765700424,25.16867580944527,4.502727272727272,10.41,320.71818181818185,341.75,50.0,2,WILDFIRE,,,,,,,,,unknown
474,28.59276818181818,78.53971,22,5,771.5333333333333,1188.8428865959704,0.0064806013998099,1.0,0.0285146461591635,0.0008404470970624,25.282513599333456,2.7618181818181817,5.81,321.55909090909097,346.02,47.27272727272727,2,WILDFIRE,,,,,,,,,unknown
475,27.369901176470588,79.00677941176471,17,4,771.5333333333333,1442.0584522165211,0.0051844811198479,1.0,0.0220340447593536,0.000692972622463,25.224478997943084,5.847058823529411,16.11,331.1388235294118,367.0,51.76470588235294,2,WILDFIRE,,,,,,,,,unknown
477,29.335618695652176,78.49379478260872,23,4,771.98125,579.8788063893741,0.00518147299562,1.0,0.0297934697248152,0.0017215294980648,25.264358454141934,2.845217391304348,14.39,318.43565217391307,344.46,50.0,2,WILDFIRE,,,,,,,,,unknown
479,30.728922500000003,77.5828825,8,5,780.4875,219.8146259185816,0.0064062525024423,1.0,0.0102500040039078,0.004528685524521,25.308386295573467,4.279999999999999,12.87,327.5675,355.59,47.5,2,WILDFIRE,,,,,,,,,unknown
480,30.73130428571429,76.9869757142857,7,4,791.5520833333334,167.4518517998478,0.005053362986748,1.0,0.0088433852268091,0.0059364144075316,25.292437640820097,2.5471428571428576,5.45,316.2885714285714,346.05,50.0,2,WILDFIRE,,,,,,,,,unknown
481,30.814999090909087,76.9415490909091,11,6,781.5451388888889,162.2950126271839,0.007677099762312,1.0,0.014074682897572,0.0061238857446496,25.38797741500628,3.01,7.46,319.2209090909091,341.83,48.18181818181818,2,WILDFIRE,,,,,,,,,unknown
482,30.824531538461542,77.54684384615383,13,2,771.5361111111112,254.26011905202265,0.0025922312270254,1.0,0.0168495029756654,0.003917572410895,25.198242142467823,2.9223076923076925,7.99,314.39153846153846,341.07,48.46153846153846,2,WILDFIRE,,,,,,,,,unknown
483,30.74097823529412,77.69466352941176,17,6,778.5138888888889,221.19750055735952,0.0077069915972383,1.0,0.0218364761921752,0.0045005006694116,25.375810951785827,9.568823529411766,24.48,330.6047058823529,367.0,50.0,2,WILDFIRE,,,,,,,,,unknown
484,30.788945714285713,76.60089142857143,7,3,773.5097222222222,216.87652465337297,0.0038784257182718,1.0,0.009049660009301,0.0045897556039639,25.230772033650688,6.072857142857144,21.09,316.12142857142857,338.09,44.285714285714285,2,WILDFIRE,,,,,,,,,unknown
485,30.745500714285715,77.20016285714287,14,7,787.5361111111112,167.0842427999993,0.0088884813042082,1.0,0.0177769626084165,0.0059493976552572,25.43008479875243,5.130714285714285,19.82,327.59499999999997,355.03,47.142857142857146,2,WILDFIRE,,,,,,,,,unknown
486,30.45860384615385,77.67570500000001,26,7,782.5319444444444,206.88806087736864,0.0089453217209805,1.0,0.0332254806779276,0.0048102810511561,25.447628974347353,5.5396153846153835,35.54,328.7161538461538,351.76,47.69230769230769,2,WILDFIRE,,,,,,,,,unknown
489,29.288537631578947,78.76269921052634,38,13,798.0604166666667,237.55288928324728,0.0162894935377177,1.0,0.0476154426487134,0.0041919425206065,25.69156226316545,2.9405263157894734,13.01,317.5242105263158,367.0,50.26315789473684,2,WILDFIRE,,,,,,,,,unknown
490,27.637872,80.47440099999999,20,10,784.0354166666667,443.1543331453968,0.0127545258637869,1.0,0.0255090517275739,0.0022514696477646,25.49143779818784,3.4419999999999993,8.54,320.479,346.86,50.0,2,WILDFIRE,,,,,,,,,unknown
491,26.1353,82.8784725,8,5,812.0180555555555,220.86661427156784,0.0061574985504222,1.0,0.0098519976806755,0.0045072126028659,25.29949920277167,1.65,3.52,310.86749999999995,340.92,50.0,2,WILDFIRE,,,,,0.0,0.0,0.0,0.0,unknown
495,26.79788482758621,80.65853724137929,29,9,817.0229166666667,639.0678173102724,0.0110156028875159,1.0,0.035494720415329,0.0015623344479374,25.450451576622555,3.527586206896552,17.85,314.91344827586204,367.0,51.03448275862069,2,WILDFIRE,,,,,0.0,0.0,0.0,0.0,unknown
496,27.266923529411763,76.82701470588233,17,9,805.0402777777778,891.5717830041166,0.0111795648595912,1.0,0.0211169558458945,0.0011203580698398,25.41058649679927,4.602352941176471,10.81,322.52058823529416,353.49,50.0,2,WILDFIRE,,,,,,,,,unknown
501,25.801689,79.89202500000002,10,3,773.5055555555556,898.1313796931456,0.0038784466103094,1.0,0.0129281553676982,0.0011121845178412,25.170917477085354,3.8039999999999994,6.99,324.60499999999996,341.97,50.0,2,WILDFIRE,,,,,,,,,unknown
502,20.958724545454547,81.61955818181818,11,4,793.5222222222222,1187.5350991152588,0.0050408166122911,1.0,0.0138622456838007,0.0008413718709227,25.20270754999669,1.8718181818181816,3.31,315.42545454545456,340.36,50.0,2,WILDFIRE,,,,,0.0,0.0,0.0,0.0,unknown
504,24.51348625,83.71672625,8,4,772.5208333333334,389.63314218348114,0.0051778538874356,1.0,0.0103557077748712,0.0025599466404985,25.23242381887022,2.5900000000000003,6.95,326.775,351.91,47.5,2,WILDFIRE,,,,,,,,,unknown
506,24.640355,83.4208675,8,6,772.5208333333334,394.89089167299136,0.0077667808311534,1.0,0.0103557077748712,0.0025259484899339,25.30941166417046,2.1824999999999997,3.96,317.58375,339.14,50.0,2,WILDFIRE,,,,,,,,,unknown
507,28.58562111111111,79.86555444444444,9,4,781.5444444444445,423.1215020597118,0.0051180710558864,1.0,0.0115156598757446,0.0023578149071517,25.22948757950899,2.687777777777778,5.87,321.58666666666664,334.99,50.0,2,WILDFIRE,,,,,,,,,unknown
508,28.432065,80.06393750000001,8,5,782.53125,498.0473188723487,0.0063895211852561,1.0,0.0102232338964098,0.0020038179991821,25.25732008028235,4.04125,11.49,316.57875,337.91,47.5,2,WILDFIRE,,,,,,,,,unknown
513,29.316162884615384,79.7707076923077,52,8,785.0229166666667,877.1239046483561,0.0101907853008537,1.0,0.0662401044555493,0.0011387914560877,25.49409964928624,4.162115384615385,27.55,325.74038461538464,367.0,52.11538461538461,2,WILDFIRE,,,,,,,,,unknown
514,27.588544444444445,78.26953222222222,9,5,820.0541666666667,394.5500367180152,0.0060971582161747,1.0,0.0109748847891145,0.0025281251603394,25.260914461664814,2.2777777777777777,4.3,306.84888888888895,318.85,50.0,2,WILDFIRE,,,,,,,,,unknown
515,27.9240875,80.63330333333333,12,4,827.0319444444444,734.5193232342616,0.0048365725494279,1.0,0.0145097176482837,0.0013595835872846,25.20856314234924,3.3316666666666666,7.48,319.59,343.9,48.333333333333336,2,WILDFIRE,,,,,,,,,unknown
516,27.01729375,80.267945,8,4,779.0319444444444,619.0883470060566,0.0051345776364184,1.0,0.0102691552728368,0.0016126734276305,25.21196368582726,1.30125,2.95,308.10875,315.86,50.0,2,WILDFIRE,,,,,,,,,unknown
517,24.191294166666665,78.47800416666666,12,5,826.0465277777778,1303.4975450168276,0.0060529278095883,1.0,0.014527026743012,0.0007665786753068,25.23323697465132,1.7141666666666666,2.9,303.7916666666667,313.33,50.0,2,WILDFIRE,,,,,,,,,unknown
518,24.473455,77.45607000000001,8,4,783.0506944444444,1058.7313776782587,0.0051082261064054,1.0,0.0102164522128108,0.0009436353599257,25.1976606209227,1.3112500000000002,2.72,301.51125,307.15,50.0,2,WILDFIRE,,,,,,,,,unknown
519,25.284051428571427,79.00066571428572,7,2,773.5055555555556,684.0863136198486,0.0025856310735396,1.0,0.0090497087573888,0.0014596700884538,25.129386605868746,6.314285714285714,18.18,320.3685714285715,349.3,50.0,2,WILDFIRE,,,,,,,,,unknown
520,25.914624545454547,78.78321000000001,11,4,773.5055555555556,1216.8359304443431,0.0051712621470793,1.0,0.0142209709044681,0.0008211286717703,25.20711286510896,4.750000000000001,17.37,327.7709090909091,367.0,52.72727272727273,2,WILDFIRE,,,,,,,,,unknown
521,29.20041741935484,80.03756741935483,31,5,774.49375,965.9127899207108,0.0064558300179956,1.0,0.0400261461115728,0.0010342194357383,25.314424654533568,5.190967741935483,11.64,325.81548387096774,367.0,53.87096774193548,2,WILDFIRE,,,,,,,,,unknown
522,30.08492583333333,77.86660125,24,9,787.5354166666667,272.1780973658192,0.0114280574683149,1.0,0.0304748199155064,0.003660615582445,25.492241085487116,3.1004166666666664,9.61,320.2091666666667,350.19,49.166666666666664,2,WILDFIRE,,,,,,,,,unknown
523,29.98878,78.91142090909092,11,3,774.0263888888888,106.17849912295472,0.003875836848801,1.0,0.0142114017789373,0.0093302295533435,25.33840820097824,3.899090909090909,10.51,323.56363636363636,367.0,50.90909090909091,2,WILDFIRE,,,,,,,,,unknown
524,30.222295294117643,78.70308411764707,17,5,774.5652777777777,339.82056538914844,0.0064552338498118,1.0,0.0219477950893601,0.0029340952441006,25.30720840809977,4.764117647058823,10.58,322.0235294117647,348.06,47.64705882352941,2,WILDFIRE,,,,,,,,,unknown
525,30.338068,78.55591,10,2,773.5090277777778,55.66713208755981,0.0025856194668416,1.0,0.0129280973342083,0.0176469138839572,25.462827105019915,6.017,15.49,319.59400000000005,367.0,51.0,2,WILDFIRE,,,,,,,,,unknown
526,29.2780625,79.55346375,24,7,828.0180555555555,843.6569019688546,0.0084539219320566,1.0,0.0289848751956227,0.0011839126604767,25.34975809916029,2.00375,5.98,314.6766666666667,342.5,46.666666666666664,2,WILDFIRE,,,,,,,,,unknown
528,28.46335256410256,80.19302525641027,78,13,801.5402777777778,533.9296985123062,0.0162187732300137,1.0,0.0973126393800824,0.001869404526952,25.767232885889666,5.33525641025641,26.5,326.60551282051284,367.0,50.64102564102564,2,WILDFIRE,,,,,,,,,unknown
529,28.210583333333336,79.07630625,24,4,774.49375,1090.576606426515,0.0051646640143965,1.0,0.030987984086379,0.0009161061112088,25.250732002872024,2.9683333333333333,7.21,321.17541666666665,345.08,47.5,2,WILDFIRE,,,,,,,,,unknown
530,29.536449473684204,79.82506473684211,19,4,777.525,93.78504710705477,0.0051445291148194,1.0,0.0244365132953924,0.0105501872976921,25.426430902636906,3.629473684210526,17.68,313.9542105263158,345.1,50.0,2,WILDFIRE,,,,,,,,,unknown
531,29.584902857142858,78.65312571428571,7,3,774.4951388888888,71.49711036048832,0.0038734910645196,1.0,0.0090381458172124,0.0137936532232464,25.414673160943547,4.404285714285714,9.61,320.79571428571427,342.99,50.0,2,WILDFIRE,,,,,,,,,unknown
533,29.981527777777774,78.27554444444445,9,4,774.4965277777778,256.3167485626287,0.0051646454910223,1.0,0.0116204523548003,0.0038862608267281,25.26171571215224,2.6155555555555554,5.47,315.2555555555556,349.8,50.0,2,WILDFIRE,,,,,,,,,unknown
534,30.027022777777777,78.87686388888889,18,5,779.5,373.199353738076,0.0064143681847338,1.0,0.0230917254650416,0.0026723723331172,25.303607805866964,5.7538888888888895,14.48,335.03388888888884,367.0,53.333333333333336,2,WILDFIRE,,,,,,,,,unknown
538,30.2573925,78.14313375,8,4,777.5263888888888,296.2595452053846,0.0051445199251901,1.0,0.0102890398503802,0.0033640635469218,25.24733946832009,3.2562499999999996,7.14,324.34250000000003,338.77,47.5,2,WILDFIRE,,,,,,,,,unknown
542,19.38994142857143,83.77692499999999,14,7,811.0326388888889,1345.111241679408,0.0086309720032845,1.0,0.0172619440065691,0.0007428806543153,25.316941633201267,2.5021428571428572,6.39,313.38499999999993,340.75,50.0,2,WILDFIRE,,,,,,,,,unknown
545,22.879135,79.88260625000001,8,3,775.5493055555555,756.6286520557939,0.0038682260154317,1.0,0.0103152693744845,0.0013199078430924,25.16823311076102,6.157500000000001,11.46,327.76750000000004,348.68,50.0,2,WILDFIRE,,,,,,,,,unknown
546,23.484999411764708,81.27993294117648,17,7,796.5555555555555,1211.4889103722703,0.0087878365183428,1.0,0.0213418886874041,0.0008247498112728,25.333484813494255,4.60470588235294,11.32,325.0270588235294,367.0,51.76470588235294,2,WILDFIRE,,,,,,,,,unknown
547,26.730466,81.949612,10,4,782.5305555555556,826.0510373141547,0.005111621484429,1.0,0.0127790537110726,0.0012091152237079,25.20947858328471,2.982,4.5,323.76899999999995,340.77,50.0,2,WILDFIRE,,,,,,,,,unknown
548,24.201279999999997,82.28489416666666,12,7,801.0222222222222,98.06023927857572,0.0087388337124785,1.0,0.0149808577928202,0.0100948676005901,25.50151450786821,2.8025,7.38,318.05333333333334,350.67,48.333333333333336,2,WILDFIRE,,,,,,,,,unknown
550,23.193780909090908,80.38049818181818,11,6,787.0666666666667,1083.2312070611847,0.0076232424191089,1.0,0.013975944435033,0.0009223125044615,25.282083383750088,3.878181818181818,7.2,319.41363636363633,340.23,50.0,2,WILDFIRE,,,,,,,,,unknown
554,21.11408727272727,83.48241636363636,11,5,776.5361111111112,529.1970140330885,0.0064388505936262,1.0,0.0141654713059777,0.0018860913462964,25.26630102299966,7.804545454545454,33.84,321.93636363636364,346.88,50.0,2,WILDFIRE,,,,,,,,,unknown
557,26.308061428571428,81.77748,7,4,776.5388888888889,896.3783537033736,0.0051510620488349,1.0,0.0090143585854611,0.0011143571670445,25.199354901269594,4.707142857142857,11.54,328.43285714285713,354.21,47.142857142857146,2,WILDFIRE,,,,,,,,,unknown
558,24.521403333333335,84.34412750000001,12,6,789.5083333333333,1130.2054457265235,0.0075996664590831,1.0,0.0151993329181663,0.0008840127173872,25.283668580415657,3.265000000000001,13.82,317.24666666666667,353.8,50.0,2,WILDFIRE,,,,,,,,,unknown
559,25.14017166666667,83.32802583333333,12,5,782.5305555555556,990.3639266382216,0.0063895268555363,1.0,0.0153348644532872,0.0010087113048293,25.250197192895897,5.270833333333334,17.6,322.7908333333334,351.55,45.0,2,WILDFIRE,,,,,,,,,unknown
563,23.431935,78.13115375,8,5,820.0513888888889,780.2991235215497,0.0060971788692104,1.0,0.0097554861907366,0.0012799195210826,25.23290247197481,1.9875,3.51,310.96375,331.42,47.5,2,WILDFIRE,,,,,,,,,unknown
566,23.668649999999996,81.02474285714285,7,5,797.0736111111111,657.664364224179,0.0062729463506263,1.0,0.0087821248908768,0.0015182239306021,25.240508181358024,2.6471428571428572,4.37,312.7214285714286,323.04,50.0,2,WILDFIRE,,,,,,,,,unknown
567,23.687822727272728,78.48491909090909,11,2,777.5229166666667,640.500431653517,0.0025722714496625,1.0,0.0141474929731438,0.0015588454047059,25.143713784016857,2.958181818181818,6.3,319.23818181818183,342.0,50.0,2,WILDFIRE,,,,,,,,,unknown
568,24.372850666666668,83.85888733333331,15,5,784.0340277777777,258.69399918851923,0.0063772742289919,1.0,0.0191318226869759,0.0038506858191747,25.31616149997069,2.6813333333333333,5.21,314.99933333333337,338.1,50.0,2,WILDFIRE,,,,,,,,,unknown
569,26.86157857142857,80.58704857142858,7,2,777.5243055555555,546.2343235729361,0.0025722668548232,1.0,0.0090029339918812,0.0018273707567736,25.13622275575987,3.104285714285715,6.32,319.75999999999993,351.97,47.142857142857146,2,WILDFIRE,,,,,0.0,0.0,0.0,0.0,unknown
572,27.765438888888887,81.32637,9,4,802.5465277777778,699.574389339594,0.0049841347031627,1.0,0.0112143030821162,0.0014274001665157,25.20610780213049,4.535555555555556,7.97,335.0133333333334,344.71,41.111111111111114,2,WILDFIRE,,,,,,,,,unknown
573,27.922141,77.532675,10,3,780.4861111111111,422.6372366735159,0.0038437583414894,1.0,0.0128125278049648,0.002360510156879,25.19455427289468,2.961,9.96,316.51300000000003,345.17,48.0,2,WILDFIRE,,,,,,,,,unknown
577,27.244687777777777,81.32985555555555,9,3,777.5256944444444,771.0198048696521,0.0038583933900005,1.0,0.0115751801700015,0.001295303557878,25.170595823282586,5.438888888888888,8.93,327.28999999999996,338.72,45.55555555555556,2,WILDFIRE,,,,,,,,,unknown
578,27.53194923076923,79.20995846153846,13,6,782.5305555555556,585.670362553266,0.0076674322266436,1.0,0.0166127698243945,0.0017045347163062,25.305645585686413,2.805384615384616,7.09,322.2123076923078,345.04,50.0,2,WILDFIRE,,,,,,,,,unknown
580,26.143156,80.716533,10,5,784.5034722222222,675.2266224573001,0.006373458087874,1.0,0.0127469161757481,0.0014787941893889,25.25264691686337,2.13,5.51,316.21000000000004,341.16,48.0,2,WILDFIRE,,,,,0.0,0.0,0.0,0.0,unknown
581,26.064056666666666,82.97084000000001,9,6,777.5256944444444,833.7236658693708,0.007716786780001,1.0,0.0115751801700015,0.0011980012558509,25.284401578942056,2.8833333333333337,4.11,326.6,340.12,43.333333333333336,2,WILDFIRE,,,,,0.0,0.0,0.0,0.0,unknown
587,26.302015555555556,80.33756,9,5,813.0736111111111,379.61372581096253,0.0061495047086415,1.0,0.0110691084755548,0.002627335621881,25.26470462488576,2.5133333333333336,3.44,323.62333333333333,344.38,41.111111111111114,2,WILDFIRE,,13.833,,12.632,0.0,3.0,0.0,1.0,population
592,23.11993928571429,83.3340292857143,14,3,779.0284722222223,1089.1932623487728,0.0038509503913795,1.0,0.017971101826438,0.0009172685564443,25.178801637436365,2.166428571428571,3.95,311.73857142857145,322.82,50.0,2,WILDFIRE,,,,,,,,,unknown
595,21.41754714285714,84.14437,14,7,785.0215277777778,179.62278184897443,0.0089169529144193,1.0,0.0178339058288387,0.0055364001692551,25.42282135538978,2.806428571428572,5.34,310.25142857142856,330.67,50.0,2,WILDFIRE,,,,,0.0,0.0,0.0,0.0,unknown
601,25.32594,77.90138428571427,7,5,784.5027777777777,629.2769912662981,0.0063734637296801,1.0,0.0089228492215522,0.0015866040072173,25.24524311508863,2.879999999999999,5.5,327.46571428571434,338.3,41.42857142857143,2,WILDFIRE,,,,,,,,,unknown
606,23.64585736842105,81.45091000000001,19,4,780.4854166666667,989.043639770378,0.0051250156820141,1.0,0.0243438244895671,0.0010100564862291,25.234811161408928,2.9515789473684215,9.51,318.36473684210534,341.11,48.94736842105263,2,WILDFIRE,,,,,,,,,unknown
607,22.99398551724138,82.11900275862068,29,7,783.5159722222222,534.5002782337685,0.0089340871764827,1.0,0.0370126468740001,0.0018674126618538,25.39790248571656,3.235862068965517,10.84,315.02482758620687,345.39,47.93103448275862,2,WILDFIRE,,,,,0.0,0.0,0.0,0.0,unknown
608,23.621169473684205,81.55059315789474,19,5,780.4854166666667,937.4269914109406,0.0064062696025176,1.0,0.0243438244895671,0.0010656129982967,25.27435990926538,4.4847368421052645,13.83,318.3931578947369,367.0,48.421052631578945,2,WILDFIRE,,,,,,,,,unknown
609,26.14265909090909,80.76465272727273,11,7,795.4986111111111,765.894048755652,0.0087995125349405,1.0,0.0138278054120493,0.0013039610903521,25.32463411138538,5.011818181818182,8.5,334.76090909090914,346.69,48.18181818181818,2,WILDFIRE,,,,,0.0,0.0,0.0,0.0,unknown
610,25.1448,80.72883555555556,9,5,780.4854166666667,853.1518879224984,0.0064062696025176,1.0,0.0115312852845317,0.0011707519636024,25.244431340558908,5.642222222222222,11.96,326.65555555555557,354.12,50.0,2,WILDFIRE,,,,,0.0,0.0,0.0,0.0,unknown
611,24.007798666666663,81.41456733333332,15,7,780.4854166666667,901.4524783606696,0.0089687774435247,1.0,0.0192188088075529,0.0011080915881759,25.33927217708814,4.998666666666666,17.52,328.50866666666667,350.62,47.333333333333336,2,WILDFIRE,,,,,,,,,unknown
614,25.50273875,78.451775,8,2,780.5548611111111,611.1970987577863,0.0025622798596795,1.0,0.0102491194387183,0.0016334608609369,25.135160411605924,5.592500000000001,15.48,323.06125,367.0,53.75,2,WILDFIRE,,,,,,,,,unknown
616,24.712938571428577,81.60227071428572,14,4,781.0729166666666,638.7445492146569,0.0051211607964471,1.0,0.0179240627875651,0.0015631239081717,25.229707459025764,7.037857142857143,18.51,333.2685714285714,367.0,52.142857142857146,2,WILDFIRE,,,,,,,,,unknown
618,19.315734444444445,82.21887777777778,9,5,782.0611111111111,652.7697786985831,0.0063933622692173,1.0,0.0115080520845912,0.0015295904347102,25.251162806982208,2.6344444444444446,3.9,312.1688888888889,335.44,47.77777777777778,2,WILDFIRE,,,,,0.0,0.0,0.0,0.0,unknown
624,17.490766363636364,79.20380272727272,11,5,815.5118055555556,964.2978920363248,0.0061311190910275,1.0,0.0134884620002605,0.0010359496361174,25.238373720453826,4.359090909090909,8.35,330.70545454545453,356.0,48.18181818181818,2,WILDFIRE,,,,,,,,,unknown
627,16.930204285714286,80.44377142857142,7,3,781.5388888888889,358.9792693832457,0.0038385805782039,1.0,0.0089566880158092,0.0027779377454521,25.19310789229468,3.4871428571428575,7.36,327.5842857142857,345.81,50.0,2,WILDFIRE,,,,,,,,,unknown
628,21.106352857142856,77.74004285714285,7,4,781.5409722222222,675.5675428300044,0.0051180937944001,1.0,0.0089566641402002,0.0014780490293949,25.205495454770404,4.967142857142856,12.53,323.3785714285714,343.45,50.0,2,WILDFIRE,,,,,,,,,unknown
631,19.215248000000003,78.36749900000001,10,6,784.5013888888889,1347.4719979637769,0.0076481700159868,1.0,0.0127469500266446,0.0007415801006695,25.276144077559604,8.852,33.27,330.024,343.32,46.0,2,WILDFIRE,,,,,,,,,unknown
632,18.328877272727272,78.5019490909091,11,4,781.9875,1062.5005981994009,0.0051151712783132,1.0,0.0140667210153615,0.0009402909614654,25.207427760117117,4.104545454545455,11.26,312.1027272727273,343.91,46.36363636363637,2,WILDFIRE,,,,,,,,,unknown
633,14.315793000000005,88.002625,10,3,781.9902777777778,823.0626106423122,0.003836364831191,1.0,0.0127878827706368,0.0012135000266794,25.171330652395913,3.894,10.76,308.841,342.08,50.0,2,WILDFIRE,,,,,,,,,unknown
634,28.079416923076923,77.51265846153846,13,5,802.9979166666667,960.7671394846986,0.0062266662169629,1.0,0.0161893321641037,0.0010397527207425,25.248068371334004,2.7707692307692304,5.56,318.83,338.81,43.84615384615385,2,WILDFIRE,,,,,,,,,unknown
635,27.96028583333333,78.80281041666667,24,6,810.9625,1447.1903630645063,0.0073986158422861,1.0,0.0295944633691446,0.0006905169551632,25.30975497279471,3.945833333333333,24.2,320.58166666666665,367.0,47.5,2,WILDFIRE,,,,,,,,,unknown
637,27.41886888888889,79.29911037037037,27,5,781.9930555555555,1213.389348334891,0.0063939186729066,1.0,0.0345271608336959,0.0008234591330788,25.294604644933017,3.876296296296297,9.45,318.2844444444444,367.0,49.629629629629626,2,WILDFIRE,,,,,,,,,unknown
639,23.962692500000003,79.02949875,8,2,782.4569444444444,1089.4308725491508,0.0025560511849249,1.0,0.0102242047396999,0.0009170686791563,25.120583420980125,2.76125,6.71,318.565,337.49,50.0,2,WILDFIRE,,,,,,,,,unknown
640,23.67479571428572,79.2645042857143,7,4,798.4569444444444,918.3565133247922,0.0050096627348931,1.0,0.008766909786063,0.0010877173169563,25.19396150285107,5.572857142857143,16.01,328.96999999999997,345.22,50.0,2,WILDFIRE,,,,,,,,,unknown
649,28.67512555555556,79.93906888888888,9,4,782.9784722222222,263.6076092166132,0.00510869729106,1.0,0.0114945689048851,0.0037791808140384,25.257580957274783,2.5133333333333336,4.22,316.4011111111111,334.65,50.0,2,WILDFIRE,,,,,,,,,unknown
650,28.367326666666667,80.95993111111112,18,6,824.9180555555556,715.8450237910821,0.0072734497197533,1.0,0.0218203491592599,0.0013950016625789,25.300654397742328,4.407777777777778,16.75,319.91,367.0,51.666666666666664,2,WILDFIRE,,,,,,,,,unknown
652,26.7557864,78.3458708,25,7,810.4395833333333,1941.4991484669936,0.008637287891602,1.0,0.0308474567557215,0.0005148007404735,25.34653329344684,6.512399999999999,13.44,338.41880000000003,367.0,50.8,2,WILDFIRE,,,,,0.0,0.0,0.0,0.0,unknown
653,21.6599175,78.77439874999999,8,4,783.5131944444445,1446.8961907843832,0.0051052107716401,1.0,0.0102104215432803,0.0006906572490243,25.19249552198789,2.9887500000000005,8.11,319.995,352.8,50.0,2,WILDFIRE,,,,,,,,,unknown
654,23.94875454545455,78.80784090909091,11,5,811.9520833333333,1645.0980172291477,0.0061579988556385,1.0,0.0135475974824048,0.0006074972386415,25.230758904147997,3.0690909090909098,6.4,325.56999999999994,342.04,44.54545454545455,2,WILDFIRE,,,,,,,,,unknown
658,28.61884285714285,77.97515,7,4,785.4215277777778,218.8173667223626,0.0050928066758207,1.0,0.0089124116826863,0.0045492310953894,25.266049851389138,6.212857142857142,14.31,328.54285714285714,343.01,44.285714285714285,2,WILDFIRE,,,,,,,,,unknown
660,28.580466153846153,79.97810538461538,13,4,783.4479166666666,331.20755275839616,0.0051056361436492,1.0,0.0165933174668599,0.0030101663604477,25.25485570518558,3.6353846153846145,10.9,318.19999999999993,348.61,50.0,2,WILDFIRE,,,,,,,,,unknown
661,28.60641888888889,79.95823444444444,9,3,791.4125,177.34152510039706,0.0037906906954337,1.0,0.0113720720863013,0.0056072190671076,25.254295282420923,3.7877777777777775,8.58,320.53111111111116,346.91,50.0,2,WILDFIRE,,,,,,,,,unknown
662,27.318726666666667,79.17511333333333,12,6,799.9666666666667,737.9085403742516,0.0075003125130213,1.0,0.0150006250260427,0.0013533474650238,25.289577887256225,3.6975,16.39,317.925,344.44,50.0,2,WILDFIRE,,,,,,,,,unknown
664,27.465057499999997,79.50596916666666,12,7,810.9625,385.7407481830548,0.0086317184826672,1.0,0.0147972316845723,0.0025857114997529,25.3476588636865,2.8766666666666665,10.65,319.2325,351.93,48.333333333333336,2,WILDFIRE,,,,,,,,,unknown
667,24.717558823529412,78.91308823529413,17,4,784.4305555555555,1728.0246172601787,0.0050992404256449,1.0,0.0216717718089909,0.0005783607648019,25.21872385758786,2.4070588235294115,5.17,318.79352941176467,340.62,48.8235294117647,2,WILDFIRE,,,,,,,,,unknown
668,26.599155789473684,79.39118052631581,19,5,792.4659722222223,1730.270544016748,0.0063094191741496,1.0,0.0239757928617685,0.0005776104742589,25.26077426686408,2.524736842105263,8.53,316.64,367.0,48.421052631578945,2,WILDFIRE,,,,,,,,,unknown
669,22.016714166666663,79.31822666666666,12,7,808.4659722222223,1150.2662926275111,0.0086583730676495,1.0,0.0148429252588278,0.0008686087714057,25.314230680604677,12.713333333333331,58.58,325.26750000000004,367.0,52.5,2,WILDFIRE,,,,,,,,,unknown
670,23.368387142857134,77.75407142857144,7,2,784.4319444444444,1039.5483992579143,0.0025496156985504,1.0,0.0089236549449265,0.0009610317028147,25.11801824237512,3.5357142857142856,8.69,321.8128571428571,348.12,50.0,2,WILDFIRE,,,,,,,,,unknown
671,30.45195222222222,78.57760333333334,9,4,784.4347222222223,94.95716038061516,0.0050992133401086,1.0,0.0114732300152445,0.0104213171381217,25.390085818003804,9.14,28.02,322.78444444444443,343.23,50.0,2,WILDFIRE,,,,,,,,,unknown
672,30.54961,77.65886,7,4,784.4347222222223,139.83546849708392,0.0050992133401086,1.0,0.0089236233451901,0.0071004840660625,25.317295139887484,2.724285714285714,6.04,319.62857142857143,339.52,47.142857142857146,2,WILDFIRE,,,,,,,,,unknown
673,29.179113076923077,75.35765538461538,13,4,784.5027777777777,835.1030030626637,0.0050987709837441,1.0,0.0165710056971684,0.0011960248872889,25.218311141501022,3.123846153846153,8.78,323.4746153846154,352.73,45.38461538461539,2,WILDFIRE,,,,,,,,,unknown
675,28.500448181818182,80.97314545454546,11,6,827.9486111111111,690.4789888407586,0.0072468265777364,1.0,0.0132858487258502,0.0014461755398764,25.27954292994425,2.0745454545454547,6.46,316.3445454545455,348.24,48.18181818181818,2,WILDFIRE,,,,,,,,,unknown
678,23.933252,79.078629,10,4,814.4569444444444,1618.2952591347807,0.004911247951515,1.0,0.0122781198787876,0.000617552601577,25.19038379027396,6.2299999999999995,20.92,330.558,367.0,56.0,2,WILDFIRE,,,,,,,,,unknown
681,27.689344285714288,74.59706000000001,7,2,786.4763888888889,655.2863532670605,0.0025429879755519,1.0,0.0089004579144319,0.001523725116364,25.12901528637992,4.472857142857142,10.21,322.82714285714286,350.84,50.0,2,WILDFIRE,,,,,,,,,unknown
683,27.942305,75.015085,10,4,802.4763888888889,857.5861769079474,0.0049845703317681,1.0,0.0124614258294203,0.0011647054505365,25.20398478353733,5.168,7.09,336.568,346.69,44.0,2,WILDFIRE,,,,,,,,,unknown
686,27.4529288,78.9820996,25,3,786.9979166666667,1566.105440981336,0.0038119541824284,1.0,0.0317662848535706,0.0006381191551308,25.2065367207094,13.735200000000004,41.61,334.58880000000005,367.0,56.0,2,WILDFIRE,,,,,,,,,unknown
687,23.649126923076928,79.2469946153846,13,5,787.4618055555555,1582.4573631660546,0.0063495143062494,1.0,0.0165087371962484,0.0006315294767397,25.244387861712895,6.1753846153846155,22.2,326.6146153846154,367.0,52.30769230769231,2,WILDFIRE,,,,,,,,,unknown
689,23.601486153846153,79.51097307692307,13,5,788.4479166666666,1576.237839841746,0.0063415729743298,1.0,0.0164880897332575,0.0006340197874661,25.244147809312363,2.7646153846153845,5.35,324.4569230769231,342.88,50.0,2,WILDFIRE,,,,,,,,,unknown
690,20.96958888888889,78.64100333333333,9,4,789.4347222222223,1283.3785363698732,0.0050669167283903,1.0,0.0114005626388783,0.0007785866640424,25.19608064172976,5.9911111111111115,34.05,326.38444444444445,352.51,50.0,2,WILDFIRE,,,,,,,,,unknown
696,28.317974999999997,75.94159642857143,14,3,789.5076388888889,902.7425337993338,0.0037998365718437,1.0,0.0177325706686041,0.0011065098328348,25.18045672048352,5.707142857142858,14.95,327.875,355.19,50.0,2,WILDFIRE,,,,,,,,,unknown
700,20.463362857142855,77.18447,7,3,792.4652777777778,1237.5889802460838,0.0037856548218901,1.0,0.0088331945844104,0.0008073703350738,25.15180003781921,5.368571428571428,9.62,335.6914285714286,350.61,41.42857142857143,2,WILDFIRE,,,,,,,,,unknown
701,21.469019090909093,77.03554909090909,11,2,792.4652777777778,1359.1751855102857,0.0025237698812601,1.0,0.0138807343469307,0.0007351994144966,25.125118920595064,3.352727272727272,15.52,321.69545454545454,367.0,52.72727272727273,2,WILDFIRE,,,,,,,,,unknown
703,18.57776777777778,79.32745333333334,9,6,798.4555555555555,603.3354341084934,0.0075145071735712,1.0,0.0112717607603568,0.0016547101883495,25.28670882087502,6.088888888888889,13.1,329.9722222222222,345.04,45.55555555555556,2,WILDFIRE,,,,,,,,,unknown
704,18.91567714285714,78.67549571428572,7,4,801.4173611111111,674.2805368001135,0.0049911571599275,1.0,0.0087345250298732,0.0014808660186455,25.201188347745425,1.638571428571429,4.44,313.90857142857146,333.14,50.0,2,WILDFIRE,,,,,,,,,unknown
705,20.26058875,76.50090625,8,6,803.4604166666667,880.6057459367579,0.0074676983153598,1.0,0.0099569310871464,0.0011342938775171,25.271609154729006,4.33375,9.52,321.95,344.67,50.0,2,WILDFIRE,,,,,,,,,unknown
706,21.600895555555553,72.21465388888889,18,6,797.9895833333334,669.2196336555835,0.0075188951401307,1.0,0.0225566854203923,0.0014920482029833,25.31179953181457,3.378888888888889,8.39,319.23111111111103,348.84,45.55555555555556,2,WILDFIRE,,,,,,,,,unknown
707,19.384536,75.554772,10,7,800.9513888888889,395.87874086620815,0.0087396065443006,1.0,0.0124851522061437,0.002519661289535,25.343794302635075,1.539,2.41,312.605,318.19,50.0,2,WILDFIRE,,,,,,,,,unknown
710,18.587268571428577,82.05391999999999,7,2,798.0583333333333,572.6724989214199,0.0025060824709973,1.0,0.0087712886484906,0.0017431548520804,25.131973792792756,5.49,7.35,339.71999999999997,347.77,47.142857142857146,2,WILDFIRE,,,,,,,,,unknown
714,19.181690740740738,82.54383851851853,27,3,798.0597222222223,761.2158176055632,0.0037591171643726,1.0,0.0338320544793535,0.0013119643766268,25.223592938662105,91.66518518518518,200.55,336.1392592592593,367.0,50.74074074074074,2,WILDFIRE,,,,,0.0,0.0,0.0,0.0,unknown
717,20.214047142857144,81.64208142857142,7,5,820.0527777777778,317.7719127795416,0.006097168542675,1.0,0.0085360359597451,0.0031370392431393,25.2669959310424,7.025714285714286,13.82,338.6328571428571,367.0,58.57142857142857,2,WILDFIRE,,,,,0.0,0.0,0.0,0.0,unknown
720,19.86284111111111,81.52806222222222,9,3,799.0444444444445,1270.5809246828924,0.0037544845231804,1.0,0.0112634535695413,0.0007864226181667,25.1565216219826,3.8788888888888886,9.92,319.6111111111111,341.56,45.55555555555556,2,WILDFIRE,,,,,0.0,0.0,0.0,0.0,unknown
721,21.9072625,80.74497833333334,12,2,799.5673611111112,706.1201419785576,0.0025013527280812,1.0,0.0150081163684874,0.0014141868412939,25.140844609589536,5.849166666666666,10.25,340.9716666666667,367.0,49.166666666666664,2,WILDFIRE,,,,,,,,,unknown
726,19.36311125,81.31723375,8,2,800.03125,1102.1081805474928,0.0024999023475645,1.0,0.0099996093902581,0.0009065294026771,25.118126681956127,3.69,8.91,343.26,367.0,41.25,2,WILDFIRE,,9.518,,10.193,0.0,6.0,0.0,8.0,forest
727,21.39302375,82.12825749999999,8,3,827.0298611111111,718.0533749025415,0.0036274385497635,1.0,0.009673169466036,0.0013907173443633,25.16082042704526,6.97875,11.86,347.48125,367.0,56.25,2,WILDFIRE,,,,,0.0,0.0,0.0,0.0,unknown
728,27.256662857142857,79.05570285714285,7,3,801.0236111111111,492.9984419549672,0.0037452079544055,1.0,0.0087388185602796,0.0020242978824843,25.17468924268255,9.96,13.96,342.66285714285715,353.65,47.142857142857146,2,WILDFIRE,,,,,,,,,unknown
737,19.84029625,81.04701875,8,4,814.0576388888888,1116.542659236423,0.0049136569806772,1.0,0.0098273139613544,0.0008948204274217,25.189874402872135,8.193750000000001,17.44,346.4625,367.0,55.0,2,WILDFIRE,,,,,0.0,0.0,0.0,0.0,unknown
738,19.0238475,81.39006,12,2,805.0354166666667,1201.7640860877514,0.0024843627480157,1.0,0.0149061764880944,0.0008314182403406,25.12842468846752,9.101666666666668,18.93,342.8241666666666,367.0,53.333333333333336,2,WILDFIRE,,,,,0.0,0.0,0.0,0.0,unknown
743,19.049644285714287,81.80199,7,3,811.5527777777778,1093.5984908901023,0.0036966172529341,1.0,0.0086254402568464,0.0009135769949644,25.150733658129433,3.5885714285714285,5.78,334.92857142857144,367.0,51.42857142857143,2,WILDFIRE,,,,,0.0,0.0,0.0,0.0,unknown
745,20.619257,80.255932,10,4,812.5388888888889,1203.0322636242186,0.0049228412999035,1.0,0.0123071032497589,0.00083054252798,25.195063847681105,4.973999999999999,9.35,336.371,355.54,46.0,2,WILDFIRE,,,,,0.0,0.0,0.0,0.0,unknown
746,17.442399090909092,79.40458090909091,11,5,827.5527777777778,993.9964260343982,0.0060419107206992,1.0,0.0132922035855383,0.0010050287356162,25.234588405297146,5.619999999999999,9.04,336.11727272727273,353.93,46.36363636363637,2,WILDFIRE,,,,,,,,,unknown
747,21.552797,82.07545999999999,10,2,810.0416666666666,1220.13918042898,0.0024690087958438,1.0,0.0123450439792191,0.0008189074726508,25.121311023276377,5.872,9.78,341.515,353.43,40.0,2,WILDFIRE,,,,,0.0,0.0,0.0,0.0,unknown
748,20.792194545454542,82.47411545454545,11,2,813.5958333333333,1082.0180811255927,0.0024582230120401,1.0,0.0135202265662209,0.0009233456185336,25.12601416914743,4.787272727272727,9.68,331.4445454545454,354.64,48.18181818181818,2,WILDFIRE,,,,,0.0,0.0,0.0,0.0,unknown
749,17.326161428571428,82.21199857142857,7,3,826.0402777777778,1040.527613682007,0.0036317841644122,1.0,0.0084741630502951,0.0009601281683399,25.149341495924904,6.054285714285716,9.0,343.2357142857143,353.09,50.0,2,WILDFIRE,,,,,,,,,unknown
752,19.77268636363636,83.95923909090908,11,4,815.56875,1277.8841824371495,0.0049045528044079,1.0,0.0134875202121219,0.0007819316351964,25.196494017366472,4.798181818181818,10.12,341.36727272727273,367.0,49.09090909090909,2,WILDFIRE,,,,,,,,,unknown
758,25.038283333333336,85.16031666666667,3,1,1.0,0.2405673071724194,1.0,0.0333333333333333,3.0,0.8060828253480773,54.454989840294886,3.35,4.47,341.52333333333337,346.85,43.333333333333336,1,WILDFIRE,,,,,,,,,unknown
759,25.08818,83.67265666666667,3,1,1.0,0.5151326744519602,1.0,0.0333333333333333,3.0,0.6600082071107805,51.53349747554894,15.326666666666668,26.96,348.02,367.0,53.333333333333336,1,WILDFIRE,,,,,,,,,unknown
760,25.13271333333333,84.15496333333333,3,1,1.0,0.3986695605874742,1.0,0.0333333333333333,3.0,0.7149651555868396,52.632636445070126,4.486666666666667,6.55,338.9933333333333,346.44,36.666666666666664,1,WILDFIRE,,,,,,,,,unknown
761,25.24334,86.20159666666666,3,1,1.0,0.3986556449188893,1.0,0.0333333333333333,3.0,0.7149722690019186,52.63277871337171,5.813333333333333,5.97,348.5,367.0,60.0,1,WILDFIRE,,,,,,,,,unknown
762,24.382866,84.050074,5,1,1.0,0.635951295979693,1.0,0.0333333333333333,5.0,0.6112651412407407,55.558636158148154,12.934,19.39,349.96799999999996,367.0,52.0,1,WILDFIRE,,,,,,,,,unknown
763,24.17824333333333,84.41129,3,1,1.0,0.1966816860551381,1.0,0.0333333333333333,3.0,0.835644107913526,55.04621549160385,5.076666666666667,6.36,340.18666666666667,342.83,30.0,1,WILDFIRE,,,,,,,,,unknown
764,24.844716666666667,85.34436333333333,3,1,1.0,0.4256694164821004,1.0,0.0333333333333333,3.0,0.7014248804379505,52.36183094209235,5.396666666666667,6.8,343.38000000000005,351.68,36.666666666666664,1,WILDFIRE,,,,,,,,,unknown
765,24.279776666666667,82.34202333333333,3,1,1.0,0.4707509572323036,1.0,0.0333333333333333,3.0,0.6799247657005271,51.93182864734388,8.566666666666668,14.64,350.3066666666667,367.0,53.333333333333336,1,WILDFIRE,,,,,,,,,unknown
766,25.120424,85.95313000000002,5,1,1.0,0.4087298496727264,1.0,0.0333333333333333,5.0,0.7098593106636578,57.5305195466065,3.382,4.33,347.13599999999997,354.35,46.0,1,WILDFIRE,,,,,,,,,unknown
767,24.829316666666667,85.15585666666668,3,1,1.0,0.2395368355540572,1.0,0.0333333333333333,3.0,0.8067529510351442,54.46839235403622,3.53,4.12,343.6033333333333,348.23,50.0,1,WILDFIRE,,,,,,,,,unknown
768,27.42648125,82.67014625,8,1,1.0,1.2006770602578432,1.0,0.0333333333333333,8.0,0.4544056091005168,59.92144551534366,6.4399999999999995,11.88,347.385,367.0,52.5,1,WILDFIRE,,,,,,,,,unknown
769,27.37107,82.45481666666667,3,1,1.0,0.2668193447053581,1.0,0.0333333333333333,3.0,0.7893785362368175,54.12090405806968,4.666666666666667,7.08,341.83666666666664,351.56,50.0,1,WILDFIRE,,,,,,,,,unknown
770,27.5535,82.62483,3,2,1.05625,0.6846196749857301,1.0,0.0352083333333333,2.840236686390533,0.5936057941436964,49.85291593218359,5.316666666666666,6.32,333.75666666666666,337.23,36.666666666666664,1,WILDFIRE,,,,,,,,,unknown
771,27.6208,81.711375,4,1,1.0,0.5427739373321845,1.0,0.0333333333333333,4.0,0.6481831043433576,53.79699542020049,8.004999999999999,9.3,343.88,348.62,45.0,1,WILDFIRE,,,,,,,,,unknown
772,27.2952675,81.42907749999999,4,1,1.0,0.4164443509024081,1.0,0.0333333333333333,4.0,0.7059931435801949,54.953196204937235,4.84,6.49,337.9575,345.67,40.0,1,WILDFIRE,,,,,,,,,unknown
773,27.624216666666666,82.51268333333333,3,1,1.0,0.2982933709065758,1.0,0.0333333333333333,3.0,0.770241936382774,53.73817206098882,3.4133333333333336,3.8,335.4533333333333,336.65,50.0,1,WILDFIRE,,,,,,,,,unknown
774,26.85459333333333,81.77822666666667,3,1,1.0,0.5409990291542783,1.0,0.0333333333333333,3.0,0.6489296755422448,51.31192684417824,6.506666666666667,7.83,344.3,347.91,43.333333333333336,1,WILDFIRE,,,,,,,,,unknown
775,27.275923333333335,82.51434666666667,3,1,1.0,0.3100145180151586,1.0,0.0333333333333333,3.0,0.763350318830916,53.60033970995166,5.043333333333333,5.93,341.37999999999994,350.15,43.333333333333336,1,WILDFIRE,,,,,,,,,unknown
776,27.159503333333333,82.57815333333333,6,1,1.0,0.8021559354076778,1.0,0.0333333333333333,6.0,0.5548909394312669,56.931152121958675,9.11,13.47,350.8433333333334,367.0,60.0,1,WILDFIRE,,,,,,,,,unknown
777,28.497003999999997,80.80055200000001,5,1,1.0,0.5646206857770382,1.0,0.0333333333333333,5.0,0.6391325444501391,56.11598422233613,5.311999999999999,8.17,338.73400000000004,367.0,52.0,1,WILDFIRE,,,,,,,,,unknown
778,28.440836666666662,80.38519333333333,3,1,1.0,0.5361020264677703,1.0,0.0333333333333333,3.0,0.6509984250847426,51.353301835028184,11.449999999999998,13.41,342.92,348.66,50.0,1,WILDFIRE,,,,,,,,,unknown
779,28.347323333333332,80.05438333333332,3,1,1.0,0.3068863976467845,1.0,0.0333333333333333,3.0,0.7651774490886335,53.63688231510601,7.136666666666666,8.34,339.72,343.47,43.333333333333336,1,WILDFIRE,,,,,,,,,unknown
780,28.69922375,79.60737375,8,3,2.04375,1.0663069422817593,1.0,0.068125,3.9143730886850143,0.4839552050750653,51.16816182321384,7.883749999999999,14.43,342.18625,355.24,45.0,1,WILDFIRE,,,,,,,,,unknown
781,28.830417777777775,79.78108666666667,9,2,1.0569444444444445,1.3858007896429034,1.0,0.0352314814814814,8.515111695137977,0.4191464787593081,60.551495850068136,6.778888888888889,23.27,347.6222222222222,367.0,53.333333333333336,1,WILDFIRE,,,,,,,,,unknown
782,27.90591333333333,81.71961833333333,6,1,1.0,1.036349855294254,1.0,0.0333333333333333,6.0,0.4910747519146209,55.654828371625754,5.03,6.37,335.9966666666667,339.91,43.333333333333336,1,WILDFIRE,,,,,,,,,unknown
783,27.00480333333333,82.90765166666667,6,2,1.0,1.1875084381812206,1.0,0.0333333333333333,6.0,0.4571410937419921,54.97615520817318,6.3566666666666665,10.22,339.2916666666667,367.0,55.0,1,WILDFIRE,,,,,,,,,unknown
784,26.680653333333336,83.68258333333334,3,1,1.0,0.2943031346898126,1.0,0.0333333333333333,3.0,0.7726165325556875,53.78566398444708,2.1199999999999997,3.15,332.63666666666666,334.37,30.0,1,WILDFIRE,,,,,,,,,unknown
785,26.776343333333333,83.62684666666667,3,1,1.0,0.5810092249046709,1.0,0.0333333333333333,3.0,0.6325073783553011,50.98348090043936,2.7933333333333334,3.6,333.89000000000004,337.32,36.666666666666664,1,WILDFIRE,,,,,,,,,unknown
786,26.691546666666667,83.11311,3,2,1.0,0.8699780074184955,1.0,0.0333333333333333,3.0,0.5347656475278552,49.028646283890446,4.176666666666667,6.11,331.05333333333334,346.85,50.0,1,WILDFIRE,,,,,,,,,unknown
787,25.874924,79.947964,5,1,1.0,0.4675022891427424,1.0,0.0333333333333333,5.0,0.681429942153045,56.961932176394235,4.7379999999999995,6.8,341.89,354.67,42.0,1,WILDFIRE,,,,,,,,,unknown
788,26.484267999999997,83.69682800000001,5,1,1.0,0.923700186127588,1.0,0.0333333333333333,5.0,0.5198315242735416,53.72996381880417,4.787999999999999,7.34,337.742,342.45,38.0,1,WILDFIRE,,,,,,,,,unknown
789,26.29438,81.37451250000001,4,1,1.0,0.3314514002774884,1.0,0.0333333333333333,4.0,0.7510600835986875,55.854535005307085,5.7375,7.42,334.9925,336.56,40.0,1,WILDFIRE,,,,,,,,,unknown
790,26.358166,81.14396,5,1,1.0,0.7270373562750904,1.0,0.0333333333333333,5.0,0.579026270836909,54.91385875007152,5.252,6.97,336.22999999999996,339.11,38.0,1,WILDFIRE,,,,,,,,,unknown
791,26.438723333333332,81.14211333333334,3,1,1.0,0.2129126931704697,1.0,0.0333333333333333,3.0,0.8244616497384237,54.82256632810181,4.943333333333333,5.37,338.56333333333333,341.17,43.333333333333336,1,WILDFIRE,,,,,,,,,unknown
792,26.882725000000004,82.74393500000001,6,1,1.0,0.6599264546060059,1.0,0.0333333333333333,6.0,0.602436329166979,57.88205991667292,4.336666666666667,7.0,337.32,343.27,33.333333333333336,1,WILDFIRE,,,,,0.0,0.0,0.0,0.0,unknown
793,26.311574,81.27604999999998,5,1,1.0,0.6154714556354173,1.0,0.0333333333333333,5.0,0.6190143419195653,55.71362017172464,7.853999999999999,8.59,344.854,367.0,48.0,1,WILDFIRE,,,,,,,,,unknown
794,26.362588,81.445128,5,1,1.0,0.5970369267367108,1.0,0.0333333333333333,5.0,0.6261595979770737,55.856525292874814,5.709999999999999,6.88,342.616,351.14,46.0,1,WILDFIRE,,,,,,,,,unknown
795,26.36448333333333,81.37287333333332,3,2,1.0,0.6936797211699197,1.0,0.0333333333333333,3.0,0.5904304028091237,50.14194138951581,3.6366666666666663,4.55,328.8666666666667,335.89,36.666666666666664,1,WILDFIRE,,,,,,,,,unknown
796,30.58685666666667,78.52793666666668,9,1,1.0,1.2186646547381683,1.0,0.0333333333333333,9.0,0.4507215625689107,62.34776458471155,5.357777777777778,10.56,336.75,351.33,47.77777777777778,1,WILDFIRE,,,,,,,,,unknown
797,28.893896666666667,79.15024333333334,3,1,1.0,0.1133013480438219,1.0,0.0333333333333333,3.0,0.8982293983179817,56.29792129969297,5.816666666666667,7.03,337.36333333333334,339.63,43.333333333333336,1,WILDFIRE,,,,,,,,,unknown
798,29.48508,79.91539,3,1,1.0,0.3930162879597441,1.0,0.0333333333333333,3.0,0.7178666959197094,52.69066725172753,6.8500000000000005,9.41,342.31333333333333,346.92,43.333333333333336,1,WILDFIRE,,,,,,,,,unknown
799,30.18272,78.446214,5,2,2.0430555555555556,0.799713718765169,0.9789259007477906,0.0681018518518518,2.4473147518694764,0.5556439280165772,48.30148875873525,3.69,8.99,335.074,341.43,34.0,1,WILDFIRE,,,,,,,,,unknown
800,29.70108,80.10622666666667,3,1,1.0,0.4884204998241284,1.0,0.0333333333333333,3.0,0.6718531491054845,51.77039631544302,48.13999999999999,51.16,339.29,348.25,50.0,1,WILDFIRE,,,,,,,,,unknown
801,30.36556,79.22327,6,1,1.0,0.3443497911136501,1.0,0.0333333333333333,6.0,0.743854022673375,60.71041378680084,8.355000000000002,16.38,341.8416666666667,349.41,50.0,1,WILDFIRE,,,,,,,,,unknown
802,30.729616,77.73091400000001,5,1,1.0,0.9329186704893184,1.0,0.0333333333333333,5.0,0.5173523414447904,53.68038016222915,6.436,13.8,334.09200000000004,343.01,50.0,1,WILDFIRE,,,,,,,,,unknown
803,30.0198525,79.6547175,4,2,2.0430555555555556,0.7283517728803041,0.9789259007477906,0.0681018518518518,1.9578518014955812,0.5785859196554047,47.53667121557706,6.089999999999999,8.2,329.78000000000003,346.42,50.0,1,WILDFIRE,,,,,,,,,unknown
804,30.115669285714286,78.35786785714286,14,3,2.0430555555555556,1.738548169871769,1.0,0.0681018518518518,6.852481305234534,0.3651569875606111,56.13688931059486,2.988571428571428,7.53,321.92071428571427,344.26,47.142857142857146,1,WILDFIRE,,,,,,,,,unknown
805,29.836016666666666,78.57834666666666,3,1,1.0,0.5539627418973819,1.0,0.0333333333333333,3.0,0.6435160721929563,51.20365477719246,5.6933333333333325,8.12,336.9066666666667,338.36,50.0,1,WILDFIRE,,,,,,,,,unknown
806,30.022083846153848,78.74484846153847,13,2,1.5729166666666667,2.0208236039575485,1.0,0.0524305555555555,8.264900662251655,0.3310355489443047,58.59372652340412,3.1253846153846156,9.19,321.19923076923084,349.23,48.46153846153846,1,WILDFIRE,,,,,,,,,unknown
807,29.767296,79.487446,5,2,1.05625,0.549973869974927,1.0,0.0352083333333333,4.733727810650888,0.645172166687027,55.61797119370109,5.152000000000001,8.42,330.314,343.13,50.0,1,WILDFIRE,,,,,,,,,unknown
808,29.666613,79.896334,10,2,1.573611111111111,1.8142297745946785,1.0,0.0524537037037037,6.354810238305384,0.3553370122892775,54.3051084341416,5.694,11.55,336.729,367.0,54.0,1,WILDFIRE,,,,,,,,,unknown
809,12.054063333333334,76.96176666666668,3,1,1.0,0.5188248564360879,1.0,0.0333333333333333,3.0,0.6584037624631014,51.50140858259537,8.950000000000001,10.42,342.59,349.66,50.0,1,WILDFIRE,,,,,,,,,unknown
810,12.110806666666669,79.71551,3,1,1.0,0.2866698667598843,1.0,0.0333333333333333,3.0,0.7772001395495631,53.87733612432459,3.016666666666667,5.31,336.02,342.27,50.0,1,WILDFIRE,,,,,,,,,unknown
811,13.2762625,80.31917250000001,4,3,1.9743055555555555,0.270182981648651,1.0,0.0658101851851851,2.02602884277172,0.787288142297448,52.45608958250789,5.4175,7.83,338.0375,344.93,45.0,1,WILDFIRE,,,,,,,,,unknown
812,9.835206666666666,78.53190000000001,3,1,1.0,0.3978779986571538,1.0,0.0333333333333333,3.0,0.7153700115179092,52.64073356369152,19.549999999999997,22.38,344.7833333333333,347.63,50.0,1,WILDFIRE,,,,,,,,,unknown
813,10.650096666666666,76.08964999999999,3,1,1.0,0.3140402293069863,1.0,0.0333333333333333,3.0,0.7610117085436506,53.55356750420634,5.446666666666666,9.16,336.7166666666667,346.68,36.666666666666664,1,WILDFIRE,,,,,,,,,unknown
814,14.163503333333331,75.80762333333332,3,1,1.0,0.3222040646674752,1.0,0.0333333333333333,3.0,0.756312907154383,53.459591476421,3.6333333333333337,4.94,341.13999999999993,347.77,36.666666666666664,1,WILDFIRE,,,,,,,,,unknown
815,16.99769,80.77707666666667,6,1,1.0,0.6566200141055404,1.0,0.0333333333333333,6.0,0.6036387291505291,57.90610791634392,6.361666666666667,10.25,350.89000000000004,367.0,60.0,1,WILDFIRE,,,,,,,,,unknown
816,16.7989975,81.34212000000001,4,2,1.0,0.4186103260427309,1.0,0.0333333333333333,4.0,0.7049152128967926,54.93163759126919,3.5675,5.08,336.745,340.29,50.0,1,WILDFIRE,,,,,,,,,unknown
817,16.96072666666667,82.10985,3,1,1.0,0.3938770937788121,1.0,0.0333333333333333,3.0,0.7174233685762006,52.68180070485735,4.89,4.99,341.45666666666665,346.46,50.0,1,WILDFIRE,,,,,,,,,unknown
818,14.2823725,78.399615,4,2,1.0,0.6711694631146539,1.0,0.0333333333333333,4.0,0.5983833609167576,52.80100055166849,5.0,5.33,344.275,348.73,45.0,1,WILDFIRE,,,,,,,,,unknown
819,16.54271,80.73059749999999,4,1,1.0,0.3603225631224951,1.0,0.0333333333333333,4.0,0.7351197628484468,55.53572859030227,3.955,5.07,333.62249999999995,337.05,40.0,1,WILDFIRE,,,,,,,,,unknown
820,14.726325,75.82790250000001,4,3,1.9736111111111112,0.1781874955730184,1.0,0.065787037037037,2.0267417311752287,0.848761342110191,53.686757096067815,7.23,8.6,341.78499999999997,343.05,40.0,1,WILDFIRE,,,,,,,,,unknown
821,15.168963333333332,76.66703333333334,3,2,1.5097222222222222,0.2816181831858906,1.0,0.050324074074074,1.987120515179393,0.7802635863936992,51.831174867674314,6.613333333333333,10.43,325.4666666666667,341.16,36.666666666666664,1,WILDFIRE,,,,,,,,,unknown
822,14.400372,76.615182,5,1,1.0,0.4086673577992081,1.0,0.0333333333333333,5.0,0.7098908017307378,57.531149367948096,11.150000000000002,13.95,341.53200000000004,344.14,34.0,1,WILDFIRE,,,,,,,,,unknown
823,14.780993333333337,77.06219888888889,9,2,1.9736111111111112,0.9916800205860852,1.0,0.065787037037037,4.5601688951442645,0.5020886837564064,53.08687183891472,18.871111111111116,42.38,344.25666666666666,351.9,41.111111111111114,1,WILDFIRE,,,,,,,,,unknown
824,16.418954999999997,80.7273,4,2,1.0,0.9249362124485616,1.0,0.0333333333333333,4.0,0.5194977337602152,51.22328800853764,5.49,7.25,333.505,334.98,50.0,1,WILDFIRE,,,,,,,,,unknown
825,16.21558166666667,80.72098,6,1,1.0,0.507069311274322,1.0,0.0333333333333333,6.0,0.6635394885417958,59.10412310416926,13.458333333333334,23.96,347.08666666666664,356.39,50.0,1,WILDFIRE,,,,,,,,,unknown
826,16.275046666666668,80.66448000000001,3,1,1.0,0.6458354997802926,1.0,0.0333333333333333,3.0,0.6075941369192078,50.485216071717495,5.8999999999999995,7.91,335.69,340.58,50.0,1,WILDFIRE,,,,,,,,,unknown
827,19.801155,83.5672675,4,1,1.0,0.4670946375138215,1.0,0.0333333333333333,4.0,0.6816192864658187,54.46571906264971,7.245,7.57,346.0025,354.5,45.0,1,WILDFIRE,,,,,,,,,unknown
828,19.30352,79.11291666666666,3,2,1.0,0.4893048540957533,1.0,0.0333333333333333,3.0,0.6714542004277292,51.762417341887925,18.73333333333333,21.18,349.06,352.8,43.333333333333336,1,WILDFIRE,,,,,,,,,unknown
829,19.866933333333332,83.27688333333333,3,1,1.0,0.3247154408923829,1.0,0.0333333333333333,3.0,0.7548791001683794,53.43091533670092,9.313333333333333,10.62,350.02666666666664,355.77,50.0,1,WILDFIRE,,,,,,,,,unknown
830,19.61184666666667,80.89809666666667,3,2,1.05625,0.6868137551839701,1.0,0.0352083333333333,2.840236686390533,0.5928336764665144,49.837473578639944,5.1899999999999995,6.72,336.0133333333333,342.71,50.0,1,WILDFIRE,,,,,,,,,unknown
831,19.872254,84.034954,5,2,1.0,0.7448421923132175,1.0,0.0333333333333333,5.0,0.5731177320249541,54.79568797383242,10.368,11.87,342.466,355.36,50.0,1,WILDFIRE,,,,,,,,,unknown
832,19.22929,79.17575666666667,3,1,1.0,0.3185201263224343,1.0,0.0333333333333333,3.0,0.7584260414660196,53.50185416265373,11.32,17.46,349.0033333333334,355.91,36.666666666666664,1,WILDFIRE,,,,,,,,,unknown
833,19.652385,80.87184249999999,4,1,1.0,0.3471252269606016,1.0,0.0333333333333333,4.0,0.7423214857732349,55.67976304879802,6.5,6.5,353.74,367.0,65.0,1,WILDFIRE,,,,,,,,,unknown
834,19.494233333333337,80.84832,3,1,1.0,0.6792907657472114,1.0,0.0333333333333333,3.0,0.5954894890135619,50.24312311360457,3.3800000000000003,3.7,340.21666666666664,344.05,50.0,1,WILDFIRE,,,,,,,,,unknown
835,19.69570333333333,82.99001333333335,3,1,1.0,0.4738605211435025,1.0,0.0333333333333333,3.0,0.6784902544401858,51.903138422137054,10.59,14.74,355.53,367.0,70.0,1,WILDFIRE,,,,,0.0,0.0,0.0,0.0,unknown
836,20.41443333333333,82.28603333333332,6,1,1.0,0.5255260156184279,1.0,0.0333333333333333,6.0,0.65551160043286,58.94356534199054,21.475,31.48,353.4750000000001,367.0,56.666666666666664,1,WILDFIRE,,11.31,,11.011,0.0,1.0,0.0,6.0,population
837,20.67597,84.6769675,4,2,1.0,0.9261777681188534,1.0,0.0333333333333333,4.0,0.5191628813038485,51.216590959410304,3.729999999999999,4.56,336.14250000000004,341.16,45.0,1,WILDFIRE,,,,,,,,,unknown
838,20.37696,82.4324375,4,1,1.0,0.4028871080448357,1.0,0.0333333333333333,4.0,0.7128157314052674,55.08964796143868,7.545,9.01,344.8325,367.0,57.5,1,WILDFIRE,,7.822,11.775,4.241,0.0,1.0,2.0,12.0,population
839,19.929833333333335,83.610425,6,2,1.0,0.7835789817469209,1.0,0.0333333333333333,6.0,0.5606704330079922,57.04674199349318,3.1050000000000004,5.2,321.105,339.36,43.333333333333336,1,WILDFIRE,,,,,,,,,unknown
840,20.0700475,79.9130625,4,1,1.0,0.3516898516391974,1.0,0.0333333333333333,4.0,0.7398146836623043,55.62962700657942,7.02,7.07,342.7175,346.32,40.0,1,WILDFIRE,,,,,,,,,unknown
841,18.0119625,79.7445875,4,1,1.0,0.3235153348302007,1.0,0.0333333333333333,4.0,0.7555635916589468,55.944605166512275,9.305,13.75,342.53999999999996,345.58,50.0,1,WILDFIRE,,,,,,,,,unknown
842,18.331625,80.672305,4,1,1.0,0.3448249216552192,1.0,0.0333333333333333,4.0,0.7435912168917821,55.70515767116897,2.7525000000000004,3.9,333.5,335.76,50.0,1,WILDFIRE,,,,,0.0,0.0,0.0,0.0,unknown
843,18.1481725,78.1096525,4,1,1.0,0.4158128480429596,1.0,0.0333333333333333,4.0,0.7063080416188293,54.95949416570992,11.5425,16.51,347.97249999999997,350.09,35.0,1,WILDFIRE,,,,,,,,,unknown
844,18.101316666666666,78.18999,3,1,1.0,0.35230808303153,1.0,0.0333333333333333,3.0,0.7394764643854342,53.122862621042025,33.586666666666666,38.24,355.20666666666665,367.0,30.0,1,WILDFIRE,,,,,,,,,unknown
845,18.027175,81.8629675,4,1,1.0,0.3744731460104869,1.0,0.0333333333333333,4.0,0.7275515006623274,55.38436334657988,7.635,9.01,349.30999999999995,367.0,57.5,1,WILDFIRE,,,,,,,,,unknown
846,17.596775,81.6438075,4,1,1.0,0.3076442347775465,1.0,0.0333333333333333,4.0,0.7647339952293046,56.128013237919426,7.8775,9.71,348.32250000000005,367.0,57.5,1,WILDFIRE,,,,,,,,,unknown
847,17.630656666666667,81.74152500000001,6,2,1.0,1.28352742628174,1.0,0.0333333333333333,6.0,0.4379189794222426,54.59171292177819,14.495,24.84,341.295,348.38,50.0,1,WILDFIRE,,,,,,,,,unknown
848,18.228613333333332,78.03424333333334,3,1,1.0,0.3494448377021205,1.0,0.0333333333333333,3.0,0.7410454818611432,53.1542429705562,12.103333333333332,14.07,354.49333333333334,367.0,60.0,1,WILDFIRE,,,,,,,,,unknown
849,17.66937666666667,73.54525666666666,3,1,1.0,0.2907205625023209,1.0,0.0333333333333333,3.0,0.7747610358521748,53.82855405037683,5.03,5.03,346.22,352.92,43.333333333333336,1,WILDFIRE,,,,,,,,,unknown
850,19.208774545454546,81.02279818181817,11,2,1.0,1.0750428108806012,1.0,0.0333333333333333,11.0,0.4819177680366135,65.4716886940656,10.676363636363638,19.04,353.9318181818182,367.0,64.54545454545455,1,WILDFIRE,,,,,0.0,0.0,0.0,0.0,unknown
851,18.866576666666667,78.06294666666666,6,3,1.9736111111111112,1.2397710304361025,1.0,0.065787037037037,3.040112596762843,0.4464742093772378,48.17444160537779,12.39,19.44,347.36999999999995,353.02,36.666666666666664,1,WILDFIRE,,,,,,,,,unknown
852,19.117703333333335,78.55017333333333,3,2,1.507638888888889,0.2487547006328949,1.0,0.0502546296296296,1.9898664210041457,0.8007977863812478,52.246987520876054,5.046666666666667,6.32,324.61999999999995,349.33,50.0,1,WILDFIRE,,,,,,,,,unknown
853,19.246593333333333,80.98556,3,2,1.0,0.253993616042206,1.0,0.0333333333333333,3.0,0.7974522255991634,54.28237784531659,4.963333333333334,5.7,332.31,335.48,43.333333333333336,1,WILDFIRE,,,,,,,,,unknown
854,18.75241,78.42922,4,1,1.0,0.3417706758833853,1.0,0.0333333333333333,4.0,0.7452838387167966,55.73901010766926,16.7675,17.71,346.50250000000005,348.05,35.0,1,WILDFIRE,,,,,,,,,unknown
855,18.636333333333337,78.10848666666668,3,2,1.0,0.4360781647941041,1.0,0.0333333333333333,3.0,0.6963409266398628,52.26015186613059,13.933333333333332,15.27,348.32666666666665,352.59,36.666666666666664,1,WILDFIRE,,,,,,,,,unknown
856,23.012443333333337,83.04551666666667,3,1,1.0,0.2976078367342124,1.0,0.0333333333333333,3.0,0.7706488599180902,53.746310531695144,7.443333333333334,9.84,343.17333333333335,349.76,43.333333333333336,1,WILDFIRE,,,,,,,,,unknown
857,22.276083999999997,76.54892099999999,10,2,1.0,1.2303124765385276,1.0,0.0333333333333333,10.0,0.448367666198959,64.80068665731251,13.310000000000002,20.36,347.9920000000001,355.66,48.0,1,WILDFIRE,,,,,,,,,unknown
858,22.956115,80.063325,6,1,1.0,0.6686000970328746,1.0,0.0333333333333333,6.0,0.5993047715736157,57.81942876480566,5.335000000000001,6.41,340.185,344.74,36.666666666666664,1,WILDFIRE,,,,,,,,,unknown
859,22.535103333333335,80.05076333333334,3,1,1.0,0.2284453529605086,1.0,0.0333333333333333,3.0,0.8140370245937569,54.61407382520848,9.023333333333332,15.81,343.14333333333326,346.47,36.666666666666664,1,WILDFIRE,,,,,,,,,unknown
860,22.766446666666667,85.30769333333332,3,2,1.0,0.3636542925897607,1.0,0.0333333333333333,3.0,0.7333236916673852,52.999807166681045,12.726666666666668,18.43,360.12999999999994,367.0,70.0,1,WILDFIRE,,,,,,,,,unknown
861,22.641616666666668,81.27624,3,1,1.0,0.2395044690939697,1.0,0.0333333333333333,3.0,0.806774017306256,54.468813679458464,6.890000000000001,7.99,339.48,348.8,50.0,1,WILDFIRE,,,,,0.0,0.0,0.0,0.0,unknown
862,24.13241666666667,80.12231305555557,36,2,1.0,1.5579765498159683,1.0,0.0333333333333333,36.0,0.3909339982307282,63.652013297947896,14.922777777777778,101.06,349.57222222222225,367.0,48.05555555555556,1,WILDFIRE,,,,,,,,,unknown
863,23.965186666666668,80.22614666666665,3,2,1.0,0.7159428332359039,1.0,0.0333333333333333,3.0,0.5827699971299232,49.9887332759318,15.546666666666669,19.66,351.39333333333326,367.0,53.333333333333336,1,WILDFIRE,,,,,,,,,unknown
864,23.49798,80.16533333333334,3,1,1.0,0.197217575217556,1.0,0.0333333333333333,3.0,0.8352700634371175,55.03873460207569,5.673333333333333,8.62,354.3533333333333,367.0,60.0,1,WILDFIRE,,,,,,,,,unknown
865,23.85067666666667,79.88513499999999,6,1,1.0,0.7305176777885355,1.0,0.0333333333333333,6.0,0.5778617652019139,57.39056863737162,3.911666666666666,5.1,341.66,347.87,43.333333333333336,1,WILDFIRE,,,,,,,,,unknown
866,22.980076000000004,72.561434,5,3,2.49375,0.79796206951605,1.0,0.0831249999999999,2.0050125313283207,0.5561852593860147,48.214361516041095,7.244,23.19,325.088,347.85,50.0,1,WILDFIRE,,,,,,,,,unknown
867,20.62575,73.8668,3,1,1.0,0.21059340746615,1.0,0.0333333333333333,3.0,0.8260411743799798,54.85415682093293,7.696666666666666,11.11,341.96,345.29,36.666666666666664,1,WILDFIRE,,,,,,,,,unknown
868,21.27771,79.38732499999999,4,2,1.0,0.7263399676398525,1.0,0.0333333333333333,4.0,0.5792601797704652,52.41853692874263,14.6775,16.27,345.545,349.78,40.0,1,WILDFIRE,,,,13.037,0.0,0.0,0.0,3.0,population
869,21.189656666666664,76.58311333333332,3,1,1.0,0.2205123031429189,1.0,0.0333333333333333,3.0,0.8193280784019286,54.7198949013719,4.78,5.35,343.39000000000004,345.06,43.333333333333336,1,WILDFIRE,,,,,,,,,unknown
870,21.8519725,84.119905,4,1,1.0,0.3573941445490142,1.0,0.0333333333333333,4.0,0.7367056974687656,55.56744728270865,9.12,10.99,344.16249999999997,348.63,50.0,1,WILDFIRE,,,,,0.0,0.0,0.0,0.0,unknown
871,21.3953875,85.5292325,4,1,1.0,0.4397535871979954,1.0,0.0333333333333333,4.0,0.6945632981169851,54.72459929567304,102.78,117.85,341.215,367.0,55.0,1,WILDFIRE,,,,,,,,,unknown
872,21.52316,83.07742333333334,3,1,1.0,0.3006976812400384,1.0,0.0333333333333333,3.0,0.7688181615320756,53.70969656397485,8.88,11.55,352.04333333333335,367.0,60.0,1,WILDFIRE,,,,,,,,,unknown
873,22.451156666666662,83.79002333333334,3,1,1.0,0.4419039569172972,1.0,0.0333333333333333,3.0,0.6935274677641768,52.20388268861688,3.8633333333333337,5.83,335.1133333333333,336.74,30.0,1,WILDFIRE,,,,,,,,,unknown
874,21.743452,80.628178,5,2,1.0,0.4767222114144392,1.0,0.0333333333333333,5.0,0.6771754310122934,56.8768419535792,3.214,4.05,337.34000000000003,340.94,38.0,1,WILDFIRE,,,,,,,,,unknown
875,21.530846666666665,78.68995666666666,3,1,1.0,0.2820826105922807,1.0,0.0333333333333333,3.0,0.7799809401814072,53.932952136961475,19.473333333333333,22.91,348.7266666666667,356.18,43.333333333333336,1,WILDFIRE,,,,,,,,,unknown
876,21.858275,79.8734575,4,2,1.0,0.9787637806740856,1.0,0.0333333333333333,4.0,0.5053660319471484,50.940653972276294,3.625,6.71,336.3275,342.52,40.0,1,WILDFIRE,,,,,0.0,0.0,0.0,0.0,unknown
877,26.59877,81.55136333333333,3,1,1.0,0.4627880994049509,1.0,0.0333333333333333,3.0,0.6836260155567242,52.00585364446781,6.21,9.95,340.3733333333334,346.98,43.333333333333336,1,WILDFIRE,,,,,,,,,unknown
878,26.335040000000003,79.20351,3,1,1.0,0.3929709052530128,1.0,0.0333333333333333,3.0,0.7178900838696014,52.69113501072537,3.0833333333333335,4.39,340.3966666666667,345.47,36.666666666666664,1,WILDFIRE,,,,,,,,,unknown
879,26.576250000000005,81.65852,7,1,1.0,0.6380760290166018,1.0,0.0333333333333333,7.0,0.6104722749653673,60.54277883264068,11.182857142857143,17.29,354.24000000000007,367.0,62.857142857142854,1,WILDFIRE,,,,,,,,,unknown
880,26.453606666666666,78.31933,3,1,1.0,0.5815856366665225,1.0,0.0333333333333333,3.0,0.6322768598908628,50.97887053115059,4.8133333333333335,8.16,341.72333333333336,350.14,50.0,1,WILDFIRE,,,,,0.0,0.0,0.0,0.0,unknown
881,26.650653333333327,79.84773000000001,3,2,1.0,0.5214727827967596,1.0,0.0333333333333333,3.0,0.6572578959722222,51.47849125277778,7.723333333333334,11.12,347.1933333333333,349.64,50.0,1,WILDFIRE,,,,,,,,,unknown
882,26.641936666666663,79.47930333333333,3,2,1.5048611111111112,0.2957943491953638,1.0,0.050162037037037,1.9935394554683896,0.7717273968828153,51.672447502253206,1.6366666666666667,2.39,315.2666666666667,332.91,43.333333333333336,1,WILDFIRE,,,,,,,,,unknown
883,26.0588975,78.7609625,4,1,1.0,0.943339532359162,1.0,0.0333333333333333,4.0,0.5145781184135264,51.124895701603855,16.834999999999997,19.46,347.425,355.93,50.0,1,WILDFIRE,,,,,0.0,0.0,0.0,0.0,unknown
884,26.011298333333333,78.70272666666666,6,2,1.5055555555555555,1.431213538351003,1.0,0.0501851851851851,3.985239852398524,0.4113172225415711,49.44407371145736,12.911666666666669,19.77,342.08166666666665,353.56,50.0,1,WILDFIRE,,,,,0.0,0.0,0.0,0.0,unknown
885,26.009205999999995,78.679052,5,1,1.0,0.8945485477568123,1.0,0.0333333333333333,5.0,0.5278302322651073,53.88993797863548,12.1,14.95,345.158,349.45,46.0,1,WILDFIRE,,,,,0.0,0.0,0.0,0.0,unknown
886,26.291375,81.86886333333334,6,1,1.0,0.4588933408505244,1.0,0.0333333333333333,6.0,0.6854510689705439,59.54235471274421,10.433333333333335,17.12,350.31,367.0,60.0,1,WILDFIRE,,,,,,,,,unknown
887,26.268213333333335,81.88124666666666,3,1,1.0,0.4150407672418885,1.0,0.0333333333333333,3.0,0.7066934205359604,52.46720174405255,7.926666666666666,11.45,345.87999999999994,355.23,43.333333333333336,1,WILDFIRE,,,,,,,,,unknown
888,26.161616666666664,78.07108000000001,6,1,1.0,0.7069227794620726,1.0,0.0333333333333333,6.0,0.5858495838430046,57.550325010193426,18.19,31.88,349.87833333333333,355.68,50.0,1,WILDFIRE,,,,,0.0,0.0,0.0,0.0,unknown
889,26.541493333333335,83.26635666666665,3,2,1.0569444444444445,0.8161821348463507,1.0,0.0352314814814814,2.838370565045992,0.5506055702307633,48.988824854267286,5.703333333333333,7.33,344.4533333333333,345.47,43.333333333333336,1,WILDFIRE,,,,,,,,,unknown
890,26.75209666666667,78.83312,3,1,1.0,0.4535932253421763,1.0,0.0333333333333333,3.0,0.6879503719237544,52.09234077180842,11.02,11.02,344.82666666666665,348.08,50.0,1,WILDFIRE,,,,,0.0,0.0,0.0,0.0,unknown
891,24.473802,73.878778,5,2,1.0,0.4765165015197344,1.0,0.0333333333333333,5.0,0.6772697758343573,56.87872885002048,10.85,17.82,348.308,355.48,42.0,1,WILDFIRE,,,,,,,,,unknown
892,25.363392499999996,83.4198125,4,1,1.0,0.3459725564449498,1.0,0.0333333333333333,4.0,0.7429571986528835,55.692477306391,10.1175,11.21,353.93749999999994,367.0,57.5,1,WILDFIRE,,,,,,,,,unknown
893,25.537813333333332,84.08693666666666,3,2,1.0569444444444445,0.6045386737594451,1.0,0.0352314814814814,2.838370565045992,0.6232320955262444,50.44135536017691,7.683333333333334,11.42,348.02,367.0,53.333333333333336,1,WILDFIRE,,,,,,,,,unknown
894,23.714393600000005,69.2803204,25,1,1.0,2.222655751635966,1.0,0.0333333333333333,25.0,0.3103030782894992,62.03939489912332,24.3812,67.59,354.4832,367.0,38.4,1,WILDFIRE,,,,,,,,,unknown
895,25.348016666666663,83.7574,3,1,1.0,0.6311336118569313,1.0,0.0333333333333333,3.0,0.6130705619275236,50.59474457188381,2.61,2.93,333.6366666666667,334.48,30.0,1,WILDFIRE,,,,,,,,,unknown
896,27.2765,82.57160333333333,3,1,1.0,0.2973141334567263,1.0,0.0333333333333333,3.0,0.7708233296861376,53.74979992705609,9.423333333333334,13.23,355.3533333333333,367.0,60.0,1,WILDFIRE,,,,,,,,,unknown
897,27.309443333333338,80.48263333333334,3,1,1.0,0.4338963156445858,1.0,0.0333333333333333,3.0,0.6974004947843565,52.28134322902047,4.3566666666666665,6.14,344.1233333333334,352.35,50.0,1,WILDFIRE,,,,,,,,,unknown
898,27.368419999999997,80.22986,4,1,1.0,0.3644040119324709,1.0,0.0333333333333333,4.0,0.7329207414038984,55.4917481614113,3.05,3.05,343.5825,355.62,50.0,1,WILDFIRE,,,,,,,,,unknown
899,24.61094875,80.65060125000001,8,1,1.0,1.1991817894461485,1.0,0.0333333333333333,8.0,0.4547145692088712,59.92762471751075,10.135,11.26,358.50625,367.0,65.0,1,WILDFIRE,,,,,,,,,unknown
900,24.964438,84.1459,5,1,1.0,0.5178872874993459,1.0,0.0333333333333333,5.0,0.6588104454366023,56.50954224206538,4.901999999999999,10.48,338.68399999999997,351.22,38.0,1,WILDFIRE,,,,,,,,,unknown
901,24.803252,80.47491000000001,5,1,1.0,0.3750011079103789,1.0,0.0333333333333333,5.0,0.7272721412710155,57.878776158753645,8.468,10.15,353.384,367.0,52.0,1,WILDFIRE,,,,,,,,,unknown
902,24.8507525,80.99283750000001,4,1,1.0,0.3257583978109256,1.0,0.0333333333333333,4.0,0.7542852465812674,55.91903826495867,12.04,14.56,356.76,367.0,60.0,1,WILDFIRE,,,,,,,,,unknown
903,25.056342500000003,83.7225175,4,1,1.0,0.3409520047585651,1.0,0.0333333333333333,4.0,0.7457388455748998,55.74811024483133,12.5925,13.81,347.96000000000004,352.08,50.0,1,WILDFIRE,,,,,,,,,unknown
904,25.803713333333334,82.79606666666668,3,1,1.0,0.3026302943537708,1.0,0.0333333333333333,3.0,0.7676775247240013,53.68688382781337,6.453333333333333,9.1,348.3333333333333,367.0,53.333333333333336,1,WILDFIRE,,,,,,,,,unknown
905,25.934993333333335,84.38415333333333,3,1,1.0,0.4023517559754561,1.0,0.0333333333333333,3.0,0.7130878509895786,52.59509035312491,8.663333333333334,11.13,345.25,354.91,43.333333333333336,1,WILDFIRE,,,,,,,,,unknown
906,24.812826666666663,79.54208,3,1,1.0,0.5701284872137103,1.0,0.0333333333333333,3.0,0.636890552679903,51.0711443869314,4.623333333333333,6.81,331.46999999999997,346.75,43.333333333333336,1,WILDFIRE,,,,,,,,,unknown
907,25.0345225,82.03315749999999,4,1,1.0,0.3544654714477537,1.0,0.0333333333333333,4.0,0.7382986285587076,55.59930590450749,5.115,6.29,344.70000000000005,347.08,50.0,1,WILDFIRE,,,,,,,,,unknown
908,25.02011,82.040152,5,2,1.0,0.74234668180996,1.0,0.0333333333333333,5.0,0.5739385912344346,54.81210515802203,5.254,5.71,341.584,345.12,38.0,1,WILDFIRE,,,,,,,,,unknown
909,25.180085,84.3001775,4,1,1.0,0.370829595648249,1.0,0.0333333333333333,4.0,0.7294852716738377,55.42303876681009,12.51,16.52,355.17499999999995,367.0,57.5,1,WILDFIRE,,,,,,,,,unknown
910,24.947500625,81.19008875,16,2,1.5055555555555555,1.2720518561366727,1.0,0.0501851851851851,10.62730627306273,0.4401307995233741,65.05724562009712,6.591874999999999,10.65,335.44124999999997,367.0,51.875,1,WILDFIRE,,,,,,,,,unknown
911,25.295546666666667,84.49211333333334,3,1,1.0,0.4011314581131267,1.0,0.0333333333333333,3.0,0.7137089059057159,52.60751145144765,8.96,11.64,351.05,367.0,60.0,1,WILDFIRE,,,,,,,,,unknown
912,25.249566666666663,83.44784,3,1,1.0,0.6747224850714765,1.0,0.0333333333333333,3.0,0.5971138555277238,50.27561044388781,4.02,5.27,336.2866666666667,337.11,30.0,1,WILDFIRE,,,,,,,,,unknown
913,24.90912142857143,81.56697999999997,7,2,1.0,1.271573413967895,1.0,0.0333333333333333,7.0,0.4402235005265533,57.137803343864405,6.917142857142857,10.16,351.53714285714284,367.0,54.285714285714285,1,WILDFIRE,,,,,,,,,unknown
914,25.237624,84.37639400000002,5,2,1.0569444444444445,0.8134519533048945,1.0,0.0352314814814814,4.730617608409987,0.551434515911804,53.73602137629808,2.9659999999999997,4.18,336.086,341.2,42.0,1,WILDFIRE,,,,,,,,,unknown
915,26.10217,80.92601333333333,3,2,1.0,0.6853544260043175,1.0,0.0333333333333333,3.0,0.5933470043869801,50.200273421072936,3.1999999999999997,4.4,340.40333333333336,342.24,50.0,1,WILDFIRE,,,,,0.0,0.0,0.0,0.0,unknown
916,25.992813333333338,79.58789999999999,3,2,1.0,0.6289416569261514,1.0,0.0333333333333333,3.0,0.6138955288840865,50.611243911015066,11.68,14.93,344.8533333333333,346.42,30.0,1,WILDFIRE,,,,,,,,,unknown
917,25.722301,77.13148699999999,10,1,1.0,1.5103839769387524,1.0,0.0333333333333333,10.0,0.3983454360712715,63.80024205475876,6.88,12.53,331.678,355.5,46.0,1,WILDFIRE,,,,,,,,,unknown
918,25.79585,78.4913725,4,1,1.0,0.5074917878059696,1.0,0.0333333333333333,4.0,0.6633535307382455,54.10040394809824,10.9575,15.47,344.66749999999996,353.76,40.0,1,WILDFIRE,,,,,,,,,unknown
919,26.134566666666668,82.56632,3,1,1.0,0.3071699311509307,1.0,0.0333333333333333,3.0,0.7650114772143854,53.633562877621046,15.89,18.98,361.8933333333334,367.0,70.0,1,WILDFIRE,,,,,0.0,0.0,0.0,0.0,unknown
920,26.016879999999997,81.23025666666668,3,1,1.0,0.2413185500711677,1.0,0.0333333333333333,3.0,0.8055949860272913,54.44523305387917,5.0200000000000005,6.45,344.1366666666666,354.32,43.333333333333336,1,WILDFIRE,,,,,,,,,unknown
921,25.992993333333335,78.68291666666666,3,1,1.0,0.4408078427101535,1.0,0.0333333333333333,3.0,0.694055078239305,52.21443489811944,7.64,7.64,344.75666666666666,348.04,50.0,1,WILDFIRE,,,,,,,,,unknown
922,25.98523333333333,78.65334666666666,3,1,1.0,0.4398853536270843,1.0,0.0333333333333333,3.0,0.6944997374138093,52.22332808160952,13.653333333333334,18.3,344.14333333333326,349.07,50.0,1,WILDFIRE,,,,,,,,,unknown
923,25.81214,78.805388,5,1,1.0,0.708257197703689,1.0,0.0333333333333333,5.0,0.5853919429370718,55.041172192074775,12.882,20.31,343.41999999999996,347.06,46.0,1,WILDFIRE,,,,,,,,,unknown
924,25.67893666666666,78.64351,6,1,1.0,0.8213373537492024,1.0,0.0333333333333333,6.0,0.5490471042838446,56.81427541901023,4.635000000000001,14.05,321.2316666666666,347.68,50.0,1,WILDFIRE,,,,,,,,,unknown
925,25.913132500000003,81.119205,4,1,1.0,0.3517700309734922,1.0,0.0333333333333333,4.0,0.7397708020496939,55.628749374327214,7.537500000000001,10.01,354.66999999999996,367.0,65.0,1,WILDFIRE,,,,,,,,,unknown
926,26.088700000000003,84.18536,3,2,1.0,0.5507739116866639,1.0,0.0333333333333333,3.0,0.6448393234268255,51.23011980186985,2.3699999999999997,2.96,332.67,333.78,36.666666666666664,1,WILDFIRE,,,,,,,,,unknown
927,25.907752499999997,80.9603625,4,1,1.0,0.3632310497565933,1.0,0.0333333333333333,4.0,0.7335513669370657,55.50436067207465,9.335,9.38,355.3275,367.0,57.5,1,WILDFIRE,,,,,0.0,0.0,0.0,0.0,unknown
928,30.21851666666667,79.36491777777778,9,3,2.4902777777777776,1.104784277949991,1.0,0.0830092592592592,3.6140546569994423,0.4751080718704226,50.61252956138854,2.151111111111111,5.95,320.5655555555556,343.92,50.0,1,WILDFIRE,,,,,,,,,unknown
929,30.17467363636364,78.94990636363637,11,1,1.0,1.7303565115782726,1.0,0.0333333333333333,11.0,0.3662525372636973,63.15838407860728,2.5209090909090905,6.83,319.26363636363635,345.97,50.0,1,WILDFIRE,,,,,,,,,unknown
930,30.0111975,76.914485,4,1,1.0,0.3959436513485342,1.0,0.0333333333333333,4.0,0.7163612936911617,55.16055920715657,5.9625,6.14,345.87000000000006,349.3,50.0,1,WILDFIRE,,,,,,,,,unknown
931,29.855370000000004,75.38082666666668,3,2,1.9736111111111112,0.2703401101865244,1.0,0.065787037037037,1.5200562983814214,0.7871907625219908,51.188631922319296,8.69,17.14,348.48,353.16,50.0,1,WILDFIRE,,,,,,,,,unknown
932,29.87967666666667,75.87412,3,1,1.0,0.3538473749102978,1.0,0.0333333333333333,3.0,0.738635697444298,53.10604728221929,6.16,6.34,346.98,354.45,43.333333333333336,1,WILDFIRE,,,,,,,,,unknown
933,29.966383333333336,76.73065666666668,3,2,1.05625,0.8308588057070156,1.0,0.0352083333333333,2.840236686390533,0.5461917636045309,48.90463532140028,5.176666666666667,5.32,341.85999999999996,343.01,43.333333333333336,1,WILDFIRE,,,,,,,,,unknown
934,29.986841666666667,76.740955,6,2,1.0,1.356799725837034,1.0,0.0333333333333333,6.0,0.4243041905670805,54.319417144674944,8.840000000000002,16.66,347.2183333333333,352.54,46.666666666666664,1,WILDFIRE,,,,,,,,,unknown
935,30.303142857142852,78.52623000000001,7,2,1.05625,1.3954388099664548,1.0,0.0352083333333333,6.627218934911244,0.4174600477538409,55.797456625688255,5.001428571428571,6.55,344.19428571428574,367.0,54.285714285714285,1,WILDFIRE,,,,,,,,,unknown
936,30.02065,75.42778666666668,3,1,1.0,0.3436960058012203,1.0,0.0333333333333333,3.0,0.7442159503955056,53.21765234124345,6.7,6.7,342.3633333333333,349.37,36.666666666666664,1,WILDFIRE,,,,,,,,,unknown
937,30.340086666666664,79.06139999999999,3,1,1.0,0.4249007037291658,1.0,0.0333333333333333,3.0,0.7018032887364427,52.36939910806219,5.283333333333333,6.17,349.96000000000004,367.0,60.0,1,WILDFIRE,,,,,,,,,unknown
938,30.318983333333335,78.82364833333334,6,1,1.0,0.588393603558266,1.0,0.0333333333333333,6.0,0.6295668767236493,58.42467086780633,14.011666666666668,19.02,337.68666666666667,367.0,51.666666666666664,1,WILDFIRE,,,,,,,,,unknown
939,30.22499285714286,78.09101,7,1,1.0,1.057500419729151,1.0,0.0333333333333333,7.0,0.4860266323209984,58.053865979753304,6.378571428571427,16.81,328.34,341.83,44.285714285714285,1,WILDFIRE,,,,,,,,,unknown
940,30.122532,77.059274,5,1,1.0,0.4558743577711019,1.0,0.0333333333333333,5.0,0.6868724589194418,57.07078251172217,13.348000000000004,21.5,348.504,354.96,50.0,1,WILDFIRE,,,,,,,,,unknown
941,30.097084,78.370086,5,3,1.9736111111111112,0.7298929163275295,1.0,0.065787037037037,2.533427163969036,0.5780704635307409,49.539653106463334,2.7619999999999996,4.94,332.034,346.41,38.0,1,WILDFIRE,,,,,,,,,unknown
942,29.729069090909093,75.82063727272727,11,1,1.0,0.8553557846318528,1.0,0.0333333333333333,11.0,0.5389801828216059,66.61293698976544,20.26181818181818,40.06,351.17545454545456,367.0,49.09090909090909,1,WILDFIRE,,,,,,,,,unknown
943,29.721704999999996,75.77212499999999,10,2,1.0,1.747038221949594,1.0,0.0333333333333333,10.0,0.3640284259642709,63.113901852618746,10.8,20.13,343.867,347.38,36.0,1,WILDFIRE,,,,,,,,,unknown
944,29.77597,76.24535666666667,3,1,1.0,0.4921985997329114,1.0,0.0333333333333333,3.0,0.6701520830933563,51.736374995200464,4.086666666666667,4.12,341.08000000000004,342.22,36.666666666666664,1,WILDFIRE,,,,,,,,,unknown
945,30.01709666666667,78.79,3,1,1.0,0.3835696005985917,1.0,0.0333333333333333,3.0,0.7227681206405207,52.78869574614375,7.286666666666666,8.32,350.53000000000003,367.0,60.0,1,WILDFIRE,,,,,,,,,unknown
946,30.069985,79.512685,4,2,1.0,0.3627493891862853,1.0,0.0333333333333333,4.0,0.7338106389444888,55.509546112223106,9.255,19.32,348.7925,367.0,65.0,1,WILDFIRE,,,,,,,,,unknown
947,29.826773333333335,76.86606333333333,3,2,1.9736111111111112,0.5867886324112788,1.0,0.065787037037037,1.5200562983814214,0.6302036576102787,48.04888982408505,5.1866666666666665,7.72,344.32,350.84,36.666666666666664,1,WILDFIRE,,,,,,,,,unknown
948,29.692957142857143,75.71736000000001,7,2,1.0,1.1553339431320768,1.0,0.0333333333333333,7.0,0.4639652259857352,57.61263785304804,16.3,26.48,348.4828571428571,355.16,47.142857142857146,1,WILDFIRE,,,,,,,,,unknown
949,29.63073,75.18230333333334,3,1,1.0,0.669614093838342,1.0,0.0333333333333333,3.0,0.5989407993682302,50.31214932069794,7.023333333333333,8.19,348.07666666666665,354.65,43.333333333333336,1,WILDFIRE,,,,,,,,,unknown
950,29.729833333333335,76.19917,3,2,1.0,0.3905318370916948,1.0,0.0333333333333333,3.0,0.7191493019616909,52.71631937256715,4.29,5.75,339.3233333333333,341.21,30.0,1,WILDFIRE,,,,,,,,,unknown
951,29.97012,78.71980666666667,3,2,1.0,0.6512074671181726,1.0,0.0333333333333333,3.0,0.6056174162931112,50.44568165919557,2.5033333333333334,4.45,338.72333333333336,341.57,43.333333333333336,1,WILDFIRE,,,,,,,,,unknown
952,29.92437,76.89416666666666,3,1,1.0,0.3876474540565647,1.0,0.0333333333333333,3.0,0.720644135566754,52.746216044668415,10.233333333333333,10.8,346.8866666666667,354.71,43.333333333333336,1,WILDFIRE,,,,,,,,,unknown
953,29.63322666666667,76.87319666666667,3,1,1.0,0.6200222058691761,1.0,0.0333333333333333,3.0,0.6172754894205162,50.67884312174367,3.923333333333334,4.42,342.75,346.95,43.333333333333336,1,WILDFIRE,,,,,,,,,unknown
954,29.84783,79.419942,5,2,1.0,0.8324639490382364,1.0,0.0333333333333333,5.0,0.5457133279619756,54.24759989257285,5.08,7.25,339.926,343.17,50.0,1,WILDFIRE,,,,,,,,,unknown
955,29.56354333333333,76.19309666666668,3,2,1.0,0.3711770881770095,1.0,0.0333333333333333,3.0,0.7293004008180356,52.91934134969405,10.766666666666666,15.32,342.7833333333333,347.07,36.666666666666664,1,WILDFIRE,,,,,,,,,unknown
956,29.840878888888888,79.50218777777779,9,2,1.5034722222222223,0.55439409721835,1.0,0.0501157407407407,5.986143187066975,0.6433374919459226,59.0850013251044,3.376666666666667,9.05,321.6222222222222,343.53,50.0,1,WILDFIRE,,,,,,,,,unknown
957,29.79319,75.36822666666666,3,1,1.0,0.3412931640974777,1.0,0.0333333333333333,3.0,0.7455491661085701,53.24431665550474,15.660000000000002,15.66,342.3766666666667,347.28,36.666666666666664,1,WILDFIRE,,,,,,,,,unknown
958,29.553635,76.55319125,8,2,1.0,0.9474066506887592,1.0,0.0333333333333333,8.0,0.513503432704371,61.103401987420746,7.02125,9.47,345.01,353.19,42.5,1,WILDFIRE,,,,,,,,,unknown
959,29.5893,76.87774333333333,3,2,1.0,0.7010360188340184,1.0,0.0333333333333333,3.0,0.5878770284273308,50.09087390187995,3.606666666666667,4.14,337.66333333333336,339.58,30.0,1,WILDFIRE,,,,,,,,,unknown
960,29.58666,76.76854666666667,3,1,1.0,0.3790458952481529,1.0,0.0333333333333333,3.0,0.7251390279654576,52.83611389264249,4.59,5.63,340.59666666666664,344.64,36.666666666666664,1,WILDFIRE,,,,,,,,,unknown
961,29.8237975,79.7114125,4,1,1.0,0.2702387714464924,1.0,0.0333333333333333,4.0,0.787253564037605,56.57840461408543,3.5250000000000004,3.64,339.2825,341.41,50.0,1,WILDFIRE,,,,,,,,,unknown
962,30.061438,78.646964,5,1,1.0,0.3315140449976648,1.0,0.0333333333333333,5.0,0.7510247479227707,58.353828291788744,10.066,12.31,355.81800000000004,367.0,56.0,1,WILDFIRE,,,,,,,,,unknown
963,29.7499223076923,75.41073153846153,13,2,1.9736111111111112,1.5484015455364502,1.0,0.065787037037037,6.586910626319493,0.3924028384582915,55.96000926089049,10.23923076923077,19.18,346.30692307692306,355.12,34.61538461538461,1,WILDFIRE,,,,,,,,,unknown
964,29.8068775,76.106075,4,2,1.0,0.6496957042824983,1.0,0.0333333333333333,4.0,0.6061723973724776,52.95678128078288,5.4825,10.39,342.4225,348.04,35.0,1,WILDFIRE,,,,,,,,,unknown
965,30.02471,78.46425666666666,3,1,1.0,0.5796497112253631,1.0,0.0333333333333333,3.0,0.6330517410877642,50.99436815508862,2.013333333333333,2.07,329.24666666666667,337.22,36.666666666666664,1,WILDFIRE,,,,,,,,,unknown
966,30.82296666666667,76.56961666666666,3,1,1.0,0.2599361258664246,1.0,0.0333333333333333,3.0,0.7936910288307882,54.2071539099491,17.423333333333332,22.46,346.09999999999997,352.26,50.0,1,WILDFIRE,,,,,,,,,unknown
967,30.85822888888889,76.94065888888889,9,2,1.0,0.8858384606595434,1.0,0.0333333333333333,9.0,0.5302681119623921,63.938695572581175,4.132222222222222,10.49,329.87777777777774,349.95,50.0,1,WILDFIRE,,,,,,,,,unknown
968,29.747913333333333,75.38152666666666,3,2,1.0,0.478698718748641,1.0,0.0333333333333333,3.0,0.6762702823238103,51.85873897980954,6.0,10.18,344.65000000000003,349.27,43.333333333333336,1,WILDFIRE,,,,,,,,,unknown
969,29.650333333333336,74.43354333333333,3,1,1.0,0.3286194734145008,1.0,0.0333333333333333,3.0,0.752660953726682,53.386552407866986,5.003333333333333,6.93,339.5733333333333,341.77,30.0,1,WILDFIRE,,,,,,,,,unknown
970,29.74848666666667,75.3567,3,2,1.0,0.5383446585144667,1.0,0.0333333333333333,3.0,0.6500493855295536,51.33432104392441,7.93,11.92,345.4666666666667,346.9,43.333333333333336,1,WILDFIRE,,,,,,,,,unknown
971,30.496883333333333,74.13536,3,2,1.0,0.8249639469338126,1.0,0.0333333333333333,3.0,0.5479560304082368,49.292453941498074,7.863333333333333,11.32,344.48333333333335,349.15,50.0,1,WILDFIRE,,,,,,,,,unknown
972,30.49328,74.02184,3,2,1.9743055555555555,0.7778570124442686,1.0,0.0658101851851851,1.51952163207879,0.5624749307736284,46.693557325299174,4.489999999999999,6.83,338.62333333333333,339.62,30.0,1,WILDFIRE,,,,,,,,,unknown
973,30.5015375,74.10092250000001,4,2,1.9743055555555555,0.548256881181629,1.0,0.0658101851851851,2.02602884277172,0.6458876509153962,49.62807975486685,19.9375,31.75,345.44,348.92,35.0,1,WILDFIRE,,,,,,,,,unknown
974,30.49473,75.03773333333334,3,1,1.0,0.3379848964671225,1.0,0.0333333333333333,3.0,0.7473925921289892,53.28118517591312,8.129999999999999,11.32,341.3533333333333,351.45,36.666666666666664,1,WILDFIRE,,,,,,,,,unknown
975,30.799683333333338,74.35396333333334,3,2,1.0,0.71498862495618,1.0,0.0333333333333333,3.0,0.5830942464854839,49.995218263043014,14.626666666666669,18.59,341.67,342.84,36.666666666666664,1,WILDFIRE,,,,,,,,,unknown
976,30.853233333333336,74.97537666666666,3,2,1.0,0.864091128576791,1.0,0.0333333333333333,3.0,0.536454460122605,49.06242253578544,3.51,4.04,340.90999999999997,348.62,36.666666666666664,1,WILDFIRE,,,,,,,,,unknown
977,30.6528,74.364625,4,1,1.0,0.5288872486855377,1.0,0.0333333333333333,4.0,0.654070469133516,53.91474271600365,12.3725,14.27,344.195,349.35,45.0,1,WILDFIRE,,,,,,,,,unknown
978,30.66416666666667,74.79167333333334,3,1,1.0,0.7382054222605117,1.0,0.0333333333333333,3.0,0.575305995018422,49.839453233701775,6.669999999999999,10.37,347.48,355.39,50.0,1,WILDFIRE,,,,,,,,,unknown
979,29.8467225,76.1354675,4,1,1.0,0.9484578209082182,1.0,0.0333333333333333,4.0,0.5132264036046099,51.09786140542554,5.3875,7.42,343.09999999999997,345.53,40.0,1,WILDFIRE,,,,,,,,,unknown
980,30.04648125,78.34942625000001,8,2,1.5034722222222223,0.9669895856009486,1.0,0.0501157407407407,5.321016166281755,0.5083911004513444,54.72325594324978,3.87625,8.1,330.87625,347.3,40.0,1,WILDFIRE,,,,,,,,,unknown
981,30.69612,74.4166175,4,2,1.9743055555555555,0.7972253704449295,1.0,0.0658101851851851,2.02602884277172,0.5564132447965807,47.83859163249055,19.1475,32.65,350.365,367.0,35.0,1,WILDFIRE,,,,,,,,,unknown
982,30.442262,79.124232,5,3,1.9736111111111112,0.8061987496921489,1.0,0.065787037037037,2.533427163969036,0.5536489271573471,49.051222378995455,2.43,5.92,316.078,343.64,50.0,1,WILDFIRE,,,,,,,,,unknown
983,29.996296666666662,74.45986,3,2,1.0,0.6841643084131441,1.0,0.0333333333333333,3.0,0.593766294063209,50.20865921459752,7.203333333333333,12.47,341.32,343.98,36.666666666666664,1,WILDFIRE,,,,,,,,,unknown
984,30.295532,76.531718,5,1,1.0,0.4515592670347043,1.0,0.0333333333333333,5.0,0.6889143438440751,57.111620210214845,9.224,17.15,346.662,354.47,42.0,1,WILDFIRE,,,,,,,,,unknown
985,30.3004275,76.4956475,4,1,1.0,0.3719637440079882,1.0,0.0333333333333333,4.0,0.7288822349478774,55.41097803229088,20.425,46.45,343.3825,347.31,45.0,1,WILDFIRE,,,,,,,,,unknown
986,29.998806666666667,73.77848666666667,3,1,1.0,0.2536701012159675,1.0,0.0333333333333333,3.0,0.7976580114896843,54.286493563127024,8.046666666666667,9.66,342.5333333333333,344.64,36.666666666666664,1,WILDFIRE,,,,,,,,,unknown
987,30.2280525,76.8496025,4,2,1.5034722222222223,0.8350490870002691,1.0,0.0501157407407407,2.6605080831408774,0.5449445505758579,48.80305473788787,4.685,6.97,335.89750000000004,345.11,45.0,1,WILDFIRE,,,,,,,,,unknown
988,30.0802,75.61880833333333,6,3,2.490972222222222,0.8511852500439814,1.0,0.0830324074074074,2.408698076386953,0.5401944510827544,48.90144439780765,7.155000000000001,19.09,331.04333333333335,350.82,46.666666666666664,1,WILDFIRE,,,,,,,,,unknown
989,30.317541999999996,78.12084000000002,5,2,1.5034722222222223,1.2045423046132666,1.0,0.0501157407407407,3.3256351039260967,0.4536088955550461,48.63915918943468,5.946,9.87,331.304,347.45,50.0,1,WILDFIRE,,,,,,,,,unknown
990,30.397154,79.21569000000001,10,1,1.0,0.9025726786084176,1.0,0.0333333333333333,10.0,0.5256040997768461,66.34541532887026,35.302,110.83,344.477,367.0,54.0,1,WILDFIRE,,,,,,,,,unknown
991,30.36633666666667,78.57487666666667,3,1,1.0,0.2739911731961027,1.0,0.0333333333333333,3.0,0.7849347947138973,54.032029227611275,2.103333333333333,3.51,335.66333333333336,343.83,43.333333333333336,1,WILDFIRE,,,,,,,,,unknown
992,30.091775,75.530025,4,1,1.0,0.2438398597590332,1.0,0.0333333333333333,4.0,0.803962015008691,56.91257363350716,3.8275,4.82,344.5325,345.15,50.0,1,WILDFIRE,,,,,,,,,unknown
993,30.070088,75.33015400000001,5,2,1.0,0.9653128119775278,1.0,0.0333333333333333,5.0,0.5088248516498423,53.50983036633018,5.1339999999999995,5.88,341.754,344.82,46.0,1,WILDFIRE,,,,,,,,,unknown
994,30.153185,76.270405,4,2,1.9736111111111112,0.6019517865670263,1.0,0.065787037037037,2.0267417311752287,0.6242385122856877,49.19630049957775,6.49,12.24,343.3225,346.19,40.0,1,WILDFIRE,,,,,,,,,unknown
995,30.374246666666664,74.79153666666666,3,1,1.0,0.3296749130403034,1.0,0.0333333333333333,3.0,0.7520635233415803,53.37460380016494,2.7099999999999995,2.71,340.2766666666667,343.6,36.666666666666664,1,WILDFIRE,,,,,,,,,unknown
996,30.378225,74.69941,4,3,1.9743055555555555,0.6445559291420888,1.0,0.0658101851851851,2.02602884277172,0.6080668843665702,48.87166442389033,9.3575,14.81,343.6725,348.25,40.0,1,WILDFIRE,,,,,,,,,unknown
997,30.51034,75.31484666666667,3,1,1.0,0.3449283011928502,1.0,0.0333333333333333,3.0,0.7435340598551426,53.2040145304362,4.27,4.27,340.6766666666667,344.7,36.666666666666664,1,WILDFIRE,,,,,,,,,unknown
998,30.3868575,76.34806750000001,4,1,1.0,0.3990993172510113,1.0,0.0333333333333333,4.0,0.7147455421283654,55.12824417590064,15.64,23.47,348.625,355.37,45.0,1,WILDFIRE,,,,,,,,,unknown
999,30.17215333333333,74.57536,3,2,1.0,0.2629873407714881,1.0,0.0333333333333333,3.0,0.7917735734304003,54.16880480194135,13.383333333333333,24.38,342.08666666666664,343.07,30.0,1,WILDFIRE,,,,,,,,,unknown
1000,28.803543333333337,76.63618333333334,3,1,1.0,0.2592834675236221,1.0,0.0333333333333333,3.0,0.79410238106794,54.21538095469214,7.669999999999999,8.41,344.3733333333334,348.68,43.333333333333336,1,WILDFIRE,,,,,,,,,unknown
1001,28.774416,76.58452,5,2,1.0,1.028875127582462,1.0,0.0333333333333333,5.0,0.4928839564372627,53.19101246207859,5.192,10.54,336.332,349.3,42.0,1,WILDFIRE,,,,,,,,,unknown
1002,29.04413625,76.55259000000001,8,1,1.0,1.0799436508869618,1.0,0.0333333333333333,8.0,0.4807822556027248,60.44897844538782,8.061250000000001,10.74,345.23749999999995,354.3,42.5,1,WILDFIRE,,,,,,,,,unknown
1003,28.744096000000003,76.659032,5,2,1.9736111111111112,1.1874768037459196,1.0,0.065787037037037,2.533427163969036,0.4571477047379709,47.121197930607934,8.5,13.18,346.474,349.91,42.0,1,WILDFIRE,,,,,,,,,unknown
1004,29.17148,77.074655,6,1,1.0,0.4086383042258287,1.0,0.0333333333333333,6.0,0.709905443434316,60.03144220201966,5.739999999999999,6.64,345.9916666666666,351.08,46.666666666666664,1,WILDFIRE,,,,,,,,,unknown
1005,28.972589999999997,76.48085166666668,6,1,1.0,0.8808571258550971,1.0,0.0333333333333333,6.0,0.5316724945523804,56.46678322438095,8.063333333333334,10.1,346.32666666666665,367.0,60.0,1,WILDFIRE,,,,,,,,,unknown
1006,29.00738,76.78858333333334,3,2,1.5041666666666669,0.3713872550605699,1.0,0.0501388888888888,1.994459833795014,0.7291886345814357,50.82339449833847,4.846666666666667,6.88,333.6933333333333,344.95,43.333333333333336,1,WILDFIRE,,,,,,,,,unknown
1007,28.9419325,76.2034375,4,2,1.0,0.8749665603132412,1.0,0.0333333333333333,4.0,0.5333428452360959,51.500190238055254,7.975,9.83,347.13,350.35,40.0,1,WILDFIRE,,,,,,,,,unknown
1008,29.0412175,76.9069025,4,1,1.0,0.7469648525563061,1.0,0.0333333333333333,4.0,0.5724213618475013,52.28176057028335,28.4925,47.88,347.145,353.65,45.0,1,WILDFIRE,,,,,,,,,unknown
1009,29.44689,79.3048425,4,1,1.0,1.0683025455241044,1.0,0.0333333333333333,4.0,0.4834882605371458,50.50309854407625,5.2475,7.85,347.9625,367.0,52.5,1,WILDFIRE,,,,,,,,,unknown
1010,29.4785,79.71208666666668,3,1,1.0,0.3967649548016336,1.0,0.0333333333333333,3.0,0.7159400703477833,52.652134740289,3.28,3.48,333.88666666666666,337.59,43.333333333333336,1,WILDFIRE,,,,,,,,,unknown
1011,29.203756666666663,76.86560333333334,3,2,1.0,0.6372580782204588,1.0,0.0333333333333333,3.0,0.6107772582114259,50.54887849756186,7.326666666666667,16.98,343.53,348.26,43.333333333333336,1,WILDFIRE,,,,,,,,,unknown
1012,28.969218333333338,76.52527666666667,6,2,1.0,0.5668088576271655,1.0,0.0333333333333333,6.0,0.6382399455632628,58.5981322445986,5.208333333333333,9.11,346.4550000000001,350.55,43.333333333333336,1,WILDFIRE,,,,,,,,,unknown
1013,28.974306666666667,77.19472333333333,3,1,1.0,0.4077369014409272,1.0,0.0333333333333333,3.0,0.7103600104369098,52.54053354207153,6.503333333333334,13.39,341.4333333333334,345.72,43.333333333333336,1,WILDFIRE,,,,,,,,,unknown
1014,28.988566666666667,77.30082,3,1,1.0,0.2988779070926833,1.0,0.0333333333333333,3.0,0.7698953031223154,53.73123939577964,6.43,8.75,342.6566666666667,347.19,43.333333333333336,1,WILDFIRE,,,,,,,,,unknown
1015,28.965605,76.498795,8,2,1.5041666666666669,0.9263989414628564,1.0,0.0501388888888888,5.3185595567867034,0.5191032752751756,54.93193661969249,7.29875,14.46,339.80375000000004,352.59,42.5,1,WILDFIRE,,,,,,,,,unknown
1016,28.884607999999997,76.14251800000001,5,2,1.0,1.093414138040805,1.0,0.0333333333333333,5.0,0.4776885671250339,52.88710467583402,10.714000000000002,17.48,338.034,350.95,42.0,1,WILDFIRE,,,,,,,,,unknown
1017,28.4948,80.3453425,4,1,1.0,0.4504692867191447,1.0,0.0333333333333333,4.0,0.6894320404825164,54.62197414298367,4.15,5.5,343.71500000000003,347.1,50.0,1,WILDFIRE,,,,,,,,,unknown
1018,28.458283333333338,77.36380333333334,3,1,1.0,0.3018906026261423,1.0,0.0333333333333333,3.0,0.7681136940253076,53.695607213839494,4.746666666666667,6.47,339.5466666666666,347.33,43.333333333333336,1,WILDFIRE,,,,,,,,,unknown
1019,28.334420000000005,80.9952575,12,1,1.0,0.9052815030709948,1.0,0.0333333333333333,12.0,0.5248568247727002,66.33046982878734,14.113333333333337,26.82,348.24499999999995,367.0,51.666666666666664,1,WILDFIRE,,,,,,,,,unknown
1020,28.25416,80.06349999999999,4,1,1.0,0.2521990913840458,1.0,0.0333333333333333,4.0,0.7985950531993342,56.805234397320014,11.655,16.98,355.0625,367.0,65.0,1,WILDFIRE,,,,,,,,,unknown
1021,28.13125666666667,79.83483333333334,3,1,1.0,0.2875711961988074,1.0,0.0333333333333333,3.0,0.7766560815838528,53.86645496501039,2.5033333333333334,3.91,333.62666666666667,335.05,30.0,1,WILDFIRE,,,,,,,,,unknown
1022,28.305571666666665,80.24383333333333,6,1,1.0,0.6305112042539673,1.0,0.0333333333333333,6.0,0.6133045865560582,58.0994250644545,3.3483333333333327,4.82,336.24333333333334,349.42,50.0,1,WILDFIRE,,,,,,,,,unknown
1023,28.7063225,76.6632475,4,1,1.0,0.3942958520712147,1.0,0.0333333333333333,4.0,0.7172078999693705,55.17749133272074,5.855,7.74,344.3575,346.19,45.0,1,WILDFIRE,,,,,,,,,unknown
1024,28.718645999999996,76.749126,5,1,1.0,0.4378757681127021,1.0,0.0333333333333333,5.0,0.6954703752414994,57.24274083816332,8.742,11.19,343.802,354.46,38.0,1,WILDFIRE,,,,,,,,,unknown
1025,28.698314615384614,76.49717230769231,13,2,1.5041666666666669,1.609476601398662,1.0,0.0501388888888888,8.642659279778394,0.3832186115269271,60.52449265220675,16.723846153846154,26.43,346.57384615384615,355.78,45.38461538461539,1,WILDFIRE,,,,,,,,,unknown
1026,28.715946666666667,76.69491333333333,3,1,1.0,0.265758993082515,1.0,0.0333333333333333,3.0,0.7900398144236688,54.134129621806714,8.32,11.02,348.41,356.66,50.0,1,WILDFIRE,,,,,,,,,unknown
1027,28.618442,76.844576,5,1,1.0,0.5092536157915407,1.0,0.0333333333333333,5.0,0.6625791646525503,56.58491662638434,7.936,11.26,348.294,367.0,56.0,1,WILDFIRE,,,,,,,,,unknown
1028,28.70036125,76.84661500000001,8,2,1.9736111111111112,1.1422051493974414,1.0,0.065787037037037,4.053483462350457,0.4668086995688902,51.11455857317988,17.78,33.3,353.65999999999997,367.0,55.0,1,WILDFIRE,,,,,,,,,unknown
1029,29.82306,78.51189,3,1,1.0,0.3239683580308046,1.0,0.0333333333333333,3.0,0.7553050599240477,53.43943453181429,2.783333333333333,2.88,336.53,340.2,36.666666666666664,1,WILDFIRE,,,,,,,,,unknown
1030,29.834316666666663,78.84070333333334,3,1,1.0,0.5186838311629245,1.0,0.0333333333333333,3.0,0.658464901963337,51.50263137260007,1.41,1.84,321.7166666666667,330.22,36.666666666666664,1,WILDFIRE,,,,,,,,,unknown
1031,29.850620000000003,79.03582333333334,3,1,1.0,0.3341175606355592,1.0,0.0333333333333333,3.0,0.7495591314483641,53.32451596230061,7.246666666666667,14.17,336.71,367.0,60.0,1,WILDFIRE,,,,,,,,,unknown
1032,29.532296666666667,75.27953000000001,3,2,1.9736111111111112,0.5315601573040721,1.0,0.065787037037037,1.5200562983814214,0.6529289726106804,48.503396124093086,8.63,14.4,347.37000000000006,348.68,43.333333333333336,1,WILDFIRE,,,,,,,,,unknown
1033,29.556275,75.49424666666667,6,1,1.0,0.420158482864629,1.0,0.0333333333333333,6.0,0.7041467639462892,59.91626861225912,23.486666666666668,24.03,347.47333333333336,353.51,46.666666666666664,1,WILDFIRE,,,,,,,,,unknown
1034,29.694190000000003,76.92107,6,1,1.0,0.4932126609210339,1.0,0.0333333333333333,6.0,0.6696969736267749,59.22727280586883,7.361666666666667,7.84,347.06500000000005,354.0,46.666666666666664,1,WILDFIRE,,,,,,,,,unknown
1035,29.83796777777778,78.67569666666667,9,1,1.0,1.0585393600647843,1.0,0.0333333333333333,9.0,0.4857813357372623,63.048960048078584,2.1077777777777778,4.11,325.2055555555555,367.0,53.333333333333336,1,WILDFIRE,,,,,,,,,unknown
1036,29.708416666666665,78.93381,3,2,1.0,0.6118944271958987,1.0,0.0333333333333333,3.0,0.6203880248780504,50.74109383089434,9.76,18.22,334.0133333333333,353.76,50.0,1,WILDFIRE,,,,,,,,,unknown
1037,29.485269999999996,76.43691600000001,5,2,1.0,0.8295256344489437,1.0,0.0333333333333333,5.0,0.5465897723270774,54.265128779874885,8.597999999999999,10.25,342.04600000000005,346.23,38.0,1,WILDFIRE,,,,,,,,,unknown
1038,29.48606,76.12532,3,2,1.0,0.8189265244213114,1.0,0.0333333333333333,3.0,0.5497748185942521,49.32882970521838,9.65,12.95,348.99,351.09,50.0,1,WILDFIRE,,,,,,,,,unknown
1039,29.546563333333335,76.73040333333334,3,1,1.0,0.3756288447859189,1.0,0.0333333333333333,3.0,0.7269402672023966,52.872138677381265,5.71,5.71,346.81,356.08,43.333333333333336,1,WILDFIRE,,,,,,,,,unknown
1040,29.692543333333333,76.21192333333333,6,1,1.0,0.5457852558799121,1.0,0.0333333333333333,6.0,0.6469203896182636,58.77174112569861,5.265,6.67,345.695,350.03,46.666666666666664,1,WILDFIRE,,,,,,,,,unknown
1041,29.751205,77.009685,4,2,1.0,0.8613410885785038,1.0,0.0333333333333333,4.0,0.5372470452278548,51.57827423789043,8.299999999999999,9.29,343.515,351.61,40.0,1,WILDFIRE,,,,,,,,,unknown
1042,29.895362222222214,78.77353222222222,9,2,1.5034722222222223,0.571947986780558,1.0,0.0501157407407407,5.986143187066975,0.6361533641122942,58.94131876843184,5.285555555555555,12.97,329.07666666666665,355.99,45.55555555555556,1,WILDFIRE,,,,,,,,,unknown
1043,29.912786666666666,79.38920333333333,3,1,1.0,0.3920598139324883,1.0,0.0333333333333333,3.0,0.7183599368299111,52.70053206993156,4.716666666666666,5.05,339.59,343.28,50.0,1,WILDFIRE,,,,,,,,,unknown
1044,29.987365714285712,80.09632857142856,7,1,1.0,0.4771456825513883,1.0,0.0333333333333333,7.0,0.6769812969786148,61.872959272905625,7.018571428571429,15.35,325.5828571428571,367.0,54.285714285714285,1,WILDFIRE,,,,,,,,,unknown
1045,29.292728,76.84266799999999,5,2,1.0,0.8628299485102243,1.0,0.0333333333333333,5.0,0.5368176525182763,54.069686383698865,6.642,9.29,340.296,349.45,50.0,1,WILDFIRE,,,,,,,,,unknown
1046,29.319000000000003,77.07369,4,1,1.0,0.8683140045076269,1.0,0.0333333333333333,4.0,0.5352419334155442,51.53817200164421,5.617500000000001,6.11,344.7275,346.21,50.0,1,WILDFIRE,,,,,,,,,unknown
1047,29.329271999999996,76.891926,5,3,1.9736111111111112,1.2463148969593436,1.0,0.065787037037037,2.533427163969036,0.4451735601956875,46.88171503976226,5.392,9.14,339.654,342.58,38.0,1,WILDFIRE,,,,,,,,,unknown
1048,29.46218,78.04150333333332,3,1,1.0,0.2836356297050755,1.0,0.0333333333333333,3.0,0.7790372726174305,53.91407878568195,11.14,16.46,344.73999999999995,354.53,43.333333333333336,1,WILDFIRE,,,,,,,,,unknown
1049,29.54283666666667,79.21889666666665,3,2,1.0,0.359681138784694,1.0,0.0333333333333333,3.0,0.7354665527638464,53.04266438861026,4.193333333333333,5.12,334.69,337.03,30.0,1,WILDFIRE,,,,,,,,,unknown
1050,29.258695,76.9351425,4,2,1.0,0.8065394935059943,1.0,0.0333333333333333,4.0,0.553544499632984,51.904223325993016,6.1425,11.84,341.4175,345.42,40.0,1,WILDFIRE,,,,,,,,,unknown
1051,29.268819333333333,76.76548,15,2,1.9736111111111112,2.117984092066794,1.0,0.065787037037037,7.600281491907107,0.320720045539789,57.05978056648947,9.589333333333334,15.53,344.5633333333334,351.94,43.333333333333336,1,WILDFIRE,,,,,,,,,unknown
1052,29.512693333333335,79.71272333333333,3,1,1.0,0.187894128510771,1.0,0.0333333333333333,3.0,0.8418258630957891,55.16985059524912,2.5799999999999996,4.3,333.04999999999995,334.58,36.666666666666664,1,WILDFIRE,,,,,,,,,unknown
1053,29.22593666666667,76.27044333333333,3,2,1.0,0.2285333588228257,1.0,0.0333333333333333,3.0,0.8139787111342217,54.612907556017774,5.916666666666667,7.17,340.16,344.04,36.666666666666664,1,WILDFIRE,,,,,,,,,unknown
1054,29.320655,76.460415,4,1,1.0,0.3381130294695768,1.0,0.0333333333333333,4.0,0.7473210244402122,55.77975382213758,13.59,19.78,347.26,355.09,45.0,1,WILDFIRE,,,,,,,,,unknown
1055,29.426351666666665,76.38776666666666,6,1,1.0,0.556830757179619,1.0,0.0333333333333333,6.0,0.6423305779310379,58.679944891954094,5.635000000000001,7.24,343.345,347.0,43.333333333333336,1,WILDFIRE,,,,,,,,,unknown
1056,29.429516666666668,76.45763,3,2,1.0,0.5095525071102747,1.0,0.0333333333333333,3.0,0.6624479740120419,51.58229281357417,6.983333333333334,12.15,342.41,344.62,43.333333333333336,1,WILDFIRE,,,,,,,,,unknown
1057,29.478332499999997,76.84456,4,2,1.9736111111111112,0.5242772948184956,1.0,0.065787037037037,2.0267417311752287,0.656048609658701,49.83250244703802,2.825,3.53,340.1625,342.42,40.0,1,WILDFIRE,,,,,,,,,unknown
1058,29.4167,76.57381333333332,3,1,1.0,0.492926132168989,1.0,0.0333333333333333,3.0,0.669825504726852,51.72984342787037,6.826666666666667,6.83,342.93666666666667,346.15,43.333333333333336,1,WILDFIRE,,,,,,,,,unknown
1059,29.48490666666667,76.64220666666667,3,1,1.0,0.5286769485485631,1.0,0.0333333333333333,3.0,0.6541604496289897,51.41654232591313,5.026666666666666,5.45,340.57666666666665,342.69,43.333333333333336,1,WILDFIRE,,,,,,,,,unknown
1060,29.47010333333333,76.64574,3,1,1.0,0.3733845127737603,1.0,0.0333333333333333,3.0,0.7281282049557607,52.89589743244855,5.383333333333333,9.53,339.81,345.97,36.666666666666664,1,WILDFIRE,,,,,,,,,unknown
1061,29.41595571428572,76.73384857142857,7,2,1.0,1.0080606190472476,1.0,0.0333333333333333,7.0,0.497992934334056,58.29319202001446,13.2,31.05,350.5814285714286,367.0,51.42857142857143,1,WILDFIRE,,,,,,,,,unknown
1062,32.32356250000001,75.42145375000001,8,1,1.0,1.0211527723554834,1.0,0.0333333333333333,8.0,0.4947671515372804,60.728676364078936,13.18875,18.03,347.55125,356.07,47.5,1,WILDFIRE,,,,,,,,,unknown
1063,32.12436666666667,75.52969,3,1,1.0,0.239658888562055,1.0,0.0333333333333333,3.0,0.8066735206165885,54.4668037456651,7.18,10.0,351.7266666666667,367.0,60.0,1,WILDFIRE,,,,,,,,,unknown
1064,32.48054,74.9640211111111,9,3,1.9736111111111112,1.5076948829987544,1.0,0.065787037037037,4.5601688951442645,0.3987725966103894,51.02055009599438,7.414444444444445,12.22,343.84444444444443,354.63,38.888888888888886,1,WILDFIRE,,,,,,,,,unknown
1065,31.937255714285715,75.59239714285715,7,1,1.0,1.1483128204686963,1.0,0.0333333333333333,7.0,0.4654815585850437,57.642964505034215,19.814285714285713,29.78,349.82142857142856,354.36,47.142857142857146,1,WILDFIRE,,,,,,,,,unknown
1066,32.10448333333333,75.60662333333335,3,1,1.0,0.4874397786267171,1.0,0.0333333333333333,3.0,0.67229612544264,51.77925584218613,4.8566666666666665,5.45,346.0466666666667,350.62,43.333333333333336,1,WILDFIRE,,,,,,,,,unknown
1067,32.054586666666665,75.30608333333333,3,1,1.0,0.5474768011624291,1.0,0.0333333333333333,3.0,0.6462132416129424,51.257598165592185,11.67,16.94,352.25,367.0,60.0,1,WILDFIRE,,,,,,,,,unknown
1068,31.418276666666667,76.01546,3,1,1.0,0.2528254924896768,1.0,0.0333333333333333,3.0,0.7981957630928714,54.29724859519076,9.283333333333331,12.29,346.97333333333336,355.63,50.0,1,WILDFIRE,,,,,,,,,unknown
1069,31.37861,75.71412333333335,3,1,1.0,0.3583249152560839,1.0,0.0333333333333333,3.0,0.7362008815184479,53.0573509637023,12.416666666666666,13.81,348.6233333333333,356.03,50.0,1,WILDFIRE,,,,,,,,,unknown
1070,31.36715,75.78376250000001,4,1,1.0,0.3384760176671108,1.0,0.0333333333333333,4.0,0.7471183546067148,55.77570042546763,5.865,6.02,342.2,347.02,45.0,1,WILDFIRE,,,,,,,,,unknown
1071,32.53686666666667,74.86154666666668,3,1,1.0,0.343031807528474,1.0,0.0333333333333333,3.0,0.7445840034423746,53.225013402180835,3.42,3.44,338.9433333333333,343.8,36.666666666666664,1,WILDFIRE,,,,,,,,,unknown
1072,32.538244444444445,74.82275,9,2,1.0,1.7840943204143782,1.0,0.0333333333333333,9.0,0.3591832333651549,60.516998000636434,4.594444444444445,9.85,340.0411111111111,349.37,36.666666666666664,1,WILDFIRE,,,,,,,,,unknown
1073,31.90066,75.390095,4,1,1.0,0.3469034382648228,1.0,0.0333333333333333,4.0,0.7424437206042561,55.68220774541845,7.635,14.19,345.79499999999996,355.4,50.0,1,WILDFIRE,,,,,,,,,unknown
1074,31.603777,76.21105600000001,10,3,2.4895833333333335,0.7931347091538314,1.0,0.0829861111111111,4.01673640167364,0.5576825850813482,53.270145483588834,3.801,6.67,330.149,350.94,48.0,1,WILDFIRE,,,,,,,,,unknown
1075,31.618719999999996,75.57753,8,3,1.9736111111111112,1.1662814298917468,1.0,0.065787037037037,4.053483462350457,0.4616205384034391,51.010795349870854,21.45875,53.38,346.55,367.0,51.25,1,WILDFIRE,,,,,,,,,unknown
1076,31.75239,75.58360666666665,3,1,1.0,0.3569794867117151,1.0,0.0333333333333333,3.0,0.7369308156774267,53.07194964688187,12.743333333333332,19.49,348.12999999999994,355.95,50.0,1,WILDFIRE,,,,,,,,,unknown
1077,31.889323333333333,75.47487000000001,3,1,1.0,0.3564168424607442,1.0,0.0333333333333333,3.0,0.7372364959622955,53.07806325257924,3.41,3.41,341.46000000000004,348.69,43.333333333333336,1,WILDFIRE,,,,,,,,,unknown
1078,31.627363333333335,75.51035333333333,6,1,1.0,0.5669936571084903,1.0,0.0333333333333333,6.0,0.6381646763301259,58.59662685993585,7.136666666666667,9.68,344.5633333333333,356.06,43.333333333333336,1,WILDFIRE,,,,,,,,,unknown
1079,31.643113333333332,75.42736666666667,3,1,1.0,0.3539505904643311,1.0,0.0333333333333333,3.0,0.7385793891171869,53.10492111567707,6.61,6.61,344.62000000000006,345.24,43.333333333333336,1,WILDFIRE,,,,,,,,,unknown
1080,27.409635,82.47979666666666,6,2,1.0,0.5817596245793112,1.0,0.0333333333333333,6.0,0.6322073116931167,58.477479567195665,1.9666666666666663,6.02,313.57666666666665,342.8,50.0,1,WILDFIRE,,,,,,,,,unknown
1081,27.40881,82.30189666666666,3,1,1.0,0.3632697242430311,1.0,0.0333333333333333,3.0,0.7335305568788009,53.003944470909346,1.59,2.02,313.87000000000006,318.2,50.0,1,WILDFIRE,,,,,,,,,unknown
1082,26.0800475,82.5068475,4,2,1.0,0.4390061014470819,1.0,0.0333333333333333,4.0,0.6949240861413916,54.73181505616116,4.79,8.16,323.83500000000004,341.62,45.0,1,WILDFIRE,,,,,0.0,0.0,0.0,0.0,unknown
1083,22.927026666666663,83.53219666666666,3,1,1.0,0.4302541557042023,1.0,0.0333333333333333,3.0,0.6991764337909847,52.316862009153034,2.67,3.15,306.30333333333334,307.86,50.0,1,WILDFIRE,,,,,,,,,unknown
1084,25.10238,83.618426,5,1,1.0,0.4290031799989648,1.0,0.0333333333333333,5.0,0.6997885057195774,57.32910344772488,1.6,2.37,307.056,309.79,50.0,1,WILDFIRE,,,,,,,,,unknown
1085,25.00573,83.56408714285715,7,2,1.0,0.9412063068567356,1.0,0.0333333333333333,7.0,0.5151435972919501,58.63620527917234,4.587142857142857,16.07,321.9214285714285,353.0,50.0,1,WILDFIRE,,,,,,,,,unknown
1086,25.090755,81.9769525,4,2,2.04375,0.3781968100572438,0.9785932721712536,0.068125,1.9571865443425072,0.7255857746169537,50.46560501833295,2.4075,3.12,308.83,313.28,50.0,1,WILDFIRE,,,,,,,,,unknown
1087,22.03343666666667,86.31031333333334,3,1,1.0,0.223112550617221,1.0,0.0333333333333333,3.0,0.8175862470672617,54.685058274678575,2.3733333333333335,3.24,314.56666666666666,316.5,50.0,1,WILDFIRE,,,,,,,,,unknown
1088,22.058113333333335,88.12404666666667,3,2,1.0,0.7199196180520657,1.0,0.0333333333333333,3.0,0.5814225208574415,49.96178375048217,2.966666666666667,3.68,312.22333333333336,314.04,50.0,1,WILDFIRE,,,,,,,,,unknown
1089,20.998546666666662,86.01371999999999,3,2,2.04375,0.335734603293301,0.9785932721712536,0.068125,1.4678899082568806,0.748651713846796,49.703682212715734,1.28,1.8,309.71666666666664,312.11,50.0,1,WILDFIRE,,,,,,,,,unknown
1090,18.130709999999997,83.63461333333333,3,1,1.0,0.2970334145729578,1.0,0.0333333333333333,3.0,0.770990160133419,53.75313653600171,3.7000000000000006,5.2,312.9866666666667,319.26,50.0,1,WILDFIRE,,,,,,,,,unknown
1091,30.31914666666667,79.27829666666668,3,2,1.0,0.7896807915565824,1.0,0.0333333333333333,3.0,0.5587588606403077,49.50851054613949,1.03,1.17,305.33,310.85,50.0,1,WILDFIRE,,,,,,,,,unknown
1092,30.56365333333333,77.31313,3,2,1.0,0.4110155663976715,1.0,0.0333333333333333,3.0,0.7087094032229595,52.50752139779252,1.6466666666666667,2.16,316.5566666666667,332.99,43.333333333333336,1,WILDFIRE,,,,,,,,,unknown
1093,30.5580475,77.26669749999999,4,2,1.0,0.3504138195074943,1.0,0.0333333333333333,4.0,0.7405137488630761,55.64360831059485,2.6950000000000003,5.44,315.9825,338.44,45.0,1,WILDFIRE,,,,,,,,,unknown
1094,30.365024499999997,78.232728,20,2,1.0,1.702114333936254,1.0,0.0333333333333333,20.0,0.3700805652228893,63.23494463779112,2.524,6.51,318.57099999999997,339.83,44.0,1,WILDFIRE,,,,,,,,,unknown
1095,30.64774,77.0941675,4,2,1.9736111111111112,0.4838278340982383,1.0,0.065787037037037,2.0267417311752287,0.6739326335711492,50.190182925286976,2.33,2.92,318.4625,332.52,50.0,1,WILDFIRE,,,,,,,,,unknown
1096,31.608089999999997,76.28849,4,2,1.0,0.6910506835187288,1.0,0.0333333333333333,4.0,0.5913483313931227,52.66029996119579,1.7825,3.26,318.575,342.05,45.0,1,WILDFIRE,,,,,,,,,unknown
1097,31.371815,76.85101625,8,2,1.0,1.0144640552573103,1.0,0.0333333333333333,8.0,0.4964099495298608,60.761532323930545,3.2525,11.11,325.22375,367.0,53.75,1,WILDFIRE,,,,,,,,,unknown
1098,29.133539999999993,79.627296,5,3,2.561111111111111,0.9865796620483064,1.0,0.0853703703703703,1.9522776572668117,0.5033777497595682,47.08250839761765,1.158,2.05,312.14399999999995,332.34,46.0,1,WILDFIRE,,,,,,,,,unknown
1099,32.11310900000001,76.442173,10,3,1.9736111111111112,1.3350901803085211,1.0,0.065787037037037,5.066854327938072,0.4282489851710464,52.87679144919203,1.386,2.54,309.162,326.36,50.0,1,WILDFIRE,,,,,,,,,unknown
1100,30.776115,78.4049425,4,2,1.0,0.716822745731742,1.0,0.0333333333333333,4.0,0.5824713136438446,52.48275960621023,1.995,5.0,309.7475,338.04,50.0,1,WILDFIRE,,,,,,,,,unknown
1101,30.5854275,78.33773500000001,4,2,1.0,0.6000995348898885,1.0,0.0333333333333333,4.0,0.6249611216022355,53.33255576537804,5.545,8.05,332.495,345.9,50.0,1,WILDFIRE,,,,,,,,,unknown
1102,31.082906666666663,76.8095,3,2,1.9736111111111112,0.6829477261052201,1.0,0.065787037037037,1.5200562983814214,0.5941955204480776,47.32872708084103,0.7600000000000001,0.8,306.4666666666667,309.77,50.0,1,WILDFIRE,,,,,,,,,unknown
1103,30.69971666666667,78.28556666666667,3,2,1.457638888888889,0.5677489607770209,1.0,0.0485879629629629,2.0581229156741303,0.6378572239680335,49.11715084262006,1.67,2.54,315.03000000000003,331.35,43.333333333333336,1,WILDFIRE,,,,,,,,,unknown
1104,30.103755,78.89745,10,3,1.9743055555555555,1.0270634045805946,1.0,0.0658101851851851,5.0650721069293,0.4933244800040691,54.17442449703426,2.181,5.37,318.248,341.08,48.0,1,WILDFIRE,,,,,,,,,unknown
1105,29.9449175,79.7103075,4,2,1.0,0.5340180354136526,1.0,0.0333333333333333,4.0,0.6518828181380195,53.87098969609371,3.915,6.72,322.41499999999996,341.78,50.0,1,WILDFIRE,,,,,,,,,unknown
1106,30.140546363636364,78.82260090909091,22,3,1.9743055555555555,1.7731823508866078,1.0,0.0658101851851851,11.14315863524446,0.360596554236793,63.857185714365485,8.040454545454546,32.04,322.4645454545455,354.2,47.27272727272727,1,WILDFIRE,,,,,,,,,unknown
1107,29.88536666666667,79.58060333333334,3,1,1.0,0.3319103672343894,1.0,0.0333333333333333,3.0,0.7508012735695,53.34935880472334,1.09,1.09,304.99333333333334,306.65,50.0,1,WILDFIRE,,,,,,,,,unknown
1108,30.288785384615387,77.72947384615385,13,2,1.0,1.6212128479898276,1.0,0.0333333333333333,13.0,0.3815027843949744,63.46338902123283,3.9130769230769222,8.19,325.39153846153846,346.64,42.30769230769231,1,WILDFIRE,,,,,,,,,unknown
1109,30.327004444444444,78.29616111111112,9,3,1.9743055555555555,0.8678180667314312,1.0,0.0658101851851851,4.55856489623637,0.5353840493415611,53.749347857051774,2.1033333333333335,4.02,315.3022222222222,343.13,47.77777777777778,1,WILDFIRE,,,,,,,,,unknown
1110,30.092223333333337,79.49188722222223,18,3,1.9743055555555555,1.497226764564182,1.0,0.0658101851851851,9.11712979247274,0.4004442104297728,62.44696331940693,3.955555555555556,11.9,335.17166666666674,367.0,50.55555555555556,1,WILDFIRE,,,,,,,,,unknown
1111,30.007256666666667,79.71800333333333,3,1,1.0,0.3195496562753231,1.0,0.0333333333333333,3.0,0.7578343075187394,53.49001948370813,0.7266666666666667,0.82,300.53,302.25,50.0,1,WILDFIRE,,,,,,,,,unknown
1112,30.39892444444444,77.61659111111112,9,2,1.0,0.9939293079508112,1.0,0.0333333333333333,9.0,0.5015222937004291,63.36377920734192,3.442222222222222,6.18,329.21555555555557,347.79,45.55555555555556,1,WILDFIRE,,,,,,,,,unknown
1113,29.929947777777777,78.97306999999999,9,3,1.9743055555555555,1.2106926874919524,1.0,0.0658101851851851,4.55856489623637,0.4523469072196134,52.088605014612824,4.4877777777777785,11.73,321.0477777777778,350.58,50.0,1,WILDFIRE,,,,,,,,,unknown
1114,29.728319999999997,79.67228333333333,3,2,1.0,0.632745938241002,1.0,0.0333333333333333,3.0,0.6124651585888035,50.5826365051094,2.2533333333333334,5.2,314.9733333333333,343.0,50.0,1,WILDFIRE,,,,,,,,,unknown
1115,29.89194,78.721026,5,1,1.0,0.7197826877601132,1.0,0.0333333333333333,5.0,0.581468814122338,54.96270961578009,1.2680000000000002,1.8,312.724,329.29,50.0,1,WILDFIRE,,,,,,,,,unknown
1116,29.76908,79.30146666666667,3,3,1.4569444444444444,0.5801777686227004,1.0,0.0485648148148148,2.059103908484271,0.6328401904246573,49.01868395007419,1.47,2.06,316.2333333333333,331.6,43.333333333333336,1,WILDFIRE,,,,,,,,,unknown
1117,29.833324,79.13353199999999,5,2,1.0,1.2083764753868227,1.0,0.0333333333333333,5.0,0.452821342350533,52.389760180344005,1.288,3.1,308.464,332.65,46.0,1,WILDFIRE,,,,,,,,,unknown
1118,29.88319714285714,78.84883571428573,7,2,1.0,1.1478305170586751,1.0,0.0333333333333333,7.0,0.4655860842174082,57.6450550176815,2.814285714285714,7.08,319.4114285714286,339.39,44.285714285714285,1,WILDFIRE,,,,,,,,,unknown
1119,29.844246666666667,79.66804666666667,3,1,1.0,0.3302972849403828,1.0,0.0333333333333333,3.0,0.751711674766603,53.36756682866539,1.43,1.43,308.1566666666667,315.6,50.0,1,WILDFIRE,,,,,,,,,unknown
1120,29.8244125,79.623145,8,2,1.0,0.8855000981694537,1.0,0.0333333333333333,8.0,0.530363271246103,61.44059875825539,4.3075,9.8,323.38125,355.47,50.0,1,WILDFIRE,,,,,,,,,unknown
1121,29.938813333333332,79.03714166666667,6,3,1.4569444444444444,0.6611795575723606,1.0,0.0485648148148148,4.118207816968542,0.6019818841627181,53.54927759604608,2.53,5.28,317.1583333333333,340.6,46.666666666666664,1,WILDFIRE,,,,,,,,,unknown
1122,30.26336,75.17477333333333,3,3,1.9743055555555555,0.1149402345709503,1.0,0.0658101851851851,1.51952163207879,0.8969090620223411,53.38223995027342,1.5266666666666666,2.18,309.2833333333333,313.58,50.0,1,WILDFIRE,,,,,,,,,unknown
1123,29.483707857142853,79.40090285714287,14,3,1.9743055555555555,1.5092362066634455,1.0,0.0658101851851851,7.09110094970102,0.3985276465182642,57.34355993424746,1.4835714285714283,3.45,310.13357142857143,325.16,50.0,1,WILDFIRE,,,,,,,,,unknown
1124,29.171351666666663,80.1148,12,2,1.0,1.218420591541316,1.0,0.0333333333333333,12.0,0.4507711494443077,64.84875632221949,4.873333333333333,8.71,333.3341666666666,346.98,50.0,1,WILDFIRE,,,,,,,,,unknown
1125,29.369266666666665,79.39296,3,1,1.0,0.2437730265596412,1.0,0.0333333333333333,3.0,0.8040052152972528,54.41343763927839,1.4066666666666665,1.8,310.25,314.57,50.0,1,WILDFIRE,,,,,,,,,unknown
1126,29.813508,78.624698,5,3,1.4569444444444444,0.7304901459907972,1.0,0.0485648148148148,3.431839847473785,0.5778709588822576,51.35113916669999,1.946,3.34,320.276,338.41,50.0,1,WILDFIRE,,,,,,,,,unknown
1127,29.632565999999997,79.531588,5,3,1.4569444444444444,0.5444286145635477,1.0,0.0485648148148148,3.431839847473785,0.6474886508643184,52.7434930063412,1.41,2.56,310.10200000000003,339.35,46.0,1,WILDFIRE,,,,,,,,,unknown
1128,29.616317499999997,79.54855749999999,4,2,1.0,0.6708007128700053,1.0,0.0333333333333333,4.0,0.5985154257459332,52.80364184825199,5.82,6.61,339.89750000000004,342.86,50.0,1,WILDFIRE,,,,,,,,,unknown
1129,29.594438000000004,79.87526,5,1,1.0,0.354250021995349,1.0,0.0333333333333333,5.0,0.7384160854777777,58.101655042888886,1.366,2.0,305.4,310.5,50.0,1,WILDFIRE,,,,,,,,,unknown
1130,29.55636,79.22205666666666,3,2,1.0,0.5270813381357284,1.0,0.0333333333333333,3.0,0.6548439660855309,51.43021265504395,3.4133333333333336,6.62,326.3766666666666,337.57,43.333333333333336,1,WILDFIRE,,,,,,,,,unknown
1131,29.716256666666663,79.40969,3,2,1.0,0.3770654361872241,1.0,0.0333333333333333,3.0,0.7261819037218513,52.85697140777036,1.6966666666666663,3.46,313.28333333333336,334.98,43.333333333333336,1,WILDFIRE,,,,,,,,,unknown
1132,29.52091857142857,79.74584714285713,7,1,1.0,0.6818625604188991,1.0,0.0333333333333333,7.0,0.5945789052768565,60.224911438870464,1.5914285714285712,1.95,308.21857142857147,339.77,50.0,1,WILDFIRE,,,,,,,,,unknown
1133,30.16889666666667,76.43868333333334,3,2,1.0,0.4449535988765899,1.0,0.0333333333333333,3.0,0.69206374569915,52.174608247316336,1.2433333333333334,1.37,314.96,321.0,50.0,1,WILDFIRE,,,,,,,,,unknown
1134,25.84873,79.3624925,4,1,1.0,0.2805116923133581,1.0,0.0333333333333333,4.0,0.7809378125969402,56.452089585272134,1.295,1.37,308.25250000000005,312.39,50.0,1,WILDFIRE,,,,,,,,,unknown
1135,25.855316666666667,78.92279,3,3,1.9743055555555555,0.8936443687523213,1.0,0.0658101851851851,1.51952163207879,0.5280822611158382,46.00570393214337,2.736666666666667,5.69,309.84999999999997,312.07,50.0,1,WILDFIRE,,,,,,,,,unknown
1136,25.989052222222224,78.18993444444443,9,2,1.0,1.1580057774562125,1.0,0.0333333333333333,9.0,0.4633907890546835,62.601149114427,8.716666666666669,32.77,325.7288888888889,350.71,43.333333333333336,1,WILDFIRE,,,,,,,,,unknown
1137,25.95821666666667,78.34471,3,1,1.0,0.3471598993803262,1.0,0.0333333333333333,3.0,0.742302380333608,53.179380940005494,1.2333333333333334,1.56,308.0333333333333,311.25,50.0,1,WILDFIRE,,,,,,,,,unknown
1138,25.963035555555557,78.31202222222221,9,2,1.0,1.1557899120694817,1.0,0.0333333333333333,9.0,0.4638670931714471,62.61067519676228,4.035555555555555,26.46,316.73777777777775,347.75,47.77777777777778,1,WILDFIRE,,,,,,,,,unknown
1139,25.9752475,78.2504825,4,2,1.9743055555555555,0.542646297311541,1.0,0.0658101851851851,2.02602884277172,0.6482367356293908,49.675061449146746,3.1224999999999996,6.16,311.2225,323.23,50.0,1,WILDFIRE,,,,,,,,,unknown
1140,25.744146666666666,78.58459333333333,3,1,1.0,0.3562659242881779,1.0,0.0333333333333333,3.0,0.7373185317804395,53.07970396894213,4.666666666666667,6.73,329.18,339.16,50.0,1,WILDFIRE,,,,,,,,,unknown
1141,25.8714275,78.07314249999999,8,2,1.0,1.0140517289952484,1.0,0.0333333333333333,8.0,0.4965115769389254,60.76356487211184,1.65875,2.3,316.65875,336.29,50.0,1,WILDFIRE,,,,,,,,,unknown
1142,25.0267975,81.6946975,4,2,1.0,0.2466665023758233,1.0,0.0333333333333333,4.0,0.8021391431423393,56.876116196180114,2.4450000000000003,7.75,315.04249999999996,339.34,45.0,1,WILDFIRE,,,,,,,,,unknown
1143,25.63719,78.8269725,4,2,1.0,0.2538038568484699,1.0,0.0333333333333333,4.0,0.7975729174366835,56.784791682067,6.055,18.61,321.38,342.29,45.0,1,WILDFIRE,,,,,,,,,unknown
1144,25.8131525,77.9578875,4,2,1.9743055555555555,0.5205736719092754,1.0,0.0658101851851851,2.02602884277172,0.6576465306967808,49.86325735049455,3.65,4.09,318.825,330.14,50.0,1,WILDFIRE,,,,,,,,,unknown
1145,25.960376666666665,78.07067333333333,3,1,1.0,0.3412776141063373,1.0,0.0333333333333333,3.0,0.7455578095711956,53.24448952475724,0.9766666666666666,0.99,306.7266666666667,307.72,50.0,1,WILDFIRE,,,,,,,,,unknown
1146,25.979335000000003,80.78617000000001,6,2,1.0,0.6779682237610748,1.0,0.0333333333333333,6.0,0.5959588422708948,57.75251017875124,3.9,6.54,324.54833333333335,346.42,50.0,1,WILDFIRE,,,,,0.0,0.0,0.0,0.0,unknown
1147,28.924012,76.18148599999999,5,2,1.0,0.8902309063364564,1.0,0.0333333333333333,5.0,0.5290358953754206,53.914051240841744,3.08,6.62,322.108,344.12,42.0,1,WILDFIRE,,,,,,,,,unknown
1148,28.88296142857143,76.34878285714285,7,2,1.0,0.7790298208311923,1.0,0.0333333333333333,7.0,0.562104124557498,59.575415824483294,7.6085714285714285,15.7,339.0014285714286,355.63,41.42857142857143,1,WILDFIRE,,,,,,,,,unknown
1149,28.9556925,76.40466500000001,4,2,1.0,0.7547185426968069,1.0,0.0333333333333333,4.0,0.5698919659577492,52.23117265248831,3.3499999999999996,4.97,331.02,344.37,40.0,1,WILDFIRE,,,,,,,,,unknown
1150,29.02960285714286,76.15408285714285,7,2,1.45625,0.9700870532347976,1.0,0.0485416666666666,4.806866952789699,0.5075917829915401,53.38254470847171,9.335714285714284,17.22,336.96000000000004,367.0,45.714285714285715,1,WILDFIRE,,,,,,,,,unknown
1151,26.86873,82.77853666666668,3,2,1.0,0.3147134033892077,1.0,0.0333333333333333,3.0,0.7606220469207159,53.545774271747646,6.976666666666667,10.56,334.4166666666667,352.67,50.0,1,WILDFIRE,,,,,0.0,0.0,0.0,0.0,unknown
1152,26.868896666666668,84.23938666666668,3,2,1.0,0.2571537734567669,1.0,0.0333333333333333,3.0,0.7954476382394517,54.24228609812237,7.146666666666666,12.35,328.04333333333335,344.85,50.0,1,WILDFIRE,,,,,,,,,unknown
1153,23.5226625,82.50061000000001,4,1,1.0,0.2870253894200539,1.0,0.0333333333333333,4.0,0.7769854489433263,56.373042312199864,0.835,0.87,298.57499999999993,300.4,50.0,1,WILDFIRE,,4.888,,1.191,0.0,2.0,0.0,47.0,population
1154,23.605896,77.69373399999999,5,2,1.9736111111111112,0.5278035494518221,1.0,0.065787037037037,2.533427163969036,0.6545344133797839,51.06893210344418,1.118,2.85,310.698,315.07,50.0,1,WILDFIRE,,,,,,,,,unknown
1155,21.760931428571432,84.0223657142857,7,2,1.0,0.931982468931696,1.0,0.0333333333333333,7.0,0.5176030404421617,58.68539414217657,4.767142857142857,6.34,313.8385714285714,318.3,50.0,1,WILDFIRE,,,,,0.0,0.0,0.0,0.0,unknown
1156,23.47227,77.75998375,8,2,1.0,1.4635115266852976,1.0,0.0333333333333333,8.0,0.405924627982366,58.95182589298065,12.010000000000002,25.73,348.79875,367.0,48.75,1,WILDFIRE,,,,,,,,,unknown
1157,24.51220875,81.02539625,8,1,1.0,0.951588576205706,1.0,0.0333333333333333,8.0,0.5124030813626753,61.08139496058684,1.4449999999999998,2.36,312.43874999999997,319.14,50.0,1,WILDFIRE,,,,,,,,,unknown
1158,24.950485,80.95553,18,3,1.4548611111111112,2.1626652424013773,1.0,0.0484953703703703,12.372315035799522,0.3161890125433291,62.53616451012584,9.435,43.01,336.92166666666674,367.0,47.22222222222222,1,WILDFIRE,,,,,,,,,unknown
1159,25.45597666666667,77.13226666666667,3,2,1.0,0.5562604278104842,1.0,0.0333333333333333,3.0,0.6425659755462061,51.184652844257464,2.4966666666666666,2.7,316.5233333333333,324.16,50.0,1,WILDFIRE,,,,,,,,,unknown
1160,25.7803,77.98831666666666,3,1,1.0,0.3398495396266574,1.0,0.0333333333333333,3.0,0.746352460052078,53.2603825343749,2.943333333333334,3.62,319.93,326.61,50.0,1,WILDFIRE,,,,,,,,,unknown
1161,24.693343333333335,80.62495,6,2,1.0,1.002506779736152,1.0,0.0333333333333333,6.0,0.4993740895757461,55.82081512484825,8.243333333333334,16.97,333.28166666666664,348.82,36.666666666666664,1,WILDFIRE,,,,,,,,,unknown
1162,19.18845833333333,74.87216,6,1,1.0,0.414041176456884,1.0,0.0333333333333333,6.0,0.7071929846524461,59.97719302638226,4.441666666666667,5.39,324.76166666666666,338.05,50.0,1,WILDFIRE,,,,,,,,,unknown
1163,19.650546666666667,73.26402666666667,3,2,1.0,0.380868448502454,1.0,0.0333333333333333,3.0,0.7241819458504507,52.81697225034235,5.510000000000001,7.67,332.78666666666663,345.73,36.666666666666664,1,WILDFIRE,,,,,,,,,unknown
1164,13.603266666666668,77.90890666666667,3,1,1.0,0.2036729313413559,1.0,0.0333333333333333,3.0,0.830790469704768,54.9491427274287,0.9733333333333332,1.2,307.67,309.15,50.0,1,WILDFIRE,,,,,,,,,unknown
1165,8.94574,77.65138,3,1,1.0,0.2940429301988513,1.0,0.0333333333333333,3.0,0.7727718892960787,53.78877111925491,11.306666666666668,20.72,346.91,354.72,36.666666666666664,1,WILDFIRE,,,,,,,,,unknown
1166,9.09752,78.06094333333333,3,1,1.0,0.2886126379582481,1.0,0.0333333333333333,3.0,0.7760283971639899,53.853901276613136,14.933333333333335,16.53,346.25,347.78,50.0,1,WILDFIRE,,,,,,,,,unknown
1167,8.886176,78.045276,5,1,1.0,0.9128552614537064,1.0,0.0333333333333333,5.0,0.5227787068635988,53.78890747060532,7.336,9.15,343.164,349.66,38.0,1,WILDFIRE,,,,,,,,,unknown
1168,8.821806666666665,78.03493333333334,3,1,1.0,0.2887252641509424,1.0,0.0333333333333333,3.0,0.7759605773375098,53.85254488008353,5.81,12.09,337.8633333333333,344.0,36.666666666666664,1,WILDFIRE,,,,,,,,,unknown
1169,11.215162500000002,76.58103375,8,2,1.511111111111111,0.7330309493137362,1.0,0.0503703703703703,5.294117647058823,0.5770237400526461,56.03502817795925,11.94375,56.56,325.6325,345.62,40.0,1,WILDFIRE,,,,,,,,,unknown
1170,9.737055,76.4534825,4,1,1.0,0.4984601236486177,1.0,0.0333333333333333,4.0,0.6673517594616323,54.18036852256598,6.26,9.1,338.885,344.53,45.0,1,WILDFIRE,,,,,,,,,unknown
1171,9.553833333333332,78.05325666666667,3,1,1.0,0.373122625625321,1.0,0.0333333333333333,3.0,0.7282670763251019,52.89867485983537,4.88,6.34,343.27333333333337,347.76,50.0,1,WILDFIRE,,,,,,,,,unknown
1172,16.3062,80.74292,3,1,1.0,0.409784019911285,1.0,0.0333333333333333,3.0,0.709328511230343,52.5199035579402,5.073333333333333,5.34,340.91333333333336,343.6,50.0,1,WILDFIRE,,,,,,,,,unknown
1173,16.22366,80.61728333333333,3,1,1.0,0.3419357806249771,1.0,0.0333333333333333,3.0,0.7451921429014078,53.23717619136149,4.54,4.54,341.8966666666667,345.71,50.0,1,WILDFIRE,,,,,,,,,unknown
1174,16.189723333333333,80.59341333333333,3,1,1.0,0.7148194606024968,1.0,0.0333333333333333,3.0,0.5831517678535401,49.99636869040414,3.216666666666667,3.9,338.3766666666667,338.73,50.0,1,WILDFIRE,,,,,,,,,unknown
1175,16.20574666666667,80.64465999999999,3,1,1.0,0.7081156514981931,1.0,0.0333333333333333,3.0,0.5854404525377993,50.04214238408933,8.056666666666667,10.67,337.50333333333333,339.25,43.333333333333336,1,WILDFIRE,,,,,,,,,unknown
1176,16.319913333333332,80.70672333333333,3,1,1.0,0.2819867034766258,1.0,0.0333333333333333,3.0,0.7800392915839885,53.93411916501311,7.816666666666666,9.37,348.2133333333333,355.14,50.0,1,WILDFIRE,,,,,,,,,unknown
1177,16.728473333333337,81.28553666666666,3,2,1.0,0.2796398573932333,1.0,0.0333333333333333,3.0,0.7814698754672347,53.96273084267803,4.3133333333333335,4.78,335.92333333333335,340.59,50.0,1,WILDFIRE,,,,,,,,,unknown
1178,15.526906666666669,73.99369666666666,3,2,1.5097222222222222,0.1065433586648736,1.0,0.050324074074074,1.987120515179393,0.9037151523882208,54.30020618756475,5.11,6.42,327.51,338.44,36.666666666666664,1,WILDFIRE,,,,,,,,,unknown
1179,16.885774,81.64572,5,1,1.0,0.5472128263845514,1.0,0.0333333333333333,5.0,0.6463234940578597,56.25980321449053,5.0760000000000005,6.0,336.102,337.37,50.0,1,WILDFIRE,,,,,,,,,unknown
1180,14.49560714285714,79.59298142857143,7,1,1.0,0.8209057121495483,1.0,0.0333333333333333,7.0,0.5491772546638436,59.31687842661021,4.225714285714285,5.48,345.90999999999997,350.52,50.0,1,WILDFIRE,,,,,,,,,unknown
1181,13.569713333333333,79.85096666666668,3,1,1.0,0.3040092951706473,1.0,0.0333333333333333,3.0,0.7668656992733602,53.67064731880053,2.39,2.91,334.31666666666666,335.37,50.0,1,WILDFIRE,,,,,,,,,unknown
1182,15.655826666666668,79.64828666666666,3,1,1.0,0.3097931722458911,1.0,0.0333333333333333,3.0,0.7634793196282346,53.60291972589803,13.993333333333332,19.58,348.8066666666667,352.39,50.0,1,WILDFIRE,,,,,,,,,unknown
1183,14.6694775,79.8483725,4,2,1.0,0.3487621520948503,1.0,0.0333333333333333,4.0,0.741420567330448,55.661744679942295,8.63,11.63,343.64,348.89,45.0,1,WILDFIRE,,,,,,,,,unknown
1184,18.85022,78.24794750000001,4,1,1.0,0.8008036712643292,1.0,0.0333333333333333,4.0,0.5553076195684943,51.93948572470322,10.78,13.63,348.6825,352.35,40.0,1,WILDFIRE,,,,,,,,,unknown
1185,19.232846666666667,81.20198666666667,3,1,1.0,0.3941930539259244,1.0,0.0333333333333333,3.0,0.7172607819154516,52.67854897164237,28.09,42.91,350.08,354.06,50.0,1,WILDFIRE,,,,,0.0,0.0,0.0,0.0,unknown
1186,19.319636666666668,81.03445,3,1,1.0,0.3778615965365791,1.0,0.0333333333333333,3.0,0.7257622989955017,52.84857931324337,3.7,4.31,338.78333333333336,346.91,50.0,1,WILDFIRE,,,,,0.0,0.0,0.0,0.0,unknown
1187,19.264895,80.94618666666668,6,1,1.0,1.0015664015480568,1.0,0.0333333333333333,6.0,0.499608706074691,55.82550745482716,8.446666666666667,19.57,340.91666666666663,349.95,43.333333333333336,1,WILDFIRE,,,,,,,,,unknown
1188,18.190456666666662,73.65567,3,1,1.0,0.2467558496529583,1.0,0.0333333333333333,3.0,0.8020816587933843,54.374966509201016,22.903333333333332,33.33,341.59999999999997,343.83,43.333333333333336,1,WILDFIRE,,,,,,,,,unknown
1189,18.352718,77.87563,5,2,1.0,0.8323279795570592,1.0,0.0333333333333333,5.0,0.5457538230910695,54.24840979515473,13.206,25.75,345.54400000000004,350.71,34.0,1,WILDFIRE,,,,,,,,,unknown
1190,19.57492,82.98976,3,1,1.0,0.3665583417226179,1.0,0.0333333333333333,3.0,0.7317653183686603,52.96863970070655,6.666666666666667,9.37,340.34666666666664,342.79,50.0,1,WILDFIRE,,,,,0.0,0.0,0.0,0.0,unknown
1191,19.447135999999997,81.021452,5,1,1.0,0.5566353345134945,1.0,0.0333333333333333,5.0,0.6424112172119854,56.181557677573046,7.459999999999999,9.12,341.70199999999994,348.29,50.0,1,WILDFIRE,,,,,0.0,0.0,0.0,0.0,unknown
1192,20.142372857142856,84.17440714285715,7,1,1.0,0.909988555784252,1.0,0.0333333333333333,7.0,0.523563346477432,58.80460026288197,103.29428571428572,174.22,342.5571428571429,367.0,58.57142857142857,1,WILDFIRE,,,,,,,,,unknown
1193,19.94085,83.61949,4,1,1.0,0.5318567006212479,1.0,0.0333333333333333,4.0,0.6528025758508924,53.889384850351185,9.945,11.42,344.87,355.36,45.0,1,WILDFIRE,,,,,,,,,unknown
1194,19.962843333333335,79.33547333333334,3,2,1.507638888888889,0.2389386419350859,1.0,0.0502546296296296,1.9898664210041457,0.8071424735272685,52.37388126379648,3.566666666666667,5.79,325.3633333333333,341.65,36.666666666666664,1,WILDFIRE,,,,,,,,,unknown
1195,19.438428571428577,81.04378857142856,7,1,1.0,0.974827179511276,1.0,0.0333333333333333,7.0,0.5063734236468616,58.46080180627057,5.174285714285715,5.96,340.0285714285714,351.42,38.57142857142857,1,WILDFIRE,,,,,0.0,0.0,0.0,0.0,unknown
1196,19.44216272727273,80.97347363636364,11,1,1.0,1.293922172554811,1.0,0.0333333333333333,11.0,0.4359345805033436,64.55202494340021,14.24181818181818,22.1,345.8727272727273,354.25,50.0,1,WILDFIRE,,,,,,,,,unknown
1197,19.864053333333334,83.56128333333334,3,1,1.0,0.3733326925603652,1.0,0.0333333333333333,3.0,0.7281556795503465,52.89644692434027,5.416666666666667,8.0,336.84666666666664,343.97,43.333333333333336,1,WILDFIRE,,,,,,,,,unknown
1198,18.503916666666665,73.61981333333334,3,2,1.0,0.5300418771618188,1.0,0.0333333333333333,3.0,0.6535768823889772,51.40487098111288,7.603333333333334,13.93,343.0566666666667,353.83,36.666666666666664,1,WILDFIRE,,,,,,,,,unknown
1199,19.4791075,81.1377775,4,2,1.0,0.7522106530212076,1.0,0.0333333333333333,4.0,0.5707076362512542,52.24748605835842,4.1049999999999995,4.77,335.6425,337.06,35.0,1,WILDFIRE,,,,,0.0,0.0,0.0,0.0,unknown
1200,18.381836666666665,78.2520325,12,1,1.0,1.3051135013361128,1.0,0.0333333333333333,12.0,0.4338181175982745,64.50969568529882,7.9675,12.4,358.32749999999993,367.0,35.0,1,WILDFIRE,,,,,,,,,unknown
1201,17.76236090909091,81.74273272727272,11,1,1.0,0.7827623731432369,1.0,0.0333333333333333,11.0,0.5609272525966951,67.05187838526724,12.793636363636365,19.19,348.6154545454546,367.0,52.72727272727273,1,WILDFIRE,,,,,,,,,unknown
1202,16.783,75.74252666666666,3,1,1.0,0.4612965410366197,1.0,0.0333333333333333,3.0,0.6843237987072881,52.01980930747909,8.156666666666666,21.46,361.97333333333336,367.0,30.0,1,WILDFIRE,,,,,,,,,unknown
1203,17.2799775,79.189895,8,1,1.0,0.6831979328638605,1.0,0.0333333333333333,8.0,0.5941071935007428,62.71547720334819,2.5562500000000004,4.32,341.57625,348.72,42.5,1,WILDFIRE,,,,,,,,,unknown
1204,18.06246,82.46866666666666,3,1,1.0,0.2423122635468178,1.0,0.0333333333333333,3.0,0.8049505984469532,54.4323453022724,4.59,6.31,346.33,354.44,50.0,1,WILDFIRE,,,,,,,,,unknown
1205,17.58332,79.63731333333334,3,1,1.0,0.2288117609333766,1.0,0.0333333333333333,3.0,0.8137942944494797,54.609219222322935,7.926666666666667,11.88,346.91,352.72,50.0,1,WILDFIRE,,,,,,,,,unknown
1206,18.64351,81.12952625,8,1,1.0,0.6055586629543562,1.0,0.0333333333333333,8.0,0.6228361648025492,63.29005662938432,4.5,9.47,337.7425,346.92,40.0,1,WILDFIRE,,,,,,,,,unknown
1207,18.322306666666663,78.68204666666668,3,1,1.0,0.3037008174094713,1.0,0.0333333333333333,3.0,0.7670471527256213,53.674276387845765,5.34,5.4,344.2933333333333,344.62,30.0,1,WILDFIRE,,,,,,,,,unknown
1208,18.9147775,82.6077875,4,1,1.0,0.3215256147433253,1.0,0.0333333333333333,4.0,0.756701185995722,55.96735705324778,8.98,8.98,341.72999999999996,343.96,50.0,1,WILDFIRE,,,,,,,,,unknown
1209,18.370732500000003,78.72543,4,1,1.0,0.2832953969056592,1.0,0.0333333333333333,4.0,0.7792438143324179,56.418209619981695,8.89,12.95,346.0875,348.81,30.0,1,WILDFIRE,,,,,,,,,unknown
1210,18.464426666666668,79.27521,3,1,1.0,0.3177499559175171,1.0,0.0333333333333333,3.0,0.7588693101520344,53.510719536374026,13.21,13.21,344.69000000000005,353.64,36.666666666666664,1,WILDFIRE,,,,,,,,,unknown
1211,17.945156666666666,78.13805666666667,3,1,1.0,0.4684551897636892,1.0,0.0333333333333333,3.0,0.6809877529602553,51.95308839253844,8.053333333333333,10.38,348.50666666666666,350.1,36.666666666666664,1,WILDFIRE,,,,,,,,,unknown
1212,18.0804,78.23642666666667,3,1,1.0,0.2939367197827339,1.0,0.0333333333333333,3.0,0.7728353208554982,53.7900397504433,14.71,14.71,350.3533333333333,350.71,43.333333333333336,1,WILDFIRE,,,,,,,,,unknown
1213,23.157173333333333,81.05828000000001,3,2,2.0430555555555556,0.6778554229591801,0.9789259007477906,0.0681018518518518,1.4683888511216858,0.5959989080801323,46.661273608136874,4.803333333333334,5.14,337.18666666666667,341.01,36.666666666666664,1,WILDFIRE,,,,,,,,,unknown
1214,23.66595,85.96382333333334,3,1,1.0,0.2432994460889788,1.0,0.0333333333333333,3.0,0.804311465870655,54.419562650746435,2.306666666666666,3.06,332.3533333333333,334.55,43.333333333333336,1,WILDFIRE,,,,,0.0,0.0,0.0,0.0,unknown
1215,23.181993333333335,82.23334,3,1,1.0,0.6914459995004184,1.0,0.0333333333333333,3.0,0.5912101245297561,50.157535823928455,11.523333333333332,11.97,345.91,347.15,43.333333333333336,1,WILDFIRE,,,,,0.0,0.0,0.0,0.0,unknown
1216,23.2457,79.75238666666667,3,1,1.0,0.3668762400886252,1.0,0.0333333333333333,3.0,0.7315951295891735,52.96523592511681,17.53,17.53,348.2233333333333,355.59,43.333333333333336,1,WILDFIRE,,,,,,,,,unknown
1217,22.8953825,82.9861825,4,1,1.0,0.6497803229005618,1.0,0.0333333333333333,4.0,0.6061413062812204,52.95615945895774,6.525,7.36,344.65500000000003,348.67,50.0,1,WILDFIRE,,,,,0.0,0.0,0.0,0.0,unknown
1218,22.536526,80.295314,5,2,1.0,0.7131470495959379,1.0,0.0333333333333333,5.0,0.5837210531552791,55.007754396438926,7.866,9.81,343.496,348.42,42.0,1,WILDFIRE,,,,,,,,,unknown
1219,23.05887,81.27355,3,1,1.0,0.6279231700761054,1.0,0.0333333333333333,3.0,0.6142796038422685,50.618925410178704,7.3066666666666675,8.46,343.7066666666667,345.75,30.0,1,WILDFIRE,,,,,,,,,unknown
1220,23.93717,80.87942333333334,3,1,1.0,0.3311879233664336,1.0,0.0333333333333333,3.0,0.7512087380353524,53.357508094040384,8.85,13.73,345.03999999999996,346.59,30.0,1,WILDFIRE,,,,,,,,,unknown
1221,22.13321666666667,69.34961666666666,3,1,1.0,0.3545856138675707,1.0,0.0333333333333333,3.0,0.7382331465523475,53.097996264380285,9.340000000000002,13.06,341.28000000000003,344.66,43.333333333333336,1,WILDFIRE,,,,,,,,,unknown
1222,23.528876666666665,78.42671333333334,3,1,1.0,0.3249554042427897,1.0,0.0333333333333333,3.0,0.7547423836287522,53.428181005908385,32.28333333333333,34.63,353.31,367.0,36.666666666666664,1,WILDFIRE,,,,,,,,,unknown
1223,23.36533,79.69450333333333,3,1,1.0,0.5815792196857547,1.0,0.0333333333333333,3.0,0.6322794252435177,50.978921838203696,15.903333333333334,16.55,352.9666666666667,355.66,50.0,1,WILDFIRE,,,,,,,,,unknown
1224,23.16458,78.67739999999999,3,1,1.0,0.4503665045284982,1.0,0.0333333333333333,3.0,0.6894808980196985,52.122951293727304,9.53,9.75,349.18,354.33,50.0,1,WILDFIRE,,,,,,,,,unknown
1225,23.430696666666663,78.84252666666667,3,1,1.0,0.3351172527670767,1.0,0.0333333333333333,3.0,0.7489978860863833,53.31329105506099,6.636666666666668,6.65,342.67,343.17,36.666666666666664,1,WILDFIRE,,,,,,,,,unknown
1226,23.66898,79.9898225,4,1,1.0,0.4466113878744672,1.0,0.0333333333333333,4.0,0.6912706538756884,54.6587464108471,11.2125,16.19,344.2225,348.69,35.0,1,WILDFIRE,,,,,,,,,unknown
1227,21.01765,81.9694,3,1,1.0,0.3426826528192411,1.0,0.0333333333333333,3.0,0.7447776270143153,53.228885873619646,10.0,11.65,358.67,367.0,70.0,1,WILDFIRE,,,,,0.0,0.0,0.0,0.0,unknown
1228,22.600657499999997,81.715275,4,1,1.0,0.7426207696871338,1.0,0.0333333333333333,4.0,0.5738483193790568,52.310299720914465,3.595,4.53,337.56,342.94,35.0,1,WILDFIRE,,,,,0.0,0.0,0.0,0.0,unknown
1229,21.689187142857143,84.38135857142858,7,1,1.0,1.2019722186162725,1.0,0.0333333333333333,7.0,0.4541383363266971,57.41610005986728,10.734285714285711,11.87,344.82571428571424,351.97,50.0,1,WILDFIRE,,,,,0.0,0.0,0.0,0.0,unknown
1230,21.50577,85.4353175,4,2,2.04375,0.7977006955862035,0.9785932721712536,0.068125,1.9571865443425072,0.5562661250870322,47.07921202773452,5.595000000000001,9.33,345.715,354.03,50.0,1,WILDFIRE,,,,,,,,,unknown
1231,21.49223428571429,85.39720142857142,7,1,1.0,0.4467483937731824,1.0,0.0333333333333333,7.0,0.6912051911057988,62.157437155449315,6.227142857142857,8.49,352.80571428571426,367.0,58.57142857142857,1,WILDFIRE,,,,,,,,,unknown
1232,21.664906666666667,83.98355666666667,3,1,1.0,0.3598755449977795,1.0,0.0333333333333333,3.0,0.7353614113279998,53.04056155989333,8.986666666666666,14.62,340.97333333333336,346.42,50.0,1,WILDFIRE,,,,,,,,,unknown
1233,21.380536666666668,80.75583,3,1,1.0,0.470855269495388,1.0,0.0333333333333333,3.0,0.6798765458025479,51.93086424938429,3.276666666666667,3.63,319.9566666666667,338.41,43.333333333333336,1,WILDFIRE,,,,,,,,,unknown
1234,21.864823333333337,85.14219000000001,3,2,1.523611111111111,0.7264263906323744,1.0,0.050787037037037,1.969006381039198,0.5792311826475898,47.77681553147572,5.483333333333334,6.24,341.22333333333336,367.0,60.0,1,WILDFIRE,,,,,,,,,unknown
1235,21.54864,82.965535,4,1,1.0,0.2910397958052229,1.0,0.0333333333333333,4.0,0.7745694619555077,56.32472257244349,9.545,12.3,345.135,348.92,45.0,1,WILDFIRE,,,,,0.0,0.0,0.0,0.0,unknown
1236,20.51602125,79.68646375,8,1,1.0,0.5704542521398833,1.0,0.0333333333333333,8.0,0.6367584402012418,63.568502137358166,10.4275,12.42,345.79499999999996,356.06,45.0,1,WILDFIRE,,,,,,,,,unknown
1237,20.762646666666665,79.94052333333333,3,1,1.0,0.2450008597823768,1.0,0.0333333333333333,3.0,0.8032122967166446,54.39757926766623,7.716666666666666,11.67,342.33,345.75,43.333333333333336,1,WILDFIRE,,,,,,,,,unknown
1238,22.456105333333326,81.86135466666666,15,2,1.0,1.1858938888247663,1.0,0.0333333333333333,15.0,0.4574787482194044,64.98290829772142,4.458666666666667,10.43,340.29,356.29,38.0,1,WILDFIRE,,,,,0.0,0.0,0.0,0.0,unknown
1239,22.29424,81.83073333333333,3,1,1.0,0.3530176995863182,1.0,0.0333333333333333,3.0,0.7390886315129119,53.11510596359157,7.329999999999999,10.29,333.0933333333333,349.65,43.333333333333336,1,WILDFIRE,,,,,0.0,0.0,0.0,0.0,unknown
1240,21.779296666666667,82.15890666666667,3,1,1.0,0.2921531204525281,1.0,0.0333333333333333,3.0,0.7739020895989381,53.8113751253121,6.973333333333334,8.92,345.06666666666666,349.99,36.666666666666664,1,WILDFIRE,,,,,0.0,0.0,0.0,0.0,unknown
1241,21.9479075,80.28956,4,1,1.0,0.5485285635106762,1.0,0.0333333333333333,4.0,0.6457743328498219,53.74881999032976,4.6775,5.94,340.26,345.9,45.0,1,WILDFIRE,,,,,,,,,unknown
1242,21.977976666666667,80.29831666666666,3,2,1.0,0.6311263177501092,1.0,0.0333333333333333,3.0,0.6130733034700513,50.59479940273436,4.256666666666667,5.81,341.7133333333333,352.61,43.333333333333336,1,WILDFIRE,,,,,,,,,unknown
1243,25.505938000000004,76.566364,5,1,1.0,0.569477599367609,1.0,0.0333333333333333,5.0,0.6371546815341175,56.07642696401569,27.898000000000003,75.93,351.694,367.0,30.0,1,WILDFIRE,,,,,,,,,unknown
1244,25.9972075,80.85699,4,1,1.0,0.5329642422741122,1.0,0.0333333333333333,4.0,0.6523309366411093,53.879952066155525,5.345,8.09,325.43,342.24,40.0,1,WILDFIRE,,,,,0.0,0.0,0.0,0.0,unknown
1245,25.78715,78.96775666666666,3,2,1.0,0.4876975075558916,1.0,0.0333333333333333,3.0,0.6721796567656284,51.776926468645904,7.726666666666667,13.68,337.22666666666663,343.88,36.666666666666664,1,WILDFIRE,,,,,,,,,unknown
1246,25.7977275,77.8393625,4,2,1.0,0.812133185366096,1.0,0.0333333333333333,4.0,0.5518358187331441,51.870049707996216,16.7175,18.42,347.8075,353.3,45.0,1,WILDFIRE,,,,,,,,,unknown
1247,26.47862333333333,84.19835333333334,3,1,1.0,0.3081799679075716,1.0,0.0333333333333333,3.0,0.7644208171139448,53.62174967561224,2.8766666666666665,4.43,340.5733333333333,350.28,50.0,1,WILDFIRE,,,,,,,,,unknown
1248,25.608075,76.5840475,4,1,1.0,0.66476565771539,1.0,0.0333333333333333,4.0,0.6006851447021867,52.84703622737707,11.8675,15.34,350.6875,353.4,40.0,1,WILDFIRE,,,,,,,,,unknown
1249,25.81012,78.176515,4,1,1.0,0.4390843480399234,1.0,0.0333333333333333,4.0,0.694886301391597,54.731059361165265,5.015000000000001,8.97,330.59499999999997,352.1,45.0,1,WILDFIRE,,,,,,,,,unknown
1250,25.29628333333333,78.94708,3,1,1.0,0.5263015753814886,1.0,0.0333333333333333,3.0,0.6551785152616755,51.43690363856685,21.86666666666667,24.62,346.42333333333335,354.78,36.666666666666664,1,WILDFIRE,,,,,,,,,unknown
1251,25.288406666666663,78.32353333333333,3,1,1.0,0.3333651338986059,1.0,0.0333333333333333,3.0,0.7499821126086561,53.33297558550646,10.23,10.23,341.9466666666667,347.32,36.666666666666664,1,WILDFIRE,,,,,,,,,unknown
1252,25.620553333333337,78.58571666666667,3,1,1.0,0.343349588190055,1.0,0.0333333333333333,3.0,0.7444078658239195,53.22149064981172,12.916666666666666,18.11,348.69666666666666,349.29,50.0,1,WILDFIRE,,,,,,,,,unknown
1253,25.706163333333336,78.97689333333334,3,2,1.0,0.7477121022625358,1.0,0.0333333333333333,3.0,0.5721766180513541,49.77686569436042,12.72,15.5,343.21333333333337,346.42,43.333333333333336,1,WILDFIRE,,,,,,,,,unknown
1254,26.00498,78.8212675,4,2,1.4555555555555555,0.733831028328538,1.0,0.0485185185185185,2.7480916030534353,0.5767574715536312,49.61834140166918,11.2325,16.2,331.33500000000004,344.17,35.0,1,WILDFIRE,,,,,0.0,0.0,0.0,0.0,unknown
1255,26.491943333333335,79.04167666666667,3,1,1.0,0.721923639313155,1.0,0.0333333333333333,3.0,0.5807458456165236,49.948250245663814,7.643333333333333,11.78,340.99666666666667,342.51,30.0,1,WILDFIRE,,,,,,,,,unknown
1256,26.73123,82.29889399999999,5,1,1.0,0.3838986441283102,1.0,0.0333333333333333,5.0,0.7225962712246747,57.78525875782683,6.62,9.17,344.476,367.0,52.0,1,WILDFIRE,,,,,0.0,0.0,0.0,0.0,unknown
1257,27.414240000000003,79.72971333333334,3,1,1.0,0.3073285723597952,1.0,0.0333333333333333,3.0,0.7649186448934935,53.63170623120321,11.54,16.48,354.62000000000006,367.0,53.333333333333336,1,WILDFIRE,,,,,,,,,unknown
1258,26.995796666666667,80.21361666666667,3,1,1.0,0.4531776892621644,1.0,0.0333333333333333,3.0,0.688147091294623,52.09627515922579,14.466666666666669,17.48,356.0466666666666,367.0,60.0,1,WILDFIRE,,,,,0.0,0.0,0.0,0.0,unknown
1259,27.28683666666667,82.73252333333335,3,1,1.0,0.2993119318325176,1.0,0.0333333333333333,3.0,0.769638125765246,53.72609584863825,5.453333333333333,7.1,342.20666666666665,347.61,50.0,1,WILDFIRE,,,,,,,,,unknown
1260,25.99273,78.33685285714286,7,1,1.0,1.0491260252440122,1.0,0.0333333333333333,7.0,0.4880129321869887,58.09359197707311,13.79,37.0,342.9414285714286,353.62,41.42857142857143,1,WILDFIRE,,,,,,,,,unknown
1261,25.9714075,78.2915125,4,1,1.0,0.3079159230151724,1.0,0.0333333333333333,4.0,0.7645751400400984,56.1248361341353,21.775,26.91,351.535,367.0,30.0,1,WILDFIRE,,,,,,,,,unknown
1262,26.52472,81.45127666666667,6,2,1.0,0.939983152662148,1.0,0.0333333333333333,6.0,0.5154683939537036,56.14270121240741,6.175,8.76,343.58833333333337,354.02,50.0,1,WILDFIRE,,,,,,,,,unknown
1263,26.772346666666667,83.86640333333332,3,1,1.0,0.7221568065964035,1.0,0.0333333333333333,3.0,0.5806672169280316,49.946677671893966,2.1833333333333336,2.99,336.52,344.71,50.0,1,WILDFIRE,,,,,,,,,unknown
1264,24.467746666666667,82.02936166666667,6,1,1.0,1.076698320015656,1.0,0.0333333333333333,6.0,0.48153359125964,55.46400515852614,7.108333333333334,10.34,347.1116666666667,355.34,40.0,1,WILDFIRE,,,,,,,,,unknown
1265,24.450572,81.23386799999999,5,1,1.0,0.539883459173498,1.0,0.0333333333333333,5.0,0.6493997932393729,56.32132919812079,20.556,38.23,350.712,367.0,42.0,1,WILDFIRE,,,,,,,,,unknown
1266,24.52741,80.5777325,4,1,1.0,0.4498848561652144,1.0,0.0333333333333333,4.0,0.6897099419638671,54.62753217261067,12.3325,17.59,347.80499999999995,351.39,30.0,1,WILDFIRE,,,,,,,,,unknown
1267,24.72238333333333,81.08553666666667,3,1,1.0,0.521223099743863,1.0,0.0333333333333333,3.0,0.6573657737437564,51.480648808208464,15.886666666666663,18.27,346.2966666666667,352.63,36.666666666666664,1,WILDFIRE,,,,,,,,,unknown
1268,24.336516666666665,78.99645,3,1,1.0,0.347721058550538,1.0,0.0333333333333333,3.0,0.7419933031806233,53.173199396945805,7.150000000000001,7.15,350.38333333333327,352.09,43.333333333333336,1,WILDFIRE,,,,,,,,,unknown
1269,24.65181,81.19981,3,1,1.0,0.52512277860984,1.0,0.0333333333333333,3.0,0.655684915355803,51.44703164044939,12.65,15.04,350.0233333333333,354.3,43.333333333333336,1,WILDFIRE,,,,,,,,,unknown
1270,24.340643333333333,82.87099,3,1,1.0,0.4786780307739322,1.0,0.0333333333333333,3.0,0.6762797439254611,51.85892821184256,8.963333333333333,11.35,339.6033333333333,367.0,60.0,1,WILDFIRE,,,,,,,,,unknown
1271,24.21818,80.6267,3,1,1.0,0.4868261072350476,1.0,0.0333333333333333,3.0,0.6725736083956946,51.78480550124722,6.146666666666667,6.16,345.8766666666666,349.53,36.666666666666664,1,WILDFIRE,,,,,,,,,unknown
1272,24.223016666666663,80.77520666666668,3,1,1.0,0.4982177607244688,1.0,0.0333333333333333,3.0,0.6674597152796042,51.68252763892542,7.463333333333334,10.29,347.99333333333334,351.54,36.666666666666664,1,WILDFIRE,,,,,,,,,unknown
1273,24.73559333333333,80.83770666666668,3,1,1.0,0.4336110709088084,1.0,0.0333333333333333,3.0,0.6975392561429303,52.28411845619194,9.93,13.03,347.44000000000005,355.75,36.666666666666664,1,WILDFIRE,,,,,,,,,unknown
1274,25.061952,80.754724,5,1,1.0,0.8051579888584014,1.0,0.0333333333333333,5.0,0.5539681325247378,54.412695983828094,9.952,11.89,345.842,348.03,38.0,1,WILDFIRE,,,,,0.0,0.0,0.0,0.0,unknown
1275,25.15829,80.68318857142857,7,1,1.0,0.9312564626401436,1.0,0.0333333333333333,7.0,0.5177976200182859,58.68928573369905,8.808571428571428,9.25,337.92999999999995,347.77,35.714285714285715,1,WILDFIRE,,,,,0.0,0.0,0.0,0.0,unknown
1276,25.289393333333333,84.06918666666667,3,1,1.0,0.1676019786401756,1.0,0.0333333333333333,3.0,0.8564562396208253,55.46245812574983,5.1066666666666665,6.28,346.7466666666667,350.23,50.0,1,WILDFIRE,,,,,,,,,unknown
1277,24.963365,80.7418825,4,1,1.0,0.551274070367381,1.0,0.0333333333333333,4.0,0.6446314156228852,53.725961645791045,23.5625,43.13,350.00750000000005,355.44,45.0,1,WILDFIRE,,,,,,,,,unknown
1278,25.36448,84.33864333333334,3,1,1.0,0.3395766623930853,1.0,0.0333333333333333,3.0,0.7465044950944062,53.26342323522147,2.8000000000000003,2.91,340.84999999999997,350.05,50.0,1,WILDFIRE,,,,,,,,,unknown
1279,25.399536666666663,80.46864333333333,3,1,1.0,0.3621626189534009,1.0,0.0333333333333333,3.0,0.734126737942887,53.01586809219108,7.323333333333333,9.76,329.46333333333337,346.7,43.333333333333336,1,WILDFIRE,,,,,0.0,0.0,0.0,0.0,unknown
1280,23.438407499999997,68.8914,4,2,1.0569444444444445,0.2223626435349963,1.0,0.0352314814814814,3.7844940867279897,0.8180878279362845,56.703778812582705,4.52,8.91,345.6975,367.0,57.5,1,WILDFIRE,,,,,,,,,unknown
1281,25.07992333333333,81.98461333333334,3,1,1.0,0.3253370811948874,1.0,0.0333333333333333,3.0,0.7545250292841935,53.423833919017206,4.8,7.13,345.21333333333337,348.39,50.0,1,WILDFIRE,,,,,,,,,unknown
1282,24.84109666666667,80.60265333333332,3,1,1.0,0.7070443531023859,1.0,0.0333333333333333,3.0,0.585807860342116,50.049490540175654,8.676666666666668,9.64,346.32333333333327,355.44,36.666666666666664,1,WILDFIRE,,,,,,,,,unknown
1283,24.9643,80.94378,3,2,1.0,0.6433129035293392,1.0,0.0333333333333333,3.0,0.6085268349395312,50.50387003212395,5.303333333333334,6.18,343.03666666666663,347.11,43.333333333333336,1,WILDFIRE,,,,,,,,,unknown
1284,24.77376666666667,80.44706666666667,3,2,1.0,0.645087546899874,1.0,0.0333333333333333,3.0,0.6078703847004828,50.49074102734299,14.339999999999998,16.14,349.26,352.68,43.333333333333336,1,WILDFIRE,,,,,,,,,unknown
1285,29.836599999999997,76.768225,8,1,1.0,1.243032895989875,1.0,0.0333333333333333,8.0,0.4458249372034683,59.7498320774027,6.76875,9.83,343.82500000000005,351.61,32.5,1,WILDFIRE,,,,,,,,,unknown
1286,29.7353,76.07742999999999,3,1,1.0,0.3058464879047652,1.0,0.0333333333333333,3.0,0.7657867975006029,53.6490692833454,6.25,6.25,345.5133333333333,349.76,36.666666666666664,1,WILDFIRE,,,,,,,,,unknown
1287,29.7743975,76.29821749999999,4,1,1.0,0.4408637757049133,1.0,0.0333333333333333,4.0,0.6940281356651986,54.7138960466373,12.3375,13.53,350.8725,353.53,45.0,1,WILDFIRE,,,,,,,,,unknown
1288,29.53310666666667,74.59446333333334,3,1,1.0,0.2876633250648709,1.0,0.0333333333333333,3.0,0.776600513918979,53.86534361171291,10.17,10.84,347.3233333333333,356.3,43.333333333333336,1,WILDFIRE,,,,,,,,,unknown
1289,30.016935,78.59447,4,1,1.0,0.6945594440077598,1.0,0.0333333333333333,4.0,0.5901238835475285,52.63581100428391,2.34,6.04,315.58500000000004,340.06,50.0,1,WILDFIRE,,,,,,,,,unknown
1290,29.78381,75.83436666666667,3,1,1.0,0.5264660176165825,1.0,0.0333333333333333,3.0,0.6551079345751802,51.43549202483694,8.03,10.51,343.13000000000005,346.67,36.666666666666664,1,WILDFIRE,,,,,,,,,unknown
1291,29.698385,75.65862000000001,4,1,1.0,0.5159726685181769,1.0,0.0333333333333333,4.0,0.659642499344974,54.02618332023281,10.245,10.46,349.33250000000004,351.87,45.0,1,WILDFIRE,,,,,,,,,unknown
1292,30.135477692307703,78.98016384615386,13,2,1.5041666666666669,1.3334584362722703,1.0,0.0501388888888888,8.642659279778394,0.4285484517125202,61.43108945591862,4.998461538461537,11.6,324.61153846153843,353.66,50.0,1,WILDFIRE,,,,,,,,,unknown
1293,29.722966666666668,75.74382666666668,3,1,1.0,0.3003259709123507,1.0,0.0333333333333333,3.0,0.7690379353865922,53.714092041065186,14.27,14.27,347.65333333333336,356.01,43.333333333333336,1,WILDFIRE,,,,,,,,,unknown
1294,29.51357,76.57896833333332,6,2,1.0,0.8376363692840587,1.0,0.0333333333333333,6.0,0.5441773011869584,56.7168793570725,8.019999999999998,18.87,344.52500000000003,349.86,36.666666666666664,1,WILDFIRE,,,,,,,,,unknown
1295,29.815903333333335,78.66688666666666,3,2,1.0,0.7225006162385182,1.0,0.0333333333333333,3.0,0.5805513162507502,49.94435965834834,3.14,5.14,325.6666666666667,337.43,50.0,1,WILDFIRE,,,,,,,,,unknown
1296,29.528755000000004,76.72743750000001,4,1,1.0,0.2653022546582418,1.0,0.0333333333333333,4.0,0.7903249965124737,56.63983326358281,8.98,10.4,347.85749999999996,352.9,45.0,1,WILDFIRE,,,,,,,,,unknown
1297,29.564187500000003,77.029605,4,1,1.0,0.2719610797561563,1.0,0.0333333333333333,4.0,0.7861875775253334,56.557084883840005,5.395,5.54,343.2575,347.48,40.0,1,WILDFIRE,,,,,,,,,unknown
1298,29.58609,76.58929,3,1,1.0,0.3900415096270633,1.0,0.0333333333333333,3.0,0.719402976871023,52.72139287075379,6.2366666666666655,7.59,342.7366666666667,347.81,36.666666666666664,1,WILDFIRE,,,,,,,,,unknown
1299,29.663964,76.340382,5,1,1.0,0.8501052937925281,1.0,0.0333333333333333,5.0,0.5405097771219829,54.143528875772994,12.522,16.76,348.868,354.24,46.0,1,WILDFIRE,,,,,,,,,unknown
1300,29.96561,79.07536333333333,3,2,1.5041666666666669,0.3127670785940507,1.0,0.0501388888888888,1.994459833795014,0.761749754625917,51.474616899228096,6.496666666666666,12.16,329.6666666666667,346.16,50.0,1,WILDFIRE,,,,,,,,,unknown
1301,29.915719999999997,76.69274000000001,3,1,1.0,0.3193906916520105,1.0,0.0333333333333333,3.0,0.7579256139422197,53.49184561217773,7.926666666666667,11.05,344.9766666666667,348.14,30.0,1,WILDFIRE,,,,,,,,,unknown
1302,30.14784,75.19068666666668,3,1,1.0,0.2939020161260648,1.0,0.0333333333333333,3.0,0.7728560490182975,53.790454313699286,16.88333333333333,32.55,346.6333333333334,350.41,36.666666666666664,1,WILDFIRE,,,,,,,,,unknown
1303,30.43502,77.45884,3,1,1.0,0.4566936094363918,1.0,0.0333333333333333,3.0,0.6864861584632812,52.06305650259896,3.6466666666666665,5.08,330.6033333333333,344.01,50.0,1,WILDFIRE,,,,,,,,,unknown
1304,30.3339675,76.93257,4,1,1.0,0.6013246433818212,1.0,0.0333333333333333,4.0,0.6244829892132993,53.32299311759932,9.99,16.57,343.955,350.32,30.0,1,WILDFIRE,,,,,,,,,unknown
1305,30.176,75.85702333333334,3,1,1.0,0.3826320854387767,1.0,0.0333333333333333,3.0,0.7232582047903591,52.79849742914051,9.006666666666666,12.24,350.19666666666666,350.34,30.0,1,WILDFIRE,,,,,,,,,unknown
1306,30.522543333333335,78.65042666666666,3,1,1.0,0.2627459273945282,1.0,0.0333333333333333,3.0,0.7919249457120311,54.17183224757396,3.736666666666667,4.46,333.51666666666665,339.02,50.0,1,WILDFIRE,,,,,,,,,unknown
1307,30.84439714285714,76.96423857142858,7,1,1.0,0.6369295232165152,1.0,0.0333333333333333,7.0,0.610899849881766,60.55133033096865,3.545714285714286,7.97,325.95571428571435,343.18,44.285714285714285,1,WILDFIRE,,,,,,,,,unknown
1308,30.66655,76.2611075,4,2,1.0,0.5519015527571665,1.0,0.0333333333333333,4.0,0.6443707709573216,53.72074875247976,8.895,12.61,344.2225,349.16,30.0,1,WILDFIRE,,,,,,,,,unknown
1309,30.5156525,74.0787775,4,1,1.0,0.6086355915523624,1.0,0.0333333333333333,4.0,0.6216448307195429,53.266229947724185,18.2475,24.92,353.4125,367.0,30.0,1,WILDFIRE,,,,,,,,,unknown
1310,30.275275,74.82557,4,1,1.0,0.6942317768326629,1.0,0.0333333333333333,4.0,0.5902380144642799,52.63809362261893,16.915,28.96,350.345,353.87,40.0,1,WILDFIRE,,,,,,,,,unknown
1311,30.329483333333332,75.05626000000001,3,2,1.0,0.2937944941414821,1.0,0.0333333333333333,3.0,0.772920277932985,53.791738891993035,12.35,15.51,349.65333333333336,355.28,36.666666666666664,1,WILDFIRE,,,,,,,,,unknown
1312,30.30534,78.93522333333334,3,1,1.0,0.6464948668848952,1.0,0.0333333333333333,3.0,0.6073508154276615,50.48034964188657,12.65,18.74,329.49666666666667,354.46,43.333333333333336,1,WILDFIRE,,,,,,,,,unknown
1313,30.3064635,78.772141,20,2,1.0,1.900753754504111,1.0,0.0333333333333333,20.0,0.3447379835145475,62.72809300362429,2.6929999999999996,7.79,322.50399999999996,351.52,47.0,1,WILDFIRE,,,,,,,,,unknown
1314,29.88823,75.9701,4,1,1.0,1.0047393796085342,1.0,0.0333333333333333,4.0,0.4988179561750666,50.80969245683467,11.3,18.17,351.8225,367.0,35.0,1,WILDFIRE,,,,,,,,,unknown
1315,29.81779333333333,75.92495333333333,3,2,1.0,0.6845914623496705,1.0,0.0333333333333333,3.0,0.5936157355357831,50.205648044049,6.963333333333334,8.18,343.79333333333335,345.65,30.0,1,WILDFIRE,,,,,,,,,unknown
1316,29.838333333333335,75.81643000000001,3,1,1.0,0.2374301436626305,1.0,0.0333333333333333,3.0,0.8081264264664925,54.49586186266318,14.926666666666668,17.74,350.67,354.8,43.333333333333336,1,WILDFIRE,,,,,,,,,unknown
1317,30.032003333333332,75.93857666666668,3,1,1.0,0.3044726659750673,1.0,0.0333333333333333,3.0,0.7665932955770445,53.66519924487423,4.260000000000001,7.84,345.42,348.59,30.0,1,WILDFIRE,,,,,,,,,unknown
1318,30.03506,75.73182,3,1,1.0,0.3002835116658155,1.0,0.0333333333333333,3.0,0.76906304742639,53.71459428186114,3.89,3.89,341.4266666666667,342.16,30.0,1,WILDFIRE,,,,,,,,,unknown
1319,28.859306666666665,76.90885833333333,6,1,1.0,1.0405710667563663,1.0,0.0333333333333333,6.0,0.4900588939495116,55.63451121232357,5.343333333333334,14.09,324.86499999999995,349.52,43.333333333333336,1,WILDFIRE,,,,,,,,,unknown
1320,28.884585,76.40621250000001,4,1,1.0,0.8194103732356584,1.0,0.0333333333333333,4.0,0.5496286130443401,51.82590559422013,6.205000000000001,11.05,336.4675,344.52,35.0,1,WILDFIRE,,,,,,,,,unknown
1321,28.923366666666663,76.64704666666667,3,1,1.0,0.3885341924695955,1.0,0.0333333333333333,3.0,0.7201839215939199,52.737011765211726,5.773333333333333,7.22,344.78999999999996,346.78,43.333333333333336,1,WILDFIRE,,,,,,,,,unknown
1322,29.05199,79.17413666666666,3,1,1.0,0.3970313822003313,1.0,0.0333333333333333,3.0,0.7158035336507581,52.6494040063485,6.3,6.3,342.8066666666667,344.49,30.0,1,WILDFIRE,,,,,,,,,unknown
1323,28.9166475,76.140375,4,1,1.0,0.9311158539993342,1.0,0.0333333333333333,4.0,0.5178353219611364,51.19003977255606,4.93,8.16,333.715,345.38,40.0,1,WILDFIRE,,,,,,,,,unknown
1324,28.961076666666667,76.35538166666667,6,1,1.0,0.9209801256176308,1.0,0.0333333333333333,6.0,0.5205675928992142,56.24468519131762,8.299999999999999,10.89,345.67333333333335,349.54,43.333333333333336,1,WILDFIRE,,,,,,,,,unknown
1325,29.36050333333333,80.17586,3,1,1.0,0.437388799740988,1.0,0.0333333333333333,3.0,0.6957059914340478,52.24745316201429,5.813333333333333,7.6,344.8,367.0,60.0,1,WILDFIRE,,,,,,,,,unknown
1326,28.24408,80.08997666666667,3,1,1.0,0.3324071717933504,1.0,0.0333333333333333,3.0,0.7505213279916921,53.343759893167174,11.813333333333333,14.36,347.6033333333333,350.57,36.666666666666664,1,WILDFIRE,,,,,,,,,unknown
1327,28.39927,80.990035,4,1,1.0,0.515372214674463,1.0,0.0333333333333333,4.0,0.6599038772892,54.03141087911734,4.762499999999999,5.34,341.38,345.06,35.0,1,WILDFIRE,,,,,,,,,unknown
1328,28.210116666666664,80.63336,3,1,1.0,0.4221260038363577,1.0,0.0333333333333333,3.0,0.7031725721225676,52.39678477578469,12.386666666666663,24.62,337.42,343.87,50.0,1,WILDFIRE,,,,,,,,,unknown
1329,27.98730333333333,81.11582333333332,3,2,1.0,0.3299924350450676,1.0,0.0333333333333333,3.0,0.7518839759160844,53.37101285165502,2.9566666666666666,3.69,338.1133333333333,342.99,36.666666666666664,1,WILDFIRE,,,,,,,,,unknown
1330,27.992103333333333,79.50329,3,1,1.0,0.3998981685997427,1.0,0.0333333333333333,3.0,0.71433767286106,52.62008679055453,10.660000000000002,20.14,343.8666666666666,346.46,36.666666666666664,1,WILDFIRE,,,,,,,,,unknown
1331,28.56087666666667,80.3963,3,1,1.0,0.2632209093209134,1.0,0.0333333333333333,3.0,0.7916271751213992,54.16587683576133,4.903333333333333,6.24,341.1066666666667,343.14,50.0,1,WILDFIRE,,,,,,,,,unknown
1332,27.967313333333333,79.83310666666667,3,1,1.0,0.3261475922646415,1.0,0.0333333333333333,3.0,0.7540638808477687,53.41461095028871,4.35,5.48,341.7866666666667,344.54,43.333333333333336,1,WILDFIRE,,,,,,,,,unknown
1333,28.861673333333332,79.77367666666667,3,1,1.0,0.3288160117710699,1.0,0.0333333333333333,3.0,0.7525496315078127,53.38432596348959,7.033333333333334,10.0,340.65000000000003,343.77,36.666666666666664,1,WILDFIRE,,,,,,,,,unknown
1334,28.80371,79.64909499999999,4,1,1.0,0.2365265963739483,1.0,0.0333333333333333,4.0,0.8087169357557284,57.0076720484479,4.3149999999999995,4.55,345.77,346.54,50.0,1,WILDFIRE,,,,,,,,,unknown
1335,29.38801,76.84597666666666,3,1,1.0,0.3197605894240869,1.0,0.0333333333333333,3.0,0.7577131852651979,53.487597038637304,11.08,14.32,348.7,354.13,43.333333333333336,1,WILDFIRE,,,,,,,,,unknown
1336,29.304942499999996,76.27520750000001,4,1,1.0,0.2851793548337131,1.0,0.0333333333333333,4.0,0.7781015126323657,56.395363585980654,7.075000000000001,8.46,343.0325,351.33,35.0,1,WILDFIRE,,,,,,,,,unknown
1337,29.364623333333338,76.89563333333332,3,1,1.0,0.3211092570744643,1.0,0.0333333333333333,3.0,0.7569396661518019,53.472126656369376,7.266666666666666,8.44,343.7766666666667,348.41,36.666666666666664,1,WILDFIRE,,,,,,,,,unknown
1338,29.73557,79.54768375,8,2,1.5041666666666669,0.7852421116648653,1.0,0.0501388888888888,5.3185595567867034,0.5601481129455482,55.75283337309995,6.1274999999999995,20.65,329.17,345.72,50.0,1,WILDFIRE,,,,,,,,,unknown
1339,29.278883333333336,76.48462333333333,3,1,1.0,0.2408754514584193,1.0,0.0333333333333333,3.0,0.8058826523038112,54.45098637940957,10.116666666666667,14.57,347.57,354.96,43.333333333333336,1,WILDFIRE,,,,,,,,,unknown
1340,29.319341666666663,76.75356166666667,6,1,1.0,0.8799193210839662,1.0,0.0333333333333333,6.0,0.5319377213610409,56.47208776055416,14.696666666666667,26.98,343.4866666666667,344.84,30.0,1,WILDFIRE,,,,,,,,,unknown
1341,29.335774000000004,76.922398,5,1,1.0,0.332112058869727,1.0,0.0333333333333333,5.0,0.7506875966939912,58.34708526721316,8.84,12.08,348.27,351.66,42.0,1,WILDFIRE,,,,,,,,,unknown
1342,29.23491142857143,76.1947142857143,7,1,1.0,1.1734216579029977,1.0,0.0333333333333333,7.0,0.4601040006957689,57.535413347248706,9.082857142857142,13.89,346.67428571428576,353.18,38.57142857142857,1,WILDFIRE,,,,,,,,,unknown
1343,29.2511925,76.259175,4,1,1.0,0.5538125603953832,1.0,0.0333333333333333,4.0,0.6435782703066449,53.70489873946623,6.7675,11.58,343.01,348.83,35.0,1,WILDFIRE,,,,,,,,,unknown
1344,29.27543,76.46753666666666,3,1,1.0,0.3254368313207243,1.0,0.0333333333333333,3.0,0.7544682450113865,53.42269823356107,12.19,18.15,347.9833333333333,353.85,43.333333333333336,1,WILDFIRE,,,,,,,,,unknown
1345,29.808939999999996,79.38132,3,1,1.0,0.3172601870033525,1.0,0.0333333333333333,3.0,0.7591514644308118,53.516362621949575,5.21,9.86,343.50666666666666,354.28,50.0,1,WILDFIRE,,,,,,,,,unknown
1346,28.988553333333332,76.53596666666665,3,1,1.0,0.6849090233396979,1.0,0.0333333333333333,3.0,0.5935038545985566,50.20341042530448,10.026666666666666,10.89,345.2833333333333,350.65,36.666666666666664,1,WILDFIRE,,,,,,,,,unknown
1347,29.486215,76.49937249999999,4,1,1.0,0.5405511783460751,1.0,0.0333333333333333,4.0,0.6491183246983024,53.815699827299376,8.8925,12.24,348.96750000000003,353.01,40.0,1,WILDFIRE,,,,,,,,,unknown
1348,29.358096666666665,76.36163666666667,3,1,1.0,0.7495050061397076,1.0,0.0333333333333333,3.0,0.5715902478075816,49.765138289484966,10.026666666666666,10.18,342.56666666666666,349.82,36.666666666666664,1,WILDFIRE,,,,,,,,,unknown
1349,29.394896666666668,76.63409999999999,3,2,1.9736111111111112,0.7266827718777273,1.0,0.065787037037037,1.5200562983814214,0.5791451772652618,47.02772021718471,5.046666666666666,5.56,343.24666666666667,349.79,43.333333333333336,1,WILDFIRE,,,,,,,,,unknown
1350,29.4057275,76.3847025,4,1,1.0,0.7945854541703709,1.0,0.0333333333333333,4.0,0.5572317538159784,51.977968409652895,8.137500000000001,14.16,343.6175,348.4,30.0,1,WILDFIRE,,,,,,,,,unknown
1351,29.08330375,76.31535249999999,8,1,1.0,1.147742249937165,1.0,0.0333333333333333,8.0,0.465605218703155,60.14543770739643,12.1275,13.83,347.04375000000005,350.95,45.0,1,WILDFIRE,,,,,,,,,unknown
1352,29.057076666666664,76.28061999999998,3,1,1.0,0.3066055066779962,1.0,0.0333333333333333,3.0,0.7653419451311427,53.640172235956186,19.386666666666667,32.12,346.34999999999997,350.9,43.333333333333336,1,WILDFIRE,,,,,,,,,unknown
1353,29.591513333333335,80.31983333333334,3,1,1.0,0.3805454836582731,1.0,0.0333333333333333,3.0,0.7243513609925585,52.82036055318451,4.29,4.29,337.7733333333333,345.01,43.333333333333336,1,WILDFIRE,,,,,,,,,unknown
1354,29.057524,76.916578,5,1,1.0,0.4975004015827808,1.0,0.0333333333333333,5.0,0.6677794536435859,56.68892240620506,11.232,19.62,348.17999999999995,355.82,46.0,1,WILDFIRE,,,,,,,,,unknown
1355,29.0463075,76.8549675,4,1,1.0,0.4767569849479071,1.0,0.0333333333333333,4.0,0.6771594854080037,54.37652304149341,26.1375,29.22,350.07,367.0,40.0,1,WILDFIRE,,,,,,,,,unknown
1356,28.99846,76.49086333333334,6,1,1.0,0.9578986429518926,1.0,0.0333333333333333,6.0,0.510751669193823,56.048366717209795,7.256666666666668,12.04,338.38166666666666,348.18,40.0,1,WILDFIRE,,,,,,,,,unknown
1357,28.99675333333333,76.55588,3,2,1.0,0.7224412962443633,1.0,0.0333333333333333,3.0,0.5805713101400988,49.944759536135315,7.513333333333333,9.51,341.11,343.47,30.0,1,WILDFIRE,,,,,,,,,unknown
1358,29.21316333333333,76.92563,3,1,1.0,0.3203823023658952,1.0,0.0333333333333333,3.0,0.757356409736918,53.4804615280717,11.86,11.86,345.5433333333333,355.62,36.666666666666664,1,WILDFIRE,,,,,,,,,unknown
1359,29.59724,80.01704666666666,3,1,1.0,0.2346446925848337,1.0,0.0333333333333333,3.0,0.8099496203287562,54.53232573990846,4.046666666666667,4.15,345.0733333333333,347.99,50.0,1,WILDFIRE,,,,,,,,,unknown
1360,29.53046,79.49442333333333,3,1,1.0,0.5232748478668824,1.0,0.0333333333333333,3.0,0.6564803465378227,51.462940264089795,5.026666666666666,14.26,315.52333333333337,347.41,50.0,1,WILDFIRE,,,,,,,,,unknown
1361,29.199976666666668,76.56120333333334,3,1,1.0,0.3123228404037163,1.0,0.0333333333333333,3.0,0.7620076167327584,53.57348566798851,13.083333333333334,24.05,348.69,351.84,43.333333333333336,1,WILDFIRE,,,,,,,,,unknown
1362,31.905463333333337,75.58465333333332,3,1,1.0,0.3067501991908287,1.0,0.0333333333333333,3.0,0.7652572011232324,53.63847735579799,32.00666666666667,42.1,353.51000000000005,367.0,36.666666666666664,1,WILDFIRE,,,,,,,,,unknown
1363,31.61108333333333,75.60205333333333,3,1,1.0,0.4873400077758993,1.0,0.0333333333333333,3.0,0.6723412231042951,51.780157795419235,23.176666666666662,38.93,355.89000000000004,367.0,53.333333333333336,1,WILDFIRE,,,,,,,,,unknown
1364,31.6751025,76.23367,4,2,1.0,0.7604460486286245,1.0,0.0333333333333333,4.0,0.5680378565301636,52.19409046393661,7.605,8.68,353.16499999999996,367.0,57.5,1,WILDFIRE,,,,,,,,,unknown
1365,32.57861,74.89452333333332,3,2,1.0,0.5245441337630269,1.0,0.0333333333333333,3.0,0.6559337823377428,51.452008980088195,3.67,3.94,342.43,343.31,36.666666666666664,1,WILDFIRE,,,,,,,,,unknown
1366,32.04624333333334,75.36647666666667,3,1,1.0,0.6377796615343411,1.0,0.0333333333333333,3.0,0.6105827441178245,50.54498821568983,8.67,8.75,347.3733333333333,348.98,36.666666666666664,1,WILDFIRE,,,,,,,,,unknown
1367,32.09948,75.36353666666668,3,1,1.0,0.3032782065446066,1.0,0.0333333333333333,3.0,0.7672958812464986,53.67925095826331,12.183333333333332,12.43,347.3733333333333,349.32,36.666666666666664,1,WILDFIRE,,,,,,,,,unknown
1368,32.19586999999999,75.64070333333332,3,1,1.0,0.2372289069472797,1.0,0.0333333333333333,3.0,0.8082578691661717,54.498490716656775,7.343333333333334,8.95,347.5833333333333,353.12,36.666666666666664,1,WILDFIRE,,,,,,,,,unknown
1369,32.50478666666667,75.00757333333333,3,2,1.0,0.7377633843781327,1.0,0.0333333333333333,3.0,0.5754523366009665,49.842380065352664,4.383333333333334,4.46,343.09,345.57,36.666666666666664,1,WILDFIRE,,,,,,,,,unknown
1370,30.7754925,74.493645,4,2,1.0,0.7693090784342813,1.0,0.0333333333333333,4.0,0.5651923749155983,52.1371808316453,13.73,26.56,350.635,355.89,35.0,1,WILDFIRE,,,,,,,,,unknown
1371,30.678233333333335,74.24580666666667,3,1,1.0,0.2870243715017546,1.0,0.0333333333333333,3.0,0.776986063467592,53.87305460268518,19.7,24.5,361.3666666666666,367.0,36.666666666666664,1,WILDFIRE,,,,,,,,,unknown
1372,30.63664,74.22735,5,1,1.0,0.64531372882065,1.0,0.0333333333333333,5.0,0.6077868205213321,55.48906974375998,21.514000000000003,42.75,359.776,367.0,34.0,1,WILDFIRE,,,,,,,,,unknown
1373,30.6686,74.430412,5,2,1.0,0.7558166609168538,1.0,0.0333333333333333,5.0,0.5695355456291314,54.72404424591597,22.705999999999996,64.21,360.604,367.0,44.0,1,WILDFIRE,,,,,,,,,unknown
1374,31.59773875,76.55455749999999,8,1,1.0,0.8024950862379495,1.0,0.0333333333333333,8.0,0.554786533197788,61.92906399728909,3.62375,7.92,319.18625,345.98,47.5,1,WILDFIRE,,,,,,,,,unknown
1375,27.605481666666673,95.40007833333334,6,2,1.05625,0.3536756924312269,1.0,0.0352083333333333,5.680473372781066,0.738729376313156,59.85597929154911,0.7916666666666666,1.17,301.39666666666665,312.25,50.0,1,WILDFIRE,,,,,,,,,unknown
1376,30.301659090909094,77.70665181818181,11,2,1.0,1.182623785246674,1.0,0.0333333333333333,11.0,0.4581641631322105,64.99661659597756,2.5445454545454544,4.38,320.2163636363636,338.05,46.36363636363637,1,WILDFIRE,,,,,,,,,unknown
1377,30.03496,79.01344666666667,3,2,1.0,0.3423015887110794,1.0,0.0333333333333333,3.0,0.7449890608862586,53.233114551058506,2.8466666666666662,7.0,312.8,338.91,50.0,1,WILDFIRE,,,,,,,,,unknown
1378,30.184448888888888,78.62105000000001,9,2,1.0,0.8214781755352605,1.0,0.0333333333333333,9.0,0.5490046564549913,64.31342646243317,3.1722222222222225,6.17,327.01111111111106,347.06,47.77777777777778,1,WILDFIRE,,,,,,,,,unknown
1379,30.097430000000003,78.75135333333333,3,2,1.0,0.6046870746830336,1.0,0.0333333333333333,3.0,0.6231744592306417,50.79682251794617,0.8666666666666667,1.15,305.65333333333336,317.07,50.0,1,WILDFIRE,,,,,,,,,unknown
1380,30.04258,79.67042666666667,3,2,1.0,0.6288996643481355,1.0,0.0333333333333333,3.0,0.6139113549392172,50.61156043211768,0.43,0.61,299.1433333333333,300.85,50.0,1,WILDFIRE,,,,,,,,,unknown
1381,29.905436,78.93706599999999,5,2,1.0,0.6025701731913963,1.0,0.0333333333333333,5.0,0.6239976362523809,55.81328605838095,0.8480000000000001,1.13,303.13800000000003,308.24,50.0,1,WILDFIRE,,,,,,,,,unknown
1382,30.005233333333337,78.58411666666667,3,1,1.0,0.6318913500499964,1.0,0.0333333333333333,3.0,0.6127858940911494,50.58905121515632,1.3999999999999997,2.26,310.71999999999997,318.13,50.0,1,WILDFIRE,,,,,,,,,unknown
1383,31.58502181818182,76.26061818181817,11,2,1.0,1.3675082406655172,1.0,0.0333333333333333,11.0,0.4223850134176916,64.28103360168717,2.956363636363636,7.71,321.51090909090914,339.9,48.18181818181818,1,WILDFIRE,,,,,,,,,unknown
1384,31.5016275,76.35144,4,2,1.0,0.4796389583265787,1.0,0.0333333333333333,4.0,0.6758405450009007,54.35014423335135,5.16,8.75,331.77,348.78,40.0,1,WILDFIRE,,,,,,,,,unknown
1385,30.86829,77.17641499999999,4,2,1.0,0.343824576098782,1.0,0.0333333333333333,4.0,0.7441447476002194,55.71622828533772,1.0475,1.54,307.17,315.57,50.0,1,WILDFIRE,,,,,,,,,unknown
1386,32.84332272727273,74.42442909090909,11,2,1.0,1.4460745307676357,1.0,0.0333333333333333,11.0,0.4088182871869307,64.00969907707194,18.328181818181815,115.28,325.75818181818187,367.0,46.36363636363637,1,WILDFIRE,,,,,,,,,unknown
1387,31.837856666666667,76.65722000000001,3,1,1.0,0.5832793046893745,1.0,0.0333333333333333,3.0,0.6316004996959088,50.96534332725151,2.466666666666667,5.53,316.35999999999996,336.55,43.333333333333336,1,WILDFIRE,,,,,,,,,unknown
1388,30.35451571428571,78.6123757142857,7,2,1.0,0.5462460666468125,1.0,0.0333333333333333,7.0,0.6467275950254145,61.267885233841625,3.855714285714286,5.59,332.5942857142857,352.44,50.0,1,WILDFIRE,,,,,,,,,unknown
1389,30.345016666666663,78.25481166666667,6,2,1.0,0.6726229715011521,1.0,0.0333333333333333,6.0,0.5978633661251921,57.790600655837174,2.606666666666667,4.81,321.8933333333334,342.36,46.666666666666664,1,WILDFIRE,,,,,,,,,unknown
1390,30.330972222222226,79.14755666666667,9,2,1.0,1.2444186219586844,1.0,0.0333333333333333,9.0,0.4455496805347787,62.244326944028906,1.852222222222222,2.59,322.91333333333336,339.28,50.0,1,WILDFIRE,,,,,,,,,unknown
1391,30.331016666666667,78.96614333333333,3,2,1.0,0.3785186594949841,1.0,0.0333333333333333,3.0,0.7254163685868038,52.841660705069415,1.4233333333333331,2.01,320.07666666666665,339.15,50.0,1,WILDFIRE,,,,,,,,,unknown
1392,30.35207,78.88291,3,2,1.0,0.4785286815388165,1.0,0.0333333333333333,3.0,0.6763480563388358,51.86029446011005,1.61,2.48,320.5466666666667,331.89,50.0,1,WILDFIRE,,,,,,,,,unknown
1393,28.840967999999997,76.649756,5,2,2.490972222222222,0.9739867742664308,0.802899358795651,0.0830324074074074,2.0072483969891275,0.506589007097891,41.31269208348535,2.198,5.29,320.692,336.93,46.0,1,WILDFIRE,,,,,,,,,unknown
1394,28.155600000000003,80.49599333333333,3,1,1.0,0.3264480212220905,1.0,0.0333333333333333,3.0,0.7538930919273222,53.411195171879776,1.82,2.14,316.78333333333336,318.44,50.0,1,WILDFIRE,,,,,,,,,unknown
1395,28.812095,76.3273775,4,3,2.490972222222222,1.1211969603290362,1.0,0.0830324074074074,1.605798717591302,0.471431940881568,45.5189457967948,2.3249999999999997,6.45,319.88,344.43,50.0,1,WILDFIRE,,,,,,,,,unknown
1396,26.455998181818178,83.03157363636365,11,2,1.0,0.7307848103182811,1.0,0.0333333333333333,11.0,0.5777725769479718,67.38878487229277,2.4845454545454544,4.02,320.94272727272727,339.4,50.0,1,WILDFIRE,,,,,,,,,unknown
1397,28.722243333333335,76.84982333333333,3,1,1.0,0.7627198246564577,1.0,0.0333333333333333,3.0,0.5673051304082845,49.67943594149903,4.7266666666666675,12.49,323.6466666666667,354.19,50.0,1,WILDFIRE,,,,,,,,,unknown
1398,29.735673750000004,78.7517975,8,2,1.0,0.7707343755500027,1.0,0.0333333333333333,8.0,0.5647374410345385,62.1280821540241,3.01125,5.01,330.24749999999995,344.43,45.0,1,WILDFIRE,,,,,,,,,unknown
1399,29.164892499999997,80.07381000000001,4,2,1.0,0.3597022939536389,1.0,0.0333333333333333,4.0,0.7354551098772335,55.54243553087801,3.4299999999999997,6.96,325.1675,336.05,50.0,1,WILDFIRE,,,,,,,,,unknown
1400,29.22122,79.63753333333334,3,1,1.0,0.3825608643865891,1.0,0.0333333333333333,3.0,0.7232954626150779,52.7992425856349,1.34,1.68,312.60999999999996,318.07,50.0,1,WILDFIRE,,,,,,,,,unknown
1401,29.337501250000003,79.6204975,8,1,1.0,0.7364936190628023,1.0,0.0333333333333333,8.0,0.575873120996383,62.35079575326099,2.4175,2.62,322.73125000000005,334.77,50.0,1,WILDFIRE,,,,,,,,,unknown
1402,29.346525,79.9625425,4,1,1.0,0.2821964980903341,1.0,0.0333333333333333,4.0,0.7799116605679166,56.43156654469167,1.19,1.19,307.3125,315.95,50.0,1,WILDFIRE,,,,,,,,,unknown
1403,24.956273333333332,76.11084333333334,3,2,1.0,0.6100525995447091,1.0,0.0333333333333333,3.0,0.621097720833953,50.75528775001239,1.84,2.12,307.1266666666666,310.37,50.0,1,WILDFIRE,,,,,,,,,unknown
1404,25.196526666666667,76.11228333333332,3,1,1.0,0.2860207274162391,1.0,0.0333333333333333,3.0,0.7775924436374466,53.88518220608227,2.0966666666666667,2.67,318.5733333333333,322.66,50.0,1,WILDFIRE,,,,,,,,,unknown
1405,24.395644,79.053268,5,2,1.0,0.8042486027707437,1.0,0.0333333333333333,5.0,0.5542473462162157,54.41828025765765,2.298,3.41,319.214,328.32,50.0,1,WILDFIRE,,,,,,,,,unknown
1406,22.440496666666665,79.96480666666666,3,1,1.0,0.2697804902093486,1.0,0.0333333333333333,3.0,0.787537694672825,54.08408722678983,2.703333333333333,3.65,317.2866666666667,323.37,50.0,1,WILDFIRE,,,,,,,,,unknown
1407,23.40426666666667,77.70739333333334,3,2,1.0,0.6119884996496869,1.0,0.0333333333333333,3.0,0.6203518202625623,50.740369738584576,1.5466666666666666,2.88,312.0933333333333,322.05,50.0,1,WILDFIRE,,,,,,,,,unknown
1408,22.3357675,82.55392499999999,4,2,1.0,0.2931083561384199,1.0,0.0333333333333333,4.0,0.7733303982245365,56.29994129782406,3.912500000000001,9.31,324.6825,338.17,45.0,1,WILDFIRE,5.716,9.931,6.36,4.583,3.0,21.0,2.0,46.0,population
1409,25.00390333333333,82.04624333333334,3,1,1.0,0.2119764262369135,1.0,0.0333333333333333,3.0,0.8250985566649323,54.83530446663198,1.37,1.96,317.9066666666667,326.76,50.0,1,WILDFIRE,,,,,,,,,unknown
1410,25.812780000000004,78.86655333333333,3,1,1.0,0.3055743585344311,1.0,0.0333333333333333,3.0,0.7659464154324747,53.652261641982825,1.45,1.45,312.99666666666667,316.01,50.0,1,WILDFIRE,,,,,,,,,unknown
1411,24.957605,80.97821,4,2,1.0,0.5254387197875059,1.0,0.0333333333333333,4.0,0.6555491132015453,53.94431559736424,4.5225,6.85,319.8125,337.01,45.0,1,WILDFIRE,,,,,,,,,unknown
1412,24.956948,81.210144,5,2,1.0,0.6524311560086719,1.0,0.0333333333333333,5.0,0.6051689332797549,55.43671199892843,3.66,5.69,329.1,356.2,50.0,1,WILDFIRE,,,,,,,,,unknown
1413,25.491893333333337,78.63402666666666,3,2,1.0,0.5261326256818573,1.0,0.0333333333333333,3.0,0.6552510464503125,51.43835426233958,3.1300000000000003,5.14,308.06,312.61,50.0,1,WILDFIRE,,,,,,,,,unknown
1414,20.911263333333338,71.45858666666666,3,2,1.0,0.2048985832463899,1.0,0.0333333333333333,3.0,0.8299453695975588,54.93224072528451,0.8533333333333334,1.26,310.31,311.29,50.0,1,WILDFIRE,,,,,,,,,unknown
1415,22.412080000000003,80.05503333333334,3,1,1.0,0.3688988281926642,1.0,0.0333333333333333,3.0,0.7305141763619482,52.9436168605723,1.9333333333333331,1.98,313.49333333333334,318.06,50.0,1,WILDFIRE,,,,,,,,,unknown
1416,20.76743,84.59413,3,1,1.0,0.6153578823925231,1.0,0.0333333333333333,3.0,0.6190578638331772,50.71449060999688,2.226666666666667,2.94,313.14000000000004,320.74,50.0,1,WILDFIRE,,,,,,,,,unknown
1417,22.40458333333333,75.92758666666667,6,2,1.0,0.6428942473520641,1.0,0.0333333333333333,6.0,0.6086819048832575,58.00697143099849,1.4366666666666668,1.8,317.09499999999997,322.64,50.0,1,WILDFIRE,,,,,,,,,unknown
1418,18.40896,73.91637833333333,6,2,1.0,1.0525855978174226,1.0,0.0333333333333333,6.0,0.4871904007624971,55.57714134858328,5.118333333333333,8.26,334.4983333333334,349.04,46.666666666666664,1,WILDFIRE,,,,,,,,,unknown
1419,14.248506666666666,78.16414333333334,3,2,1.0,0.4238290639537954,1.0,0.0333333333333333,3.0,0.7023314984336146,52.37996330200563,4.06,9.8,315.9166666666667,347.48,50.0,1,WILDFIRE,,,,,,,,,unknown
1420,9.5403175,77.50415749999999,16,2,1.0,1.4613906625641204,1.0,0.0333333333333333,16.0,0.4062743940688649,63.95882121471064,3.0062499999999996,6.39,321.376875,350.31,50.0,1,WILDFIRE,,,,,,,,,unknown
1421,15.004643333333334,78.78744999999999,3,1,1.0,0.3397513070053706,1.0,0.0333333333333333,3.0,0.746407183759509,53.261477008523514,3.483333333333333,4.3,337.50333333333333,340.74,43.333333333333336,1,WILDFIRE,,,,,,,,,unknown
1422,14.950263636363632,78.82072454545455,11,1,1.0,0.7420905732886088,1.0,0.0333333333333333,11.0,0.5740229671941012,67.31379267721536,3.917272727272727,4.8,338.9736363636364,343.64,33.63636363636363,1,WILDFIRE,,,,,,,,,unknown
1423,16.002868,79.27136800000001,5,1,1.0,0.5077384029749223,1.0,0.0333333333333333,5.0,0.6632450284657455,56.598233902648246,3.88,3.92,339.666,343.81,30.0,1,WILDFIRE,,,,,,,,,unknown
1424,15.835466666666669,79.63191,3,1,1.0,0.3115611851822203,1.0,0.0333333333333333,3.0,0.76245013293914,53.582335992116136,9.763333333333334,10.81,348.50666666666666,349.7,36.666666666666664,1,WILDFIRE,,,,,,,,,unknown
1425,13.768726666666666,79.52717666666666,3,1,1.0,0.3598474589898752,1.0,0.0333333333333333,3.0,0.7353765993303558,53.04086531994046,5.996666666666666,10.34,346.5566666666666,348.64,36.666666666666664,1,WILDFIRE,,,,,,,,,unknown
1426,14.426276666666666,79.20779999999999,3,1,1.0,0.4040193686506823,1.0,0.0333333333333333,3.0,0.7122408866489066,52.57815106631148,3.1733333333333333,3.38,336.42,344.22,36.666666666666664,1,WILDFIRE,,,,,,,,,unknown
1427,18.07636666666667,78.14400333333333,3,1,1.0,0.3424219547352157,1.0,0.0333333333333333,3.0,0.7449222626854637,53.23177858704261,15.929999999999998,21.98,349.62999999999994,354.77,36.666666666666664,1,WILDFIRE,,,,,,,,,unknown
1428,21.72490666666667,72.94817333333333,3,1,1.0,0.3123863934487769,1.0,0.0333333333333333,3.0,0.761970716087762,53.57274765508857,6.566666666666666,9.08,343.3433333333333,349.35,43.333333333333336,1,WILDFIRE,,,,,,,,,unknown
1429,22.556393333333332,80.42458,3,1,1.0,0.5281440385553132,1.0,0.0333333333333333,3.0,0.654388575140722,51.42110483614778,5.483333333333334,5.97,341.1333333333333,343.65,36.666666666666664,1,WILDFIRE,,,,,,,,,unknown
1430,19.58777,73.94694,3,1,1.0,0.3709834490194486,1.0,0.0333333333333333,3.0,0.7294034079807583,52.921401492948505,13.11,13.43,348.8666666666666,355.31,43.333333333333336,1,WILDFIRE,,,,,,,,,unknown
1431,20.69012,78.78773,4,1,1.0,0.4595538523745913,1.0,0.0333333333333333,4.0,0.6851408725845027,54.53615078502339,18.009999999999998,25.76,353.1825,356.42,30.0,1,WILDFIRE,,,,,,,,,unknown
1432,19.00342,73.67442333333334,3,1,1.0,0.3996905897414809,1.0,0.0333333333333333,3.0,0.7144436115589642,52.622205564512626,8.74,11.3,341.93333333333334,345.75,43.333333333333336,1,WILDFIRE,,,,,,,,,unknown
1433,19.994946666666667,73.52262999999999,3,1,1.0,0.2735709827134904,1.0,0.0333333333333333,3.0,0.7851937689954149,54.03720871324163,8.403333333333334,12.93,345.26,354.2,43.333333333333336,1,WILDFIRE,,,,,,,,,unknown
1434,24.543230000000005,76.90197,3,1,1.0,0.3254989840408029,1.0,0.0333333333333333,3.0,0.7544328679539878,53.42199069241309,6.27,6.27,362.31666666666666,367.0,36.666666666666664,1,WILDFIRE,,,,,,,,,unknown
1435,25.066323333333333,81.71567333333333,3,1,1.0,0.3004232758200389,1.0,0.0333333333333333,3.0,0.7689803916877804,53.71294116708894,5.08,5.08,344.41333333333336,348.99,43.333333333333336,1,WILDFIRE,,,,,,,,,unknown
1436,25.373762,84.310886,5,1,1.0,0.5537224851093083,1.0,0.0333333333333333,5.0,0.6436155810216311,56.205644953765955,5.132,7.73,341.462,353.86,46.0,1,WILDFIRE,,,,,,,,,unknown
1437,23.85195333333333,82.94351666666667,3,1,1.0,0.3198727799151205,1.0,0.0333333333333333,3.0,0.7576487788954241,53.48630891124182,14.216666666666669,14.92,343.3533333333333,346.47,43.333333333333336,1,WILDFIRE,,,,,0.0,0.0,0.0,0.0,unknown
1438,25.015685,75.4304825,4,1,1.0,0.8014333137516181,1.0,0.0333333333333333,4.0,0.5551135267491119,51.935603868315575,47.105,76.03,349.81499999999994,351.73,45.0,1,WILDFIRE,,,,,,,,,unknown
1439,27.223864000000003,82.51337000000001,5,1,1.0,0.6313853321603676,1.0,0.0333333333333333,5.0,0.6129759660617683,55.5928526545687,3.308,4.15,338.078,340.76,50.0,1,WILDFIRE,,,,,,,,,unknown
1440,27.243433333333332,82.49271,3,1,1.0,0.2709375534275759,1.0,0.0333333333333333,3.0,0.7868207193210337,54.06974771975401,4.376666666666666,6.47,340.8833333333334,343.68,50.0,1,WILDFIRE,,,,,,,,,unknown
1441,24.79102142857143,82.20288142857143,7,1,1.0,1.2076323247440992,1.0,0.0333333333333333,7.0,0.4529739797662712,57.39281292865876,4.6971428571428575,7.29,336.2371428571428,345.99,38.57142857142857,1,WILDFIRE,,,,,,,,,unknown
1442,24.835283333333333,81.48894,3,1,1.0,0.296364547905112,1.0,0.0333333333333333,3.0,0.7713879568952817,53.76109247123897,4.736666666666667,6.97,341.1566666666667,342.86,36.666666666666664,1,WILDFIRE,,,,,,,,,unknown
1443,24.792405,80.6494525,4,1,1.0,0.3848586364603781,1.0,0.0333333333333333,4.0,0.7220953631454721,55.27524059624278,11.97,16.27,345.0375,352.92,50.0,1,WILDFIRE,,,,,,,,,unknown
1444,24.34380428571428,80.6681657142857,7,1,1.0,1.1504505207352222,1.0,0.0333333333333333,7.0,0.4650188369170697,57.63371007167473,7.717142857142856,14.66,346.12,350.19,44.285714285714285,1,WILDFIRE,,,,,,,,,unknown
1445,23.047273333333333,72.39150666666667,3,1,1.0,0.306631852450964,1.0,0.0333333333333333,3.0,0.7653265134507569,53.63986360234847,8.39,9.47,346.0666666666666,350.03,50.0,1,WILDFIRE,,,,,,,,,unknown
1446,28.062971428571434,81.4424857142857,7,2,1.0,1.3102808919687756,1.0,0.0333333333333333,7.0,0.4328477993634011,56.99028932060135,4.402857142857142,5.02,339.68571428571425,342.82,47.142857142857146,1,WILDFIRE,,,,,,,,,unknown
1447,27.795875,81.74659,4,1,1.0,0.4956567573913151,1.0,0.0333333333333333,4.0,0.6686026022067881,54.20538537746909,4.3975,5.62,337.715,341.43,45.0,1,WILDFIRE,,,,,,,,,unknown
1448,27.754065000000004,81.917665,4,1,1.0,0.2923858134830155,1.0,0.0333333333333333,4.0,0.773762749147619,56.308588316285714,4.825,5.73,341.1275,352.46,45.0,1,WILDFIRE,,,,,,,,,unknown
1449,28.082755,81.43294666666667,6,1,1.0,0.4958410525243818,1.0,0.0333333333333333,6.0,0.6685202270070071,59.203737873473486,5.3500000000000005,9.15,338.68833333333333,345.21,46.666666666666664,1,WILDFIRE,,,,,,,,,unknown
1450,29.137319999999995,76.241855,4,1,1.0,0.6064682073179569,1.0,0.0333333333333333,4.0,0.6224835296737852,53.28300392680904,9.505,15.92,348.015,356.07,40.0,1,WILDFIRE,,,,,,,,,unknown
1451,29.152221999999995,76.50062399999999,5,2,1.0,0.8059723966022321,1.0,0.0333333333333333,5.0,0.5537183192176173,54.40769971768569,14.146,19.16,342.29200000000003,354.87,34.0,1,WILDFIRE,,,,,,,,,unknown
1452,29.09620666666667,76.47784,3,1,1.0,0.3060634562700557,1.0,0.0333333333333333,3.0,0.7656595820052018,53.64652497343737,16.84,18.89,346.3533333333333,348.88,30.0,1,WILDFIRE,,,,,,,,,unknown
1453,30.27858,79.08444,4,1,1.0,0.6810532097423331,1.0,0.0333333333333333,4.0,0.5948651679819683,52.7306366929727,11.16,25.75,335.7825,340.21,35.0,1,WILDFIRE,,,,,,,,,unknown
1454,30.409526,78.933886,5,1,1.0,0.6267636558913365,1.0,0.0333333333333333,5.0,0.6147174461259278,55.627682255851894,14.45,35.07,336.858,367.0,56.0,1,WILDFIRE,,,,,,,,,unknown
1455,30.473954999999997,78.20568499999999,4,1,1.0,0.3827687750142425,1.0,0.0333333333333333,4.0,0.7231867092093542,55.29706751752042,2.9325,5.29,336.2375,347.12,45.0,1,WILDFIRE,,,,,,,,,unknown
1456,30.313916666666668,78.86317166666666,6,1,1.0,0.4818702043991411,1.0,0.0333333333333333,6.0,0.6748229345804772,59.32979202494288,6.541666666666667,14.02,341.59666666666664,348.84,50.0,1,WILDFIRE,,,,,,,,,unknown
1457,29.58939666666667,74.50884333333333,6,1,1.0,0.3856263763787542,1.0,0.0333333333333333,6.0,0.7216952686866686,60.2672387070667,18.741666666666667,21.34,344.0116666666666,347.81,36.666666666666664,1,WILDFIRE,,,,,,,,,unknown
1458,31.590095,75.63976500000001,4,1,1.0,0.6157572292820643,1.0,0.0333333333333333,4.0,0.618904858896614,53.21143051126561,10.185,22.44,348.45,352.08,30.0,1,WILDFIRE,,,,,,,,,unknown
1459,31.56426666666667,75.57554333333333,3,1,1.0,0.4951216346431106,1.0,0.0333333333333333,3.0,0.6688419034473423,51.71017140228018,9.21,13.25,344.82,345.13,30.0,1,WILDFIRE,,,,,,,,,unknown
1460,31.932554,75.56110000000001,5,1,1.0,0.6580281866963548,1.0,0.0333333333333333,5.0,0.6031260554095371,55.39585444152409,32.513999999999996,39.54,353.604,367.0,34.0,1,WILDFIRE,,,,,,,,,unknown
1461,31.6185475,76.306725,4,1,1.0,0.7861563030003487,1.0,0.0333333333333333,4.0,0.5598614176823274,52.03056168697988,5.665,14.35,323.5625,341.25,45.0,1,WILDFIRE,,,,,,,,,unknown
1462,31.92140666666667,76.40635333333334,3,1,1.0,0.4532406825996675,1.0,0.0333333333333333,3.0,0.6881172623182582,52.0956785796985,1.0666666666666669,2.34,312.9166666666667,336.76,43.333333333333336,1,WILDFIRE,,,,,,,,,unknown
1463,32.51218,75.07394666666666,3,3,2.9604166666666667,0.6421646414378261,1.0,0.0986805555555555,1.0133708655876144,0.6089523393491364,47.179487839840654,3.216666666666667,4.76,337.51,341.42,43.333333333333336,1,WILDFIRE,,,,,,,,,unknown
1464,32.56525333333334,74.80005,3,1,1.0,0.3925306809473646,1.0,0.0333333333333333,3.0,0.7181170323081725,52.69567397949678,3.4333333333333336,4.41,342.01,345.76,36.666666666666664,1,WILDFIRE,,,,,,,,,unknown
1465,30.402959999999997,74.88692999999999,3,1,1.0,0.334222077351321,1.0,0.0333333333333333,3.0,0.7495004144926054,53.32334162318544,17.02,30.33,350.8566666666666,367.0,30.0,1,WILDFIRE,,,,,,,,,unknown
1466,30.39735,73.98403,3,1,1.0,0.3616215519875398,1.0,0.0333333333333333,3.0,0.7344184575665051,53.02170248466344,38.17,64.29,353.42333333333335,367.0,30.0,1,WILDFIRE,,,,,,,,,unknown
1467,30.61391,75.07528,3,1,1.0,0.3982946079859419,1.0,0.0333333333333333,3.0,0.7151568734434065,52.636470802201465,44.95,52.86,355.2733333333333,367.0,60.0,1,WILDFIRE,,,,,,,,,unknown
1468,30.65067833333333,74.26902,6,1,1.0,0.6256341452275502,1.0,0.0333333333333333,6.0,0.6151445593928662,58.13622452119066,22.205,28.64,348.3333333333333,355.96,40.0,1,WILDFIRE,,,,,,,,,unknown
1469,30.90141,74.69153,4,1,1.0,0.5037736494540479,1.0,0.0333333333333333,4.0,0.6649936979299077,54.13320729193149,49.4125,84.38,356.03749999999997,367.0,47.5,1,WILDFIRE,,,,,,,,,unknown
1470,30.562122,74.164186,5,1,1.0,0.5936713924112349,1.0,0.0333333333333333,5.0,0.6274819293122866,55.88297191957907,24.176,29.98,348.97799999999995,356.46,38.0,1,WILDFIRE,,,,,,,,,unknown
1471,30.569905,74.133135,4,1,1.0,0.7374065641487275,1.0,0.0333333333333333,4.0,0.575570520242605,52.34474373818543,18.3925,21.43,350.5425,354.94,50.0,1,WILDFIRE,,,,,,,,,unknown
1472,27.5351425,95.399525,4,1,1.0,0.3169815045878388,1.0,0.0333333333333333,4.0,0.7593121061430236,56.019575456193806,0.6875,1.16,301.4625,305.84,50.0,1,WILDFIRE,,,,,,,,,unknown
1473,30.4285675,78.280535,4,1,1.0,0.3225164420698717,1.0,0.0333333333333333,4.0,0.7561342666068477,55.95601866547029,0.96,1.85,299.625,306.41,50.0,1,WILDFIRE,,,,,,,,,unknown
1474,31.932986666666665,75.65982666666666,3,1,1.0,0.6947313754619627,1.0,0.0333333333333333,3.0,0.5900640151465966,50.13461363626527,1.9833333333333336,2.37,313.4633333333333,320.62,50.0,1,WILDFIRE,,,,,,,,,unknown
1475,32.04553666666666,75.46351333333332,3,1,1.0,0.7267409345101605,1.0,0.0333333333333333,3.0,0.5791256696440561,49.91584672621446,3.5533333333333332,8.7,319.16333333333336,345.21,43.333333333333336,1,WILDFIRE,,,,,,,,,unknown
1476,32.127695,75.54603999999999,6,1,1.0,0.388221619748843,1.0,0.0333333333333333,6.0,0.7203460785900453,60.24025490513425,1.74,2.52,313.26,330.49,50.0,1,WILDFIRE,,,,,,,,,unknown
1477,31.5971175,76.232695,4,1,1.0,0.4987708906205251,1.0,0.0333333333333333,4.0,0.6672133854868086,54.1776010430695,0.995,1.4,306.1125,306.74,50.0,1,WILDFIRE,,,,,,,,,unknown
1478,31.785196666666668,76.08113999999999,3,1,1.0,0.5624352982042172,1.0,0.0333333333333333,3.0,0.6400265029530174,51.133863392393685,1.0333333333333332,1.46,309.88333333333327,314.57,50.0,1,WILDFIRE,,,,,,,,,unknown
1479,31.800686666666667,75.59029333333334,3,1,1.0,0.3072990104129087,1.0,0.0333333333333333,3.0,0.7649359419955127,53.63205217324359,3.3633333333333333,6.1,326.5,339.7,50.0,1,WILDFIRE,,,,,,,,,unknown
1480,31.871333333333336,75.32863666666667,3,1,1.0,0.5054514623531896,1.0,0.0333333333333333,3.0,0.664252568088039,51.61838469509412,2.283333333333333,2.31,320.75,323.67,50.0,1,WILDFIRE,,,,,,,,,unknown
1481,28.9560125,76.19244250000001,4,1,1.0,0.2537692919643091,1.0,0.0333333333333333,4.0,0.7975949055454031,56.78523144424139,0.93,0.99,308.125,313.18,50.0,1,WILDFIRE,,,,,,,,,unknown
1482,23.210683333333332,77.40834333333332,3,1,1.0,0.3373625675978401,1.0,0.0333333333333333,3.0,0.7477403841175186,53.288141015683706,4.776666666666666,7.15,316.92,320.31,50.0,1,WILDFIRE,,,,,,,,,unknown
1483,25.735156666666665,78.10537000000001,3,1,1.0,0.3334121457914625,1.0,0.0333333333333333,3.0,0.7499556706125834,53.332446745585,2.7900000000000005,2.79,319.09999999999997,330.33,50.0,1,WILDFIRE,,,,,,,,,unknown
1484,23.4111625,77.462585,4,1,1.0,0.2552976157320613,1.0,0.0333333333333333,4.0,0.7966238344337351,56.76581002200803,2.3775000000000004,2.92,311.705,317.85,50.0,1,WILDFIRE,,,,,,,,,unknown
1485,24.859753333333337,79.31312666666668,3,1,1.0,0.3014597409943694,1.0,0.0333333333333333,3.0,0.7683679859631758,53.70069305259686,3.27,3.45,320.8666666666666,329.65,50.0,1,WILDFIRE,,,,,,,,,unknown
1486,22.424223333333337,75.92843333333333,3,1,1.0,0.3883740470310303,1.0,0.0333333333333333,3.0,0.720266992989714,52.73867319312762,1.4600000000000002,2.08,312.02,313.2,50.0,1,WILDFIRE,,,,,,,,,unknown
