detection_count,mean_frp,max_frp,mean_brightness,max_brightness,unique_detection_days,observation_window_days,spatial_spread_km,temporal_recurrence,duration_score,detection_frequency,spatial_consistency,persistence_score,land_cover_code,is_cropland,is_tree_cover,is_built_up,cropland_percentage,tree_cover_percentage,built_up_percentage,grassland_percentage,shrubland_percentage,bare_sparse_percentage,nearest_industrial_distance_km,nearby_industrial_facility_count,nearby_industrial_capacity_mw,fire_class,cluster_id,centroid_lat,centroid_lon
147,4.010816326530612,14.16,321.3532653061224,367.0,5,5.0,3.454084018624306,1.0,1.0,29.4,0.2245130526991858,80.61282631747964,60.0,0.0,0.0,0.0,0.670775475854558,10.482413801638574,8.497314422910323,14.472414049157198,0.0,61.81530160144551,20.15097472534418,0,0.0,INDUSTRIAL,0.0,23.77015585034014,86.39475142857144
19,3.123684210526316,6.62,316.1668421052632,342.85,5,5.0,1.33017519341922,1.0,1.0,3.8,0.429152281263725,73.32880703159313,60.0,0.0,0.0,0.0,3.212791762580134,15.301601445508776,5.888468107225068,19.21982129155219,0.0,46.12757109972526,13.49030400260314,0,0.0,INDUSTRIAL,1.0,23.720585263157897,86.44243578947369
19,3.527368421052632,7.13,317.3231578947368,343.46,5,5.0,2.692023294813372,1.0,1.0,3.8,0.2708541956939492,69.37135489234873,60.0,0.0,0.0,0.0,0.7970099750006189,19.88564639489121,27.717135714462515,18.192618994579345,0.0,28.175045172149204,16.20686707879648,0,0.0,INDUSTRIAL,2.0,23.7422,86.4258805263158
19,2.201052631578948,3.72,310.3768421052632,317.62,5,5.0,1.929041594164458,1.0,1.0,3.8,0.3414086034122234,71.13521508530559,40.0,1.0,0.0,0.0,5.066706269646791,15.710007178040147,26.400336625331057,33.08581470755674,0.0,17.83371698720329,22.108688663026133,0,0.0,INDUSTRIAL,3.0,23.778505789473684,86.36813157894738
10,3.5180000000000007,4.66,311.938,324.26,5,5.0,0.5986641841713516,1.0,1.0,2.0,0.6255222390675738,74.63805597668936,60.0,0.0,0.0,0.0,3.3390262617261945,16.81889062151927,21.9697532239301,17.588673547684465,0.0,37.47431994257568,24.15382018474432,0,0.0,INDUSTRIAL,4.0,23.791744,86.35250099999999
11,2.540909090909091,4.35,328.5054545454545,344.9,4,5.0,0.9601787620688262,0.8,1.0,2.2,0.5101575526430929,66.15393881607733,60.0,0.0,0.0,0.0,0.792059602485087,0.0321774213509566,1.2573946189450755,2.244993935793669,0.0,95.1585356798099,3.916603774869111,2,8360.0,INDUSTRIAL,0.0,24.13936181818182,82.70387272727272
5,1.0719999999999998,2.54,312.262,332.67,3,4.0,0.3560089788176231,0.75,0.8,1.25,0.7374582437292957,63.4364560932324,60.0,0.0,0.0,0.0,0.5643424667706245,21.539070815078837,0.2970223509319076,7.220118313903121,0.0099007450310635,69.93143734065988,4.171121111338901,4,10715.7,INDUSTRIAL,1.0,24.132984,82.732726
2,2.01,2.22,311.265,316.48,2,4.0,0.4293932741114978,0.5,0.8,0.5,0.6995975272246848,53.48993818061712,60.0,0.0,0.0,0.0,2.232618004504839,23.82614291725452,0.6361228682458354,31.20467315165466,1.1237345610257172,39.872775426350834,7.887051517045342,4,4555.7,INDUSTRIAL,2.0,24.206195,82.711495
2,0.64,0.84,307.62,309.63,1,1.0,0.8580385474135798,1.0,0.2,2.0,0.5382019664726635,52.45504916181659,30.0,0.0,0.0,0.0,12.524442464295438,5.3043241503923175,8.497314422910323,26.014207569119577,0.0099007450310635,38.6995371401698,9.440603957546154,1,4760.0,INDUSTRIAL,3.0,24.179485,82.644675
2,7.279999999999999,7.96,342.665,343.73,1,1.0,0.3868007235092431,1.0,0.2,2.0,0.7210841349069536,57.02710337267384,10.0,0.0,1.0,0.0,16.110987351798222,23.472191282394,1.079181208385931,45.32561075220911,0.1311848716615925,13.880844533551151,9.595648843704929,1,4760.0,INDUSTRIAL,4.0,24.174795,82.62813
14,3.868571428571428,8.89,319.75642857142856,345.01,4,5.0,1.930608576034574,0.8,1.0,2.8,0.3412260539253272,63.13065134813319,60.0,0.0,0.0,0.0,3.722680131679909,20.01683126655281,53.80807405757283,1.225217197594119,0.0,21.219771787827035,1.0307817365734868,2,826.0,INDUSTRIAL,0.0,23.67755571428572,86.08847857142858
2,1.34,1.34,309.14,313.14,1,1.0,0.5628426329349241,1.0,0.2,2.0,0.6398596883181132,54.99649220795283,10.0,0.0,1.0,0.0,12.049206702804389,33.041261354916955,8.937897576792654,17.655503576644143,0.5098883690997748,27.759213880844538,3.235256696933102,2,826.0,INDUSTRIAL,1.0,23.708715,86.07326
16,3.5962500000000004,8.8,322.5225,345.51,4,5.0,2.409929979967767,0.8,1.0,3.2,0.2932611537112714,62.73152884278179,50.0,0.0,0.0,1.0,0.5890943293482834,30.523996930769044,66.72607113685305,0.1311848716615925,0.0,1.7425311254671914,2.063164118479245,1,370.0,INDUSTRIAL,0.0,22.211208125,84.86352687499999
13,3.1223076923076927,6.0,316.32769230769225,337.51,5,5.0,2.018691712878818,1.0,1.0,2.6,0.331269336227228,68.48173340568071,50.0,0.0,0.0,1.0,0.3960298012425435,6.772109601247493,90.7452785822133,0.0618796564441474,0.0,1.967773074923888,3.518860330166187,1,560.0,INDUSTRIAL,0.0,21.188213076923077,81.39006230769232
3,2.95,3.74,326.29,339.15,2,2.0,0.313821655557787,1.0,0.4,1.5,0.7611383141461822,62.02845785365456,60.0,0.0,0.0,0.0,11.497240167322593,43.60040593054627,28.657706492413556,7.264671666542907,0.0099007450310635,7.727531496745129,1.392589305799573,1,560.0,INDUSTRIAL,1.0,21.194496666666662,81.41637333333334
12,2.7383333333333333,8.21,313.365,337.11,5,5.0,0.6852628575339355,1.0,1.0,2.4,0.5933792437954228,74.63448109488557,60.0,0.0,0.0,0.0,18.52429395311997,16.57879755451598,3.779609415608524,17.630751714066484,0.0,32.21949951733868,4.160656659825147,2,4200.0,INDUSTRIAL,0.0,21.07511833333333,85.0425475
3,3.6333333333333337,3.78,334.41,336.87,1,1.0,0.5566802929127265,1.0,0.2,3.0,0.6423926637684131,57.059816594210325,10.0,0.0,1.0,0.0,12.581371748224054,67.58991114081334,0.0519789114130838,15.326353308086432,2.688052275933764,1.4801613821440065,41.172768673896144,0,0.0,AGRICULTURAL,0.0,21.04264,79.94854
2,3.19,3.19,330.755,330.92,1,1.0,0.7285363806851585,1.0,0.2,2.0,0.5785241266392201,53.463103165980506,10.0,0.0,1.0,0.0,6.982500433157596,55.65703819212395,0.0643548427019133,17.20501967773075,20.091086854285788,0.0,22.33365270330127,0,0.0,AGRICULTURAL,1.0,21.18141,78.78299
14,2.166428571428572,4.54,315.7828571428572,332.07,4,5.0,2.7708667547884347,0.8,1.0,2.8,0.2651910197384063,61.22977549346016,10.0,0.0,1.0,0.0,39.96435731788817,14.922897948070592,9.554218954976362,22.31875448627509,0.168312665528081,11.908121086111729,11.812992399830206,0,0.0,AGRICULTURAL,2.0,21.24694071428572,79.22368642857144
7,2.541428571428572,3.67,327.7885714285714,347.4,2,2.0,2.1208383844216767,1.0,0.4,3.5,0.3204267177024325,55.01066794256082,10.0,0.0,1.0,0.0,0.2227667631989307,94.1065815202594,0.0,4.009801737580753,1.6608499789609168,0.0,70.58284837703414,0,0.0,AGRICULTURAL,3.0,21.309862857142857,80.75616142857143
2,2.475,2.8,333.755,336.19,1,1.0,0.3713411255516669,1.0,0.2,2.0,0.729213163207453,57.23032908018632,30.0,0.0,0.0,0.0,52.17445112744734,2.1930150243805846,0.0,45.32313556595134,0.3093982822207371,0.0,68.00757289214567,0,0.0,AGRICULTURAL,4.0,21.49685,76.41719
6,2.0516666666666663,6.0,318.25166666666667,338.51,3,5.0,2.429899605742264,0.6,1.0,1.2,0.2915537231252546,52.68884307813136,10.0,0.0,1.0,0.0,12.992252667013194,43.635058538155,0.0,42.74151629910151,0.6212717506992401,0.0099007450310635,59.127951088482526,0,0.0,AGRICULTURAL,5.0,21.57458166666667,78.63914833333332
5,4.069999999999999,6.47,329.846,350.62,2,4.0,1.501142827837133,0.5,0.8,1.25,0.3998172310954155,47.49543077738539,40.0,1.0,0.0,0.0,38.50152223954852,35.481795005074126,0.0,22.98952996212965,3.027152793247692,0.0,47.60539731428381,0,0.0,AGRICULTURAL,6.0,21.571868,78.777736
3,3.846666666666667,5.01,337.91333333333336,344.19,1,1.0,0.7783063917978013,1.0,0.2,3.0,0.5623327929384753,55.05831982346188,30.0,0.0,0.0,0.0,18.14559045568179,51.233880349496296,0.0,30.14529343333086,0.4752357614910522,0.0,57.490956149342416,0,0.0,AGRICULTURAL,7.0,21.57456,78.65819666666665
4,8.135,10.21,347.5875,367.0,1,1.0,0.6876450828904908,1.0,0.2,4.0,0.5925416487969519,57.81354121992379,10.0,0.0,1.0,0.0,16.098611420509393,64.90680923739511,0.0767307739907428,14.87586940917304,2.0544045939456943,0.0321774213509566,13.661635032779888,0,0.0,AGRICULTURAL,8.0,21.60077,79.33086499999999
2,6.35,7.13,338.885,344.77,2,3.0,0.5931544817381263,0.6666666666666666,0.6,0.6666666666666666,0.6276855204330236,52.02547134415891,10.0,0.0,1.0,0.0,0.0,99.08170589836884,0.0,0.8762159352491274,0.0420781663820202,0.0,80.06239044473107,0,0.0,AGRICULTURAL,9.0,21.652265,77.43158
4,2.8675,3.92,317.785,340.04,1,1.0,1.5381544350206138,1.0,0.2,4.0,0.3939870585502329,52.84967646375583,30.0,0.0,0.0,0.0,0.5321650454196678,60.144550877453526,0.0,27.843370213608576,11.47991386351823,0.0,54.884577700044,0,0.0,AGRICULTURAL,10.0,21.7277275,78.710285
2,3.005,4.02,340.2,341.03,1,1.0,0.1825405545683962,1.0,0.2,2.0,0.8456369603027949,60.14092400756987,40.0,1.0,0.0,0.0,91.65862231132893,2.7177545110269548,0.311873468478503,5.06175589713126,0.2004900868790376,0.0495037251553179,36.61239938358334,0,0.0,AGRICULTURAL,11.0,21.773255,76.48101
2,4.220000000000001,5.36,341.365,342.21,1,1.0,0.3068041258358193,1.0,0.2,2.0,0.7652256219809604,58.13064054952402,30.0,0.0,0.0,0.0,8.39583178634192,66.02311823964754,0.0123759312888294,24.405336501571743,1.1633375411499716,0.0,52.12195855152616,0,0.0,AGRICULTURAL,12.0,21.889895,78.62449000000001
2,10.81,10.81,340.24,342.05,1,1.0,0.4497987875480923,1.0,0.2,2.0,0.6897508872187743,56.24377218046936,30.0,0.0,0.0,0.0,59.399519813866,7.170614588747803,1.3811539318333703,28.727011707631,2.537065914210044,0.1089081953416994,49.96586849485883,0,0.0,AGRICULTURAL,13.0,22.000165,79.590295
2,8.52,8.95,342.29,343.21,1,1.0,0.4928338886135105,1.0,0.2,2.0,0.6698668938503021,55.746672346257554,40.0,1.0,0.0,0.0,84.36424840969283,3.534565976089701,1.7078785178584688,10.393307096359,0.0,0.0,54.67861499722471,0,0.0,AGRICULTURAL,14.0,22.11716,78.97745
2,3.185,4.1,335.095,338.54,1,1.0,0.3822804048438609,1.0,0.2,2.0,0.7234422165689006,57.086055414222514,10.0,0.0,1.0,0.0,0.1831637830746763,97.20303952872452,0.0,2.6137966882007877,0.0,0.0,67.89361232873507,0,0.0,AGRICULTURAL,15.0,22.128030000000003,79.84550999999999
2,3.49,4.15,334.685,337.4,2,2.0,0.5441691144816578,1.0,0.4,1.0,0.6475974623645268,58.18993655911318,10.0,0.0,1.0,0.0,0.0024751862577658,99.50248756218906,0.0,0.3019727234474394,0.0321774213509566,0.0123759312888294,68.723491329958,0,0.0,AGRICULTURAL,16.0,22.15444,80.152
8,4.733750000000001,6.42,347.51625,367.0,2,5.0,2.1094132780266253,0.4,1.0,1.6,0.3216040810871707,48.24010202717927,10.0,0.0,1.0,0.0,0.0,99.99009925496894,0.0,0.0049503725155317,0.0049503725155317,0.0,64.25826828734385,0,0.0,AGRICULTURAL,17.0,22.1610675,79.84385375
5,2.64,3.16,317.798,335.45,1,1.0,1.9747678684014032,1.0,0.2,5.0,0.3361606835350771,53.40401708837692,10.0,0.0,1.0,0.0,0.0074255587732976,94.96794633796192,0.0,5.024628103264771,0.0,0.0,65.63403225845124,0,0.0,AGRICULTURAL,18.0,22.168026,80.088166
8,7.46875,15.14,346.8375,367.0,1,1.0,1.077408118922675,1.0,0.2,8.0,0.4813690631567334,63.03422657891834,10.0,0.0,1.0,0.0,0.0,98.910918046583,0.0,1.0890819534169949,0.0,0.0,65.10891154447026,0,0.0,AGRICULTURAL,19.0,22.18787625,80.16063249999999
18,5.272777777777779,13.17,341.31611111111107,351.58,5,5.0,5.156010215923498,1.0,1.0,3.6,0.1624428753242386,66.26107188310597,10.0,0.0,1.0,0.0,0.0,99.65594911017054,0.0,0.3242493997673324,0.0198014900621271,0.0,58.38183219725501,0,0.0,AGRICULTURAL,20.0,22.211156111111112,79.88264555555556
5,2.378,3.2,313.656,331.31,1,1.0,1.2082572453137848,1.0,0.2,5.0,0.4528457914593659,56.32114478648415,10.0,0.0,1.0,0.0,0.0,98.84656320388108,0.0,1.153436796118908,0.0,0.0,62.987763249456336,0,0.0,AGRICULTURAL,21.0,22.207474,80.164534
12,3.2358333333333333,5.85,334.3808333333333,352.84,5,5.0,4.076100447818693,1.0,1.0,2.4,0.1970016177338888,64.72504044334723,10.0,0.0,1.0,0.0,0.0,98.90101730155196,0.0,0.7796836711962576,0.3192990272518007,0.0,57.880895988331424,0,0.0,AGRICULTURAL,22.0,22.21640083333333,79.95446333333334
10,3.673999999999999,7.05,338.833,348.7,4,5.0,3.124098808898583,0.8,1.0,2.0,0.2424772165599661,59.06193041399915,10.0,0.0,1.0,0.0,0.0,99.14853592732852,0.0,0.7549318086185985,0.0965322640528699,0.0,56.9642316962357,0,0.0,AGRICULTURAL,23.0,22.225724,79.85723599999999
24,8.80875,38.0,339.9316666666667,367.0,5,5.0,5.782552365101565,1.0,1.0,4.8,0.147437121922615,68.28592804806539,10.0,0.0,1.0,0.0,0.0,99.42575678819831,0.0,0.4158312913046706,0.1584119204970174,0.0,54.73511293845045,0,0.0,AGRICULTURAL,24.0,22.24364125,79.93400000000001
17,4.481176470588236,14.46,339.6241176470589,348.64,5,5.0,5.780019195849547,1.0,1.0,3.4,0.147492207781972,65.4873051945493,10.0,0.0,1.0,0.0,0.5816687705749858,95.6312962550432,0.0,3.55931783866736,0.2277171357144625,0.0,64.25366061152002,0,0.0,AGRICULTURAL,25.0,22.28028882352941,80.42520352941176
4,3.3575,4.38,337.65,342.46,2,4.0,1.8003764552995307,0.5,0.8,1.0,0.3570948463402358,45.92737115850589,10.0,0.0,1.0,0.0,0.0,98.46290933392736,0.0,1.3341253929358186,0.2029652731368035,0.0,50.28491187505968,0,0.0,AGRICULTURAL,26.0,22.327125,80.19182
2,5.405,8.98,341.31,347.1,2,5.0,0.5362806401791412,0.4,1.0,0.4,0.6509227375822381,54.073068439555946,10.0,0.0,1.0,0.0,0.5692928392861563,82.72567510705181,0.6163213781837084,4.59642088067127,11.4675379322294,0.0247518625776589,44.539407026136,0,0.0,AGRICULTURAL,27.0,22.37003,80.114585
5,3.514,6.19,326.75800000000004,343.44,1,1.0,1.617695936739982,1.0,0.2,5.0,0.3820153387430386,54.55038346857596,10.0,0.0,1.0,0.0,8.249795797133734,65.37709462637063,0.0,21.46976559986139,4.9033439766342415,0.0,37.69516954339935,0,0.0,AGRICULTURAL,28.0,22.448125999999995,80.208218
2,7.355,8.2,353.94,354.14,1,1.0,0.3395486606888703,1.0,0.2,2.0,0.7465200999012193,57.66300249753048,10.0,0.0,1.0,0.0,17.207494863988515,36.573352144748895,0.0,25.392935818420337,20.826217172842256,0.0,46.34742042784722,0,0.0,AGRICULTURAL,29.0,22.510935,76.60142
2,5.84,7.19,342.68,342.69,1,1.0,0.6956795970148616,1.0,0.2,2.0,0.5897340522115367,53.74335130528842,10.0,0.0,1.0,0.0,0.0,92.79225761738572,0.0,6.866166679042599,0.3415757035716937,0.0,61.52279575559915,0,0.0,AGRICULTURAL,30.0,22.549035,76.14197999999999
2,2.375,3.93,322.42,337.73,1,1.0,0.8587895109447546,1.0,0.2,2.0,0.5379845292389973,52.44961323097493,40.0,1.0,0.0,0.0,98.99259919308928,0.6286973094725378,0.0,0.3787034974381822,0.0,0.0,51.4990391112418,0,0.0,AGRICULTURAL,31.0,22.556855,76.60815
4,3.95,5.76,341.325,345.22,2,3.0,1.081517470316968,0.6666666666666666,0.6,1.3333333333333333,0.4804187398185625,49.677135162130725,40.0,1.0,0.0,0.0,52.90958144600382,21.598475285265216,0.1089081953416994,24.30385386500334,1.0148263656840175,0.0643548427019133,17.369493261703305,0,0.0,AGRICULTURAL,32.0,22.586775,79.964175
76,5.754868421052631,28.12,325.87210526315795,367.0,5,5.0,9.539541383224602,1.0,1.0,15.2,0.0948807887970972,77.37201971992744,40.0,1.0,0.0,0.0,87.89138882700924,6.621123239523774,1.0024504343951883,3.7523823667730993,0.0,0.4430583401400955,61.27295338905191,0,0.0,AGRICULTURAL,33.0,22.608422368421053,77.92730355263157
4,5.89,5.89,348.3525,356.1,1,1.0,0.6417509811186769,1.0,0.2,4.0,0.6091057727394245,58.227644318485616,40.0,1.0,0.0,0.0,97.58669339867824,0.4727605752332863,0.190589341847974,1.606395881290067,0.0,0.0866315190218064,77.80182424724029,0,0.0,AGRICULTURAL,34.0,22.592015,77.0686775
7,4.760000000000001,7.78,339.3385714285714,352.91,3,5.0,1.38693722423182,0.6,1.0,1.4,0.4189469207016228,56.273673017540574,10.0,0.0,1.0,0.0,0.3093982822207371,93.61649464122176,0.0,5.722630627954754,0.3514764486027574,0.0,34.6176376950479,0,0.0,AGRICULTURAL,35.0,22.68391571428571,78.57303857142857
2,4.470000000000001,4.95,342.725,346.78,1,1.0,0.9480322706476144,1.0,0.2,2.0,0.5133385186003898,51.833462965009744,30.0,0.0,0.0,0.0,7.92059602485087,47.924556322863296,0.0,40.684636518898046,3.470211133387788,0.0,26.956332393163983,0,0.0,AGRICULTURAL,36.0,22.694055,79.056
2,3.49,4.19,338.28,340.88,2,5.0,0.6751418272118115,0.4,1.0,0.4,0.5969643786308227,52.724109465770574,40.0,1.0,0.0,0.0,12.92789782431128,84.11920497017401,0.0,2.769733422440039,0.1831637830746763,0.0,33.2384746835816,0,0.0,AGRICULTURAL,37.0,22.700955,78.567645
3,2.5666666666666664,3.62,314.7366666666667,332.18,1,1.0,0.5837284790276684,1.0,0.2,3.0,0.6314213662520932,56.78553415630233,10.0,0.0,1.0,0.0,0.0,99.6386228063662,0.0,0.361377193633821,0.0,0.0,21.165236741833347,0,0.0,AGRICULTURAL,38.0,22.700636666666668,78.75619999999999
3,3.803333333333333,5.52,339.9533333333333,344.23,2,4.0,1.2259306141624735,0.5,0.8,0.75,0.4492503017108909,47.73125754277227,10.0,0.0,1.0,0.0,6.435484270191331,54.60508403257344,0.0,37.04363753372441,1.9058934184797407,0.0099007450310635,34.75175036590893,0,0.0,AGRICULTURAL,39.0,22.72022,79.16837333333332
2,2.8549999999999995,4.77,337.145,343.05,2,4.0,0.9468507845984152,0.5,0.8,0.5,0.5136500485353191,48.841251213382975,10.0,0.0,1.0,0.0,2.537065914210044,38.53122447464172,0.0074255587732976,56.9169079973268,1.3712531868023068,0.5296898591619019,32.03253950208217,0,0.0,AGRICULTURAL,40.0,22.734505,79.14648
2,1.66,2.32,318.43,332.74,1,1.0,0.5458187480646828,1.0,0.2,2.0,0.6469063732419917,55.1726593310498,10.0,0.0,1.0,0.0,0.955421895497636,32.49672037820846,0.0,54.909531942278655,11.638325784015247,0.0,36.71820311264568,0,0.0,AGRICULTURAL,41.0,22.74631,79.554485
2,2.335,2.45,321.235,333.61,1,1.0,0.9925841263416711,1.0,0.2,2.0,0.5018608683970458,51.54652170992616,10.0,0.0,1.0,0.0,0.3316749585406301,80.7232494245192,0.0,18.90052226430039,0.0445533526397861,0.0,17.002343905488864,0,0.0,AGRICULTURAL,42.0,22.75314,78.982885
3,10.236666666666666,13.48,342.64000000000004,356.07,1,1.0,1.048866760790382,1.0,0.2,3.0,0.4880746855467724,53.201867138669314,40.0,1.0,0.0,0.0,74.34469443825648,14.663003391005171,4.395930793792233,6.378554986262716,0.2004900868790376,0.0173263038043612,79.09126133217008,0,0.0,AGRICULTURAL,43.0,22.76288333333333,77.87641333333333
4,2.4425000000000003,3.67,318.85,338.08,1,1.0,0.9040910667101906,1.0,0.2,4.0,0.5251849648807809,56.12962412201952,10.0,0.0,1.0,0.0,6.284497908467612,87.50278458453998,0.0074255587732976,5.5741194524888,0.3712779386648845,0.2450434395188238,13.572691389531288,0,0.0,AGRICULTURAL,44.0,22.769035,78.95225749999999
8,2.91,5.81,325.21125,346.38,4,5.0,3.0433708520835703,0.8,1.0,1.6,0.247318397590143,58.382959939753576,10.0,0.0,1.0,0.0,0.1707878517858468,92.60166827553772,0.0,4.173164030593302,1.5742184599391105,0.0074255587732976,30.32363060087185,0,0.0,AGRICULTURAL,45.0,22.80244125,79.1549375
6,3.553333333333333,6.51,326.425,343.89,3,5.0,1.9042167204484464,0.6,1.0,1.2,0.3443269205631416,54.008173014078544,10.0,0.0,1.0,0.0,7.101309373530358,69.68639390114106,0.0,22.756862453899657,0.455434271428925,0.0,54.457516024652335,0,0.0,AGRICULTURAL,46.0,22.85272,80.86255666666666
9,3.651111111111111,6.79,334.22333333333336,349.02,3,5.0,1.546099744224599,0.6,1.0,1.8,0.3927575902194454,56.41893975548613,30.0,0.0,0.0,0.0,9.12106135986733,23.962278161431648,0.6361228682458354,64.2038563401896,2.0544045939456943,0.022276676319893,20.33509607601646,0,0.0,AGRICULTURAL,47.0,22.876346666666663,79.78582888888889
15,9.720666666666668,27.91,345.26133333333325,367.0,2,3.0,2.903396791944767,0.6666666666666666,0.6,5.0,0.2561871245228379,51.40467811307094,10.0,0.0,1.0,0.0,9.66312715031806,56.10257171852182,0.6286973094725378,27.48446820623252,4.678102027177545,1.4430335882775178,101.76394225923728,0,0.0,AGRICULTURAL,48.0,22.879264,77.64361133333335
2,3.855,3.93,332.09000000000003,333.14,1,1.0,0.1915979701022548,1.0,0.2,2.0,0.8392092174462054,59.98023043615513,30.0,0.0,0.0,0.0,19.935150120046533,34.91497735204574,0.0,36.70206183015272,8.28939877725799,0.0445533526397861,84.98090190249555,0,0.0,AGRICULTURAL,49.0,22.94952,77.9019
4,4.335,6.24,322.9075,341.52,1,1.0,1.1984445405821698,1.0,0.2,4.0,0.4548670578404449,54.37167644601112,10.0,0.0,1.0,0.0,5.324125640454444,63.04299398529739,0.0,29.41263830103215,2.220242073216009,0.0,73.58434505306502,0,0.0,AGRICULTURAL,50.0,22.9734425,78.0132325
2,4.245,4.36,338.645,338.84,1,1.0,0.4618423635293083,1.0,0.2,2.0,0.6840682859851674,56.10170714962919,30.0,0.0,0.0,0.0,33.68728496819386,11.249721541546002,0.455434271428925,52.63236058513403,1.9529219573772925,0.022276676319893,31.601741939595303,0,0.0,AGRICULTURAL,51.0,23.010325,79.83385
3,4.85,6.62,339.11000000000007,346.44,2,4.0,0.5816634179374461,0.5,0.8,0.75,0.6322457664880692,52.306144162201726,10.0,0.0,1.0,0.0,18.066384495433283,34.4026137966882,0.8489888864137027,33.33085814707557,5.551842776168907,6.767159228731962,37.13161542268385,0,0.0,AGRICULTURAL,52.0,23.06880333333333,79.89047000000001
3,2.6133333333333333,5.93,328.8966666666667,344.43,1,1.0,0.8447134768258842,1.0,0.2,3.0,0.5420896050050305,54.55224012512576,10.0,0.0,1.0,0.0,11.994752605133536,49.87005272146729,0.0,37.55847627533972,0.4653350164599886,0.1113833815994653,42.6201189026095,0,0.0,AGRICULTURAL,53.0,23.090376666666668,80.32192666666667
2,6.4750000000000005,8.13,342.185,345.68,1,1.0,0.3216222583567693,1.0,0.2,2.0,0.7566458522296254,57.91614630574063,30.0,0.0,0.0,0.0,9.019578723298928,73.78282715774363,0.0,8.786911215068933,8.264646914680329,0.0346526076087225,42.59824564352385,0,0.0,AGRICULTURAL,54.0,23.152695,80.072045
2,2.44,3.39,323.235,338.26,1,1.0,0.6610717399858856,1.0,0.2,2.0,0.6020209578717516,54.0505239467938,10.0,0.0,1.0,0.0,2.6286478057473825,68.93393727878023,0.0965322640528699,12.593747679512884,15.747134971906638,0.0,45.06217272629772,0,0.0,AGRICULTURAL,55.0,23.17535,80.09522
12,11.332499999999998,27.49,347.9875,355.95,1,1.0,1.9341135635993,1.0,0.2,12.0,0.3408184374340617,63.52046093585155,30.0,0.0,0.0,0.0,3.99990099254969,0.0,0.0,90.58934184797404,5.41075715947625,0.0,62.04473816323002,0,0.0,AGRICULTURAL,56.0,23.209151666666667,79.34060666666666
2,2.25,3.61,324.07,343.37,1,1.0,0.4131231199166549,1.0,0.2,2.0,0.7076524231370437,56.69131057842609,40.0,1.0,0.0,0.0,16.883245464221183,64.8350288359199,0.0,17.153040766317666,1.128684933541249,0.0,64.24774128176955,0,0.0,AGRICULTURAL,57.0,23.341245,80.436795
2,4.13,4.97,340.025,340.42,2,5.0,0.5242493508708839,0.4,1.0,0.4,0.6560606369480475,54.2015159237012,10.0,0.0,1.0,0.0,11.762085096903542,71.6145639959407,0.0,15.764461275710998,0.7747332986807257,0.0841563327640405,57.851948460459305,0,0.0,AGRICULTURAL,58.0,23.35984,80.50127499999999
2,8.25,9.55,345.385,347.39,1,1.0,0.4411109388547167,1.0,0.2,2.0,0.6939091037604104,56.34772759401025,30.0,0.0,0.0,0.0,19.4005098883691,57.18175292690775,0.0,20.05890943293483,3.331600702952897,0.0272270488354248,61.034791007508105,0,0.0,AGRICULTURAL,59.0,23.392635,80.47449499999999
3,5.523333333333333,7.48,337.1933333333333,342.87,2,5.0,1.2119268228533708,0.4,1.0,0.6,0.4520945221460837,49.50236305365209,10.0,0.0,1.0,0.0,17.249573030370534,64.49345313234821,0.0024751862577658,15.984752852652164,2.2623202395980297,0.0074255587732976,65.54432598447276,0,0.0,AGRICULTURAL,60.0,23.45462,80.44345333333335
2,5.470000000000001,5.7,341.44,342.25,1,1.0,0.2449734910109975,1.0,0.2,2.0,0.803229954067485,59.080748851687126,10.0,0.0,1.0,0.0,9.054231330907651,70.7284473156605,0.0,16.02930620529195,4.188015148139898,0.0,59.14650566322545,0,0.0,AGRICULTURAL,61.0,23.46221,80.51094
2,5.455,6.07,344.43,350.13,1,1.0,0.4077638952378432,1.0,0.2,2.0,0.7103463893219459,56.75865973304865,40.0,1.0,0.0,0.0,95.8045592930868,0.4356327813667978,2.663300413356105,0.9281948466622114,0.0,0.1410856166926561,70.7803929692518,0,0.0,AGRICULTURAL,62.0,22.55171,75.40829
2,6.685,9.37,334.62,336.18,1,1.0,0.7346492892123039,1.0,0.2,2.0,0.576485406138837,53.41213515347093,40.0,1.0,0.0,0.0,99.85891438330734,0.0321774213509566,0.0247518625776589,0.0247518625776589,0.0,0.0,76.50440386538189,0,0.0,AGRICULTURAL,63.0,22.616905000000003,75.407535
3,2.8433333333333337,4.09,342.2333333333333,344.65,1,1.0,0.3857996134590354,1.0,0.2,3.0,0.7216050504617638,59.04012626154409,40.0,1.0,0.0,0.0,98.72775426350832,0.6138461919259425,0.3440508898294597,0.2598945570654192,0.0,0.0346526076087225,73.43848777449666,0,0.0,AGRICULTURAL,64.0,22.67979,76.11335
2,5.23,5.23,348.29,355.25,1,1.0,0.3681284344652677,1.0,0.2,2.0,0.7309255292182049,57.273138230455125,40.0,1.0,0.0,0.0,85.8097571842281,2.155887230514096,4.121185119180218,6.883492982846959,0.0,0.7871092299695552,70.96080366783922,0,0.0,AGRICULTURAL,65.0,22.690995,75.987005
2,3.1950000000000003,3.56,330.83500000000004,330.98,1,1.0,0.1991056550876445,1.0,0.2,2.0,0.8339548694121608,59.84887173530402,10.0,0.0,1.0,0.0,1.4281824707309223,86.83200910868543,0.0247518625776589,10.690329447290909,0.9975000618796565,0.0272270488354248,90.285615316811,0,0.0,AGRICULTURAL,66.0,22.842685,76.88475
6,3.3650000000000007,6.32,326.36,349.39,3,4.0,1.3663983650766034,0.75,0.8,1.5,0.4225831181926246,56.06457795481561,40.0,1.0,0.0,0.0,88.90126482017772,2.09895794658548,0.4752357614910522,4.989975495656048,0.0,2.7177545110269548,88.43365028554769,0,0.0,AGRICULTURAL,67.0,22.86015833333333,75.87610833333333
2,14.28,19.06,355.15,367.0,1,1.0,0.3759098441233898,1.0,0.2,2.0,0.7267918056339753,57.16979514084939,40.0,1.0,0.0,0.0,97.06442909828964,1.633622930125492,0.2574193708076533,0.913343729115616,0.0,0.1311848716615925,89.19659151644618,0,0.0,AGRICULTURAL,68.0,22.86727,75.84104500000001
6,2.8883333333333336,5.99,322.27833333333336,342.57,1,1.0,1.4662426812366516,1.0,0.2,6.0,0.4054751008925726,57.13687752231431,40.0,1.0,0.0,0.0,99.61882131630404,0.047028538897552,0.0024751862577658,0.3316749585406301,0.0,0.0,90.4833350184338,0,0.0,AGRICULTURAL,69.0,22.87585833333333,75.77580999999999
7,8.495714285714287,12.31,345.36571428571426,367.0,3,5.0,2.293249096404971,0.6,1.0,1.4,0.3036514914986649,53.39128728746662,40.0,1.0,0.0,0.0,93.0249251256157,2.2276676319893074,3.440508898294597,0.7252295735254077,0.0,0.0965322640528699,91.25057869459272,0,0.0,AGRICULTURAL,70.0,22.877491428571428,75.72585142857143
5,6.263999999999999,8.84,339.51000000000005,367.0,3,4.0,1.8767555687298103,0.75,0.8,1.25,0.3476138226236355,53.69034556559089,40.0,1.0,0.0,0.0,95.7253533328383,1.2054157075319918,1.10393307096359,1.8192618994579344,0.0,0.1163337541149971,91.88554549364451,0,0.0,AGRICULTURAL,71.0,22.879464,75.69977200000001
5,4.138,6.35,334.95400000000006,344.86,2,4.0,2.4143731978157152,0.5,0.8,1.25,0.2928795248977857,44.82198812244464,10.0,0.0,1.0,0.0,0.0148511175465953,92.25019182693498,0.0,4.967698819336155,2.7672582361822724,0.0,114.12634014763836,0,0.0,AGRICULTURAL,72.0,22.915284,77.490792
7,8.434285714285712,10.41,348.62857142857143,367.0,1,1.0,0.8204934057242965,1.0,0.2,7.0,0.5493016326538919,62.732540816347296,40.0,1.0,0.0,0.0,99.54704091482884,0.336625331056162,0.0,0.1039578228261676,0.0,0.0,98.73837217611914,0,0.0,AGRICULTURAL,73.0,22.952651428571432,75.88397142857143
3,4.233333333333333,8.1,331.58,355.53,1,1.0,0.3726572969328578,1.0,0.2,3.0,0.7285139577332637,59.21284894333159,40.0,1.0,0.0,0.0,95.07685453330365,1.7598574292715528,2.7202296972847204,0.408405732531373,0.0,0.0346526076087225,100.68205973737876,0,0.0,AGRICULTURAL,74.0,22.96798,75.77708333333334
2,5.79,6.6,347.09000000000003,355.64,2,3.0,0.8746891063205265,0.6666666666666666,0.6,0.6666666666666666,0.5334217799786073,49.66887783279851,40.0,1.0,0.0,0.0,93.94074404098907,0.3935546149847776,3.2969480953441743,2.2425187495359027,0.0,0.0,104.2170106898889,0,0.0,AGRICULTURAL,75.0,22.996665,75.739715
2,11.675,12.18,367.0,367.0,1,1.0,0.1810393038784312,1.0,0.2,2.0,0.8467118720910356,60.16779680227589,40.0,1.0,0.0,0.0,85.98054503601395,0.9875993168485928,4.66325090963095,7.249820548996312,0.0,0.7970099750006189,106.73541724961711,0,0.0,AGRICULTURAL,76.0,23.001655,76.080055
3,8.62,10.87,355.87000000000006,367.0,1,1.0,0.7067130966507419,1.0,0.2,3.0,0.5859215599636532,55.64803899909133,40.0,1.0,0.0,0.0,94.19568822553896,0.9727481993019976,3.636048612658102,1.1361104923145466,0.0,0.0420781663820202,105.66904259990233,0,0.0,AGRICULTURAL,77.0,23.00817,75.72462666666667
6,5.251666666666666,7.45,335.73833333333334,342.16,3,5.0,1.8538157869202083,0.6,1.0,1.2,0.3504080412559437,54.16020103139859,10.0,0.0,1.0,0.0,0.0594044701863815,60.763347441895,0.0,34.27142892502661,4.905819162892008,0.0,73.61682219213424,0,0.0,AGRICULTURAL,78.0,23.010625,78.01480666666667
2,2.61,2.61,341.375,343.7,1,1.0,0.3468484452999494,1.0,0.2,2.0,0.7424740352113599,57.561850880284005,40.0,1.0,0.0,0.0,65.19888121581148,24.90779931189822,3.17318878245588,5.96024850870028,0.0,0.7128536422365783,104.0954076311039,0,0.0,AGRICULTURAL,79.0,23.011615,76.30518000000001
5,11.828,14.91,347.50600000000003,367.0,2,3.0,1.6195709350302945,0.6666666666666666,0.6,1.6666666666666667,0.3817419053736887,47.87688096767555,40.0,1.0,0.0,0.0,88.2131630405188,8.477512932848196,0.4702853889755204,1.782134105591446,0.0,0.4183064775624365,106.48086935304522,0,0.0,AGRICULTURAL,80.0,23.022540000000003,75.87488599999999
2,5.175000000000001,5.4,344.15,345.89,2,4.0,0.7712707812411536,0.5,0.8,0.5,0.5645664178456591,50.11416044614147,40.0,1.0,0.0,0.0,79.837132744239,4.643449419568822,0.9752233855597634,14.467463676641668,0.0198014900621271,0.0569292839286156,110.115426506464,0,0.0,AGRICULTURAL,81.0,23.04822,76.225555
3,4.823333333333333,5.43,352.26666666666665,367.0,2,3.0,0.982896025223386,0.6666666666666666,0.6,1.0,0.5043128773670034,49.607821934175085,40.0,1.0,0.0,0.0,96.63622187569617,1.3044231578426275,1.5321402935570902,0.4851365065221158,0.0420781663820202,0.0,111.0999587797788,0,0.0,AGRICULTURAL,82.0,23.045956666666665,76.05838999999999
2,5.4,5.65,341.69,342.03,1,1.0,0.1830998403914868,1.0,0.2,2.0,0.8452372030319103,60.13093007579776,20.0,0.0,0.0,0.0,20.79156456523353,24.61325214722408,0.0,30.912601173238286,23.6825821143041,0.0,83.62062168778975,0,0.0,AGRICULTURAL,83.0,23.06831,77.92336
3,5.396666666666667,7.55,338.35,340.86,1,1.0,0.5867256609600706,1.0,0.2,3.0,0.6302286681334289,56.75571670333572,10.0,0.0,1.0,0.0,1.6410484888987895,11.007153288284943,0.1386104304348902,81.31234375386748,5.895893665998366,0.0049503725155317,134.15716967765732,0,0.0,AGRICULTURAL,84.0,23.07069333333333,77.3892
4,19.105000000000004,23.53,357.125,367.0,1,1.0,0.6664753443465822,1.0,0.2,4.0,0.6000688839426519,58.0017220985663,40.0,1.0,0.0,0.0,89.46808247320611,5.888468107225068,0.2499938120343556,4.247419618326279,0.1460359892081879,0.0,109.70293950465869,0,0.0,AGRICULTURAL,85.0,23.08052,76.422135
3,10.696666666666664,17.65,335.25666666666666,344.87,2,4.0,1.4985611768888727,0.5,0.8,0.75,0.4002303442676426,46.50575860669107,10.0,0.0,1.0,0.0,5.252345238979233,51.79822281626693,0.0,41.64995915942675,1.2994727853270958,0.0,57.02684042558906,0,0.0,AGRICULTURAL,86.0,23.10503333333333,78.19744666666666
3,4.7,8.3,339.82,350.57,1,1.0,1.086142494578327,1.0,0.2,3.0,0.4793536407982192,52.98384101995548,30.0,0.0,0.0,0.0,29.333432340783645,7.519615851092795,0.0,61.03809311650702,2.108858691616544,0.0,97.98934179819416,0,0.0,AGRICULTURAL,87.0,23.117616666666663,77.78973333333334
8,3.165,4.94,322.165,340.6,2,3.0,2.0624259838216337,0.6666666666666666,0.6,2.6666666666666665,0.3265385042064231,48.49679593849391,30.0,0.0,0.0,0.0,4.999876240687112,47.73396698101532,0.0247518625776589,46.68696319398035,0.5544417217395609,0.0,61.87814746052242,0,0.0,AGRICULTURAL,88.0,23.119736249999995,78.15270875
5,5.4,6.96,339.982,345.06,1,1.0,0.824824959918479,1.0,0.2,5.0,0.5479977652457545,58.69994413114385,10.0,0.0,1.0,0.0,48.65473626890424,25.142942006385983,0.0495037251553179,22.87072102175689,3.230118066384496,0.0519789114130838,102.72097703783407,0,0.0,AGRICULTURAL,89.0,23.126068000000004,77.744374
2,4.58,4.81,350.94,352.7,1,1.0,0.1802166543659868,1.0,0.2,2.0,0.8473020578897021,60.18255144724256,40.0,1.0,0.0,0.0,91.0423009331452,6.700329199772283,0.7054280834632806,1.4479839607930498,0.0049503725155317,0.0,115.73679875692002,0,0.0,AGRICULTURAL,90.0,23.13181,76.67277999999999
14,10.989999999999998,23.67,340.4592857142857,367.0,1,1.0,2.5986795529476217,1.0,0.2,14.0,0.2778797015091037,61.9469925377276,40.0,1.0,0.0,0.0,96.95799608920572,2.074206084007822,0.0148511175465953,0.6113710056681766,0.0,0.3217742135095666,116.01336442436282,0,0.0,AGRICULTURAL,91.0,23.141962857142858,76.56707785714286
5,14.992,32.08,347.978,353.55,1,1.0,0.8041285941862816,1.0,0.2,5.0,0.5542842141200203,58.857105353000506,10.0,0.0,1.0,0.0,18.209945298383705,44.67711195267444,0.0,32.55364966213708,4.559293086804781,0.0,101.57191334557258,0,0.0,AGRICULTURAL,92.0,23.138606,77.758374
2,5.154999999999999,5.52,339.58500000000004,339.66,1,1.0,0.3174627415532182,1.0,0.2,2.0,0.7590347479740136,57.97586869935034,40.0,1.0,0.0,0.0,51.19180218311428,26.54142224202371,0.1707878517858468,21.53164525630553,0.5643424667706245,0.0,95.42854652964697,0,0.0,AGRICULTURAL,93.0,23.13749,77.81943
2,5.32,5.32,359.0,367.0,1,1.0,0.325296316367667,1.0,0.2,2.0,0.7545482377411041,57.86370594352761,40.0,1.0,0.0,0.0,87.68594836761466,5.900844038513898,4.383554862503403,1.965297888666122,0.0,0.0445533526397861,120.4829282658022,0,0.0,AGRICULTURAL,94.0,23.16627,76.73519999999999
3,8.146666666666667,12.65,347.1666666666667,354.68,2,4.0,1.0156417128904285,0.5,0.8,0.75,0.496119917346819,48.90299793367047,10.0,0.0,1.0,0.0,49.79827231999208,27.50674488255241,0.3291997722828643,18.378257963911786,3.960298012425435,0.0272270488354248,27.91472239915585,0,0.0,AGRICULTURAL,95.0,23.203256666666665,78.79689666666667
3,5.890000000000001,8.07,350.98,355.74,1,1.0,0.3550656695409253,1.0,0.2,3.0,0.7379716145703729,59.44929036425932,40.0,1.0,0.0,0.0,92.56949085418678,3.801886091928418,1.537090666072622,1.9058934184797407,0.0,0.1559367342392515,130.39786413515873,0,0.0,AGRICULTURAL,96.0,23.217543333333328,76.08747
2,4.125,4.26,335.61,336.12,1,1.0,0.3989049600099925,1.0,0.2,2.0,0.7148448454946195,56.871121137365485,40.0,1.0,0.0,0.0,93.55956535729314,2.8439890101730154,0.3737531249226504,3.079131704660776,0.0519789114130838,0.0841563327640405,57.789733275213685,0,0.0,AGRICULTURAL,97.0,23.220155,75.04564500000001
6,6.638333333333333,11.88,331.43333333333334,352.53,4,4.0,1.6931095075512326,1.0,0.8,1.5,0.3713179865861716,62.282949664654296,10.0,0.0,1.0,0.0,4.653350164599886,71.99326749337888,0.0,11.935348134947157,11.418034207074085,0.0,31.243726233280576,0,0.0,AGRICULTURAL,98.0,23.219825,78.84664833333333
6,3.7383333333333337,5.37,342.2316666666666,345.1,3,4.0,1.889675614891129,0.75,0.8,1.5,0.3460596043537834,54.15149010884458,30.0,0.0,0.0,0.0,20.33117992128908,57.83025172644242,0.0,15.559020816316426,6.279547535952081,0.0,30.492853046048165,0,0.0,AGRICULTURAL,99.0,23.227981666666665,78.79230833333334
2,4.94,4.94,344.265,350.89,1,1.0,0.4037338300915338,1.0,0.2,2.0,0.712385766135445,56.80964415338613,40.0,1.0,0.0,0.0,93.76995618920324,0.7351303185564714,0.3168238409940348,5.108784436028811,0.0,0.0693052152174451,64.00126885965418,0,0.0,AGRICULTURAL,100.0,23.273110000000003,75.15216
3,11.286666666666669,11.82,352.20666666666665,355.76,1,1.0,0.5411401576950059,1.0,0.2,3.0,0.6488702503837432,57.22175625959358,30.0,0.0,0.0,0.0,0.383653869953714,25.11076458503502,0.0,65.69391846736467,8.811663077646594,0.0,93.67940014864315,0,0.0,AGRICULTURAL,101.0,23.281396666666662,77.88526666666667
2,7.365,9.82,344.74,345.05,1,1.0,0.6476760040739508,1.0,0.2,2.0,0.606915435757671,54.17288589394178,30.0,0.0,0.0,0.0,0.2475186257765897,0.7747332986807257,0.0,92.44325635504072,6.52706616172867,0.0074255587732976,63.384224362068,0,0.0,AGRICULTURAL,102.0,23.29085,79.27401
2,2.31,2.31,335.71000000000004,338.61,1,1.0,0.378027633897275,1.0,0.2,2.0,0.7256748525222572,57.141871313056434,40.0,1.0,0.0,0.0,89.86411227444864,2.688052275933764,0.2697953020964827,6.088958194104106,0.0272270488354248,0.0123759312888294,103.81615606920636,0,0.0,AGRICULTURAL,103.0,23.291325,75.57436
2,10.525,10.69,347.25,350.44,1,1.0,0.2966832822973398,1.0,0.2,2.0,0.7711983439998512,58.27995859999629,40.0,1.0,0.0,0.0,96.50751219029232,1.9826241924704835,0.5692928392861563,0.91086854285785,0.0,0.0297022350931907,144.30516094670674,0,0.0,AGRICULTURAL,104.0,23.304355,77.05347
20,5.358499999999999,10.35,336.34150000000005,349.35,4,5.0,3.6059948641949697,0.8,1.0,4.0,0.2171083619249278,62.427709048123205,10.0,0.0,1.0,0.0,1.0346278557461448,90.40122769238386,0.0,3.9330709635900094,4.631073488279993,0.0,57.70670625139375,0,0.0,AGRICULTURAL,105.0,23.303916,78.30969349999998
9,5.841111111111111,11.78,343.0899999999999,353.05,3,4.0,1.6111896720777086,0.75,0.8,2.25,0.3829672010016437,56.57418002504109,20.0,0.0,0.0,0.0,4.633548674537759,44.12514541719265,0.0,28.504244944432067,22.73706096383753,0.0,117.2744181656678,0,0.0,AGRICULTURAL,106.0,23.30684,77.64890444444445
2,15.645,18.74,344.825,345.14,1,1.0,0.3730225157277395,1.0,0.2,2.0,0.7283201757765587,57.20800439441397,40.0,1.0,0.0,0.0,84.73305116209995,2.618747060716319,4.945422143016262,7.635949605207792,0.0,0.0668300289596792,145.0010132761203,0,0.0,AGRICULTURAL,107.0,23.316905,77.04114999999999
2,6.244999999999999,9.28,343.25,352.45,2,2.0,0.9026874593900762,1.0,0.4,1.0,0.5255723923888999,55.139309809722505,10.0,0.0,1.0,0.0,16.925323630603202,32.30365585010272,0.0024751862577658,48.36761466300339,2.378653993713027,0.022276676319893,42.115588871672585,0,0.0,AGRICULTURAL,108.0,23.32917,78.642325
2,7.23,7.23,342.83000000000004,343.69,1,1.0,0.6443602503620903,1.0,0.2,2.0,0.6081392442926047,54.20348110731512,30.0,0.0,0.0,0.0,4.975124378109453,0.0024751862577658,0.0,93.65857280760378,1.3638276280290091,0.0,78.65188003269834,0,0.0,AGRICULTURAL,109.0,23.329005,79.49424
4,5.185,7.97,334.5425,348.61,3,5.0,1.3271731164041602,0.6,1.0,0.8,0.429705892076114,55.34264730190285,10.0,0.0,1.0,0.0,16.529293829360657,52.66206282022722,0.2895967921586099,25.296403554367465,5.217692631370511,0.0049503725155317,41.78822102233468,0,0.0,AGRICULTURAL,110.0,23.33383,78.76755500000002
4,2.932500000000001,4.23,324.23749999999995,346.14,1,1.0,0.860970376039882,1.0,0.2,4.0,0.5373540669293111,56.43385167323278,10.0,0.0,1.0,0.0,0.0,66.3448924531571,0.0,9.888369099774758,23.766738447068143,0.0,118.10822974091548,0,0.0,AGRICULTURAL,111.0,23.356835,77.637515
5,4.786,10.01,333.8,349.49,4,4.0,2.252324955881935,1.0,0.8,1.25,0.3074723508767067,60.18680877191767,10.0,0.0,1.0,0.0,0.0396029801242543,70.0106433009084,0.0,14.563995940694538,15.385757778272817,0.0,116.32406332489404,0,0.0,AGRICULTURAL,112.0,23.364442,77.661294
5,3.858,9.0,326.81000000000006,346.47,3,3.0,1.695606606630345,1.0,0.6,1.6666666666666667,0.3709740128772182,57.60768365526378,40.0,1.0,0.0,0.0,99.61387094378853,0.2227667631989307,0.0,0.1633622930125492,0.0,0.0,130.8721151615903,0,0.0,AGRICULTURAL,113.0,23.370232,75.897574
2,5.55,9.02,329.095,351.73,1,1.0,0.5416284572393802,1.0,0.2,2.0,0.6486647254752397,55.21661813688099,30.0,0.0,0.0,0.0,2.0098512413059084,46.46172124452365,0.0,37.78124303853865,13.74718447563179,0.0,114.38920314736052,0,0.0,AGRICULTURAL,114.0,23.37804,77.67459
3,10.656666666666666,10.9,356.0433333333333,367.0,1,1.0,0.6055750091433549,1.0,0.2,3.0,0.6228298237735677,56.57074559433919,30.0,0.0,0.0,0.0,8.628499294571917,6.616172867008243,0.0,79.79257939159922,4.878592114056582,0.0445533526397861,76.33049478189433,0,0.0,AGRICULTURAL,115.0,23.39725333333333,79.71406666666667
2,6.605,7.78,349.28,354.53,1,1.0,0.4621996247716163,1.0,0.2,2.0,0.6839011466414457,56.09752866603615,30.0,0.0,0.0,0.0,17.27680007920596,3.361302938046088,0.0,68.820078710923,10.522016781762828,0.0198014900621271,76.86661301522989,0,0.0,AGRICULTURAL,116.0,23.397115,79.69468
3,5.510000000000001,7.95,347.05,367.0,1,1.0,0.6732650990544572,1.0,0.2,3.0,0.5976339317452377,55.94084829363094,40.0,1.0,0.0,0.0,82.65636989183436,2.420732160095047,0.0247518625776589,14.140739090616568,0.7326551322987054,0.0247518625776589,123.31013247427258,0,0.0,AGRICULTURAL,117.0,23.42365,76.11596666666667
2,1.975,2.14,335.76,336.19,1,1.0,0.3378092408059234,1.0,0.2,2.0,0.7474907255070086,57.68726813767522,40.0,1.0,0.0,0.0,97.73025420162868,0.5346402316774337,0.957897081755402,0.7747332986807257,0.0,0.0024751862577658,122.52202263013812,0,0.0,AGRICULTURAL,118.0,23.430915,76.0737
2,6.45,7.2,347.88,348.32,1,1.0,0.458607992203194,1.0,0.2,2.0,0.6855851643110242,56.13962910777561,40.0,1.0,0.0,0.0,15.286750327962178,0.6039454468948788,0.0074255587732976,80.14900621271751,3.952872453652137,0.0,83.11767173237526,0,0.0,AGRICULTURAL,119.0,23.475075,79.79450499999999
11,3.537272727272727,5.93,327.72454545454553,347.02,4,5.0,3.0199655248776067,0.8,1.0,2.2,0.2487583522324973,59.61895880581244,10.0,0.0,1.0,0.0,1.0049256206529542,87.84683547436944,0.0,8.482463305363728,2.665775599613871,0.0,60.62927228265317,0,0.0,AGRICULTURAL,120.0,23.491926363636363,80.50641454545453
2,14.685,17.41,348.925,349.31,1,1.0,0.4960555462068514,1.0,0.2,2.0,0.6684243793858009,55.71060948464503,30.0,0.0,0.0,0.0,77.4782802405881,4.593945694413504,0.6064206331526447,15.229821044033564,1.9083686047375064,0.1732630380436128,64.85054752031444,0,0.0,AGRICULTURAL,121.0,23.50688,78.51287500000001
2,4.68,4.68,347.56,352.77,1,1.0,0.3341973511891847,1.0,0.2,2.0,0.7495143046931468,57.73785761732867,40.0,1.0,0.0,0.0,75.31744263755847,1.3068983441003936,0.1064330090839335,23.209821539070816,0.0,0.0594044701863815,114.45861762226184,0,0.0,AGRICULTURAL,122.0,23.508525,76.21524500000001
2,8.535,8.76,346.915,347.47,1,1.0,0.505388839366081,1.0,0.2,2.0,0.6642802004703979,55.607005011759945,10.0,0.0,1.0,0.0,28.63047944357813,25.07858716368407,0.0,41.46927056260984,4.819187643870201,0.0024751862577658,79.91170747360788,0,0.0,AGRICULTURAL,123.0,23.51217,78.23192
3,6.773333333333333,8.14,341.92333333333335,351.01,2,2.0,1.0642334527895976,1.0,0.4,1.5,0.4844413303391647,55.111033258479125,10.0,0.0,1.0,0.0,16.917898071829907,67.50327962179153,0.0297022350931907,7.833964505829064,7.715155565456301,0.0,86.84521658227679,0,0.0,AGRICULTURAL,124.0,23.536240000000003,78.12538333333333
4,17.810000000000002,43.13,350.355,355.85,1,1.0,0.6143292520805959,1.0,0.2,4.0,0.6194523197242261,58.486307993105655,30.0,0.0,0.0,0.0,23.78901512338804,9.479963367243386,0.0123759312888294,58.55795648622559,7.9007945347887425,0.2054404593945694,102.3739328969108,0,0.0,AGRICULTURAL,125.0,23.65592,79.82028
4,11.11,11.71,350.9475,367.0,1,1.0,0.7697691545390126,1.0,0.2,4.0,0.5650454452973438,57.1261361324336,30.0,0.0,0.0,0.0,46.70923987030024,32.459592584341976,0.8019603475161505,15.214969926486969,4.81423727135467,0.0,72.89631884427271,0,0.0,AGRICULTURAL,126.0,23.6626775,78.17372999999999
2,19.965000000000003,20.92,353.35,354.71,1,1.0,0.2732220424554038,1.0,0.2,2.0,0.7854089598319425,58.63522399579857,40.0,1.0,0.0,0.0,10.781911338828246,0.0891067052795722,0.0,85.22561322739536,3.898418355981287,0.0049503725155317,104.28654306986836,0,0.0,AGRICULTURAL,127.0,23.68077,79.38456500000001
2,2.455,3.96,321.66,338.07,2,5.0,0.6369423986847637,0.4,1.0,0.4,0.6108950448124939,53.07237612031235,10.0,0.0,1.0,0.0,13.885794906066682,45.31571000717804,0.1831637830746763,31.61060369792827,8.957699066854781,0.047028538897552,71.62627639686478,0,0.0,AGRICULTURAL,128.0,23.701345,78.34019
5,8.974,19.88,331.144,355.57,2,4.0,1.3351461395446005,0.5,0.8,1.25,0.4282387226501463,48.20596806625366,10.0,0.0,1.0,0.0,12.044256330288851,40.18464889482934,0.0,33.90015098636172,13.848667112200197,0.022276676319893,74.66155796937242,0,0.0,AGRICULTURAL,129.0,23.710928000000003,78.449436
5,7.851999999999999,16.64,336.80600000000004,351.69,3,4.0,2.012009017722824,0.75,0.8,1.25,0.3320043180866809,53.30010795216702,10.0,0.0,1.0,0.0,11.460112373456102,30.56112472463553,0.1930645281057399,45.43946932006634,12.346229053736293,0.0,66.8128949262273,0,0.0,AGRICULTURAL,130.0,23.746402,78.33899
7,2.665714285714285,4.47,339.19,342.45,3,5.0,2.4390207085554447,0.6,1.0,1.4,0.2907804531424437,53.06951132856109,10.0,0.0,1.0,0.0,2.31677433726888,88.23791490309645,0.0,5.388480483156358,4.056830276478305,0.0,52.47703608684394,0,0.0,AGRICULTURAL,131.0,23.769777142857148,80.97099857142857
8,6.63375,19.25,347.2975,356.21,2,4.0,2.110629089236071,0.5,0.8,2.0,0.3214783798751097,47.03695949687774,10.0,0.0,1.0,0.0,4.433058587658721,47.91713076409,0.1881141555902081,38.90745278582213,6.269646790921017,2.284596915917923,66.33823757485716,0,0.0,AGRICULTURAL,132.0,23.765135,78.38114999999999
3,6.556666666666668,6.71,340.93333333333334,343.74,1,1.0,0.7800019370613371,1.0,0.2,3.0,0.561797141440718,55.04492853601795,30.0,0.0,0.0,0.0,31.85812232370486,8.024553847677037,0.0,57.73619464864731,2.378653993713027,0.0024751862577658,86.85429773286123,0,0.0,AGRICULTURAL,133.0,23.91207,77.4019
10,9.375,14.19,347.872,355.89,2,3.0,2.7265584290408533,0.6666666666666666,0.6,3.333333333333333,0.2683441086572152,48.37526938309704,30.0,0.0,0.0,0.0,2.371228434939729,11.603673176406524,0.0,66.89933417489667,19.125764213757083,0.0,85.30864221262348,0,0.0,AGRICULTURAL,134.0,24.105911,80.527047
3,11.06,14.32,344.8433333333334,345.5,1,1.0,0.653067937453318,1.0,0.2,3.0,0.6049358150038159,56.1233953750954,30.0,0.0,0.0,0.0,14.603598920818792,27.30872998193114,0.0,32.21949951733868,25.85579564862256,0.0123759312888294,86.58893283585503,0,0.0,AGRICULTURAL,135.0,24.11135333333333,79.05486333333334
2,4.965,6.16,341.07500000000005,345.91,2,4.0,0.8364307834356616,0.5,0.8,0.5,0.544534544410742,49.61336361026854,10.0,0.0,1.0,0.0,5.485012747209227,37.11046756268409,0.0049503725155317,42.59795549615109,14.801613821440062,0.0,82.65885758830548,0,0.0,AGRICULTURAL,136.0,24.114145,80.55159499999999
4,9.105,16.76,342.46250000000003,344.94,1,1.0,0.771202814938961,1.0,0.2,4.0,0.5645880819325945,57.11470204831486,30.0,0.0,0.0,0.0,10.408158213905596,39.508923046459245,0.0,29.74183807331502,20.341080666320146,0.0,59.334929943992144,0,0.0,AGRICULTURAL,137.0,24.146835000000003,77.30434500000001
3,4.669999999999999,5.39,342.03000000000003,346.98,2,5.0,1.010508671929528,0.4,1.0,0.6,0.4973865638889678,50.63466409722419,10.0,0.0,1.0,0.0,7.212692755129824,64.85235513972427,0.0,19.04903343976634,8.863641989059676,0.022276676319893,82.54374038050194,0,0.0,AGRICULTURAL,138.0,24.15274,80.54127
2,7.51,7.51,344.3,344.3,1,1.0,0.4671334435089703,1.0,0.2,2.0,0.6816012574890811,56.04003143722702,10.0,0.0,1.0,0.0,11.826439939605455,18.36835721888072,0.0,46.766169154228855,23.039033687284967,0.0,94.9080717300689,0,0.0,AGRICULTURAL,139.0,24.16407,79.27756
8,5.43375,11.54,333.45125,348.85,3,4.0,2.3811986789418653,0.75,0.8,2.0,0.2957531026579446,53.89382756644861,30.0,0.0,0.0,0.0,0.2772208608697804,35.53872428900275,0.0,22.88062176678795,41.30343308333952,0.0,71.33250083376237,0,0.0,AGRICULTURAL,140.0,24.1774925,78.83467625
2,6.055,11.35,322.56500000000005,341.41,1,1.0,0.8587287992350369,1.0,0.2,2.0,0.5380021014424222,52.45005253606056,20.0,0.0,0.0,0.0,13.905596396128807,39.58070344793445,0.0074255587732976,29.60817801539566,16.898096581767778,0.0,55.36903734388029,0,0.0,AGRICULTURAL,141.0,24.186795,77.303265
4,17.017500000000002,19.94,347.0025,355.26,1,1.0,0.9621192810887867,1.0,0.2,4.0,0.5096530112303348,55.74132528075837,20.0,0.0,0.0,0.0,0.0668300289596792,50.29578475780302,0.0,21.162842503898418,28.03395955545655,0.0693052152174451,68.95155523506003,0,0.0,AGRICULTURAL,142.0,24.192905000000003,78.80618000000001
3,5.239999999999999,6.44,343.7933333333333,351.37,1,1.0,1.0383766456173869,1.0,0.2,3.0,0.4905864684772811,53.26466171193203,10.0,0.0,1.0,0.0,0.0123759312888294,36.51889804707804,0.0024751862577658,26.32608103759808,36.84067226058761,0.2450434395188238,69.3442549613275,0,0.0,AGRICULTURAL,143.0,24.193766666666665,78.82559
3,6.603333333333333,8.09,341.4166666666667,349.5,2,5.0,0.7257551521282739,0.4,1.0,0.6,0.5794564766425631,52.68641191606408,10.0,0.0,1.0,0.0,4.08405732531373,63.19150516076335,0.0,14.21251949209178,18.511918021831143,0.0,82.08004259199737,0,0.0,AGRICULTURAL,144.0,24.198016666666664,80.53545666666666
2,4.24,6.44,341.45,344.63,1,1.0,0.9451548390942656,1.0,0.2,2.0,0.5140978907702979,51.85244726925745,30.0,0.0,0.0,0.0,1.6459988614143213,27.72951164575134,0.0495037251553179,36.73671443776144,33.78134204598896,0.0569292839286156,76.75649893727704,0,0.0,AGRICULTURAL,145.0,24.22892,79.07979499999999
4,8.190000000000001,8.83,349.68,353.35,2,3.0,0.9965416972850936,0.6666666666666666,0.6,1.3333333333333333,0.5008660732504634,50.18831849792825,20.0,0.0,0.0,0.0,25.10333902626173,35.63030618054008,0.071780401475211,29.15026855770897,9.801737580752953,0.0,49.24298533363249,0,0.0,AGRICULTURAL,146.0,24.23463,77.2732925
2,6.890000000000001,7.67,344.705,346.27,2,3.0,0.5306274675368136,0.6666666666666666,0.6,0.6666666666666666,0.6533268356991304,52.66650422581159,10.0,0.0,1.0,0.0,25.15779312393257,36.01891042300933,0.0,32.947204277121855,5.871141803420708,0.0049503725155317,51.45213875834967,0,0.0,AGRICULTURAL,147.0,24.23413,77.314385
4,3.5075,4.45,336.9175,339.17,2,3.0,1.7485101033193928,0.6666666666666666,0.6,1.3333333333333333,0.363833481562354,46.76250370572552,10.0,0.0,1.0,0.0,3.576644142471721,75.79020321279177,0.0123759312888294,9.064132075938716,11.556644637508972,0.0,62.22816826676799,0,0.0,AGRICULTURAL,148.0,24.23404,74.4150025
2,14.95,15.68,351.115,353.93,1,1.0,0.1187198857746505,1.0,0.2,2.0,0.8938788098037216,61.34697024509303,30.0,0.0,0.0,0.0,18.9723026657756,0.5643424667706245,0.0,76.80750476473355,3.6558501027202297,0.0,101.58361094087088,0,0.0,AGRICULTURAL,149.0,24.240505,79.444245
4,7.385,8.49,344.8825,348.08,1,1.0,0.4365315807467753,1.0,0.2,4.0,0.6961211388615306,60.40302847153826,10.0,0.0,1.0,0.0,9.19284176134254,48.1200960372268,0.0,22.435088240390087,20.25197396104057,0.0,59.64670955623661,0,0.0,AGRICULTURAL,150.0,24.2521625,74.782785
3,3.5333333333333337,6.48,334.06666666666666,336.66,2,3.0,0.5682334699503483,0.6666666666666666,0.6,1.0,0.637660156578383,52.94150391445957,30.0,0.0,0.0,0.0,0.6509739857924308,16.014455087745354,0.0,44.07316650577956,39.26140442068265,0.0,67.74871513841188,0,0.0,AGRICULTURAL,151.0,24.256936666666665,78.95941333333333
3,4.416666666666667,5.3,341.6066666666666,349.38,1,1.0,0.4512687222786796,1.0,0.2,3.0,0.6890522648554505,58.22630662138626,10.0,0.0,1.0,0.0,0.0,77.8842107868617,0.0,0.8564144451870003,21.25937476795129,0.0,59.4444548836866,0,0.0,AGRICULTURAL,152.0,24.267496666666663,74.39432
3,4.353333333333333,6.3,341.06666666666666,343.55,1,1.0,0.9788436286731754,1.0,0.2,3.0,0.5053456400041599,53.63364100010399,10.0,0.0,1.0,0.0,3.121209871042796,18.811415559020816,0.0594044701863815,51.42942006385981,26.578550035890203,0.0,81.86931520662613,0,0.0,AGRICULTURAL,153.0,24.269116666666665,79.21245
2,8.37,8.37,348.665,351.01,1,1.0,0.5710009914896562,1.0,0.2,2.0,0.6365368356972065,54.91342089243017,40.0,1.0,0.0,0.0,31.06606272121977,36.81839558426772,0.0,30.53884804831564,1.5766936461968764,0.0,46.42336687175686,0,0.0,AGRICULTURAL,154.0,24.271955,77.287195
2,28.02,44.91,346.775,349.08,1,1.0,0.4195473168281309,1.0,0.2,2.0,0.7044499243846432,56.611248109616085,30.0,0.0,0.0,0.0,0.215341204425633,4.022177668869582,0.0,69.43392490284894,26.32855622385584,0.0,94.7814233424806,0,0.0,AGRICULTURAL,155.0,24.28651,79.398315
4,5.59,7.24,339.045,345.3,2,3.0,1.5510444290797996,0.6666666666666666,0.6,1.3333333333333333,0.391996308884638,47.46657438878261,20.0,0.0,0.0,0.0,2.3093487784955817,11.658127274077374,0.0,74.77042647459221,11.262097472834832,0.0,51.702587896065374,0,0.0,AGRICULTURAL,156.0,24.3020475,74.658205
4,5.077500000000001,7.57,345.0525,348.92,2,3.0,1.1995126230518365,0.6666666666666666,0.6,1.3333333333333333,0.4546461745750267,49.03282103104233,20.0,0.0,0.0,0.0,0.4207816638202025,53.4838246578055,0.0,13.15066458751021,32.94472909086409,0.0,83.68357399617565,0,0.0,AGRICULTURAL,157.0,24.336315,79.302275
5,16.712,23.9,351.514,355.31,1,1.0,1.0283286384377115,1.0,0.2,5.0,0.4930167533256515,57.325418833141285,10.0,0.0,1.0,0.0,0.0198014900621271,17.370857157001065,0.0,57.69906685478082,24.91027449815599,0.0,79.4569098670409,0,0.0,AGRICULTURAL,158.0,24.347606,79.258876
24,4.713333333333334,8.4,342.3395833333332,367.0,5,5.0,5.742237800571694,1.0,1.0,4.8,0.1483187080579102,68.30796770144775,30.0,0.0,0.0,0.0,0.0,52.805623623177645,0.0792059602485087,23.982079651493777,23.133090765080077,0.0,88.781798721085,0,0.0,AGRICULTURAL,159.0,24.379555,79.39621625
12,3.98,13.71,332.7558333333333,348.79,4,5.0,3.097295558645993,0.8,1.0,2.4,0.244063428104382,59.90158570260955,10.0,0.0,1.0,0.0,0.1113833815994653,62.112323952377416,0.0,12.838791119031706,24.93750154699141,0.0,96.41761087533644,0,0.0,AGRICULTURAL,160.0,24.449666666666666,79.52147666666666
2,5.87,6.05,341.48,345.87,2,5.0,0.5108798951642735,0.4,1.0,0.4,0.6618659783617499,54.34664945904375,10.0,0.0,1.0,0.0,11.034380337120368,60.763347441895,0.1757382243013787,18.907947823073687,9.111160614836267,0.0074255587732976,75.95930789533762,0,0.0,AGRICULTURAL,161.0,24.44482,79.29159000000001
12,5.015,13.12,344.32500000000005,353.31,4,5.0,3.539432286987674,0.8,1.0,2.4,0.2202918639994938,59.30729659998735,30.0,0.0,0.0,0.0,0.2029652731368035,60.09999752481375,0.0,26.20479691096755,13.492240291081902,0.0,82.05001910511798,0,0.0,AGRICULTURAL,162.0,24.46063,79.37009333333333
6,4.095,6.48,341.94166666666666,348.93,3,5.0,2.208148770699591,0.6,1.0,1.2,0.3117062429065386,53.19265607266347,20.0,0.0,0.0,0.0,0.0123759312888294,72.41652434345684,0.0,9.764609786886464,17.80648993836786,0.0,92.39251160006808,0,0.0,AGRICULTURAL,163.0,24.457305,79.48169
2,3.54,4.11,340.525,342.47,2,3.0,0.5334197181677666,0.6666666666666666,0.6,0.6666666666666666,0.6521371729814898,52.63676265787057,30.0,0.0,0.0,0.0,8.145837974307566,47.498824286527565,0.0,26.80874235786243,17.514417959951487,0.0321774213509566,87.99524940582029,0,0.0,AGRICULTURAL,164.0,24.460695,79.43558
4,5.515000000000001,12.21,338.71250000000003,353.99,2,2.0,1.591916718562838,1.0,0.4,2.0,0.3858148654384538,53.64537163596135,20.0,0.0,0.0,0.0,0.2227667631989307,65.49342838048562,0.0,14.672904136036236,19.6109007202792,0.0,86.59248315230622,0,0.0,AGRICULTURAL,165.0,24.4573775,79.41847250000001
2,2.465,3.84,318.095,334.17,1,1.0,0.9026715069496372,1.0,0.2,2.0,0.5255767989100756,52.13941997275189,10.0,0.0,1.0,0.0,19.40546026088463,61.00096532264053,0.0,16.044157322838544,3.4306081532635333,0.0272270488354248,74.79860181693205,0,0.0,AGRICULTURAL,166.0,24.464235,79.290795
23,3.800869565217392,8.84,333.82478260869567,367.0,5,5.0,3.700649047860833,1.0,1.0,4.6,0.2127365795272632,69.51841448818158,20.0,0.0,0.0,0.0,0.0173263038043612,31.18239647533477,0.0,42.635083290017576,26.16519393084329,0.0,103.10916310796787,0,0.0,AGRICULTURAL,167.0,24.49605,79.61238434782608
2,3.63,4.99,345.875,349.31,2,3.0,1.0148937591682357,0.6666666666666666,0.6,0.6666666666666666,0.4963040832548948,48.7409354147057,10.0,0.0,1.0,0.0,2.6806267171604663,63.68406722605876,0.0,25.563723670206183,8.07158238657459,0.0,93.47496549462736,0,0.0,AGRICULTURAL,168.0,24.504305,79.514475
27,3.914074074074074,8.36,336.56481481481484,353.1,4,5.0,7.057703372372032,0.8,1.0,5.4,0.1241048415146137,62.90262103786535,10.0,0.0,1.0,0.0,14.244696913442736,52.270983391500216,0.0346526076087225,29.274027870597266,4.170688844335537,0.0049503725155317,87.34698898525822,0,0.0,AGRICULTURAL,169.0,24.509699259259257,79.45187777777777
4,14.6575,29.15,354.29,367.0,1,1.0,0.9696652503485744,1.0,0.2,4.0,0.5077004835329397,55.69251208832349,30.0,0.0,0.0,0.0,23.01675701096508,6.769634414989728,0.0,46.15727333481844,23.97217890646271,0.0767307739907428,132.15921875971108,0,0.0,AGRICULTURAL,170.0,24.527835,79.9210975
3,3.0066666666666664,6.66,336.6933333333334,367.0,1,1.0,0.4587582638529188,1.0,0.2,3.0,0.6855145398517011,58.13786349629253,20.0,0.0,0.0,0.0,5.76718398059454,52.74374396673349,0.6856265934011534,28.41761342541026,12.375931288829484,0.0099007450310635,89.22523048868858,0,0.0,AGRICULTURAL,171.0,24.52723,79.47896666666666
6,7.805,12.63,340.49666666666667,344.68,2,2.0,0.7318742925214028,1.0,0.4,3.0,0.5774091135356707,60.43522783839177,10.0,0.0,1.0,0.0,20.311378431226952,20.452464047919605,0.0792059602485087,42.97665899358927,15.333778866859731,0.7945347887428529,23.272060485558978,0,0.0,AGRICULTURAL,172.0,24.569298333333336,77.25850166666667
2,3.66,4.59,337.605,339.7,2,3.0,0.9993453692148064,0.6666666666666666,0.6,0.6666666666666666,0.5001637112815208,48.83742611537135,10.0,0.0,1.0,0.0,1.831637830746764,84.46325586000346,0.0,11.01457884705824,2.69052746219153,0.0,77.95254341283066,0,0.0,AGRICULTURAL,173.0,24.578760000000003,79.38059000000001
5,1.924,3.0,332.29200000000003,339.97,2,3.0,1.8538251391740377,0.6666666666666666,0.6,1.6666666666666667,0.3504068929357819,47.09350565672788,10.0,0.0,1.0,0.0,3.930595777332244,87.79980693547189,0.0,4.091482884087028,4.178114403108834,0.0,82.13747084006528,0,0.0,AGRICULTURAL,174.0,24.587844,79.42706799999999
3,2.8266666666666667,3.77,328.9066666666667,340.94,2,2.0,0.6867155074803143,1.0,0.4,1.5,0.5928682078069238,57.8217051951731,10.0,0.0,1.0,0.0,0.2128660181678671,67.62703893467985,0.0,5.207791886339447,26.952303160812853,0.0,81.7373896553045,0,0.0,AGRICULTURAL,175.0,24.603116666666665,79.42774999999999
3,17.653333333333332,26.15,344.06666666666666,346.54,1,1.0,0.5522784839059562,1.0,0.2,3.0,0.6442143019876995,57.105357549692485,30.0,0.0,0.0,0.0,16.635726838444594,24.543946932006637,0.0420781663820202,48.4393950644786,10.135887725551347,0.2004900868790376,128.1378794668562,0,0.0,AGRICULTURAL,176.0,24.69015333333333,80.13112
9,15.473333333333336,25.39,347.61,367.0,1,1.0,0.9788811724120816,1.0,0.2,9.0,0.5053360524831758,65.6334013120794,20.0,0.0,0.0,0.0,1.1336353060567808,6.385980545036015,0.0,47.84782554887255,44.632558600034656,0.0,32.72570113398079,0,0.0,AGRICULTURAL,177.0,24.80256111111111,75.30448333333334
3,5.34,7.66,343.2166666666667,350.36,1,1.0,0.5099371760603365,1.0,0.2,3.0,0.6622792099265727,57.55698024816432,10.0,0.0,1.0,0.0,0.9925496893641248,51.4739734164996,0.0,40.33811044281082,7.14833791242791,0.0445533526397861,106.20926044540882,0,0.0,AGRICULTURAL,178.0,24.877683333333337,80.47500000000001
3,11.31,14.99,344.8233333333333,347.75,1,1.0,0.5520721442874308,1.0,0.2,3.0,0.6442999468037669,57.107498670094174,30.0,0.0,0.0,0.0,65.31769015618426,5.972624439989109,0.0148511175465953,27.083488032474445,1.3836291180911362,0.0,40.32649684526513,0,0.0,AGRICULTURAL,179.0,24.89869333333333,77.29221333333334
2,9.045,9.83,345.355,345.7,1,1.0,0.3839114123114395,1.0,0.2,2.0,0.7225896044384646,57.06474011096162,30.0,0.0,0.0,0.0,82.44597905992426,3.395955545654811,0.0,9.81411351204178,4.244944432068514,0.0198014900621271,43.143157135836105,0,0.0,AGRICULTURAL,180.0,24.99532,77.14760000000001
3,4.983333333333333,5.33,341.7333333333333,345.48,2,4.0,1.2997302145583791,0.5,0.8,0.75,0.4348336138167544,47.370840345418856,10.0,0.0,1.0,0.0,0.3861290562114799,54.21400460384645,0.0,17.573822430137866,27.82604390980421,0.0,72.38028480543758,0,0.0,AGRICULTURAL,181.0,25.331576666666667,77.11514999999999
2,6.95,6.95,349.225,352.51,1,1.0,0.5259213801919205,1.0,0.2,2.0,0.6553417580886287,55.38354395221572,10.0,0.0,1.0,0.0,0.6138461919259425,27.397836687210717,0.0,51.72149204227618,20.25939951981387,0.0074255587732976,68.77421548455696,0,0.0,AGRICULTURAL,182.0,25.337705,77.027685
2,9.17,10.16,361.34,367.0,1,1.0,0.4685065790565415,1.0,0.2,2.0,0.6809639223015679,56.0240980575392,30.0,0.0,0.0,0.0,0.9182941016311478,15.47981485606792,0.0,74.97834212024455,8.623548922056385,0.0,84.00400087854023,0,0.0,AGRICULTURAL,183.0,21.70172,74.172995
2,15.07,15.07,367.0,367.0,1,1.0,0.726167418067913,1.0,0.2,2.0,0.5793180832478537,53.482952081196345,30.0,0.0,0.0,0.0,6.076582262815277,11.564070196282271,0.0,73.36204549392342,7.16071384371674,0.6336476819880696,123.13326581343492,0,0.0,AGRICULTURAL,184.0,22.327965,74.69011
3,8.766666666666667,11.47,341.02666666666664,345.74,3,5.0,0.9558762627602932,0.6,1.0,0.6,0.5112797874998074,56.98199468749519,30.0,0.0,0.0,0.0,9.942823197445607,31.15764461275711,0.0,57.79312393257593,1.1064082572213558,0.0,106.03420559579246,0,0.0,AGRICULTURAL,185.0,22.485856666666667,74.92714666666667
3,20.15333333333333,21.96,351.12999999999994,355.48,2,3.0,1.3015794821259603,0.6666666666666666,0.6,1.0,0.4344842347466114,47.86210586866528,40.0,1.0,0.0,0.0,99.64109799262395,0.1881141555902081,0.0049503725155317,0.165837479270315,0.0,0.0,28.35737646496849,0,0.0,AGRICULTURAL,186.0,23.456856666666667,74.32401333333333
3,2.243333333333333,4.02,319.6133333333333,344.33,2,5.0,0.6220491106716816,0.4,1.0,0.6,0.6165041449243824,53.61260362310956,10.0,0.0,1.0,0.0,0.1014826365684017,92.40612856117424,0.0,5.185515210019554,2.306873592237816,0.0,62.51236981747608,0,0.0,AGRICULTURAL,187.0,23.48746333333333,80.48514666666667
3,1.0833333333333333,1.24,309.1333333333333,317.89,2,5.0,1.0657877862545386,0.4,1.0,0.6,0.4840768285367254,50.30192071341813,40.0,1.0,0.0,0.0,96.99759906932997,1.1880894037276304,0.477710947748818,1.3366005791935844,0.0,0.0,69.83823832938619,0,0.0,AGRICULTURAL,188.0,23.72825333333333,78.37240000000001
2,1.73,1.73,311.395,312.76,1,1.0,0.5374272662573848,1.0,0.2,2.0,0.6504372739754619,55.26093184938655,20.0,0.0,0.0,0.0,19.781688572065047,36.22930125491944,0.4381079676245637,30.16014455087745,13.390757654513502,0.0,66.49873858623873,0,0.0,AGRICULTURAL,189.0,23.75563,78.358665
3,1.1966666666666663,1.75,307.32,308.11,2,5.0,0.4132783541962204,0.4,1.0,0.6,0.70757469470247,55.88936736756175,50.0,0.0,0.0,1.0,27.100814336278805,20.561372243261307,27.496844137521347,17.96985223138041,2.3662780624241977,3.727630504195441,117.124862182694,0,0.0,AGRICULTURAL,190.0,23.990606666666665,79.39256666666667
2,0.74,0.74,303.94,306.96,1,1.0,0.3503461896248792,1.0,0.2,2.0,0.7405508362842835,57.51377090710709,40.0,1.0,0.0,0.0,88.44270709942352,5.21598357419253,0.0829187396351575,5.76087814893785,0.4777698807549553,0.0197425570559898,73.55407590071972,0,0.0,AGRICULTURAL,191.0,24.002105,77.29192499999999
2,0.655,0.78,303.975,304.65,1,1.0,0.5774980039197399,1.0,0.2,2.0,0.6339152236739554,54.847880591848885,40.0,1.0,0.0,0.0,62.71626939927229,3.0642805871141805,0.4059305462736071,33.70956164451375,0.0371277938664884,0.0668300289596792,64.72194715887278,0,0.0,AGRICULTURAL,192.0,24.038985,77.048595
2,1.07,1.22,308.03,308.1,1,1.0,0.3720873006121113,1.0,0.2,2.0,0.7288165990268135,57.22041497567034,40.0,1.0,0.0,0.0,96.9159179228237,1.2672953639761393,0.1064330090839335,1.7103537041162349,0.0,0.0,113.99015817140398,0,0.0,AGRICULTURAL,193.0,24.107965,79.48194000000001
2,2.255,4.13,322.66,342.99,2,5.0,0.5393312411665334,0.4,1.0,0.4,0.6496327582114046,54.04081895528512,10.0,0.0,1.0,0.0,37.56837702037078,29.53639761392045,0.0,24.469691344273656,8.425534021435114,0.0,58.60617269329748,0,0.0,AGRICULTURAL,194.0,24.145765,77.28585
6,2.2533333333333334,4.3,316.9633333333333,333.28,4,5.0,1.518288054453269,0.8,1.0,1.2,0.3970951608302427,61.32737902075607,40.0,1.0,0.0,0.0,53.02839038637658,24.13554119947526,8.628499294571917,8.121086111729909,0.2524689982921215,0.1980149006212717,18.68794051973606,0,0.0,AGRICULTURAL,195.0,24.48459166666667,77.14349666666666
2,1.95,1.95,312.095,315.05,1,1.0,0.5104564967406913,1.0,0.2,2.0,0.6620515070495776,55.55128767623945,30.0,0.0,0.0,0.0,0.8316625826093413,56.31296255043192,0.0,23.96722853394718,18.88814633301156,0.0,85.8215018856405,0,0.0,AGRICULTURAL,196.0,24.50362,79.432925
2,1.285,1.65,318.61,334.28,2,2.0,0.8441334601831899,1.0,0.4,1.0,0.542260102964925,55.55650257412312,30.0,0.0,0.0,0.0,14.93032350684389,29.729462142026183,0.0,52.14722407861192,2.6558748545828075,0.0074255587732976,74.08791313722811,0,0.0,AGRICULTURAL,197.0,24.557675,79.331755
4,2.155,2.88,317.7075,332.89,2,2.0,1.4881217767432795,1.0,0.4,2.0,0.4019095887295786,54.04773971823948,10.0,0.0,1.0,0.0,15.279324769188882,72.57246107769609,0.0173263038043612,4.014752110096285,8.116135739214377,0.0,80.0339002467235,0,0.0,AGRICULTURAL,198.0,24.5973425,79.40845
3,3.333333333333333,9.0,315.7933333333333,346.57,2,3.0,1.0464127844407307,0.6666666666666666,0.6,1.0,0.4886599651855148,49.21649912963787,10.0,0.0,1.0,0.0,24.28157718868345,53.681839558426766,0.0,17.462439048538403,4.574144204351378,0.0,42.02599842734371,0,0.0,AGRICULTURAL,199.0,24.911833333333337,77.30115666666666
2,0.89,0.93,305.97,310.29,1,1.0,0.583791279695766,1.0,0.2,2.0,0.6313963290618018,54.78490822654505,20.0,0.0,0.0,0.0,1.613821440063365,66.42162322714785,0.0,12.997203039528724,18.967352293260067,0.0,41.41524795032966,0,0.0,AGRICULTURAL,200.0,24.91965,77.28043
2,3.08,3.56,321.275,335.47,1,1.0,0.3677310903875253,1.0,0.2,2.0,0.7311378728085106,57.27844682021277,40.0,1.0,0.0,0.0,77.67134476869384,1.509863617237197,1.8118363406846365,18.83864260785624,0.1361352441771243,0.0321774213509566,34.43923027460662,0,0.0,AGRICULTURAL,201.0,24.974515,77.001015
2,0.85,0.88,301.08000000000004,301.72,1,1.0,0.251993979526561,1.0,0.2,2.0,0.7987258855495041,58.968147138737606,40.0,1.0,0.0,0.0,97.04710279448528,0.4009801737580752,0.2821712333853122,2.173213534318457,0.0,0.0965322640528699,96.97762649004376,0,0.0,AGRICULTURAL,202.0,25.119275,80.00223
2,0.73,0.84,297.98,299.65,1,1.0,0.1649346483043618,1.0,0.2,2.0,0.8584172523802645,60.46043130950661,40.0,1.0,0.0,0.0,99.89356699091609,0.0420781663820202,0.0099007450310635,0.0544540976708497,0.0,0.0,48.19071120205881,0,0.0,AGRICULTURAL,203.0,25.46054,76.683965
6,2.3516666666666666,4.5,319.81166666666667,343.56,2,2.0,1.1491012873021944,1.0,0.4,3.0,0.4653107817246333,57.63276954311584,10.0,0.0,1.0,0.0,0.0,84.9830449741343,0.0,13.732333358085198,1.2846216677805005,0.0,54.66164519857156,0,0.0,AGRICULTURAL,204.0,21.17427333333333,76.60796333333333
12,2.490833333333333,6.5,324.0183333333333,352.89,5,5.0,2.776713539151024,1.0,1.0,2.4,0.2647804737196966,66.41951184299242,10.0,0.0,1.0,0.0,0.0074255587732976,87.42357862429148,0.0,12.296725328580976,0.2722704883542486,0.0,56.70798906328158,0,0.0,AGRICULTURAL,205.0,21.1906425,76.5986175
3,2.293333333333333,2.59,317.11,331.49,2,2.0,0.4927859499599679,1.0,0.4,1.5,0.669888405653079,59.74721014132698,10.0,0.0,1.0,0.0,0.1014826365684017,97.3713521942526,0.0,0.8390881413826391,1.6880770277963415,0.0,66.29414149052826,0,0.0,AGRICULTURAL,206.0,21.27847,80.79217
2,1.2000000000000002,1.28,309.74,310.98,2,4.0,0.2619587794194681,0.5,0.8,0.5,0.7924189096414261,55.81047274103565,60.0,0.0,0.0,0.0,26.16766911710106,10.625974604588995,1.1460112373456102,23.746936957006017,0.0792059602485087,34.48181975693671,3.456092550108212,2,4850.0,AGRICULTURAL,207.0,21.28205,79.149355
6,4.93,11.52,327.2783333333333,344.26,3,3.0,1.9691068041329831,1.0,0.6,2.0,0.336801626202198,57.42004065505495,10.0,0.0,1.0,0.0,0.0024751862577658,74.92636320883146,0.0,24.170193807083983,0.9009677978267864,0.0,66.14064817000265,0,0.0,AGRICULTURAL,208.0,21.29402333333333,76.65032166666667
4,4.6275,8.29,329.4475,347.49,2,3.0,0.463400519082585,0.6666666666666666,0.6,1.3333333333333333,0.6833399243475097,54.750164775354406,10.0,0.0,1.0,0.0,2.0816316427811192,65.1469023043984,0.0,25.125615702581623,7.645850350238856,0.0,67.21163639190542,0,0.0,AGRICULTURAL,209.0,21.306675,76.663935
2,3.255,5.67,322.58000000000004,340.0,2,3.0,0.3691123216852588,0.6666666666666666,0.6,0.6666666666666666,0.7304002631201847,54.59333991133795,10.0,0.0,1.0,0.0,3.126160243558328,39.35793668473553,0.0,51.02101433132843,6.494888740377713,0.0,37.16170121308232,0,0.0,AGRICULTURAL,210.0,21.337625,75.6762
2,3.56,3.86,310.365,310.94,1,1.0,0.284378869115892,1.0,0.2,2.0,0.7785864623328431,58.46466155832108,10.0,0.0,1.0,0.0,0.0297022350931907,76.99809410658152,0.0,17.05403331600703,5.91817034231826,0.0,50.05216615740953,0,0.0,AGRICULTURAL,211.0,21.441385,77.612825
2,2.5700000000000003,2.79,315.21500000000003,315.31,1,1.0,0.2171424593961962,1.0,0.2,2.0,0.8215965126186487,59.539912815466224,10.0,0.0,1.0,0.0,44.84047424568699,25.08848790871513,0.0272270488354248,25.734511521992037,2.9207197841637584,0.1509863617237197,41.72342178368407,0,0.0,AGRICULTURAL,212.0,21.517090000000003,78.802065
4,1.0325,1.75,310.81,319.8,1,1.0,0.5756432890570471,1.0,0.2,4.0,0.6346614154009794,58.86653538502449,30.0,0.0,0.0,0.0,0.0,24.991955644662266,0.0,69.48590381426202,5.522140541075716,0.0,53.03597349302907,0,0.0,AGRICULTURAL,213.0,21.8162175,76.9457525
11,4.631818181818182,8.73,334.4818181818182,349.24,3,5.0,2.934963466663476,0.6,1.0,2.2,0.2541319655117198,53.753299137793,20.0,0.0,0.0,0.0,3.556842652409594,61.75589713125913,0.0,31.61802925670157,3.069230959629712,0.0,45.17232027659024,0,0.0,AGRICULTURAL,214.0,21.824847272727272,76.85483818181818
36,5.457777777777778,20.22,337.0855555555556,367.0,5,5.0,7.145340424018013,1.0,1.0,7.2,0.12276957719917,72.46923942997925,10.0,0.0,1.0,0.0,0.0618796564441474,67.10229944803346,0.0,30.083413776886708,2.7524071186356776,0.0,49.87676920619616,0,0.0,AGRICULTURAL,215.0,21.838174444444444,76.92511583333334
7,3.355714285714285,5.09,326.51571428571424,343.46,4,4.0,2.4108126940842336,1.0,0.8,1.75,0.2931852580865597,60.829631452164,10.0,0.0,1.0,0.0,0.0,99.29209673027896,0.0,0.6930521521744512,0.0148511175465953,0.0,66.45622411257757,0,0.0,AGRICULTURAL,216.0,22.009357142857144,79.93403571428573
2,0.54,0.54,304.04,304.68,1,1.0,0.3296041374874253,1.0,0.2,2.0,0.7521035560928055,57.80258890232014,20.0,0.0,0.0,0.0,8.593846686963195,54.30311130912601,0.0,33.875399123784064,3.197940645033539,0.0173263038043612,59.32257052921802,0,0.0,AGRICULTURAL,217.0,22.023945,77.10163
26,4.368461538461538,10.23,334.6392307692308,354.88,4,5.0,4.121409298193764,0.8,1.0,5.2,0.1952587543340235,64.28146885835059,10.0,0.0,1.0,0.0,0.0,99.9925744412267,0.0,0.0074255587732976,0.0,0.0,73.69953575296014,0,0.0,AGRICULTURAL,218.0,22.11744,80.21823384615385
3,2.5933333333333333,4.12,314.53333333333336,325.83,1,1.0,1.4689273867592136,1.0,0.2,3.0,0.4050341882725961,51.1258547068149,10.0,0.0,1.0,0.0,0.0,98.4109304225143,0.0,1.5890695774857058,0.0,0.0,65.67120107783562,0,0.0,AGRICULTURAL,219.0,22.17422,80.11124666666666
2,1.59,2.17,318.625,332.73,2,3.0,0.7090421662943344,0.6666666666666666,0.6,0.6666666666666666,0.5851230705256796,50.961410096475326,10.0,0.0,1.0,0.0,0.022276676319893,96.27484468206232,0.0866315190218064,2.999925744412267,0.0321774213509566,0.4207816638202025,61.87575480465348,0,0.0,AGRICULTURAL,220.0,22.181645,79.85389
8,1.6875,2.08,313.625,321.89,1,1.0,1.093593926269489,1.0,0.2,8.0,0.4776475454253296,62.94118863563324,40.0,1.0,0.0,0.0,91.95316947600308,2.143511299225267,2.415781787579516,3.316749585406302,0.0,0.1707878517858468,58.40859397132199,0,0.0,AGRICULTURAL,221.0,22.20603625,79.34578375
3,1.7966666666666666,2.23,307.71000000000004,313.1,2,3.0,0.3210671504864003,0.6666666666666666,0.6,1.0,0.7569637922128428,55.92409480532107,50.0,0.0,0.0,1.0,42.05093933318482,1.0247271107150813,9.692829385411253,33.73431350709141,0.0,13.49471547733967,77.27895101808413,0,0.0,AGRICULTURAL,222.0,22.26727,75.13392333333333
3,0.7200000000000001,0.77,304.3966666666667,308.98,1,1.0,0.3271322124252234,1.0,0.2,3.0,0.7535044290520109,59.83761072630027,40.0,1.0,0.0,0.0,95.86643894953096,3.881092052176927,0.1039578228261676,0.1485111754659538,0.0,0.0,84.33198753029336,0,0.0,AGRICULTURAL,223.0,22.312106666666665,77.31794000000001
3,0.7300000000000001,0.8,305.03666666666663,309.05,1,1.0,0.3572925589169707,1.0,0.2,3.0,0.736760835702167,59.41902089255417,40.0,1.0,0.0,0.0,93.69075022895473,4.838989133932328,0.9009677978267864,0.5618672805128586,0.0,0.0049503725155317,78.1600191955564,0,0.0,AGRICULTURAL,224.0,22.31297,77.25496666666668
2,4.1,4.61,324.735,331.16,1,1.0,0.3378883143998438,1.0,0.2,2.0,0.7474465463498607,57.68616365874652,10.0,0.0,1.0,0.0,15.776837206999828,54.25113239771293,0.0,29.55372391772481,0.4183064775624365,0.0,34.33272879042036,0,0.0,AGRICULTURAL,225.0,22.372770000000003,75.88083499999999
2,9.91,12.94,340.67,367.0,1,1.0,0.3237831036177552,1.0,0.2,2.0,0.7554107597136637,57.88526899284159,40.0,1.0,0.0,0.0,81.27274077374322,11.960099997524813,1.4331328432464543,4.571669018093612,0.1608871067547833,0.0742555877329769,88.2695189219,0,0.0,AGRICULTURAL,226.0,22.38147,77.333285
2,1.715,2.48,309.255,311.89,1,1.0,0.690468356231367,1.0,0.2,2.0,0.591552037229104,53.7888009307276,30.0,0.0,0.0,0.0,0.6039454468948788,68.14930323506843,0.0,31.1947724066236,0.0519789114130838,0.0,35.87880459307358,0,0.0,AGRICULTURAL,227.0,22.386495,75.88367500000001
2,0.7,0.8,303.975,305.1,1,1.0,0.4569905585827929,1.0,0.2,2.0,0.6863462457661323,56.158656144153305,10.0,0.0,1.0,0.0,2.235093190762605,76.79017846092918,0.118808940372763,5.004826613202643,15.269424024157818,0.480186134006584,51.28714123781186,0,0.0,AGRICULTURAL,228.0,22.42577,76.17984
2,0.485,0.51,304.21000000000004,308.31,1,1.0,0.2029379102265321,1.0,0.2,2.0,0.8312981006739443,59.78245251684861,40.0,1.0,0.0,0.0,84.33949654711516,7.452785822133115,0.8217618375782778,2.658350040840573,4.727605752332863,0.0,58.25276968284293,0,0.0,AGRICULTURAL,229.0,22.45252,76.94966500000001
4,1.01,1.26,305.98,311.41,2,3.0,0.9973746875643104,0.6666666666666666,0.6,1.3333333333333333,0.5006571907744788,50.18309643602863,10.0,0.0,1.0,0.0,88.71562585084529,9.999752481374223,0.6138461919259425,0.6460236132768991,0.0,0.0247518625776589,80.1610778836518,0,0.0,AGRICULTURAL,230.0,22.47096,77.5038175
2,1.6,1.6,313.295,315.75,1,1.0,0.6515078356748588,1.0,0.2,2.0,0.6055072694168406,54.13768173542102,10.0,0.0,1.0,0.0,1.7326303804361276,68.45622633103142,0.0,27.318630726962205,2.4925125615702584,0.0,37.744564525198285,0,0.0,AGRICULTURAL,231.0,22.472425,80.27002999999999
2,0.865,1.11,310.535,316.02,2,3.0,0.3714691070836233,0.6666666666666666,0.6,0.6666666666666666,0.7291451151433238,54.56196121191642,40.0,1.0,0.0,0.0,96.26494393703126,3.3291255166951315,0.0272270488354248,0.2301923219722284,0.0,0.1485111754659538,93.34664506345617,0,0.0,AGRICULTURAL,232.0,22.502425,77.376
2,0.8,0.8,306.145,309.75,1,1.0,0.5653699606710944,1.0,0.2,2.0,0.638826619345172,54.9706654836293,40.0,1.0,0.0,0.0,93.7947080517809,4.480087126556273,0.7351303185564714,0.9232444741466797,0.0,0.0668300289596792,93.40485266029349,0,0.0,AGRICULTURAL,233.0,22.506745,77.32561
7,4.565714285714286,6.73,334.8742857142857,353.56,2,4.0,1.8633560167946328,0.5,0.8,1.75,0.3492405394699902,47.23101348674975,30.0,0.0,0.0,0.0,0.0643548427019133,53.18927749313136,0.0,44.10534392713052,2.641023737036212,0.0,45.91877406981228,0,0.0,AGRICULTURAL,234.0,22.53170571428571,78.59709428571429
4,3.265,3.99,329.5025,339.18,2,5.0,0.926849093043532,0.4,1.0,0.8,0.5189820020728566,51.57455005182141,10.0,0.0,1.0,0.0,0.0049503725155317,98.2302418256974,0.0,1.5420410385881538,0.2227667631989307,0.0,56.54627697415653,0,0.0,AGRICULTURAL,235.0,22.54935,77.90372500000001
4,1.43,1.97,308.385,314.18,2,3.0,1.309369627545383,0.6666666666666666,0.6,1.3333333333333333,0.4330185986999815,48.4921316341662,40.0,1.0,0.0,0.0,92.51998712903143,7.348827999306947,0.0247518625776589,0.1064330090839335,0.0,0.0,65.06930827427435,0,0.0,AGRICULTURAL,236.0,22.5580375,77.7725275
4,2.6625,4.5,312.85,327.19,2,2.0,1.5434055057423963,1.0,0.4,2.0,0.3931736397291903,53.82934099322976,40.0,1.0,0.0,0.0,92.56206529541348,2.7425063736046136,0.7128536422365783,3.2969480953441743,0.0,0.6361228682458354,67.92597274043868,0,0.0,AGRICULTURAL,237.0,22.5641325,77.7376125
14,1.327142857142857,2.73,305.9628571428571,316.12,1,1.0,2.2486387896922917,1.0,0.2,14.0,0.307821233672679,62.69553084181698,40.0,1.0,0.0,0.0,74.37687185960743,14.494690725477092,4.935521397985198,5.611247246355288,0.0990074503106358,0.4727605752332863,67.46403984434079,0,0.0,AGRICULTURAL,238.0,22.57955357142857,77.76413714285715
4,1.3299999999999998,2.31,304.7975,311.05,3,5.0,1.6002902275508637,0.6,1.0,0.8,0.3845724563376413,54.21431140844104,40.0,1.0,0.0,0.0,95.33674909036904,4.059305462736071,0.504937996584243,0.0990074503106358,0.0,0.0,81.36147056746306,0,0.0,AGRICULTURAL,239.0,22.580215,77.5726475
2,1.51,1.78,306.95,306.96,1,1.0,0.1737838419468882,1.0,0.2,2.0,0.8519456174668047,60.29864043667013,10.0,0.0,1.0,0.0,4.405831538823297,72.10465087497833,0.0,23.27912675428826,0.2103908319101012,0.0,31.776418714581418,0,0.0,AGRICULTURAL,240.0,22.582695,78.79936000000001
2,1.56,1.56,303.21500000000003,304.27,1,1.0,0.6323504572859194,1.0,0.2,2.0,0.6126135448037809,54.31533862009452,40.0,1.0,0.0,0.0,94.73527882973194,3.6409989851736335,0.0,0.9950248756218906,0.0049503725155317,0.5668176530283904,84.00471507116154,0,0.0,AGRICULTURAL,241.0,22.58318,77.54195
12,1.2141666666666666,2.18,308.77500000000003,324.32,4,5.0,1.7185975282361372,0.8,1.0,2.4,0.3678367208142109,62.99591802035528,40.0,1.0,0.0,0.0,96.62632113066508,3.3216999579218336,0.0,0.0346526076087225,0.0173263038043612,0.0,81.64543501590502,0,0.0,AGRICULTURAL,242.0,22.592391666666668,77.58031083333334
5,1.798,2.37,306.574,313.63,1,1.0,0.8307499972501566,1.0,0.2,5.0,0.5462242258648264,58.65560564662066,40.0,1.0,0.0,0.0,97.68075047647336,1.848964134551125,0.0346526076087225,0.3242493997673324,0.0,0.1113833815994653,74.52653901132346,0,0.0,AGRICULTURAL,243.0,22.595492,77.67959
12,2.295833333333334,8.14,312.6141666666667,337.77,4,5.0,2.154650419313868,0.8,1.0,2.4,0.3169923341989502,61.72480835497376,40.0,1.0,0.0,0.0,89.9779708423059,7.846340437117893,1.4034306081532637,0.6633499170812603,0.0396029801242543,0.0693052152174451,72.83943977545654,0,0.0,AGRICULTURAL,244.0,22.603775,77.71395833333334
6,1.895,3.41,309.64833333333337,323.67,3,4.0,1.7622667469135345,0.75,0.8,1.5,0.3620215176964234,54.550537942410585,40.0,1.0,0.0,0.0,80.30741813321453,8.098809435410015,4.675626840919779,6.247370114601123,0.0,0.670775475854558,84.47592930994821,0,0.0,AGRICULTURAL,245.0,22.612053333333336,77.56231833333334
12,3.418333333333333,10.25,322.105,354.55,3,4.0,1.9400727845241388,0.75,0.8,3.0,0.3401276340040859,57.00319085010215,40.0,1.0,0.0,0.0,99.31437340659885,0.6484987995346649,0.0,0.0371277938664884,0.0,0.0,75.31491214314507,0,0.0,AGRICULTURAL,246.0,22.614661666666667,77.69084500000001
4,2.5875,3.16,313.365,324.78,1,1.0,0.6649544682336826,1.0,0.2,4.0,0.6006170253177435,58.01542563294358,40.0,1.0,0.0,0.0,97.67332491770006,0.841563327640405,1.056904532066038,0.4282072225935001,0.0,0.0,82.77108246801889,0,0.0,AGRICULTURAL,247.0,22.6096275,77.5822575
9,1.3199999999999998,2.4,310.06222222222226,320.99,4,5.0,2.356304045711426,0.8,1.0,1.8,0.2979467850291355,60.0486696257284,40.0,1.0,0.0,0.0,98.21291552189302,0.8069107200316825,0.6806762208856216,0.2994975371896735,0.0,0.0,80.55721184685747,0,0.0,AGRICULTURAL,248.0,22.60524888888889,77.60723555555556
105,5.579809523809524,26.49,323.6158095238096,367.0,5,5.0,12.563370610488112,1.0,1.0,21.0,0.0737279861118542,76.84319965279636,40.0,1.0,0.0,0.0,94.32192272468504,4.858790623994456,0.4331575951090319,0.3663275661493527,0.0198014900621271,0.0,67.74423672736062,0,0.0,AGRICULTURAL,249.0,22.62924809523809,77.83577771428571
2,1.6800000000000002,2.04,320.81,336.0,2,3.0,0.9663118845937212,0.6666666666666666,0.6,0.6666666666666666,0.5085663204474908,49.0474913445206,40.0,1.0,0.0,0.0,59.0653696690676,9.341352936808494,3.470211133387788,8.527016658003514,0.0693052152174451,6.376079800004951,61.71068036006874,0,0.0,AGRICULTURAL,250.0,22.629595,77.971675
6,2.6,5.12,317.0883333333333,348.77,3,3.0,2.376843352883951,1.0,0.6,2.0,0.2961345539306591,56.40336384826647,40.0,1.0,0.0,0.0,91.6313952624935,3.551892279894062,2.037078290141333,2.754882304893443,0.0,0.0247518625776589,73.6414095118266,0,0.0,AGRICULTURAL,251.0,22.64524333333333,77.75806833333334
26,4.530769230769231,14.8,323.4646153846154,346.26,5,5.0,4.461521525439393,1.0,1.0,5.2,0.1830991593353736,69.97747898338434,40.0,1.0,0.0,0.0,96.53721442538551,1.831637830746764,0.6658251033390262,0.9653226405286998,0.0,0.0,76.76946074301027,0,0.0,AGRICULTURAL,252.0,22.653598846153844,77.71935961538462
4,1.69,1.95,307.485,319.93,1,1.0,1.248703346665604,1.0,0.2,4.0,0.4447007211879719,54.1175180296993,40.0,1.0,0.0,0.0,89.08442860325239,4.826613202643499,3.2820969777975795,2.5444914729833417,0.0,0.262369743323185,67.04645333183556,0,0.0,AGRICULTURAL,253.0,22.657685,77.9087475
5,2.454,3.99,309.178,317.91,3,4.0,2.071578532095692,0.75,0.8,1.25,0.3255654998075907,53.13913749518977,10.0,0.0,1.0,0.0,0.0841563327640405,94.22786564688992,0.0,5.6062968738397565,0.0816811465062746,0.0,35.87872469421227,0,0.0,AGRICULTURAL,254.0,22.661404,78.59183800000001
3,2.5666666666666664,6.06,318.91,343.19,2,4.0,1.3410997502502742,0.5,0.8,0.75,0.427149676084112,47.1787419021028,40.0,1.0,0.0,0.0,92.2774188757704,5.467686443404866,1.6905522140541074,0.5197891141308384,0.0445533526397861,0.0,95.35219399311109,0,0.0,AGRICULTURAL,255.0,22.68396333333333,77.48980333333333
4,0.9,1.51,303.08750000000003,307.07,2,4.0,1.6266088925855642,0.5,0.8,1.0,0.3807190338930233,46.51797584732558,40.0,1.0,0.0,0.0,93.96797108982452,3.774659043092993,1.462835078339645,0.7574069948763644,0.0,0.0024751862577658,78.60383181107127,0,0.0,AGRICULTURAL,256.0,22.6805625,77.7284675
3,1.5699999999999996,2.59,308.0433333333333,309.0,2,4.0,0.9344442113499968,0.5,0.8,0.75,0.5169443471839009,49.42360867959752,40.0,1.0,0.0,0.0,92.59176753050669,2.881116804039504,3.371203683077152,1.1385856785723123,0.0,0.0173263038043612,81.16660486252536,0,0.0,AGRICULTURAL,257.0,22.704156666666663,77.72125333333332
3,0.6766666666666667,0.95,302.8433333333333,305.68,2,3.0,0.5449483323569202,0.6666666666666666,0.6,1.0,0.6472708368663918,53.18177092165979,30.0,0.0,0.0,0.0,79.2208113660553,9.420558897057004,3.777134229350759,7.400806910720031,0.0767307739907428,0.1039578228261676,80.34541159452903,0,0.0,AGRICULTURAL,258.0,22.70922,77.74332666666668
2,2.355,3.6,324.725,337.83,2,2.0,0.3744864901263037,1.0,0.4,1.0,0.7275444372742496,60.188610931856246,30.0,0.0,0.0,0.0,33.81351946733992,14.601123734561025,0.0123759312888294,49.90223014281825,1.6707507239919803,0.0,30.949643871587885,0,0.0,AGRICULTURAL,259.0,22.71027,79.1194
2,1.94,1.94,310.09,311.4,1,1.0,0.5196316926923223,1.0,0.2,2.0,0.6580541882673597,55.451354706684,10.0,0.0,1.0,0.0,9.15076359496052,73.58481225712235,0.0,13.648177025321155,3.616247122595975,0.0,21.306410853132952,0,0.0,AGRICULTURAL,260.0,22.73914,78.7064
2,3.0700000000000003,3.68,323.15,336.12,2,2.0,0.8941749168194094,1.0,0.4,1.0,0.5279343481536241,55.1983587038406,30.0,0.0,0.0,0.0,0.816811465062746,29.897774807554267,0.0,67.97108982450929,1.3143239028736913,0.0,53.9653506709037,0,0.0,AGRICULTURAL,261.0,22.73827,79.386135
67,7.677164179104477,38.77,329.63417910447765,367.0,5,5.0,9.462354932119805,1.0,1.0,13.4,0.0955807756941952,77.38951939235488,40.0,1.0,0.0,0.0,90.84428603252394,6.78696071879409,1.1460112373456102,1.2227420113363532,0.0,0.0,77.48133809379868,0,0.0,AGRICULTURAL,262.0,22.76112925373134,77.91398104477611
3,1.22,1.39,313.24,322.47,2,3.0,0.1747026607845741,0.6666666666666666,0.6,1.0,0.8512792499610994,58.28198124902748,40.0,1.0,0.0,0.0,89.32452167025569,3.019727234474394,6.121135615455063,1.4752110096284743,0.0,0.0544540976708497,103.53711108293244,0,0.0,AGRICULTURAL,263.0,22.749666666666663,77.44697333333333
110,10.009818181818185,63.85,330.69127272727275,367.0,4,4.0,10.622816044450849,1.0,0.8,27.5,0.0860376690275018,72.15094172568755,40.0,1.0,0.0,0.0,96.91344273656593,2.0098512413059084,0.9653226405286998,0.1113833815994653,0.0,0.0,83.66415045637206,0,0.0,AGRICULTURAL,264.0,22.798039727272723,77.85219236363638
2,0.5449999999999999,0.58,299.295,300.2,2,4.0,0.6707640259650355,0.5,0.8,0.5,0.5985285680438317,50.9632142010958,40.0,1.0,0.0,0.0,99.21041558377269,0.3316749585406301,0.1831637830746763,0.2747456746120145,0.0,0.0,91.17778088918531,0,0.0,AGRICULTURAL,265.0,22.76528,75.390185
5,3.37,3.91,319.962,341.15,4,4.0,1.5152217975533029,1.0,0.8,1.25,0.3975792516480081,62.4394812912002,10.0,0.0,1.0,0.0,0.1509863617237197,78.39904952847702,0.0,21.254424395435755,0.1955397143635058,0.0,19.873473369983824,0,0.0,AGRICULTURAL,266.0,22.760738,79.026082
2,1.005,1.3,304.84000000000003,305.12,1,1.0,0.4667796755957171,1.0,0.2,2.0,0.6817656507231465,56.04414126807866,10.0,0.0,1.0,0.0,8.623548922056385,77.267889408678,0.1014826365684017,12.62592510086384,1.3811539318333703,0.0,26.066873835855024,0,0.0,AGRICULTURAL,267.0,22.77278,80.34752499999999
2,0.845,0.95,309.06,310.6,1,1.0,0.5642502860668461,1.0,0.2,2.0,0.6392838850069203,54.98209712517301,40.0,1.0,0.0,0.0,96.6758248558204,1.2301675701096506,1.9380708398306976,0.1386104304348902,0.0,0.0173263038043612,108.46867565542786,0,0.0,AGRICULTURAL,268.0,22.78133,77.41325
2,0.605,0.65,298.375,298.47,1,1.0,0.3186222036126722,1.0,0.2,2.0,0.7583673301270579,57.95918325317645,40.0,1.0,0.0,0.0,99.75743174673894,0.1955397143635058,0.0,0.0420781663820202,0.0,0.0049503725155317,84.72596431513527,0,0.0,AGRICULTURAL,269.0,22.79732,75.62362999999999
2,3.205,5.4,326.04,345.51,2,4.0,0.2491058052312716,0.5,0.8,0.5,0.8005726943322069,56.01431735830518,10.0,0.0,1.0,0.0,12.93284819682681,49.61015816440187,0.0123759312888294,34.75656543154872,2.683101903418232,0.0049503725155317,78.13021897948241,0,0.0,AGRICULTURAL,270.0,22.800905,76.493755
5,1.2719999999999998,1.64,314.884,323.01,1,1.0,0.6927288941797062,1.0,0.2,5.0,0.5907620549506828,59.76905137376707,40.0,1.0,0.0,0.0,56.16940174748149,9.031954654587755,0.0,34.67735947130022,0.1039578228261676,0.0173263038043612,78.49785461546286,0,0.0,AGRICULTURAL,271.0,22.805088,76.532252
3,2.686666666666667,5.54,316.57,332.74,2,2.0,0.5693931532537083,1.0,0.4,1.5,0.6371889656373058,58.92972414093265,30.0,0.0,0.0,0.0,9.13343729115616,48.776020395534765,0.0915818915373381,37.28373060072771,4.7152298210440335,0.0,4.002696492578413,1,1400.0,AGRICULTURAL,272.0,22.80462,80.08223
2,5.255,9.61,324.235,345.15,2,3.0,0.6418825864442076,0.6666666666666666,0.6,0.6666666666666666,0.6090569497820669,51.559757077885,20.0,0.0,0.0,0.0,14.618450038365388,35.74168956213955,0.0,35.2738793594218,14.365981040073269,0.0,92.96459290916955,0,0.0,AGRICULTURAL,273.0,22.81135,77.005535
2,3.715,4.8,307.05,307.56,1,1.0,0.5196915185547009,1.0,0.2,2.0,0.65802828257609,55.45070706440225,30.0,0.0,0.0,0.0,0.8786911215068934,54.421920249498775,0.0,42.50637360461374,2.1930150243805846,0.0,98.63484423297815,0,0.0,AGRICULTURAL,274.0,22.815935000000003,77.59851
6,1.5483333333333331,2.0,309.825,314.48,3,5.0,1.5098715109899057,0.6,1.0,1.2,0.3984267703033113,55.36066925758279,40.0,1.0,0.0,0.0,83.23556347615157,10.046781020271776,4.611271998217866,2.09895794658548,0.0,0.0074255587732976,23.876356229069536,0,0.0,AGRICULTURAL,275.0,22.822878333333332,78.55189333333334
3,1.7733333333333334,3.56,315.06666666666666,334.21,2,4.0,0.949724104041548,0.5,0.8,0.75,0.5128930795527008,49.32232698881752,10.0,0.0,1.0,0.0,7.925546397366403,70.76309992326922,0.0,20.212370980916315,1.0989826984480582,0.0,55.92940501893609,0,0.0,AGRICULTURAL,276.0,22.828136666666666,80.89335666666666
2,0.44,0.51,303.885,304.79,2,5.0,0.7891123356847517,0.4,1.0,0.4,0.5589363954708116,51.773409886770295,40.0,1.0,0.0,0.0,85.70332417514418,2.4380584638994085,4.764733546199351,5.962723694958045,0.0,1.1311601197990149,84.36840940751621,0,0.0,AGRICULTURAL,277.0,22.823855,75.86203499999999
10,1.7880000000000005,7.08,311.46000000000004,331.08,4,5.0,2.5009426880697108,0.8,1.0,2.0,0.2856373523073474,60.14093380768368,40.0,1.0,0.0,0.0,95.24516719883172,3.7647582980619294,0.9207692878889135,0.0693052152174451,0.0,0.0,29.75010762790381,0,0.0,AGRICULTURAL,278.0,22.828753,78.478393
5,1.882,4.62,312.27200000000005,324.92,3,5.0,1.3286537649504446,0.6,1.0,1.0,0.4294326683732138,55.73581670933034,40.0,1.0,0.0,0.0,98.78468354743694,1.076706022128165,0.0198014900621271,0.118808940372763,0.0,0.0,30.56671087922038,0,0.0,AGRICULTURAL,279.0,22.846228,78.45987799999999
3,0.6066666666666667,0.74,301.79,302.9,3,4.0,0.9192935170189231,0.75,0.8,0.75,0.5210250496511943,57.02562624127986,40.0,1.0,0.0,0.0,93.8095591693275,4.722655379817331,1.2846216677805005,0.1831637830746763,0.0,0.0,22.09526551548293,0,0.0,AGRICULTURAL,280.0,22.884463333333333,78.53201666666668
2,1.025,1.35,298.61,300.98,2,2.0,0.5653964839661086,1.0,0.4,1.0,0.6388157953864743,57.97039488466186,40.0,1.0,0.0,0.0,98.25994406079056,1.727680007920596,0.0,0.0123759312888294,0.0,0.0,20.01018902747745,0,0.0,AGRICULTURAL,281.0,22.887825,78.552565
2,1.0,1.13,308.86,311.58,1,1.0,0.3275677920918187,1.0,0.2,2.0,0.753257201595952,57.8314300398988,10.0,0.0,1.0,0.0,8.056731269027996,38.7861686591916,0.0,45.76371871983367,7.393381351946735,0.0,114.11560741415228,0,0.0,AGRICULTURAL,282.0,22.892495,77.23635999999999
2,2.87,4.93,322.345,339.03,2,3.0,0.9392204311738364,0.6666666666666666,0.6,0.6666666666666666,0.5156711346088111,49.2251116985536,30.0,0.0,0.0,0.0,0.6534491720501968,59.55793173436301,0.0148511175465953,34.40756416920373,5.366203806836464,0.0,119.85387945013905,0,0.0,AGRICULTURAL,283.0,22.89842,77.383675
2,0.855,0.88,307.765,308.05,1,1.0,0.208762840327446,1.0,0.2,2.0,0.8272921425422927,59.68230356355731,30.0,0.0,0.0,0.0,2.782109353728868,18.011930397762434,0.0,75.43377639167346,3.7647582980619294,0.0074255587732976,23.12826970271054,0,0.0,AGRICULTURAL,284.0,22.903355,79.77911
2,1.17,1.29,302.33500000000004,303.67,1,1.0,0.5548023205579934,1.0,0.2,2.0,0.6431685795536478,55.0792144888412,40.0,1.0,0.0,0.0,90.09430459642088,6.673102150936858,0.0,2.564292963045469,0.0,0.6683002895967922,25.383195125891465,0,0.0,AGRICULTURAL,285.0,22.90947,78.48995
3,2.773333333333333,3.9,316.00333333333333,324.56,1,1.0,0.5523138095477469,1.0,0.2,3.0,0.644199641753713,57.10499104384282,40.0,1.0,0.0,0.0,96.28969579960892,2.418256973837281,0.4752357614910522,0.7871092299695552,0.0,0.0247518625776589,17.979342119227912,0,0.0,AGRICULTURAL,286.0,22.92722333333333,78.55974666666667
3,1.0633333333333332,1.65,311.2766666666667,320.86,1,1.0,0.6071167294512875,1.0,0.2,3.0,0.6222323379966475,56.55580844991619,40.0,1.0,0.0,0.0,98.18816365931536,0.4133561050469048,0.0,1.20046533501646,0.0,0.0594044701863815,97.59245888983968,0,0.0,AGRICULTURAL,287.0,22.949273333333338,76.29558666666667
3,1.93,2.5,308.21000000000004,309.86,2,4.0,0.8411776834591658,0.5,0.8,0.75,0.5431306326292317,50.0782658157308,40.0,1.0,0.0,0.0,65.95381302443009,5.824113264523156,1.9034182322219748,3.692977896586718,0.0,1.831637830746764,32.4864474517344,0,0.0,AGRICULTURAL,288.0,22.96476,78.41455666666667
7,16.474285714285713,38.69,335.7657142857143,367.0,2,3.0,1.4233339054946932,0.6666666666666666,0.6,2.333333333333333,0.4126546480997065,49.98303286915933,40.0,1.0,0.0,0.0,98.96537214425386,0.2772208608697804,0.3886042424692458,0.3688027524071186,0.0,0.0,104.60946353085724,0,0.0,AGRICULTURAL,289.0,23.003931428571427,75.78534571428573
3,0.9333333333333332,1.44,304.29,307.55,1,1.0,0.3611270720855798,1.0,0.2,3.0,0.7346852623155568,59.36713155788892,40.0,1.0,0.0,0.0,89.45323135565951,1.878666369644316,0.5544417217395609,7.274572411573971,0.0,0.4405831538823296,104.20629235945188,0,0.0,AGRICULTURAL,290.0,23.00379666666667,76.79662
4,9.6725,13.13,337.0025,349.76,2,4.0,0.5445334798962044,0.5,0.8,1.0,0.6474446899443073,53.18611724860768,30.0,0.0,0.0,0.0,0.4727605752332863,29.46956758496077,0.0,60.77324818692607,9.24234548649786,0.0420781663820202,128.45560595059538,0,0.0,AGRICULTURAL,291.0,23.0087325,77.39359999999999
2,2.83,2.83,310.57000000000005,317.47,1,1.0,0.832962769556777,1.0,0.2,2.0,0.5455648181232873,52.639120453082185,10.0,0.0,1.0,0.0,0.4876116927798817,85.69342343011311,0.0,11.890794782307369,1.9281700947996336,0.0,81.72029883649401,0,0.0,AGRICULTURAL,292.0,23.02314,77.93646000000001
6,3.935,7.3,323.0733333333333,348.83,3,4.0,2.035564428364634,0.75,0.8,1.5,0.3294280268459778,53.735700671149445,10.0,0.0,1.0,0.0,0.143560802950422,84.82958342615282,0.0,12.898195589218089,2.128660181678671,0.0,85.81214383997272,0,0.0,AGRICULTURAL,293.0,23.02697,77.896685
2,0.825,1.41,308.115,315.71,2,4.0,0.3580420167145649,0.5,0.8,0.5,0.7363542421310675,54.408856053276686,40.0,1.0,0.0,0.0,98.7302294497661,0.1163337541149971,0.0396029801242543,0.7128536422365783,0.0,0.1460359892081879,119.32686523034936,0,0.0,AGRICULTURAL,294.0,23.12789,76.20085499999999
2,0.645,0.74,305.35,306.85,1,1.0,0.4009964982230935,1.0,0.2,2.0,0.7137776584511925,56.84444146127981,10.0,0.0,1.0,0.0,83.1761590059652,9.427984455830302,0.6980025246899829,6.685478082225687,0.0,0.0123759312888294,118.43598455197971,0,0.0,AGRICULTURAL,295.0,23.148145,76.331755
3,1.0333333333333334,1.56,309.02,315.46,1,1.0,0.8910379049997627,1.0,0.2,3.0,0.528810129800188,54.2202532450047,10.0,0.0,1.0,0.0,34.7293383827133,51.20417811440311,1.00740080691072,10.22499443083092,2.7647830499245067,0.0643548427019133,45.2230829342656,0,0.0,AGRICULTURAL,296.0,23.17661666666667,80.10659666666668
2,1.04,1.04,310.21000000000004,310.3,1,1.0,0.3648342085742452,1.0,0.2,2.0,0.7326897243033172,57.317243107582925,40.0,1.0,0.0,0.0,94.61151951684364,5.170664092472959,0.0346526076087225,0.1311848716615925,0.0519789114130838,0.0,121.80390618196076,0,0.0,AGRICULTURAL,297.0,23.18203,76.710655
34,4.20029411764706,20.35,328.64323529411763,367.0,5,5.0,5.645814411992376,1.0,1.0,6.8,0.1504706478404662,72.36176619601166,10.0,0.0,1.0,0.0,0.0,73.60461374718447,0.0,21.739560901957876,4.655825350857652,0.0,95.13182340346,0,0.0,AGRICULTURAL,298.0,23.18013,77.83335911764708
13,4.435384615384615,10.77,329.7307692307692,353.29,5,5.0,3.651059557790619,1.0,1.0,2.6,0.2150047720470445,65.57511930117612,10.0,0.0,1.0,0.0,0.1980149006212717,46.38994084304843,0.0,33.17739659909408,20.23464765723621,0.0,105.39375800828596,0,0.0,AGRICULTURAL,299.0,23.216405384615385,77.74002692307693
2,1.4900000000000002,1.87,309.365,315.83,1,1.0,0.4570761150998492,1.0,0.2,2.0,0.6863059449241421,56.15764862310356,10.0,0.0,1.0,0.0,63.1221999455459,12.663052894730328,14.62340041088092,9.153238781218286,0.0024751862577658,0.0891067052795722,53.37953213738046,0,0.0,AGRICULTURAL,300.0,23.22944,79.94175999999999
2,1.475,1.76,304.255,304.84,1,1.0,0.4219457997328854,1.0,0.2,2.0,0.7032616856337643,56.58154214084411,40.0,1.0,0.0,0.0,96.1758372317517,2.517264424147917,1.0222519244573154,0.2722704883542486,0.0,0.0123759312888294,42.36489183333673,0,0.0,AGRICULTURAL,301.0,23.254325,78.46948499999999
2,0.31,0.34,302.69500000000005,303.54,1,1.0,0.3032170343380505,1.0,0.2,2.0,0.7673318976435379,58.183297441088456,50.0,0.0,0.0,1.0,91.1314076384248,2.158362416771862,3.722680131679909,2.9825994406079057,0.0,0.0049503725155317,147.75608127506004,0,0.0,AGRICULTURAL,302.0,23.26929,77.24061
7,6.542857142857144,12.38,333.08714285714285,348.79,3,4.0,1.4003271563891106,0.75,0.8,1.75,0.4166098764238172,56.41524691059543,30.0,0.0,0.0,0.0,11.581396500086631,48.5483032598203,0.0,36.38523798915869,3.438033712036831,0.047028538897552,66.69819720917326,0,0.0,AGRICULTURAL,303.0,23.278594285714288,78.17956428571428
3,10.493333333333332,12.54,333.73,367.0,1,1.0,0.7086286729224973,1.0,0.2,3.0,0.5852646721007939,55.63161680251984,40.0,1.0,0.0,0.0,96.5025618177768,2.2623202395980297,0.891067052795723,0.3341501447983961,0.0,0.0099007450310635,138.7292198849182,0,0.0,AGRICULTURAL,304.0,23.294686666666667,76.91837
2,2.21,2.21,321.435,328.9,1,1.0,0.43537976185898,1.0,0.2,2.0,0.6966797404924299,56.41699351231075,40.0,1.0,0.0,0.0,90.57696591668524,9.061656889680949,0.0,0.361377193633821,0.0,0.0,62.959097326007566,0,0.0,AGRICULTURAL,305.0,23.311825,80.272265
4,0.575,0.94,303.47,311.65,3,5.0,0.7348504076430022,0.6,1.0,0.8,0.5764185751085117,59.01046437771279,40.0,1.0,0.0,0.0,79.6490185886488,16.643152397217893,1.3811539318333703,2.188064651865053,0.1039578228261676,0.0346526076087225,66.68164623324931,0,0.0,AGRICULTURAL,306.0,23.3505075,80.2572175
13,4.843076923076923,7.34,334.65,367.0,3,5.0,3.7899247181596953,0.6,1.0,2.6,0.2087715483729363,53.41928870932341,10.0,0.0,1.0,0.0,0.6385980545036014,86.06965174129353,0.0,10.242320734635282,3.0494294695675848,0.0,47.97423682365326,0,0.0,AGRICULTURAL,307.0,23.351104615384617,78.53495615384614
2,0.56,0.6,299.385,300.11,1,1.0,0.3530260554719178,1.0,0.2,2.0,0.739084067121836,57.47710167804591,40.0,1.0,0.0,0.0,89.58194104106335,6.056780772753149,3.5964456325338485,0.7524566223608327,0.0,0.0123759312888294,138.42766330265303,0,0.0,AGRICULTURAL,308.0,23.376225,77.01012
3,1.91,1.93,318.36000000000007,324.41,2,4.0,0.7247404265325893,0.5,0.8,0.75,0.5797973913155127,50.99493478288781,40.0,1.0,0.0,0.0,96.19811390807158,3.789510160639588,0.0,0.0,0.0123759312888294,0.0,70.65471745831472,0,0.0,AGRICULTURAL,309.0,23.374476666666663,80.37683333333334
6,0.9266666666666666,1.55,309.16333333333336,314.9,3,4.0,1.8172181285114035,0.75,0.8,1.5,0.3549600898416738,54.37400224604184,40.0,1.0,0.0,0.0,93.55709017103536,5.824113264523156,0.2227667631989307,0.3316749585406301,0.0024751862577658,0.0618796564441474,70.94511246104044,0,0.0,AGRICULTURAL,310.0,23.381128333333333,80.29290166666668
6,1.5849999999999995,4.71,310.43666666666667,337.67,2,4.0,1.305228881923581,0.5,0.8,1.5,0.4337964042709535,48.84491010677384,40.0,1.0,0.0,0.0,98.36142669735898,1.3366005791935844,0.0,0.190589341847974,0.1113833815994653,0.0,69.75450586051424,0,0.0,AGRICULTURAL,311.0,23.387126666666664,79.97029500000001
17,1.786470588235294,5.79,312.5070588235294,337.54,5,5.0,3.3242308370547144,1.0,1.0,3.4,0.2312549994858997,67.58137498714748,40.0,1.0,0.0,0.0,98.5049875003094,0.9207692878889135,0.5321650454196678,0.0396029801242543,0.0,0.0,75.56965082089297,0,0.0,AGRICULTURAL,312.0,23.43369705882353,80.25276705882352
3,0.9866666666666668,1.2,308.55,310.87,2,4.0,0.697783502279977,0.5,0.8,0.75,0.5890032496234567,51.22508124058642,40.0,1.0,0.0,0.0,92.9308680478206,4.430583401400956,1.225217197594119,1.4034306081532637,0.0,0.0,75.97520165065212,0,0.0,AGRICULTURAL,313.0,23.42927333333333,80.2888
2,1.5099999999999998,2.51,313.82500000000005,322.93,2,4.0,0.780010631829634,0.5,0.8,0.5,0.5617943972458872,50.04485993114718,40.0,1.0,0.0,0.0,86.58449048290883,11.554169451251203,0.8267122100938097,0.5940447018638152,0.0,0.0297022350931907,73.05304313302427,0,0.0,AGRICULTURAL,314.0,23.426615,80.06638000000001
5,2.15,3.81,319.276,332.55,2,2.0,1.5709299599590107,1.0,0.4,2.5,0.3889643108036842,54.72410777009211,40.0,1.0,0.0,0.0,91.60169302740032,6.202816761961338,1.846488948293359,0.3490012623449914,0.0,0.0,73.88588126510214,0,0.0,AGRICULTURAL,315.0,23.433522,80.13389
2,2.635,4.84,320.115,340.28,2,2.0,0.8963147103725628,1.0,0.4,1.0,0.527338629252912,55.1834657313228,40.0,1.0,0.0,0.0,85.96074354595183,10.36360486126581,2.01480161382144,0.9430459642088068,0.0,0.3663275661493527,75.15389407312047,0,0.0,AGRICULTURAL,316.0,23.44578,80.07563999999999
2,0.96,1.14,301.24,303.29,2,2.0,0.636132166818369,1.0,0.4,1.0,0.611197567214026,57.27993918035066,40.0,1.0,0.0,0.0,89.18343605356303,9.128486918640627,0.9653226405286998,0.722754387267642,0.0,0.0,76.81715693624994,0,0.0,AGRICULTURAL,317.0,23.45119,79.967595
20,1.826,4.79,309.9895,341.79,5,5.0,3.762988877083594,1.0,1.0,4.0,0.2099522014026423,68.24880503506607,40.0,1.0,0.0,0.0,90.22053909556696,5.254820425236999,2.749931932377911,1.7672829880448504,0.0,0.0074255587732976,77.87251026749703,0,0.0,AGRICULTURAL,318.0,23.4600325,80.22399
2,2.73,2.73,318.2,333.76,1,1.0,0.4634749435828983,1.0,0.2,2.0,0.6833051733374998,56.082629333437495,40.0,1.0,0.0,0.0,74.60458899532189,21.92767505754808,0.0,3.363778124303854,0.1039578228261676,0.0,80.95492895276911,0,0.0,AGRICULTURAL,319.0,23.472245,79.88402500000001
2,1.185,1.85,308.52,310.4,2,5.0,0.8381557089967802,0.4,1.0,0.4,0.544023553122045,51.40058882805112,10.0,0.0,1.0,0.0,76.11197742630132,14.883294967946338,0.6286973094725378,8.138412415534269,0.2277171357144625,0.0099007450310635,81.20755072021295,0,0.0,AGRICULTURAL,320.0,23.470305,79.867625
2,0.78,0.8,305.63,306.37,1,1.0,0.1953704268470303,1.0,0.2,2.0,0.8365607660527881,59.91401915131971,40.0,1.0,0.0,0.0,98.45053340263856,1.321749461646989,0.1138585678572312,0.0643548427019133,0.0,0.0,114.88386239254432,0,0.0,AGRICULTURAL,321.0,23.501065,76.03497
2,0.75,0.91,305.655,311.92,2,5.0,0.8222623494826062,0.4,1.0,0.4,0.5487684033442985,51.51921008360747,40.0,1.0,0.0,0.0,73.85213237296107,15.306551818024303,1.2078908937897577,5.878567362194005,3.754857553030866,0.0,77.73739633031894,0,0.0,AGRICULTURAL,322.0,23.53917,78.30651
2,3.34,3.34,319.295,337.64,1,1.0,0.5124593656372315,1.0,0.2,2.0,0.6611747877131752,55.52936969282938,10.0,0.0,1.0,0.0,83.90138857949061,11.242295982772704,0.5593920942550926,3.4900126234499145,0.6163213781837084,0.1881141555902081,78.54596427053622,0,0.0,AGRICULTURAL,323.0,23.591735,79.074675
4,0.77,0.87,306.6975,308.18,1,1.0,0.5093939957782435,1.0,0.2,4.0,0.6625175420049288,59.56293855012322,40.0,1.0,0.0,0.0,70.2284596915918,1.10393307096359,0.0,27.637929754214003,0.0,0.9405707779510408,104.39187083035291,0,0.0,AGRICULTURAL,324.0,23.6017375,75.9660475
4,7.79,13.35,339.6375,367.0,2,2.0,1.5497336380178883,1.0,0.4,2.0,0.3921978300358384,53.804945750895975,40.0,1.0,0.0,0.0,65.02561817776787,8.091383876636717,0.8786911215068934,23.244474146679536,2.759832677408975,0.0,76.77241586835622,0,0.0,AGRICULTURAL,325.0,23.6836825,78.43399000000001
2,1.05,1.32,304.945,306.43,1,1.0,0.6799161446683173,1.0,0.2,2.0,0.5952678073687065,53.88169518421766,30.0,0.0,0.0,0.0,12.45018687656246,30.88042375188733,0.0,53.2585827083488,3.410806663201406,0.0,24.63888740774551,0,0.0,AGRICULTURAL,326.0,23.750895,74.58379
4,2.015,2.84,321.185,343.73,2,2.0,0.8663612940911154,1.0,0.4,2.0,0.5358019388668163,57.39504847167041,20.0,0.0,0.0,0.0,8.977500556916908,34.4248904730081,0.0321774213509566,44.52365040469296,11.903170713596198,0.1386104304348902,42.316342244987965,0,0.0,AGRICULTURAL,327.0,23.85293,74.3717725
3,0.8433333333333334,1.2,300.71,302.43,1,1.0,0.6780510279770281,1.0,0.2,3.0,0.5959294344019731,55.898235860049326,10.0,0.0,1.0,0.0,16.880770277963418,51.47149823024183,0.0,29.939852973936286,1.7078785178584688,0.0,38.84827392686786,0,0.0,AGRICULTURAL,328.0,23.87514,74.64546666666666
2,1.7200000000000002,1.87,306.74,306.93,1,1.0,0.0615446173721249,1.0,0.2,2.0,0.9420235227375746,62.55058806843936,10.0,0.0,1.0,0.0,0.0643548427019133,31.62793000173263,0.0,33.92242766268161,1.584119204970174,0.2524689982921215,102.10491267457073,0,0.0,AGRICULTURAL,329.0,21.938235,74.15790000000001
2,0.815,0.93,300.38,302.97,2,3.0,0.8055499526749609,0.6666666666666666,0.6,0.6666666666666666,0.5538478725102447,50.17953014608945,40.0,1.0,0.0,0.0,97.44065740947006,1.4677854508551769,0.8217618375782778,0.2697953020964827,0.0,0.0,133.00181712641782,0,0.0,AGRICULTURAL,330.0,23.347985,75.918635
4,4.135,11.0,312.81499999999994,342.07,2,2.0,0.7852234246344075,1.0,0.4,2.0,0.5601539763600112,58.00384940900029,20.0,0.0,0.0,0.0,6.757258483700898,28.056236231776445,0.0,39.28863146951808,25.89787381500458,0.0,47.91028902523339,0,0.0,AGRICULTURAL,331.0,21.1165025,74.008585
5,3.0,4.63,318.654,333.35,3,4.0,1.7145011294013306,0.75,0.8,1.25,0.3683918157810989,54.20979539452747,10.0,0.0,1.0,0.0,0.1559367342392515,94.90111630900223,0.0,4.2028662656864935,0.7153288284943442,0.0,43.965079449309854,0,0.0,AGRICULTURAL,332.0,21.083824,80.20311799999999
3,5.36,6.85,343.5466666666666,347.69,2,3.0,0.7608274905246111,0.6666666666666666,0.6,1.0,0.5679148044775616,51.19787011193904,10.0,0.0,1.0,0.0,0.0049503725155317,99.55446647360216,0.0,0.2920719784163758,0.1485111754659538,0.0,62.51698204967688,0,0.0,AGRICULTURAL,333.0,21.10267,80.47071666666666
2,3.865,3.88,333.76,335.35,1,1.0,0.3077316134349475,1.0,0.2,2.0,0.7646828980247364,58.11707245061841,10.0,0.0,1.0,0.0,7.653275909012152,86.3840003960298,0.0148511175465953,5.621147991386352,0.3267245860250984,0.0,42.96664429965645,0,0.0,AGRICULTURAL,334.0,21.147215000000003,80.26882
2,5.8100000000000005,7.08,341.365,341.75,2,4.0,0.8200616325491131,0.5,0.8,0.5,0.5494319434663517,49.73579858665879,10.0,0.0,1.0,0.0,1.5073884309794312,96.37385213237296,0.0,1.485111754659538,0.6336476819880696,0.0,56.85353612428651,0,0.0,AGRICULTURAL,335.0,21.156820000000003,80.4425
4,5.0600000000000005,11.0,338.86,346.08,2,4.0,1.6000580706871594,0.5,0.8,1.0,0.3846067944689073,46.61516986172269,10.0,0.0,1.0,0.0,1.3638276280290091,89.54233806093909,0.0148511175465953,4.368703744956808,4.593945694413504,0.1163337541149971,76.41960846567684,0,0.0,AGRICULTURAL,336.0,21.1796,80.66129
2,22.525,23.75,360.425,367.0,1,1.0,0.5679491448370911,1.0,0.2,2.0,0.6377757871119597,54.94439467779899,40.0,1.0,0.0,0.0,72.20613351154674,6.611222494492711,4.933046211727433,15.969901735105566,0.165837479270315,0.1138585678572312,33.99035729160523,0,0.0,AGRICULTURAL,337.0,21.148235,78.62793500000001
4,8.4125,11.33,353.815,367.0,1,1.0,0.8781362960828363,1.0,0.2,4.0,0.5324427210557963,56.311068026394906,10.0,0.0,1.0,0.0,1.20046533501646,64.14197668374545,0.0,33.69471052696716,0.962847454270934,0.0,71.51769029848018,0,0.0,AGRICULTURAL,338.0,21.35422,76.86815
5,4.896,6.28,340.764,351.44,3,4.0,1.17470244640635,0.75,0.8,1.25,0.4598330229740068,56.49582557435016,10.0,0.0,1.0,0.0,0.2376178807455261,99.28467117150564,0.0,0.3960298012425435,0.0816811465062746,0.0,11.823420339329765,0,0.0,AGRICULTURAL,339.0,21.358846,80.065898
21,3.907619047619048,12.06,325.4061904761905,352.63,3,4.0,4.377705146951386,0.75,0.8,5.25,0.185952924653539,57.64882311633848,10.0,0.0,1.0,0.0,0.4207816638202025,99.24754337763918,0.0,0.3192990272518007,0.0123759312888294,0.0,11.918317255520398,0,0.0,AGRICULTURAL,340.0,21.391297619047617,80.08015714285715
8,3.28875,5.65,328.9975,338.06,2,4.0,1.965725483898766,0.5,0.8,2.0,0.3371856247077164,47.42964061769291,10.0,0.0,1.0,0.0,0.0,98.11885844409792,0.0,1.8588648795821887,0.022276676319893,0.0,73.69650690698407,0,0.0,AGRICULTURAL,341.0,21.469345,80.78152625
2,7.51,9.28,341.03,343.97,1,1.0,1.0352912956217373,1.0,0.2,2.0,0.4913301610197874,51.283254025494685,10.0,0.0,1.0,0.0,0.0915818915373381,90.68587411202694,0.0,7.383480606915671,1.8390633895200617,0.0,78.09951548448738,0,0.0,AGRICULTURAL,342.0,21.48269,80.718155
12,6.384166666666666,14.17,337.90083333333337,350.32,2,3.0,1.9407729119933883,0.6666666666666666,0.6,4.0,0.340046657775474,51.50116644438685,10.0,0.0,1.0,0.0,0.0198014900621271,99.64852355139725,0.0,0.0346526076087225,0.2970223509319076,0.0,32.53842133785577,0,0.0,AGRICULTURAL,343.0,21.512484166666667,79.49020416666667
2,6.055,6.24,335.2,337.26,1,1.0,0.281185701257306,1.0,0.2,2.0,0.7805269751439146,58.51317437859787,30.0,0.0,0.0,0.0,13.04175639216851,25.727085963218737,0.0,45.7612435335759,15.432786317170368,0.0371277938664884,37.84990740867695,0,0.0,AGRICULTURAL,344.0,21.528495,79.56229
2,4.505000000000001,4.73,334.445,336.06,1,1.0,0.3945839481311656,1.0,0.2,2.0,0.7170597376658938,56.92649344164735,10.0,0.0,1.0,0.0,30.55369916586223,16.422860820276725,0.1955397143635058,49.26610727457241,0.9232444741466797,0.287121605900844,60.16143371680399,0,0.0,AGRICULTURAL,345.0,21.587495,78.335655
2,4.699999999999999,5.13,334.37,336.52,1,1.0,0.2422723822378611,1.0,0.2,2.0,0.8049764401898515,59.12441100474629,10.0,0.0,1.0,0.0,13.818964877107,66.42162322714785,0.4282072225935001,7.928021583624167,11.395757530754189,0.0074255587732976,41.03870932347077,0,0.0,AGRICULTURAL,346.0,21.648345,79.66212999999999
3,1.9566666666666668,2.21,331.0133333333333,331.56,2,2.0,1.0061046819426458,1.0,0.4,1.5,0.4984784737313074,55.46196184328269,10.0,0.0,1.0,0.0,2.3811291799707925,94.58924284052377,0.0,2.133610554194203,0.8960174253112546,0.0,54.83404335650823,0,0.0,AGRICULTURAL,347.0,21.66854,80.42041333333333
2,6.99,7.79,344.155,344.24,1,1.0,1.007771725113502,1.0,0.2,2.0,0.49806458946097,51.451614736524256,40.0,1.0,0.0,0.0,69.4661023241999,14.323902873691246,0.0049503725155317,15.18279250513601,0.3638523798915868,0.0099007450310635,35.95626351021918,0,0.0,AGRICULTURAL,348.0,21.91324,79.49196
4,5.255,8.61,340.45,341.6,1,1.0,0.6142266665833335,1.0,0.2,4.0,0.619491686453549,58.48729216133872,30.0,0.0,0.0,0.0,40.61285611742284,5.059280710873494,0.9529467092398703,52.42196975322393,0.3019727234474394,0.6509739857924308,23.216940061865227,0,0.0,AGRICULTURAL,349.0,21.9177075,78.08470249999999
3,3.2,3.46,337.74,340.64,2,4.0,1.1267884426017458,0.5,0.8,0.75,0.4701925118497816,48.254812796244536,10.0,0.0,1.0,0.0,0.0,98.95794658548056,0.0,1.0420534145194429,0.0,0.0,67.28931113700067,0,0.0,AGRICULTURAL,350.0,21.926246666666668,80.31142666666666
7,4.137142857142857,8.14,329.7257142857143,342.48,3,4.0,2.6622011409531745,0.75,0.8,1.75,0.2730598242727122,52.8264956068178,40.0,1.0,0.0,0.0,36.01891042300933,29.96212965025618,0.022276676319893,29.34333308581471,1.895992673448677,0.0371277938664884,38.47708637436343,0,0.0,AGRICULTURAL,351.0,21.95739857142857,79.47658428571428
4,4.6225,5.79,344.4525,349.73,2,4.0,1.379409184030064,0.5,0.8,1.0,0.4202723964888945,47.506809912222366,10.0,0.0,1.0,0.0,0.0,99.55941684611768,0.0,0.2648449295809509,0.1757382243013787,0.0,70.05438315002615,0,0.0,AGRICULTURAL,352.0,21.971235,80.28059000000002
2,2.63,2.78,331.13,332.07,1,1.0,0.1607949327816587,1.0,0.2,2.0,0.8614786055308327,60.536965138270816,30.0,0.0,0.0,0.0,8.368604737506498,82.47568129501745,0.0,6.937947080517809,1.33907576545135,0.047028538897552,40.19704883749756,0,0.0,AGRICULTURAL,353.0,21.980635,79.47158999999999
3,3.296666666666667,3.51,340.61,346.61,2,4.0,1.2862678028707042,0.5,0.8,0.75,0.4373940790070048,47.43485197517512,10.0,0.0,1.0,0.0,20.707408232469493,70.2136085740452,0.0693052152174451,8.259696542164798,0.7499814361030668,0.0,40.991628896554495,0,0.0,AGRICULTURAL,354.0,21.978256666666667,79.48756
2,11.385,11.66,353.595,355.42,1,1.0,0.2321118859238306,1.0,0.2,2.0,0.811614603693402,59.29036509233505,40.0,1.0,0.0,0.0,84.94344199401004,0.4306824088512661,0.5791935843172199,13.979851983861783,0.0321774213509566,0.0346526076087225,39.231219143938,0,0.0,AGRICULTURAL,355.0,22.00472,76.898505
11,4.620000000000001,7.53,334.9427272727272,348.48,3,3.0,2.95022633439404,1.0,0.6,3.6666666666666665,0.2531500515029093,58.662084620906064,10.0,0.0,1.0,0.0,0.0,96.78968342367764,0.0544540976708497,2.6335981782629143,0.0,0.4678102027177545,76.34281553180259,0,0.0,AGRICULTURAL,356.0,22.021317272727277,80.3089209090909
5,5.484,6.84,345.884,367.0,1,1.0,0.7887999646447896,1.0,0.2,5.0,0.5590340003157227,58.97585000789306,10.0,0.0,1.0,0.0,2.3959802975173883,87.07457736194648,0.0,7.536942154897155,2.9925001856389697,0.0,69.52575433373815,0,0.0,AGRICULTURAL,357.0,22.031252,79.87043800000001
2,4.9350000000000005,5.48,340.455,342.64,1,1.0,0.3985921879534255,1.0,0.2,2.0,0.71500470874452,56.875117718613,40.0,1.0,0.0,0.0,86.86171134377862,4.816712457612436,1.391054676864434,6.628548798297072,0.0,0.0272270488354248,46.44229957931944,0,0.0,AGRICULTURAL,358.0,22.0908,79.11338
3,16.426666666666666,23.81,355.34666666666664,367.0,1,1.0,0.924681744912562,1.0,0.2,3.0,0.5195664180030085,53.98916045007521,40.0,1.0,0.0,0.0,92.84671171505656,6.049355213979852,0.4876116927798817,0.6138461919259425,0.0,0.0024751862577658,52.85971773931766,0,0.0,AGRICULTURAL,359.0,22.124033333333333,79.031
3,4.53,6.01,339.59,344.28,1,1.0,0.6451982345636309,1.0,0.2,3.0,0.6078294876515218,56.19573719128804,10.0,0.0,1.0,0.0,0.913343729115616,95.1511101210366,0.0,2.6311229920051487,1.3044231578426275,0.0,65.32034389619331,0,0.0,AGRICULTURAL,360.0,22.14877333333333,79.94411000000001
13,8.055384615384614,16.65,337.74461538461543,367.0,2,3.0,2.778591980744102,0.6666666666666666,0.6,4.333333333333333,0.2646488440922045,50.282887768971776,40.0,1.0,0.0,0.0,96.97037202049457,1.2425435013984802,0.0049503725155317,1.782134105591446,0.0,0.0,53.30516130273136,0,0.0,AGRICULTURAL,361.0,22.15821307692308,79.35091153846155
2,4.085,4.67,333.30999999999995,334.28,1,1.0,0.4028360924555938,1.0,0.2,2.0,0.7128416536885293,56.82104134221323,40.0,1.0,0.0,0.0,35.94465483527636,37.65748372565035,0.0024751862577658,25.84837008984926,0.4579094576866909,0.0891067052795722,78.85611337797128,0,0.0,AGRICULTURAL,362.0,22.16895,80.50043
5,10.534,13.24,352.924,367.0,1,1.0,1.0116014357285137,1.0,0.2,5.0,0.4971163682023541,57.427909205058846,40.0,1.0,0.0,0.0,86.57706492413554,0.455434271428925,2.801910843790995,10.160639588129008,0.0,0.0049503725155317,55.80184665903577,0,0.0,AGRICULTURAL,363.0,22.18736,79.312114
2,2.9,3.07,333.795,337.13,2,3.0,1.056450050370257,0.6666666666666666,0.6,0.6666666666666666,0.4862748792852777,48.49020531546528,10.0,0.0,1.0,0.0,2.128660181678671,93.21551446746368,0.0,4.527115665453826,0.0841563327640405,0.0445533526397861,66.33317594786125,0,0.0,AGRICULTURAL,364.0,22.25608,80.42102
2,3.86,4.5,332.51,333.48,1,1.0,0.4436566172541165,1.0,0.2,2.0,0.6926854960163821,56.31713740040956,10.0,0.0,1.0,0.0,0.0569292839286156,98.90101730155196,0.0,1.0222519244573154,0.0198014900621271,0.0,58.00768068095406,0,0.0,AGRICULTURAL,365.0,22.26535,80.235985
2,2.25,2.3,333.055,333.94,1,1.0,0.248411270283477,1.0,0.2,2.0,0.8010180809829839,59.0254520245746,10.0,0.0,1.0,0.0,0.0,98.93814509541843,0.0,0.7574069948763644,0.3044479097052053,0.0,51.65811543085847,0,0.0,AGRICULTURAL,366.0,22.27184,79.944205
2,3.675,5.17,338.495,340.61,1,1.0,0.6218654913551424,1.0,0.2,2.0,0.6165739423708032,54.41434855927008,30.0,0.0,0.0,0.0,16.977302542016286,46.41221751936833,0.361377193633821,32.85809757184228,0.0346526076087225,2.9925001856389697,65.56254557941269,0,0.0,AGRICULTURAL,367.0,22.29953,80.477935
3,4.3133333333333335,5.58,339.6133333333333,343.83,1,1.0,1.3264156280910615,1.0,0.2,3.0,0.4298458056785619,51.74614514196405,10.0,0.0,1.0,0.0,0.0,99.82921214821415,0.0,0.1707878517858468,0.0,0.0,57.73475255278026,0,0.0,AGRICULTURAL,368.0,22.31908333333333,80.37183
5,17.938,22.22,358.932,367.0,1,1.0,0.942740859803506,1.0,0.2,5.0,0.5147366901528713,57.86841725382178,20.0,0.0,0.0,0.0,50.85517685205812,10.868542857850052,0.0965322640528699,31.42991510111136,6.7250810623499415,0.0247518625776589,61.46606480452756,0,0.0,AGRICULTURAL,369.0,22.316968,79.521386
2,5.39,5.43,341.71000000000004,347.67,1,1.0,0.3487982301834826,1.0,0.2,2.0,0.7414007355747834,57.53501838936958,10.0,0.0,1.0,0.0,0.0,99.7747580505433,0.0,0.2252419494566966,0.0,0.0,59.715488503185206,0,0.0,AGRICULTURAL,370.0,22.371115,80.482585
2,2.97,4.26,335.115,339.41,2,3.0,0.9189667366296556,0.6666666666666666,0.6,0.6666666666666666,0.5211137748830044,49.36117770540844,10.0,0.0,1.0,0.0,0.262369743323185,94.72290289844312,0.0,3.744956807999802,1.2697705502339052,0.0,53.24754463355604,0,0.0,AGRICULTURAL,371.0,22.39295,80.41288
2,3.92,4.05,339.025,339.4,1,1.0,0.409922436907927,1.0,0.2,2.0,0.709258873979678,56.73147184949195,30.0,0.0,0.0,0.0,44.20930174995669,30.056186728051287,0.1113833815994653,21.902923194970423,3.6880275240711855,0.0321774213509566,74.0196954352043,0,0.0,AGRICULTURAL,372.0,22.401855,80.69390999999999
2,6.46,10.36,343.04999999999995,349.32,2,4.0,0.9581768112909892,0.5,0.8,0.5,0.5106791144874803,48.766977862187005,40.0,1.0,0.0,0.0,41.72421474715972,39.17229771540308,0.6856265934011534,14.9006212717507,2.997450558154501,0.0074255587732976,39.23926351188631,0,0.0,AGRICULTURAL,373.0,22.458955,80.273655
4,4.2475000000000005,7.33,339.845,350.57,2,2.0,0.9973788969111984,1.0,0.4,2.0,0.5006561356718184,56.51640339179546,10.0,0.0,1.0,0.0,0.1062396351575456,95.38505389718075,0.0,2.759639303482587,0.0,1.5521351575456053,90.61945035933,0,0.0,AGRICULTURAL,374.0,22.4935225,80.99234750000001
3,3.043333333333333,3.8,337.46,341.67,3,3.0,1.9732124354189828,1.0,0.6,1.0,0.3363365456458145,55.40841364114536,10.0,0.0,1.0,0.0,0.287121605900844,82.1019281700948,0.0,16.217420360882155,1.3935298631222,0.0,20.89709454123098,0,0.0,AGRICULTURAL,375.0,22.653450000000003,80.25303333333333
3,13.14,18.15,359.3066666666667,367.0,1,1.0,0.797529813258439,1.0,0.2,3.0,0.5563190065745104,54.90797516436275,30.0,0.0,0.0,0.0,32.74671419024281,0.2202915769411648,0.0099007450310635,64.70384396425831,1.9900497512437807,0.3291997722828643,36.86625462107339,0,0.0,AGRICULTURAL,376.0,22.651836666666668,79.56459666666666
2,5.815,5.82,356.62,367.0,1,1.0,0.3869512483001796,1.0,0.2,2.0,0.7210058761802771,57.025146904506926,10.0,0.0,1.0,0.0,0.0,96.78968342367764,0.0,3.195465458775773,0.0148511175465953,0.0,73.0134973448286,0,0.0,AGRICULTURAL,377.0,22.6588,80.942785
2,6.605,6.79,333.485,334.46,1,1.0,0.3271610372266795,1.0,0.2,2.0,0.753488063580938,57.83720158952346,40.0,1.0,0.0,0.0,71.9264374644192,11.720006930521524,0.3787034974381822,9.942823197445607,0.0,4.45781045023638,70.35159376512337,0,0.0,AGRICULTURAL,378.0,22.66404,77.85035500000001
3,4.006666666666667,6.58,325.51,338.56,2,4.0,0.9035255472905822,0.5,0.8,0.75,0.5253409923619718,49.6335248090493,40.0,1.0,0.0,0.0,96.3193980347021,0.0915818915373381,0.551966535481795,2.881116804039504,0.0,0.1559367342392515,83.48426118063509,0,0.0,AGRICULTURAL,379.0,22.717663333333338,77.70288666666666
17,3.303529411764705,6.04,318.0588235294117,343.26,3,3.0,3.744215791695195,1.0,0.6,5.666666666666667,0.2107829921544697,61.602908137195065,10.0,0.0,1.0,0.0,15.061508378505485,76.67879507932972,0.0,5.202841513823915,0.2499938120343556,0.6336476819880696,24.394534543388986,0,0.0,AGRICULTURAL,380.0,22.731048823529413,78.67499882352939
2,8.94,8.94,343.46500000000003,355.0,1,1.0,0.7152926539232866,1.0,0.2,2.0,0.5829908952928584,53.57477238232147,40.0,1.0,0.0,0.0,98.08173065023142,1.6410484888987895,0.0990074503106358,0.1559367342392515,0.022276676319893,0.0,83.19263531458807,0,0.0,AGRICULTURAL,381.0,22.80836,77.89193
6,6.293333333333333,7.27,341.45666666666665,347.64,3,3.0,2.3165394839610536,1.0,0.6,2.0,0.3015190999039959,56.5379774975999,10.0,0.0,1.0,0.0,7.121110863592485,61.69401747481498,0.0,18.281725699858917,12.90314596173362,0.0,126.02753160778644,0,0.0,AGRICULTURAL,382.0,23.012285,77.43698833333333
2,3.35,3.35,341.28,344.38,1,1.0,0.6191455226152919,1.0,0.2,2.0,0.617609712056499,54.44024280141248,40.0,1.0,0.0,0.0,40.51137348085444,18.672805128585924,0.1806885968169105,38.76389198287171,1.1237345610257172,0.0742555877329769,51.37094702068167,0,0.0,AGRICULTURAL,383.0,23.203615,80.26676
2,12.345,20.59,350.895,367.0,1,1.0,0.2106278676545149,1.0,0.2,2.0,0.8260176613457709,59.65044153364427,30.0,0.0,0.0,0.0,35.64020692557115,14.890720526719637,0.0,41.74896660973738,7.715155565456301,0.0049503725155317,41.87522896750863,0,0.0,AGRICULTURAL,384.0,23.303105,78.56429
3,11.3,14.19,343.53666666666663,349.57,1,1.0,0.6467220625271356,1.0,0.2,3.0,0.6072670201948676,56.18167550487168,40.0,1.0,0.0,0.0,98.82181134130344,1.056904532066038,0.0198014900621271,0.1014826365684017,0.0,0.0,142.87587145623755,0,0.0,AGRICULTURAL,385.0,23.336046666666665,77.04656999999999
41,5.736585365853659,12.27,336.86926829268293,367.0,3,3.0,4.5711118285712224,1.0,0.6,13.666666666666666,0.1794973841435995,69.48743460358997,30.0,0.0,0.0,0.0,0.4950372515531794,30.59577733224425,0.0,54.67191406153313,14.23727135466944,0.0,119.99607049952104,0,0.0,AGRICULTURAL,386.0,23.35295268292683,77.60386731707317
2,1.83,2.23,336.08500000000004,338.98,1,1.0,0.1880116903178355,1.0,0.2,2.0,0.8417425587221825,60.04356396805457,40.0,1.0,0.0,0.0,92.69325016707506,5.846389940843048,1.4504591470508157,0.0099007450310635,0.0,0.0,68.05324347863835,0,0.0,AGRICULTURAL,387.0,23.350745,79.883065
2,3.89,5.17,335.845,336.93,1,1.0,0.2274488612302471,1.0,0.2,2.0,0.8146978921775367,59.367447304438414,40.0,1.0,0.0,0.0,93.6115442687062,1.6905522140541074,0.0148511175465953,4.6384990470532905,0.0,0.0247518625776589,127.74664309989986,0,0.0,AGRICULTURAL,388.0,23.413255,76.383905
2,5.895,10.94,337.255,367.0,1,1.0,0.5692407275617271,1.0,0.2,2.0,0.6372508579698868,54.93127144924716,40.0,1.0,0.0,0.0,24.3211801688077,33.52887304769684,0.0420781663820202,39.0114106086483,3.054379842083117,0.0420781663820202,82.66300125032053,0,0.0,AGRICULTURAL,389.0,23.465155000000003,79.757725
3,2.01,2.45,332.15333333333336,333.54,1,1.0,0.4945857217743398,1.0,0.2,3.0,0.6690817297604192,57.72704324401048,30.0,0.0,0.0,0.0,40.09554218954977,41.912328902749934,0.0074255587732976,16.207519615851094,1.7771837330759142,0.0,63.237213578427415,0,0.0,AGRICULTURAL,390.0,23.47526333333333,78.99244
8,12.9575,31.09,348.97875,367.0,1,1.0,1.5299598463354305,1.0,0.2,8.0,0.3952631902235403,60.88157975558851,40.0,1.0,0.0,0.0,97.2277913913022,1.0989826984480582,0.81433627880498,0.8588896314447663,0.0,0.0,123.08733807393152,0,0.0,AGRICULTURAL,391.0,23.5174625,77.131685
5,5.704000000000001,12.45,328.108,350.67,2,2.0,1.115015438498982,1.0,0.4,2.5,0.4728097874830152,56.82024468707538,40.0,1.0,0.0,0.0,30.830920026732013,33.348184450879934,0.0,27.868122076186232,7.952773446201827,0.0,76.70699390657404,0,0.0,AGRICULTURAL,392.0,23.545828,78.33628000000002
6,11.321666666666667,21.97,348.90166666666664,367.0,1,1.0,1.0070110071818368,1.0,0.2,6.0,0.4982533710187067,59.45633427546766,10.0,0.0,1.0,0.0,99.84991244892856,0.0277939909391589,0.0,0.1222935601322993,0.0,0.0,86.23796265007043,0,0.0,AGRICULTURAL,393.0,23.55041,78.00650166666667
6,6.565,12.58,339.07666666666665,367.0,1,1.0,1.7441657684213596,1.0,0.2,6.0,0.3644094724551832,56.11023681137958,40.0,1.0,0.0,0.0,99.77723323680108,0.1014826365684017,0.0272270488354248,0.0915818915373381,0.0,0.0024751862577658,74.74970387850365,0,0.0,AGRICULTURAL,394.0,23.66013333333333,77.978225
2,3.595,4.63,338.45,338.51,1,1.0,0.3700030928511867,1.0,0.2,2.0,0.7299253594521794,57.24813398630448,10.0,0.0,1.0,0.0,24.967203782084603,41.85292443256355,0.0,28.662656864929087,4.517214920422761,0.0,82.74848713357751,0,0.0,AGRICULTURAL,395.0,23.69682,78.622375
4,9.6775,13.06,343.0,354.97,2,4.0,1.813410680912137,0.5,0.8,1.0,0.3554404647656308,45.88601161914077,40.0,1.0,0.0,0.0,65.4810524491968,1.581644018712408,0.2178163906833989,30.80864335041212,1.910843790995272,0.0,91.87327590302594,0,0.0,AGRICULTURAL,396.0,23.72559,77.50212499999999
2,3.135,3.3,338.22,340.16,1,1.0,0.6100266082655394,1.0,0.2,2.0,0.6211077474534952,54.527693686337386,40.0,1.0,0.0,0.0,96.05702829137893,2.3910299250018565,1.202940521274226,0.3415757035716937,0.0074255587732976,0.0,66.9281110604907,0,0.0,AGRICULTURAL,397.0,23.745395,77.92786000000001
2,4.56,6.51,340.58500000000004,344.82,1,1.0,0.312046212302853,1.0,0.2,2.0,0.7621682762567017,58.05420690641754,40.0,1.0,0.0,0.0,95.24269201257395,3.051904655825351,1.1138338159946537,0.5915695156060494,0.0,0.0,59.76177979084163,0,0.0,AGRICULTURAL,398.0,23.796145000000003,77.98939
3,3.476666666666667,5.86,342.8566666666666,353.45,1,1.0,0.6773715484485705,1.0,0.2,3.0,0.5961708370008524,55.90427092502131,40.0,1.0,0.0,0.0,97.69065122150442,2.2722209846290933,0.0049503725155317,0.0321774213509566,0.0,0.0,67.57822457471723,0,0.0,AGRICULTURAL,399.0,23.815716666666663,78.50953666666668
2,5.565,6.4,345.57500000000005,350.54,1,1.0,0.2381283222322616,1.0,0.2,2.0,0.8076707252743137,59.19176813185785,40.0,1.0,0.0,0.0,85.95084280092077,4.103858815375857,0.2178163906833989,7.645850350238856,0.1782134105591445,1.3811539318333703,105.37269255750095,0,0.0,AGRICULTURAL,400.0,23.938755,79.09076
5,3.942,5.91,325.976,347.59,1,1.0,1.5080226562731398,1.0,0.2,5.0,0.3987204810525817,54.96801202631454,20.0,0.0,0.0,0.0,0.0198014900621271,57.06294398653499,0.2920719784163758,20.954926858246083,21.62817752035841,0.0420781663820202,50.01815901153551,0,0.0,AGRICULTURAL,401.0,23.971704,78.449204
3,6.966666666666666,9.97,344.51,349.28,1,1.0,0.9065470276952914,1.0,0.2,3.0,0.5245084361799557,54.1127109044989,30.0,0.0,0.0,0.0,65.67164179104478,4.131640647338022,0.0028592668839709,28.807113856007323,1.386744438725911,0.0,57.88679005957651,0,0.0,AGRICULTURAL,402.0,24.006146666666663,77.67605666666667
3,3.74,4.26,344.6266666666667,367.0,1,1.0,1.2988802745079602,1.0,0.2,3.0,0.4349943801288367,51.87485950322092,10.0,0.0,1.0,0.0,16.742159847528526,53.72886809732432,0.0,10.769535407539417,18.363406846365187,0.2079156456523353,91.22704063160351,0,0.0,AGRICULTURAL,403.0,24.108516666666663,79.13907666666667
17,4.807058823529411,9.7,341.01882352941175,350.2,4,4.0,3.1514811496173136,1.0,0.8,4.25,0.2408778852560081,64.5219471314002,10.0,0.0,1.0,0.0,0.0,89.53491250216578,0.0,4.55434271428925,5.910744783544962,0.0,86.40093350288991,0,0.0,AGRICULTURAL,404.0,24.139078823529413,80.50581352941175
3,2.286666666666666,2.86,337.53000000000003,341.61,3,4.0,0.5529652029667618,0.75,0.8,0.75,0.6439294313160493,60.098235782901234,10.0,0.0,1.0,0.0,12.207618623301403,73.90906165688969,0.0,11.192792257617386,1.8192618994579344,0.0792059602485087,83.95781397347358,0,0.0,AGRICULTURAL,405.0,24.169,80.52287666666666
2,2.1500000000000004,2.7,333.735,334.58,1,1.0,0.3667168233539975,1.0,0.2,2.0,0.7316804643890645,57.292011609726615,10.0,0.0,1.0,0.0,2.8662656864929086,47.43446944382565,0.0,24.75186257765897,24.94740229202247,0.0,78.5104536964936,0,0.0,AGRICULTURAL,406.0,24.183855,80.574315
2,2.02,2.02,334.36,336.72,1,1.0,0.3664418464327005,1.0,0.2,2.0,0.7318277046408149,57.295692616020375,10.0,0.0,1.0,0.0,0.0024751862577658,67.98841612831366,0.0,6.720130689834409,25.28897799559417,0.0,47.69783347422743,0,0.0,AGRICULTURAL,407.0,24.18762,80.887585
3,10.213333333333331,17.0,347.75666666666666,348.34,2,4.0,0.9001958616187766,0.5,0.8,0.75,0.5262615397699583,49.65653849424896,10.0,0.0,1.0,0.0,0.0123759312888294,57.78322318754486,0.0173263038043612,13.133338283705848,28.90027474567461,0.0693052152174451,69.43750401824903,0,0.0,AGRICULTURAL,408.0,24.198396666666667,78.84666
2,11.825,14.89,360.925,367.0,1,1.0,0.2172864935860082,1.0,0.2,2.0,0.8214992980445358,59.5374824511134,40.0,1.0,0.0,0.0,72.69622039058439,5.086507759708918,0.0569292839286156,21.88559689116606,0.2598945570654192,0.0148511175465953,46.73453887036934,0,0.0,AGRICULTURAL,409.0,24.208315,76.947555
3,5.116666666666667,6.28,337.89000000000004,340.55,1,1.0,0.4472746460215355,1.0,0.2,3.0,0.6909538578243841,58.2738464456096,30.0,0.0,0.0,0.0,1.2846216677805005,1.4009554218954976,0.0,82.73805103834063,12.98730229449766,1.584119204970174,75.86075440813927,0,0.0,AGRICULTURAL,410.0,24.28671,79.14617666666668
9,5.372222222222222,7.69,347.2077777777778,367.0,2,4.0,2.435403367908896,0.5,0.8,2.25,0.2910866331858702,46.77716582964675,20.0,0.0,0.0,0.0,2.801910843790995,28.326031533872925,0.1138585678572312,55.54317962426673,13.177891636345636,0.0371277938664884,93.1034877075965,0,0.0,AGRICULTURAL,411.0,24.358708888888888,79.43223222222224
2,3.45,5.26,349.805,367.0,2,2.0,0.0731356117362912,1.0,0.4,1.0,0.9318486769645444,65.29621692411361,20.0,0.0,0.0,0.0,3.9627731986832018,50.4937996584243,0.0,20.212370980916315,25.33105616197619,0.0,85.97860480018824,0,0.0,AGRICULTURAL,412.0,24.380560000000003,79.36423500000001
3,2.9966666666666666,3.83,341.4166666666667,345.38,2,4.0,0.7563940596514221,0.5,0.8,0.75,0.5693483159459456,50.73370789864864,30.0,0.0,0.0,0.0,3.207841390064602,14.40558402019752,0.0,54.83032598203015,27.55624860770773,0.0,90.01255901106691,0,0.0,AGRICULTURAL,413.0,24.410866666666667,79.43016
4,5.297499999999999,9.52,346.13,367.0,2,2.0,1.413359472906525,1.0,0.4,2.0,0.4143601528186978,54.35900382046746,20.0,0.0,0.0,0.0,15.133288779980694,13.875894161035616,0.0,33.2046236479295,37.766391920992056,0.0198014900621271,80.99958833142433,0,0.0,AGRICULTURAL,414.0,24.6468525,79.4319375
2,3.22,4.3,334.81,336.95,2,2.0,0.7029775607516703,1.0,0.4,1.0,0.5872067976976832,56.680169942442085,10.0,0.0,1.0,0.0,2.668250785871637,63.98356476324844,0.0,27.20724734536273,6.14093710551719,0.0,94.88416198613304,0,0.0,AGRICULTURAL,415.0,25.04556,80.730905
2,3.81,3.81,338.69,339.37,1,1.0,0.6153633396996874,1.0,0.2,2.0,0.6190557724220176,54.47639431055045,30.0,0.0,0.0,0.0,0.190589341847974,0.0,0.0,96.40355436746614,0.52473948664637,2.324199896042177,51.31330957133077,0,0.0,AGRICULTURAL,416.0,25.398635,76.76809
2,6.255,6.84,334.45000000000005,336.93,1,1.0,0.4368543903785091,1.0,0.2,2.0,0.6959647454162499,56.39911863540625,30.0,0.0,0.0,0.0,89.23046459246058,7.616148115145664,0.0049503725155317,3.1311106160738595,0.0173263038043612,0.0,12.939440644172237,0,0.0,AGRICULTURAL,417.0,21.10442,79.490725
2,2.66,4.49,320.85,338.98,1,1.0,0.7620027370951942,1.0,0.2,2.0,0.5675360082859928,53.18840020714982,10.0,0.0,1.0,0.0,1.3167990891314572,61.04799386153809,0.0,31.06606272121977,6.56914432811069,0.0,44.49466170618911,0,0.0,AGRICULTURAL,418.0,21.327745,75.54818
3,4.653333333333333,5.86,344.08666666666664,344.8,1,1.0,0.6838890217614646,1.0,0.2,3.0,0.5938633645547085,55.84658411386771,30.0,0.0,0.0,0.0,40.01633622930125,28.93987772579887,0.0,13.294225390460632,17.749560654439247,0.0,54.592592156695865,0,0.0,AGRICULTURAL,419.0,21.336416666666665,75.4289
3,7.339999999999999,11.5,339.25333333333333,347.6,1,1.0,0.7431598585917945,1.0,0.2,3.0,0.5736708512825934,55.34177128206483,30.0,0.0,0.0,0.0,86.99289621544021,1.3613524417712433,1.6237221850944283,9.744808296824337,0.0544540976708497,0.2227667631989307,21.49583860932873,0,0.0,AGRICULTURAL,420.0,21.37007,79.35462666666666
4,2.9250000000000003,3.89,334.5825,340.99,1,1.0,1.1000906444702192,1.0,0.2,4.0,0.4761699227760074,54.90424806940018,10.0,0.0,1.0,0.0,0.0,95.61396995123884,0.0,3.9330709635900094,0.4529590851711591,0.0,65.48528460455921,0,0.0,AGRICULTURAL,421.0,21.4737,77.4309125
2,4.59,5.65,338.635,343.79,1,1.0,0.2685314937150294,1.0,0.2,2.0,0.788313104526395,58.70782761315988,10.0,0.0,1.0,0.0,0.0,96.88126531521496,0.0,0.1410856166926561,2.977649068092374,0.0,25.589742366223227,0,0.0,AGRICULTURAL,422.0,21.494305,79.02113
2,2.575,2.75,342.28,342.9,1,1.0,0.0689438637762627,1.0,0.2,2.0,0.9355028209501064,62.38757052375266,40.0,1.0,0.0,0.0,79.72574936263955,2.296972847206752,1.58659439122794,11.487339422291528,0.0049503725155317,2.49746293408579,54.99348877345,0,0.0,AGRICULTURAL,423.0,21.6496,76.140855
2,11.27,11.39,353.15,353.28,1,1.0,0.409172072554597,1.0,0.2,2.0,0.7096365443768443,56.74091360942111,40.0,1.0,0.0,0.0,83.66129551248731,0.0,0.0,15.779312393257593,0.0,0.5593920942550926,45.18054987937354,0,0.0,AGRICULTURAL,424.0,21.695210000000003,76.48431500000001
2,2.87,3.1,336.28,336.99,1,1.0,0.5486101215468303,1.0,0.2,2.0,0.6457403229427102,55.14350807356776,40.0,1.0,0.0,0.0,53.42937056013465,9.447785945892427,3.871191307145863,31.52397217890646,0.0,0.5222643003886043,43.15614757905273,0,0.0,AGRICULTURAL,425.0,21.857225,78.49638999999999
4,6.3175,13.6,347.005,367.0,1,1.0,0.7972729414783982,1.0,0.2,4.0,0.5563985173990442,56.9099629349761,10.0,0.0,1.0,0.0,37.82579639117843,44.47909705205317,0.4702853889755204,16.04168213658078,1.173238286181035,0.0024751862577658,59.0347632851205,0,0.0,AGRICULTURAL,426.0,21.93335,77.0757625
2,10.88,11.35,348.5,348.98,1,1.0,0.2746724273442947,1.0,0.2,2.0,0.7845152829448436,58.61288207362109,10.0,0.0,1.0,0.0,0.0,98.4480582163808,0.0,1.5445162248459197,0.0074255587732976,0.0,69.89459381852704,0,0.0,AGRICULTURAL,427.0,21.979455,80.259435
7,11.625714285714286,14.77,355.90142857142854,367.0,2,2.0,2.046891925577647,1.0,0.4,3.5,0.3282033050156232,55.20508262539059,30.0,0.0,0.0,0.0,15.603574168956214,8.056731269027996,0.0,75.99316848592856,0.3465260760872256,0.0,17.489526499559418,0,0.0,AGRICULTURAL,428.0,22.066864285714285,76.36559999999999
29,5.102413793103447,21.24,338.95517241379315,356.0,4,4.0,5.238957093591173,1.0,0.8,7.25,0.1602831987780822,68.50707996945205,10.0,0.0,1.0,0.0,0.0024751862577658,93.54223905348876,0.0,4.794435781292542,1.6608499789609168,0.0,72.65539893604502,0,0.0,AGRICULTURAL,429.0,22.06494862068966,79.92921068965516
2,7.26,7.56,338.765,341.91,1,1.0,0.3504639552981506,1.0,0.2,2.0,0.7404862573908708,57.51215643477177,40.0,1.0,0.0,0.0,70.35221900448009,5.475112002178164,0.0,24.02168263161803,0.1386104304348902,0.0123759312888294,3.9368218244052713,1,2520.0,AGRICULTURAL,430.0,22.100135,76.49352999999999
3,7.683333333333334,10.31,344.4866666666667,351.42,1,1.0,0.6734908024123872,1.0,0.2,3.0,0.5975533289806373,55.938833224515925,40.0,1.0,0.0,0.0,94.26994381327196,5.175614464988491,0.1782134105591445,0.3762283111804163,0.0,0.0,49.07099743310627,0,0.0,AGRICULTURAL,431.0,22.118903333333336,79.35197333333333
3,9.953333333333331,15.91,348.4533333333334,367.0,2,4.0,1.1876140770678232,0.5,0.8,0.75,0.4571190186069536,47.92797546517384,40.0,1.0,0.0,0.0,92.39622781614317,1.782134105591446,0.9331452191777432,4.346427068636915,0.0,0.0420781663820202,57.29991054629375,0,0.0,AGRICULTURAL,432.0,22.19916333333333,79.32555666666666
5,15.746,29.57,353.48400000000004,367.0,1,1.0,0.9942537904042832,1.0,0.2,5.0,0.5014406916570413,57.53601729142604,40.0,1.0,0.0,0.0,88.70077473329869,5.883517734709537,0.8514640726714685,4.5642434593203145,0.0,0.0,59.65463742749961,0,0.0,AGRICULTURAL,433.0,22.225942,79.266068
2,34.37,36.87,367.0,367.0,1,1.0,0.2568685290336729,1.0,0.2,2.0,0.795628163885078,58.89070409712696,30.0,0.0,0.0,0.0,46.35776342169749,8.044355337739164,0.6064206331526447,44.09296799584169,0.8489888864137027,0.0495037251553179,60.81570521267224,0,0.0,AGRICULTURAL,434.0,22.235915,79.20411
2,6.109999999999999,6.38,339.23,340.24,1,1.0,0.4450801713308581,1.0,0.2,2.0,0.6920031288499668,56.30007822124917,30.0,0.0,0.0,0.0,57.21145516200095,11.97000074255588,0.0,29.058686666171628,1.7598574292715528,0.0,61.64382004045112,0,0.0,AGRICULTURAL,435.0,22.24384,79.266285
3,7.773333333333333,9.22,344.5933333333333,354.83,1,1.0,0.8129132783262117,1.0,0.2,3.0,0.5515983648833213,54.78995912208303,10.0,0.0,1.0,0.0,0.0,84.2058364891958,0.0,5.769659166852305,1.9900497512437807,0.4455335263978615,41.23459977662585,0,0.0,AGRICULTURAL,436.0,22.278666666666663,76.18129666666665
5,2.738,5.33,317.62600000000003,336.86,3,4.0,1.720957952309231,0.75,0.8,1.25,0.3675176233985228,54.187940584963066,10.0,0.0,1.0,0.0,0.0891067052795722,74.21350956659488,0.0148511175465953,22.370733397688173,3.3117992128907705,0.0,60.06278802806475,0,0.0,AGRICULTURAL,437.0,22.489970000000003,77.764128
2,13.07,13.07,352.32,367.0,1,1.0,0.6213324392904029,1.0,0.2,2.0,0.6167766558952357,54.41941639738089,30.0,0.0,0.0,0.0,1.0965075121902923,47.98148560679192,0.0,48.28840870275488,2.6335981782629143,0.0,44.08358517547228,0,0.0,AGRICULTURAL,438.0,22.533895,78.624515
2,4.45,5.29,335.02,335.64,1,1.0,0.3816753700450866,1.0,0.2,2.0,0.7237590114726936,57.09397528681735,10.0,0.0,1.0,0.0,8.229994307071607,63.25338481720749,0.0,25.779064874631818,2.735080814831316,0.0024751862577658,21.4361576343956,0,0.0,AGRICULTURAL,439.0,22.83004,80.292055
2,7.455,9.5,355.44,367.0,2,2.0,0.940582063326556,1.0,0.4,1.0,0.5153093079123873,54.882732697809686,40.0,1.0,0.0,0.0,4.106334001633623,86.62409346303309,0.0,6.9899259919308925,2.2796465434023907,0.0,62.92739052765031,0,0.0,AGRICULTURAL,440.0,23.16569,78.15902
4,6.319999999999999,12.37,344.0525,367.0,2,2.0,1.2617704197561754,1.0,0.4,2.0,0.4421315228394412,55.05328807098604,30.0,0.0,0.0,0.0,0.6559243583079627,2.0544045939456943,0.0,77.13422935075864,20.155441696987697,0.0,103.29677969020123,0,0.0,AGRICULTURAL,441.0,23.177305,77.7502475
3,7.396666666666667,7.73,344.53666666666663,353.56,2,3.0,1.0783594738886286,0.6666666666666666,0.6,1.0,0.4811487197298893,49.028717993247234,30.0,0.0,0.0,0.0,30.261627187445857,7.814163015766937,0.0,60.139600504938,1.7846092918492116,0.0,26.771984834847988,0,0.0,AGRICULTURAL,442.0,23.198913333333333,78.70451000000001
2,8.375,9.94,341.9,343.66,1,1.0,0.1407434519894284,1.0,0.2,2.0,0.876621293118996,60.915532327974894,40.0,1.0,0.0,0.0,96.2476176332269,2.34647657236207,1.3564020692557115,0.0371277938664884,0.0,0.0123759312888294,63.3449332090789,0,0.0,AGRICULTURAL,443.0,23.312405,79.90371999999999
2,2.125,2.26,320.565,335.63,2,3.0,0.6719615159714141,0.6666666666666666,0.6,0.6666666666666666,0.5980998907256531,51.28583060147466,10.0,0.0,1.0,0.0,0.0272270488354248,57.90450731417539,0.0,26.00678201034628,16.061483626642907,0.0,76.44457270839693,0,0.0,AGRICULTURAL,444.0,23.257705,78.058345
3,1.1866666666666668,2.57,317.0566666666667,349.05,3,4.0,1.16547403662938,0.75,0.8,0.75,0.4617926528255806,55.54481632063951,40.0,1.0,0.0,0.0,98.3812281874211,0.8588896314447663,0.1039578228261676,0.6559243583079627,0.0,0.0,30.414961024530065,0,0.0,AGRICULTURAL,445.0,23.47807333333333,74.29762333333333
2,6.645,6.85,342.735,348.19,2,2.0,0.8447909429253749,1.0,0.4,1.0,0.5420668416846471,55.55167104211618,40.0,1.0,0.0,0.0,23.6900076730774,50.511125962228654,0.0,21.766787950793297,3.992475433776391,0.0123759312888294,85.87403798719276,0,0.0,AGRICULTURAL,446.0,23.545335,78.16064499999999
2,13.895,14.16,367.0,367.0,1,1.0,0.4430846236250625,1.0,0.2,2.0,0.6929600548912901,56.324001372282254,40.0,1.0,0.0,0.0,95.89816873081402,0.275219646448608,1.5507568540277337,2.140891288239653,0.0,0.0926219964009738,79.59150339896482,0,0.0,AGRICULTURAL,447.0,23.610795000000003,78.007325
2,6.625,7.13,334.855,334.97,1,1.0,0.1540516658070994,1.0,0.2,2.0,0.866512331837967,60.662808295949176,40.0,1.0,0.0,0.0,53.37739164872156,21.64550382416277,0.0321774213509566,19.40546026088463,5.517190168560184,0.022276676319893,79.25240901706,0,0.0,AGRICULTURAL,448.0,23.653795,78.41867500000001
5,6.17,9.6,338.24,349.85,2,3.0,1.6025878432924154,0.6666666666666666,0.6,1.6666666666666667,0.3842329482085591,47.93915703854731,40.0,1.0,0.0,0.0,97.34660033167496,1.056904532066038,1.344026137966882,0.2524689982921215,0.0,0.0,71.12188327533478,0,0.0,AGRICULTURAL,449.0,23.683564,78.038234
7,61.08285714285714,83.47,351.3357142857143,367.0,2,3.0,1.7925025764082183,0.6666666666666666,0.6,2.333333333333333,0.3581017286960656,48.619209884068304,30.0,0.0,0.0,0.0,90.4928095839212,5.777084725625603,0.1014826365684017,1.8563896933244228,0.0,1.076706022128165,73.01552342135656,0,0.0,AGRICULTURAL,450.0,23.69986,78.37846285714285
2,4.91,5.78,344.125,346.18,1,1.0,0.461159138919655,1.0,0.2,2.0,0.684388150040505,56.10970375101263,40.0,1.0,0.0,0.0,91.0002227667632,6.908244845424619,1.831637830746764,0.2499938120343556,0.0099007450310635,0.0,68.61006524304727,0,0.0,AGRICULTURAL,451.0,23.703895000000003,78.05972
4,5.18,5.38,353.7425,367.0,1,1.0,0.3872519782895487,1.0,0.2,4.0,0.7208495757439669,61.02123939359917,10.0,0.0,1.0,0.0,14.224895423380609,53.07541892527413,0.0,28.29632929877973,4.403356352565531,0.0,25.43846197019867,0,0.0,AGRICULTURAL,452.0,23.71983,74.45222
3,4.753333333333334,5.96,337.6233333333333,367.0,1,1.0,0.8194153454538695,1.0,0.2,3.0,0.549627110983029,54.74067777457572,30.0,0.0,0.0,0.0,56.55058043117744,15.675354570431423,0.0643548427019133,26.28400287121606,1.4257072844731566,0.0,32.021652099785484,0,0.0,AGRICULTURAL,453.0,23.76584,74.77006999999999
2,2.74,2.89,339.01,339.73,1,1.0,0.3137346064463892,1.0,0.2,2.0,0.7611887477829091,58.02971869457273,10.0,0.0,1.0,0.0,1.368778000544541,66.05777084725626,0.0049503725155317,22.202420732160093,10.366080047523576,0.0,42.33690526466445,0,0.0,AGRICULTURAL,454.0,23.910115,74.585385
2,7.04,7.39,367.0,367.0,1,1.0,0.3886689354746674,1.0,0.2,2.0,0.7201140419103458,57.00285104775864,40.0,1.0,0.0,0.0,10.328952253657087,15.2199202990025,0.0,67.42159847528526,7.027053785797381,0.0024751862577658,46.34880664492455,0,0.0,AGRICULTURAL,455.0,23.94373,74.540855
2,8.545,15.15,343.44,348.27,2,2.0,1.0927327947362409,1.0,0.4,1.0,0.4778440909968325,53.94610227492082,10.0,0.0,1.0,0.0,11.06408257221356,61.13215019430213,0.0272270488354248,21.79401499962872,5.445409767084973,0.0,59.246180559997605,0,0.0,AGRICULTURAL,456.0,24.015765,74.35284999999999
6,3.295,5.82,326.84166666666664,348.55,3,4.0,2.3536759624002004,0.75,0.8,1.5,0.2981802688189074,52.95450672047268,10.0,0.0,1.0,0.0,0.0,85.31224474641716,0.0,10.774485780054947,3.913269473527883,0.0,69.45508577147939,0,0.0,AGRICULTURAL,457.0,21.328265,80.77159999999999
2,1.5,1.74,305.655,306.91,2,2.0,0.7367660774513862,1.0,0.4,1.0,0.5757827798361008,56.39456949590252,10.0,0.0,1.0,0.0,0.0,99.93069478478256,0.0,0.0693052152174451,0.0,0.0,69.47446964243176,0,0.0,AGRICULTURAL,458.0,21.369855,80.63677
2,5.73,10.28,325.505,347.33,2,2.0,0.8333253899698243,1.0,0.4,1.0,0.5454569087795481,55.63642271948871,10.0,0.0,1.0,0.0,0.3564268211182891,97.15106061731146,0.0,1.2870968540382663,1.2054157075319918,0.0,30.8856871389286,0,0.0,AGRICULTURAL,459.0,21.55648,79.71204
13,4.494615384615385,6.82,339.1807692307693,351.63,3,4.0,2.45176051040173,0.75,0.8,3.25,0.2897072369263579,56.24268092315895,10.0,0.0,1.0,0.0,0.0,99.99752481374225,0.0,0.0024751862577658,0.0,0.0,68.92822527649373,0,0.0,AGRICULTURAL,460.0,21.983743846153843,80.22637923076924
28,3.439642857142857,8.93,325.7696428571429,352.98,3,4.0,4.074803068084084,0.75,0.8,7.0,0.1970519814432001,61.42629953608,10.0,0.0,1.0,0.0,0.0,100.0,0.0,0.0,0.0,0.0,71.86385126356659,0,0.0,AGRICULTURAL,461.0,22.020163214285716,80.20420392857143
6,2.3833333333333333,5.3,315.49666666666667,339.04,3,4.0,1.5477928760757926,0.75,0.8,1.5,0.3924965837647831,55.31241459411957,10.0,0.0,1.0,0.0,0.0,99.28714635776342,0.0,0.7103784559788124,0.0024751862577658,0.0,73.75427107394091,0,0.0,AGRICULTURAL,462.0,22.11158,80.17919333333333
5,1.0719999999999998,1.43,308.29,313.08,3,4.0,1.8561518417962173,0.75,0.8,1.25,0.3501214415026009,53.75303603756503,40.0,1.0,0.0,0.0,90.31212098710428,4.569193831835846,0.8267122100938097,4.289497784708299,0.0,0.0024751862577658,50.86925216871324,0,0.0,AGRICULTURAL,463.0,22.141446,79.319814
2,2.4,4.21,321.655,342.6,2,2.0,0.6541770083070756,1.0,0.4,1.0,0.6045302255914099,57.11325563978525,40.0,1.0,0.0,0.0,87.25031558624786,7.088933442241528,0.2326675082299943,3.7499071805153337,0.0,0.3712779386648845,60.77149757696235,0,0.0,AGRICULTURAL,464.0,22.189455,79.47923
3,1.6766666666666663,2.11,303.9733333333333,308.19,1,1.0,0.761555445628718,1.0,0.2,3.0,0.5676801161618216,55.19200290404554,40.0,1.0,0.0,0.0,97.69807678027772,1.68312665528081,0.358902007376055,0.2598945570654192,0.0,0.0,87.18782759894104,0,0.0,AGRICULTURAL,465.0,22.657166666666665,77.57166
6,3.43,8.46,318.3433333333333,346.04,2,4.0,1.284985604964454,0.5,0.8,1.5,0.4376395185279761,48.9409879631994,40.0,1.0,0.0,0.0,96.69562634588252,3.2400188114155597,0.0,0.0346526076087225,0.0297022350931907,0.0,110.89301990657692,0,0.0,AGRICULTURAL,466.0,22.795511666666663,77.39524666666667
3,3.24,3.86,315.58666666666664,322.16,1,1.0,0.582049701411593,1.0,0.2,3.0,0.6320913932778119,56.80228483194529,40.0,1.0,0.0,0.0,83.55733768966115,13.078884186035,0.2772208608697804,2.876166431523972,0.0742555877329769,0.1361352441771243,12.39282477764032,0,0.0,AGRICULTURAL,467.0,22.84681333333333,78.73798333333333
4,0.965,2.06,298.235,299.16,1,1.0,0.4630835715026322,1.0,0.2,4.0,0.6834879561753051,60.08719890438263,10.0,0.0,1.0,0.0,0.9182941016311478,88.6487958218856,0.0,7.675552585332046,2.7573574911512093,0.0,91.10536041225244,0,0.0,AGRICULTURAL,468.0,22.8539025,76.8767425
2,1.84,1.87,311.53,313.08,1,1.0,0.0244271225775651,1.0,0.2,2.0,0.9761553340015988,63.40388335003997,10.0,0.0,1.0,0.0,49.77599564367219,29.25175119427737,0.0668300289596792,17.841142545976584,3.0642805871141805,0.0,47.032020921230114,0,0.0,AGRICULTURAL,469.0,22.891175,79.48569499999999
2,0.33,0.38,297.915,298.75,1,1.0,0.1455530980668923,1.0,0.2,2.0,0.8729407669426135,60.823519173565344,40.0,1.0,0.0,0.0,93.91846736466918,5.584020197519863,0.0767307739907428,0.4207816638202025,0.0,0.0,10.939618280443105,0,0.0,AGRICULTURAL,470.0,22.953825,78.625135
2,1.2,1.45,301.265,302.74,1,1.0,0.1318057900202968,1.0,0.2,2.0,0.8835438100931317,61.08859525232829,40.0,1.0,0.0,0.0,93.49026014207568,5.90579441102943,0.0,0.5692928392861563,0.0,0.0346526076087225,13.805174082912073,0,0.0,AGRICULTURAL,471.0,22.975345,78.59807
2,3.52,4.85,326.44,332.09,1,1.0,0.1549688804832771,1.0,0.2,2.0,0.8658241939657862,60.645604849144654,40.0,1.0,0.0,0.0,76.94364000891068,15.754560530679932,4.819187643870201,2.3440013861043045,0.0024751862577658,0.1361352441771243,56.084697569564135,0,0.0,AGRICULTURAL,472.0,23.265075,79.987955
2,1.845,1.89,301.895,302.17,1,1.0,0.4169960624565579,1.0,0.2,2.0,0.7057182630884395,56.64295657721099,40.0,1.0,0.0,0.0,95.04467711195268,2.4925125615702584,0.9306700329199772,1.4034306081532637,0.1287096854038266,0.0,74.07985876402594,0,0.0,AGRICULTURAL,473.0,23.30112,78.10987
2,1.42,1.62,304.2,305.58,1,1.0,0.2039209787809502,1.0,0.2,2.0,0.8306192994598086,59.765482486495216,50.0,0.0,0.0,1.0,81.28759189128982,2.653399668325042,8.982450929432439,6.633499170812604,0.0272270488354248,0.3861290562114799,136.1926564112511,0,0.0,AGRICULTURAL,474.0,23.361865,77.29560000000001
4,2.5275000000000003,5.05,312.66,333.45,2,3.0,0.7212609760064652,0.6666666666666666,0.6,1.3333333333333333,0.5809694252873389,52.19090229885014,40.0,1.0,0.0,0.0,78.38172322467265,10.80418801514814,0.1014826365684017,9.952723942476672,0.6385980545036014,0.1212841266305289,67.99385024134442,0,0.0,AGRICULTURAL,475.0,23.372735,79.98064
2,2.085,2.24,314.925,316.99,1,1.0,0.3825353104116567,1.0,0.2,2.0,0.723308831585824,57.082720789645606,40.0,1.0,0.0,0.0,85.60926709734908,11.192792257617386,0.955421895497636,2.089057201554417,0.0767307739907428,0.0767307739907428,69.23664413332023,0,0.0,AGRICULTURAL,476.0,23.38589,79.993035
2,1.52,1.6,322.245,332.3,2,3.0,0.8175503850281141,0.6666666666666666,0.6,0.6666666666666666,0.5501910748870557,50.088110205509714,40.0,1.0,0.0,0.0,90.91606643399916,6.7622088562164295,1.6459988614143213,0.6410732407613673,0.0,0.0346526076087225,72.64746070060596,0,0.0,AGRICULTURAL,477.0,23.38484,80.33377
4,6.125000000000001,7.57,334.085,342.01,1,1.0,0.7075632462030911,1.0,0.2,4.0,0.5856298454675591,57.64074613668898,40.0,1.0,0.0,0.0,90.87151308135935,6.863691492784832,1.1460112373456102,1.1163090022524196,0.0024751862577658,0.0,70.7071900197834,0,0.0,AGRICULTURAL,478.0,23.3984325,79.98707999999999
4,0.9825000000000002,1.73,308.1925,319.87,3,4.0,1.5183672065057574,0.75,0.8,1.0,0.3970826801654168,54.427067004135424,40.0,1.0,0.0,0.0,99.40843048439396,0.5890943293482834,0.0,0.0024751862577658,0.0,0.0,70.00164820706554,0,0.0,AGRICULTURAL,479.0,23.3981125,80.14094250000001
3,2.273333333333333,3.1,311.40000000000003,317.48,1,1.0,0.7389972870264954,1.0,0.2,3.0,0.5750440253474438,55.3761006336861,40.0,1.0,0.0,0.0,86.82458354991212,2.693002648449296,5.702829137892627,3.990000247518626,0.022276676319893,0.6262221232147719,77.27774265935751,0,0.0,AGRICULTURAL,480.0,23.51091,78.27151
8,1.4587500000000002,2.35,310.39,325.55,3,3.0,2.3063268429510333,1.0,0.6,2.6666666666666665,0.3024504374490269,57.89459426955901,40.0,1.0,0.0,0.0,91.8987153783322,5.841439568327517,1.3712531868023068,0.886116680280191,0.0,0.0024751862577658,91.36102948141637,0,0.0,AGRICULTURAL,481.0,23.58062125,79.94683
2,4.195,5.6,297.93,298.0,1,1.0,0.6172159502912239,1.0,0.2,2.0,0.6183466096905134,54.45866524226284,40.0,1.0,0.0,0.0,90.97052053167,0.8935422390534887,1.1311601197990149,7.004777109477487,0.0,0.0,80.58704894329911,0,0.0,AGRICULTURAL,482.0,23.604975,77.98696
2,0.54,0.58,296.70000000000005,296.74,1,1.0,0.1953322666582265,1.0,0.2,2.0,0.836587472699692,59.9146868174923,40.0,1.0,0.0,0.0,82.03757332739289,1.4009554218954976,2.571718521818767,10.40568302764783,0.0,0.1485111754659538,99.48736056757669,0,0.0,AGRICULTURAL,483.0,23.626315,79.810835
2,1.625,1.64,299.06,299.97,1,1.0,0.0710805192606899,1.0,0.2,2.0,0.9336366239675864,62.340915599189664,40.0,1.0,0.0,0.0,91.8120838593104,4.210291824459791,0.7326551322987054,3.08903244969184,0.0742555877329769,0.0816811465062746,79.90903722592071,0,0.0,AGRICULTURAL,484.0,23.6998,78.536135
2,0.6699999999999999,0.75,304.375,307.42,2,3.0,1.0632290385176246,0.6666666666666666,0.6,0.6666666666666666,0.4846771644501832,48.45026244458791,40.0,1.0,0.0,0.0,66.81517784213263,8.019603475161507,1.9281700947996336,14.021930150243806,0.0074255587732976,8.158213905596396,72.32161857485826,0,0.0,AGRICULTURAL,485.0,22.686625,77.85553999999999
5,2.948,9.52,317.474,350.26,4,4.0,1.9965512533989824,1.0,0.8,1.25,0.3337169684201804,60.84292421050451,40.0,1.0,0.0,0.0,97.39610405683028,1.5445162248459197,0.9257196604044454,0.1336600579193584,0.0,0.0,72.32307519025545,0,0.0,AGRICULTURAL,486.0,22.72494,77.95382400000001
2,0.83,0.83,303.015,303.57,1,1.0,0.4725272834768843,1.0,0.2,2.0,0.6791045647988484,55.97761411997121,40.0,1.0,0.0,0.0,90.16360981163832,6.645875102101432,0.0495037251553179,1.920744536026336,0.0668300289596792,0.1039578228261676,87.69701555485203,0,0.0,AGRICULTURAL,487.0,22.81369,77.795715
8,1.15375,2.13,312.7,338.48,4,4.0,2.473535509790854,1.0,0.8,2.0,0.2878911118603222,61.19727779650805,40.0,1.0,0.0,0.0,97.96292170985866,1.7771837330759142,0.0594044701863815,0.2004900868790376,0.0,0.0,20.31332352642955,0,0.0,AGRICULTURAL,488.0,22.91401625,78.53967374999999
4,1.3875,2.12,306.9975,315.93,2,2.0,0.9675199145217253,1.0,0.4,2.0,0.5082540677831386,56.70635169457847,40.0,1.0,0.0,0.0,99.66337466894385,0.336625331056162,0.0,0.0,0.0,0.0,32.11177010034109,0,0.0,AGRICULTURAL,489.0,22.94801,78.41843
2,3.77,6.01,320.99,340.91,2,2.0,0.5958221575490442,1.0,0.4,1.0,0.6266362421836891,57.66590605459223,40.0,1.0,0.0,0.0,97.49016113462538,0.8885918665379571,1.319274275389223,0.3019727234474394,0.0,0.0,106.28376869098172,0,0.0,AGRICULTURAL,490.0,23.02712,76.77978
2,1.565,1.68,303.625,306.61,1,1.0,0.2769866578255205,1.0,0.2,2.0,0.7830935381132492,58.57733845283123,40.0,1.0,0.0,0.0,96.65849855201604,2.955372391772481,0.1831637830746763,0.1980149006212717,0.0,0.0049503725155317,77.17700475590003,0,0.0,AGRICULTURAL,491.0,23.45741,79.988235
2,1.305,1.48,304.125,304.74,1,1.0,0.5217971259157059,1.0,0.2,2.0,0.6571178135181938,55.427945337954846,10.0,0.0,1.0,0.0,11.531892774931316,43.224177619365854,0.0321774213509566,35.64763248434445,9.564119700007426,0.0,64.2767195614933,0,0.0,AGRICULTURAL,492.0,24.035015,74.28442
2,1.785,1.9,308.505,308.52,1,1.0,0.2215665660544107,1.0,0.2,2.0,0.8186209640870755,59.46552410217689,10.0,0.0,1.0,0.0,21.4400633647682,58.83022697457984,0.0767307739907428,17.935199623771688,1.7177792628895323,0.0,69.10666901125396,0,0.0,AGRICULTURAL,493.0,24.088005,74.29284
2,11.02,19.5,326.795,344.98,2,2.0,0.5951278751268514,1.0,0.4,1.0,0.6269089867923446,57.672724669808616,20.0,0.0,0.0,0.0,0.1311848716615925,61.79054973886785,0.0,21.695007549318085,16.38325784015247,0.0,66.01974306827343,0,0.0,AGRICULTURAL,494.0,24.11029,74.07861
6,4.796666666666667,7.68,331.8616666666667,351.22,2,2.0,1.2388545255667276,1.0,0.4,3.0,0.4466569795314714,57.16642448828678,30.0,0.0,0.0,0.0,2.8439890101730154,70.3076656518403,0.0,25.152842751417044,1.6955025865696396,0.0,71.69951594142812,0,0.0,AGRICULTURAL,495.0,24.179273333333327,74.23462833333333
5,6.852000000000001,10.88,336.044,346.76,2,2.0,1.3531775599228768,1.0,0.4,2.5,0.4249573075279428,55.62393268819857,10.0,0.0,1.0,0.0,3.165763223682582,58.70894284794931,0.0,23.964753347689413,14.160540580678695,0.0,55.32060086396336,0,0.0,AGRICULTURAL,496.0,24.279788,74.488362
2,3.29,4.26,312.02,313.48,1,1.0,0.2845875625166708,1.0,0.2,2.0,0.7784599735971852,58.46149933992963,50.0,0.0,0.0,1.0,32.65265711244771,9.403232593252644,39.4544689487884,8.796811960099998,2.933095715452588,6.759733669958664,11.78016056972996,0,0.0,AGRICULTURAL,497.0,24.66151,74.634985
2,7.695,11.8,334.28,347.58,2,2.0,0.8525859822765016,1.0,0.4,1.0,0.5397860123993685,55.494650309984216,20.0,0.0,0.0,0.0,30.00668300289597,3.502388554738744,0.0,37.857973812529394,28.632954629835893,0.0,59.524903009972704,0,0.0,AGRICULTURAL,498.0,21.211245,74.131615
2,1.92,2.31,307.2,309.46,1,1.0,0.3747631528082343,1.0,0.2,2.0,0.7273980234030102,57.184950585075256,10.0,0.0,1.0,0.0,0.9702730130442316,31.01903418232222,0.0,66.758248558204,1.2524442464295438,0.0,98.73053171464645,0,0.0,AGRICULTURAL,499.0,21.926405,74.120405
2,1.26,1.26,312.76,314.59,1,1.0,0.3913987655239499,1.0,0.2,2.0,0.7187012269796261,56.967530674490654,20.0,0.0,0.0,0.0,2.546966659241108,44.14742209351254,0.0,50.756169401747485,2.537065914210044,0.0099007450310635,42.94370873455277,0,0.0,AGRICULTURAL,500.0,22.30766,76.18062
2,1.3050000000000002,1.8,310.46,313.84,1,1.0,0.2031653797613401,1.0,0.2,2.0,0.8311409360850791,59.77852340212698,10.0,0.0,1.0,0.0,11.279423776639192,80.37919853468973,0.1782134105591445,6.705279572287815,1.346501324224648,0.0816811465062746,53.424512033432215,0,0.0,AGRICULTURAL,501.0,22.491685,76.090975
2,1.02,1.18,307.435,309.58,1,1.0,0.1478646773440528,1.0,0.2,2.0,0.871182831685191,60.779570792129775,40.0,1.0,0.0,0.0,92.44078116878296,2.801910843790995,0.3341501447983961,3.990000247518626,0.0,0.4183064775624365,69.36878986016562,0,0.0,AGRICULTURAL,502.0,22.55,77.700985
2,0.595,0.67,302.87,302.93,1,1.0,0.1603220046273093,1.0,0.2,2.0,0.8618297300336004,60.54574325084001,40.0,1.0,0.0,0.0,86.20578698547065,11.504665726095888,0.0,1.8539145070666567,0.0,0.4282072225935001,69.19637301555463,0,0.0,AGRICULTURAL,503.0,22.56415,77.71928
5,3.482,9.38,318.42,346.39,3,3.0,1.4076921116968055,1.0,0.6,1.6666666666666667,0.415335497068708,58.71672076005103,40.0,1.0,0.0,0.0,83.75040221776689,7.264671666542907,2.972698695576842,5.527090913591247,0.1856389693324422,0.2994975371896735,71.56123272217562,0,0.0,AGRICULTURAL,504.0,22.607256,77.73778000000001
2,4.135,6.79,324.44,341.08,2,2.0,0.570073839827646,1.0,0.4,1.0,0.6369127200474689,57.92281800118673,40.0,1.0,0.0,0.0,82.43112794237767,10.583896438206974,3.1929902725180077,3.623672681369273,0.0,0.168312665528081,72.78420149897555,0,0.0,AGRICULTURAL,505.0,22.628725000000003,77.74799999999999
2,2.325,2.39,332.71500000000003,333.89,1,1.0,0.1999132745664837,1.0,0.2,2.0,0.83339356368175,59.834839092043744,40.0,1.0,0.0,0.0,28.28642855374867,53.45412242271232,0.1163337541149971,11.118536669884408,7.017153040766318,0.0074255587732976,36.67989130914084,0,0.0,AGRICULTURAL,506.0,21.084515,79.929545
2,16.78,27.57,347.495,350.68,2,3.0,1.0667544575046417,0.6666666666666666,0.6,0.6666666666666666,0.4838504140484013,48.42959368454336,30.0,0.0,0.0,0.0,39.14259548030989,21.714809039380217,0.0,30.79626741912329,8.346328061186604,0.0,46.66079698531107,0,0.0,AGRICULTURAL,507.0,21.17103,78.34047000000001
14,3.16,5.66,331.4157142857143,348.87,2,3.0,2.9940778109966346,0.6666666666666666,0.6,4.666666666666667,0.2503706856303012,50.59260047409087,10.0,0.0,1.0,0.0,1.893517487190911,84.12415534268953,0.0,9.883418727259226,1.3836291180911362,0.0,46.31654930770214,0,0.0,AGRICULTURAL,508.0,21.175158571428568,80.33469142857143
2,12.04,18.63,344.515,352.24,2,3.0,0.7388173847510987,0.6666666666666666,0.6,0.6666666666666666,0.5751035208008023,50.71092135335339,30.0,0.0,0.0,0.0,32.13534318457464,40.26137966882008,0.5346402316774337,17.76441177198584,9.304225142942006,0.0,51.46149411611725,0,0.0,AGRICULTURAL,509.0,21.236575,78.48536
3,2.11,2.36,335.5566666666667,337.88,1,1.0,0.7239324476406508,1.0,0.2,3.0,0.5800691328529639,55.501728321324094,10.0,0.0,1.0,0.0,0.1584119204970174,98.636172371971,0.0,0.957897081755402,0.2475186257765897,0.0,62.33211074468056,0,0.0,AGRICULTURAL,510.0,21.25729,80.54558999999999
2,14.725,22.21,351.89,354.49,1,1.0,0.4239430518724355,1.0,0.2,2.0,0.7022752761671436,56.55688190417859,20.0,0.0,0.0,0.0,36.5362243508824,28.996807009727483,0.4702853889755204,2.40093067003292,31.59575258038167,0.0,38.34516177504883,0,0.0,AGRICULTURAL,511.0,21.276035,75.577645
2,4.005,4.11,334.445,336.52,1,1.0,0.5797903051124155,1.0,0.2,2.0,0.6329954024682038,54.824885061705096,40.0,1.0,0.0,0.0,89.17601049478974,1.2697705502339052,3.25734511521992,6.143412291774956,0.118808940372763,0.0346526076087225,11.592658648274094,0,0.0,AGRICULTURAL,512.0,21.286135,79.22779
2,3.4850000000000003,3.6,334.215,338.28,1,1.0,0.3883381490089625,1.0,0.2,2.0,0.7202856168101626,57.00714042025407,10.0,0.0,1.0,0.0,2.3192495235266453,95.11398232717012,0.0,2.11133387787431,0.455434271428925,0.0,67.50750031588905,0,0.0,AGRICULTURAL,513.0,21.316135000000003,80.787915
3,4.996666666666667,7.51,338.06,348.43,2,2.0,0.6389834298118119,1.0,0.4,1.5,0.6101342953264756,58.2533573831619,10.0,0.0,1.0,0.0,0.0,99.9851488824534,0.0,0.0049503725155317,0.0099007450310635,0.0,76.30258395970361,0,0.0,AGRICULTURAL,514.0,21.34535333333333,80.70068666666667
3,6.586666666666666,8.5,347.5566666666666,354.78,2,2.0,0.968515528161774,1.0,0.4,1.5,0.5079970087580733,55.69992521895184,10.0,0.0,1.0,0.0,0.0321774213509566,98.3366748347813,0.0,0.91086854285785,0.720279201009876,0.0,13.545921170204632,0,0.0,AGRICULTURAL,515.0,21.357656666666667,80.08413
3,4.166666666666667,5.68,340.01666666666665,341.86,1,1.0,0.5257436941397698,1.0,0.2,3.0,0.6554180783056163,57.3854519576404,10.0,0.0,1.0,0.0,18.18271824954828,40.7242394990223,0.0,32.603153387292394,8.489888864137027,0.0,38.86091342582403,0,0.0,AGRICULTURAL,516.0,21.35617333333333,75.67826333333333
4,6.86,17.27,338.9825,350.5,3,3.0,1.1073254528509195,1.0,0.6,1.3333333333333333,0.4745351500629095,59.53004541823939,30.0,0.0,0.0,0.0,1.2648201777183734,6.039454468948788,0.0,48.68691369025519,44.00881166307765,0.0,50.57650549543583,0,0.0,AGRICULTURAL,517.0,21.3555275,75.2901375
23,4.5578260869565215,9.93,337.2904347826087,353.12,3,3.0,3.950226616645603,1.0,0.6,7.666666666666667,0.2020109537283416,65.38360717654187,10.0,0.0,1.0,0.0,0.0,100.0,0.0,0.0,0.0,0.0,75.33207529269991,0,0.0,AGRICULTURAL,518.0,21.37031,80.6935
2,1.345,2.26,317.96,332.65,2,3.0,1.0330808213266216,0.6666666666666666,0.6,0.6666666666666666,0.4918643614706286,48.629942370099045,10.0,0.0,1.0,0.0,0.9083933566000842,97.00502462810329,0.0,1.5197643622682606,0.5569169079973268,0.0099007450310635,71.95836376567615,0,0.0,AGRICULTURAL,519.0,21.40708,80.66239
4,5.14,6.78,340.0325,348.1,3,3.0,1.5217029565132103,1.0,0.6,1.3333333333333333,0.3965574126869852,57.5806019838413,10.0,0.0,1.0,0.0,5.522140541075716,76.32236825821143,0.0,14.945174624390486,3.210316576322368,0.0,18.162333795797263,0,0.0,AGRICULTURAL,520.0,21.445125,79.118195
2,3.75,4.84,340.4,347.75,2,3.0,1.0137831553528187,0.6666666666666666,0.6,0.6666666666666666,0.4965777955495898,48.74777822207307,10.0,0.0,1.0,0.0,0.0,99.95297146110244,0.0,0.0297022350931907,0.0173263038043612,0.0,68.11591728915121,0,0.0,AGRICULTURAL,521.0,21.474075,80.62211500000001
16,5.733124999999999,10.35,338.263125,367.0,3,3.0,2.3727298876451086,1.0,0.6,5.333333333333333,0.2964957269964525,63.07905984157798,10.0,0.0,1.0,0.0,0.0247518625776589,88.47305759758422,0.0,9.873517982228162,1.0890819534169949,0.5395906041929655,82.72582768424763,0,0.0,AGRICULTURAL,522.0,21.568651875,77.0936475
2,6.83,6.9,344.725,345.86,1,1.0,0.4157689507710539,1.0,0.2,2.0,0.7063299413759438,56.6582485343986,30.0,0.0,0.0,0.0,49.607682978144105,3.004876116927799,0.9306700329199772,46.45677087200812,0.0,0.0,73.95161523402267,0,0.0,AGRICULTURAL,523.0,21.56532,76.959045
3,1.74,1.74,333.4666666666667,336.03,1,1.0,0.6422298385329773,1.0,0.2,3.0,0.6089281637296954,56.22320409324239,10.0,0.0,1.0,0.0,11.116061483626645,74.11697730254203,0.0049503725155317,11.452686814682805,3.2820969777975795,0.0272270488354248,26.91620622722532,0,0.0,AGRICULTURAL,524.0,21.601650000000003,79.80495
2,7.824999999999999,10.09,342.77,343.27,2,3.0,0.4903658683364266,0.6666666666666666,0.6,0.6666666666666666,0.6709761819198249,53.10773788132895,10.0,0.0,1.0,0.0,17.883220712358604,36.19712383356848,0.0,41.865300363852384,4.04197915893171,0.0123759312888294,54.43513065181611,0,0.0,AGRICULTURAL,525.0,21.621425,76.646995
2,4.725,8.58,328.65,349.55,2,2.0,0.6810715700788322,1.0,0.4,1.0,0.594858670980383,56.87146677450959,10.0,0.0,1.0,0.0,4.871166555283285,24.27662681616792,0.0,65.02561817776787,5.826588450780921,0.0,53.98088721254828,0,0.0,AGRICULTURAL,526.0,21.63229,76.67518
3,6.153333333333333,8.2,336.6633333333333,338.15,1,1.0,0.6131065961309787,1.0,0.2,3.0,0.6199218343031333,56.498045857578326,10.0,0.0,1.0,0.0,0.8762159352491274,83.88901264820177,1.202940521274226,6.675577337194624,6.734981807381006,0.0,18.968599602701747,0,0.0,AGRICULTURAL,527.0,21.66557333333333,79.42168
2,6.12,7.61,335.475,339.41,1,1.0,0.3803907305608819,1.0,0.2,2.0,0.7244325667078907,57.110814167697264,40.0,1.0,0.0,0.0,47.48644835523873,25.33105616197619,1.6484740476720872,18.583698423306355,6.217667879507933,0.0767307739907428,26.85666624543683,0,0.0,AGRICULTURAL,528.0,21.696075,79.499855
4,5.932499999999999,10.69,338.5775,349.61,3,3.0,0.9281901696362846,1.0,0.6,1.3333333333333333,0.5186210446185556,60.63219278213056,10.0,0.0,1.0,0.0,30.583401400955424,51.74624390485384,0.0990074503106358,16.57137199574268,0.9801737580752952,0.0198014900621271,36.36025892883514,0,0.0,AGRICULTURAL,529.0,21.72342,78.88989
5,7.444,10.79,347.63,353.76,2,2.0,1.4099418144904723,1.0,0.4,2.5,0.4149477775717284,55.37369443929321,10.0,0.0,1.0,0.0,20.92522462315289,37.38768842355388,0.0198014900621271,38.12776911462588,3.539516348605233,0.0,46.46714836229685,0,0.0,AGRICULTURAL,530.0,21.795300000000005,76.841046
2,2.63,3.3,324.6,342.34,1,1.0,0.8064201559005103,1.0,0.2,2.0,0.5535810684649356,52.8395267116234,10.0,0.0,1.0,0.0,0.0,99.92326922600924,0.0,0.0767307739907428,0.0,0.0,57.1994133624625,0,0.0,AGRICULTURAL,531.0,21.811135,80.31702
2,8.35,11.01,336.96,337.84,1,1.0,0.607107627741844,1.0,0.2,2.0,0.6222358619535057,54.55589654883765,10.0,0.0,1.0,0.0,9.992326922600926,60.67671592287319,0.0,28.26167669117101,1.0692804633548674,0.0,58.425355153982174,0,0.0,AGRICULTURAL,532.0,21.812795,78.645645
17,3.2076470588235293,5.13,325.1764705882353,346.57,3,3.0,2.9201144875167317,1.0,0.6,5.666666666666667,0.2550945905239284,62.710698096431535,10.0,0.0,1.0,0.0,0.0,99.98762406871116,0.0123759312888294,0.0,0.0,0.0,62.902034256430575,0,0.0,AGRICULTURAL,533.0,21.881256470588237,80.30800294117647
4,2.7250000000000005,3.3,334.2,336.29,1,1.0,0.3550634758174697,1.0,0.2,4.0,0.7379728092787163,61.44932023196791,10.0,0.0,1.0,0.0,0.6435484270191332,96.85898863889508,0.0,1.9430212123462287,0.455434271428925,0.0990074503106358,59.70378291717259,0,0.0,AGRICULTURAL,534.0,21.94847,79.932755
30,3.4686666666666666,8.95,328.9933333333333,367.0,3,3.0,6.011772268411947,1.0,0.6,10.0,0.1426172958447328,68.56543239611831,10.0,0.0,1.0,0.0,0.0,99.93316997104031,0.0,0.0668300289596792,0.0,0.0,65.94329518790006,0,0.0,AGRICULTURAL,535.0,21.96541533333334,80.19809333333333
5,5.561999999999999,8.74,340.762,346.75,3,3.0,1.56070562957429,1.0,0.6,1.6666666666666667,0.3905173591414516,58.09626731186962,10.0,0.0,1.0,0.0,0.0,99.96782257864903,0.0,0.0321774213509566,0.0,0.0,72.29802035274373,0,0.0,AGRICULTURAL,536.0,22.00445,80.256818
3,3.1466666666666665,4.42,338.44666666666666,341.54,1,1.0,0.3700737674830983,1.0,0.2,3.0,0.7298877065846284,59.24719266461571,30.0,0.0,0.0,0.0,29.417588673547684,32.83334570926462,0.3688027524071186,35.93970446276082,1.2722457364916708,0.168312665528081,100.41985033338756,0,0.0,AGRICULTURAL,537.0,22.01454,80.69188000000001
4,3.2,3.7,335.925,348.49,2,2.0,1.0423358486707566,1.0,0.4,2.0,0.4896354341774125,56.24088585443532,10.0,0.0,1.0,0.0,0.0024751862577658,99.00249993812037,0.0,0.7574069948763644,0.2376178807455261,0.0,70.1203318004281,0,0.0,AGRICULTURAL,538.0,22.04142,79.917655
2,3.770000000000001,4.19,338.85,340.63,1,1.0,0.294584038343888,1.0,0.2,2.0,0.7724488873501498,58.31122218375376,40.0,1.0,0.0,0.0,92.29722036583252,5.252345238979233,0.0,2.329150268557709,0.0099007450310635,0.1089081953416994,46.117618868310124,0,0.0,AGRICULTURAL,539.0,22.08754,79.367405
28,4.142857142857143,13.2,334.5625,353.86,3,3.0,4.694542768062525,1.0,0.6,9.333333333333334,0.1756067239688558,68.05683476588806,10.0,0.0,1.0,0.0,0.0,99.7896091680899,0.0,0.0544540976708497,0.1559367342392515,0.0,70.36991338700754,0,0.0,AGRICULTURAL,540.0,22.102631785714284,79.91495714285715
2,2.595,2.85,335.565,340.82,2,3.0,0.6630746962252368,0.6666666666666666,0.6,0.6666666666666666,0.6012959022644921,51.36573088994562,10.0,0.0,1.0,0.0,11.452686814682805,86.83200910868543,0.0148511175465953,1.58659439122794,0.094057077795104,0.0198014900621271,67.91552171410608,0,0.0,AGRICULTURAL,541.0,22.12542,79.94441499999999
20,4.227,8.81,341.12949999999995,352.56,3,3.0,3.55089803374091,1.0,0.6,6.666666666666667,0.2197368503064403,63.82675459099434,10.0,0.0,1.0,0.0,0.0,99.492586817158,0.0,0.5074131828420089,0.0,0.0,66.27611362091234,0,0.0,AGRICULTURAL,542.0,22.140688,79.87069249999999
15,4.462666666666666,8.12,343.202,367.0,2,3.0,2.2711574407858035,0.6666666666666666,0.6,5.0,0.3057021919922564,52.642554799806405,10.0,0.0,1.0,0.0,0.0198014900621271,98.47776045147396,0.0,1.2994727853270958,0.2029652731368035,0.0,64.21706278710782,0,0.0,AGRICULTURAL,543.0,22.15804266666667,79.922844
7,1.4342857142857142,2.72,313.92,342.11,2,2.0,1.6118307057737804,1.0,0.4,3.5,0.3828732075893641,56.57183018973411,10.0,0.0,1.0,0.0,0.0,66.67656741169773,0.0,31.756639687136456,1.5667929011658126,0.0,53.522832209316206,0,0.0,AGRICULTURAL,544.0,21.84833142857143,76.97474571428572
2,3.81,6.44,346.94,350.73,1,1.0,0.902926122475061,1.0,0.2,2.0,0.5255064756267781,52.13766189066945,30.0,0.0,0.0,0.0,3.851389817083735,40.305933021459865,0.0,51.13487289918567,4.707804262270736,0.0,21.365773874432783,0,0.0,AGRICULTURAL,545.0,22.016635,76.34449000000001
3,4.94,4.94,350.0466666666666,353.99,1,1.0,0.5926131904398038,1.0,0.2,3.0,0.6278988557942609,56.69747139485652,10.0,0.0,1.0,0.0,7.05180564837504,33.55610009653226,0.0123759312888294,57.5777827281503,1.799460409395807,0.0024751862577658,21.97326276438373,0,0.0,AGRICULTURAL,546.0,22.02808333333333,76.33276333333333
2,8.525,8.63,348.19,352.8,2,3.0,0.8044346680561179,0.6666666666666666,0.6,0.6666666666666666,0.5541901946925463,50.18808820064699,40.0,1.0,0.0,0.0,84.54493700650974,2.712804138511423,4.173164030593302,8.507215167941387,0.0,0.0618796564441474,53.351795268589655,0,0.0,AGRICULTURAL,547.0,22.153295,79.374505
3,5.6066666666666665,12.22,323.31666666666666,349.67,2,3.0,1.220777908214857,0.6666666666666666,0.6,1.0,0.4502926638007835,48.25731659501959,10.0,0.0,1.0,0.0,3.789510160639588,37.813420459889606,0.0,31.55367441399965,1.7474814979827231,0.2574193708076533,9.380209947446325,1,2520.0,AGRICULTURAL,548.0,22.17649,76.49538333333334
2,4.54,4.67,340.515,341.51,2,3.0,0.6738221845911465,0.6666666666666666,0.6,0.6666666666666666,0.5974350257785975,51.26920897779826,10.0,0.0,1.0,0.0,0.0,98.88616618400536,0.0,1.1113586297368878,0.0024751862577658,0.0,63.77682880903183,0,0.0,AGRICULTURAL,549.0,22.20474,80.197885
9,3.6155555555555554,5.96,331.21666666666664,347.2,3,3.0,3.0621031393575344,1.0,0.6,3.0,0.246177894970476,57.1544473742619,10.0,0.0,1.0,0.0,0.0,97.8663894458058,0.0,1.4826365684017722,0.6509739857924308,0.0,50.04061798673296,0,0.0,AGRICULTURAL,550.0,22.28882,79.9718211111111
3,4.406666666666666,5.1,342.95,345.67,2,2.0,0.9518031454990468,1.0,0.4,1.5,0.5123467509036702,55.808668772591766,40.0,1.0,0.0,0.0,11.343778619341103,64.16920373258088,0.0,23.88802257369867,0.5989950743793471,0.0,21.4079013828414,0,0.0,AGRICULTURAL,551.0,22.288866666666667,78.10541666666667
14,4.441428571428572,13.22,334.81,349.77,3,3.0,4.27191043675629,1.0,0.6,4.666666666666667,0.1896845578080954,59.07544727853572,30.0,0.0,0.0,0.0,0.262369743323185,91.9358431721987,0.0,7.670602212816514,0.1311848716615925,0.0,25.375813013124176,0,0.0,AGRICULTURAL,552.0,22.29828214285714,78.04077857142859
3,4.21,5.81,338.6499999999999,342.59,1,1.0,0.7452359748365132,1.0,0.2,3.0,0.5729884178520191,55.32471044630047,10.0,0.0,1.0,0.0,4.205341451944259,80.42127670107175,0.0,15.113487289918568,0.2598945570654192,0.0,22.93698920305125,0,0.0,AGRICULTURAL,553.0,22.29816333333333,78.09040333333333
2,5.26,5.26,343.33500000000004,344.98,1,1.0,0.4301255485179743,1.0,0.2,2.0,0.6992393087699822,56.48098271924955,40.0,1.0,0.0,0.0,96.40602955372393,2.1682631618029258,1.079181208385931,0.3465260760872256,0.0,0.0,50.3573489617049,0,0.0,AGRICULTURAL,554.0,22.302465,76.968795
11,4.717272727272728,6.64,337.3445454545454,355.59,3,3.0,2.340256978039511,1.0,0.6,3.6666666666666665,0.2993781635887571,59.81778742305226,10.0,0.0,1.0,0.0,0.0,98.36637706987452,0.0,1.6237221850944283,0.0099007450310635,0.0,52.38363658478788,0,0.0,AGRICULTURAL,555.0,22.32344363636364,80.25546454545454
4,7.81,9.17,348.1925,351.02,1,1.0,0.969470720180088,1.0,0.2,4.0,0.5077506305392345,55.69376576348086,20.0,0.0,0.0,0.0,7.861191554664488,68.06762208856216,0.0,15.24962253409569,4.165738471820005,0.0396029801242543,41.89552921031407,0,0.0,AGRICULTURAL,556.0,22.342445,76.2209625
3,6.22,6.22,344.74666666666667,346.62,1,1.0,0.5995358630459022,1.0,0.2,3.0,0.6251813561064887,56.62953390266221,30.0,0.0,0.0,0.0,24.49196802059355,15.195168436424842,0.0519789114130838,32.87789906190441,27.365659265859755,0.0173263038043612,32.74309434189747,0,0.0,AGRICULTURAL,557.0,22.35491,76.37409666666667
4,4.1575,5.52,340.635,348.26,2,2.0,1.1647418740853133,1.0,0.4,2.0,0.4619488410933698,55.54872102733426,10.0,0.0,1.0,0.0,0.0,92.30217073834808,0.0,7.695354075394173,0.0024751862577658,0.0,28.9359165932804,0,0.0,AGRICULTURAL,558.0,22.359327500000003,78.2504975
2,8.0,8.0,347.24,348.44,1,1.0,0.4196261370893434,1.0,0.2,2.0,0.7044108120256914,56.61027030064229,30.0,0.0,0.0,0.0,7.831489319571299,47.17457488676023,0.0,44.29593326897849,0.6484987995346649,0.0495037251553179,80.75725816002856,0,0.0,AGRICULTURAL,559.0,22.399945,75.15567
2,5.52,10.28,325.855,343.62,2,3.0,0.7535404036679982,0.6666666666666666,0.6,0.6666666666666666,0.5702748553202611,50.59020471633986,10.0,0.0,1.0,0.0,17.073834806069158,36.593153634811024,0.1386104304348902,45.120170292814535,0.9776985718175292,0.0965322640528699,63.66007100114327,0,0.0,AGRICULTURAL,560.0,22.395110000000003,75.34649999999999
4,2.6025,7.43,322.4725,347.14,2,3.0,1.0988063101238197,0.6666666666666666,0.6,1.3333333333333333,0.4764613081142322,49.57819936952247,10.0,0.0,1.0,0.0,1.8836167421598475,92.90611618524294,0.0,4.821662830127967,0.3886042424692458,0.0,91.855316676862,0,0.0,AGRICULTURAL,561.0,22.4120075,80.899595
3,4.026666666666666,5.76,342.8666666666666,344.59,2,2.0,0.9487900669924106,1.0,0.4,1.5,0.5131389044605051,55.82847261151264,10.0,0.0,1.0,0.0,3.4009059181703423,46.67458726269152,0.0,48.24880572263063,1.6757010965075123,0.0,75.03845744910812,0,0.0,AGRICULTURAL,562.0,22.42336333333333,75.23402666666668
2,4.07,4.58,342.055,342.25,1,1.0,0.156924473592783,1.0,0.2,2.0,0.8643606586474394,60.609016466185984,10.0,0.0,1.0,0.0,1.5519417836192173,96.38375287740402,0.0,1.636098116383258,0.4282072225935001,0.0,66.22734817949342,0,0.0,AGRICULTURAL,563.0,22.43346,80.62551
2,7.15,8.17,339.56,340.9,1,1.0,0.312847768826488,1.0,0.2,2.0,0.7617029359724375,58.04257339931094,10.0,0.0,1.0,0.0,32.20217321353432,47.76614440236628,0.0099007450310635,19.096061978663897,0.9257196604044454,0.0,44.17025201713852,0,0.0,AGRICULTURAL,564.0,22.4389,75.70650499999999
6,2.838333333333334,4.87,323.89666666666665,340.64,2,2.0,1.735902817139333,1.0,0.4,3.0,0.3655100589594782,55.13775147398696,10.0,0.0,1.0,0.0,0.0,99.32922452414545,0.0,0.5420657904507314,0.1287096854038266,0.0,61.81657786925114,0,0.0,AGRICULTURAL,565.0,22.44262833333333,77.69722166666666
2,5.68,5.68,347.39,350.62,1,1.0,0.4028808816300122,1.0,0.2,2.0,0.7128188950997012,56.82047237749253,20.0,0.0,0.0,0.0,0.4653350164599886,52.29821044033564,0.0,35.838221826192424,11.363580109403234,0.0346526076087225,41.52228441201997,0,0.0,AGRICULTURAL,566.0,22.451845,76.39919499999999
2,5.125,8.03,338.20500000000004,341.22,2,2.0,0.8175153487343343,1.0,0.4,1.0,0.5502016809356638,55.7550420233916,10.0,0.0,1.0,0.0,0.2301923219722284,91.18338654983788,0.0,8.51711591297245,0.0693052152174451,0.0,43.89965348613393,0,0.0,AGRICULTURAL,567.0,22.459965,75.853625
2,7.66,9.03,345.265,345.73,1,1.0,0.4560776364317856,1.0,0.2,2.0,0.6867765667018731,56.169414167546826,10.0,0.0,1.0,0.0,22.076186233014035,21.62817752035841,0.0,17.123338531224476,39.17229771540308,0.0,43.06121699703556,0,0.0,AGRICULTURAL,568.0,22.483545,76.582445
2,3.39,3.39,341.64,344.27,1,1.0,0.4581585968457809,1.0,0.2,2.0,0.6857964573696937,56.14491143424234,10.0,0.0,1.0,0.0,16.26444889977971,32.660082671221005,0.0,9.475012994727852,41.600455434271424,0.0,44.164973737896446,0,0.0,AGRICULTURAL,569.0,22.490395,76.60563
2,8.235000000000001,16.12,325.005,346.15,2,2.0,0.4893102206471303,1.0,0.4,1.0,0.6714517809227705,58.78629452306927,40.0,1.0,0.0,0.0,91.90614093710552,6.192916016930274,0.7103784559788124,0.9380955916932748,0.0,0.2277171357144625,92.53859783688708,0,0.0,AGRICULTURAL,570.0,22.489045,77.32636
3,4.739999999999999,6.2,338.92333333333335,343.01,1,1.0,1.0694594590810478,1.0,0.2,3.0,0.4832179705728829,53.08044926432207,40.0,1.0,0.0,0.0,96.61642038563402,3.18556471374471,0.0445533526397861,0.1534615479814856,0.0,0.0,92.1502872289696,0,0.0,AGRICULTURAL,571.0,22.500833333333333,77.38827333333333
6,4.043333333333334,5.72,323.52500000000003,344.22,2,3.0,1.9156798993891704,0.6666666666666666,0.6,2.0,0.3429731776144213,47.574329440360536,30.0,0.0,0.0,0.0,6.106284497908468,22.00935620405436,0.0,71.78535184772655,0.0990074503106358,0.0,53.81870791925313,0,0.0,AGRICULTURAL,572.0,22.50674666666667,76.06610333333333
2,5.0600000000000005,5.44,335.035,335.91,1,1.0,0.4024205593715032,1.0,0.2,2.0,0.7130528665724578,56.82632166431145,10.0,0.0,1.0,0.0,10.84131580901463,49.25125615702582,0.0024751862577658,37.38026286478057,1.6682755377342144,0.2029652731368035,42.52263581543094,0,0.0,AGRICULTURAL,573.0,22.550525,78.625245
2,2.915,5.09,321.69,341.93,1,1.0,0.6360724917814895,1.0,0.2,2.0,0.6112198603810753,54.28049650952688,40.0,1.0,0.0,0.0,94.11153189277492,2.0049008687903767,0.0148511175465953,3.6583252889779954,0.2103908319101012,0.0,63.19929509511737,0,0.0,AGRICULTURAL,574.0,22.551805,76.903285
6,3.37,8.6,327.8866666666666,348.74,3,3.0,1.463184330630536,1.0,0.6,2.0,0.405978548809628,59.1494637202407,10.0,0.0,1.0,0.0,2.913294225390461,94.55211504665726,0.0,2.15341204425633,0.3811786836959481,0.0,59.57722076208391,0,0.0,AGRICULTURAL,575.0,22.55045,77.85019000000001
3,3.983333333333334,6.48,332.8566666666666,347.27,3,3.0,0.977755407073278,1.0,0.6,1.0,0.505623696653076,59.640592416326896,10.0,0.0,1.0,0.0,2.1484616717407987,94.37885200861363,0.0024751862577658,1.4009554218954976,2.0692557114922896,0.0,57.74632044803042,0,0.0,AGRICULTURAL,576.0,22.570166666666665,77.92071666666668
2,14.67,18.98,348.795,349.17,1,1.0,0.2363892248783214,1.0,0.2,2.0,0.8088067898670133,59.22016974667533,10.0,0.0,1.0,0.0,33.885299868815125,44.73651642286082,0.3564268211182891,20.779188633944703,0.2227667631989307,0.0123759312888294,59.50578945774768,0,0.0,AGRICULTURAL,577.0,22.57825,76.016355
2,8.65,8.65,344.58000000000004,347.44,1,1.0,0.606594323933925,1.0,0.2,2.0,0.622434665119063,54.56086662797658,30.0,0.0,0.0,0.0,6.450335387737928,10.58637162446474,0.0321774213509566,81.68114650627459,1.249969060171778,0.0,35.76623765064797,0,0.0,AGRICULTURAL,578.0,22.58366,79.04136500000001
2,11.33,14.48,349.775,352.41,1,1.0,0.3975138145851663,1.0,0.2,2.0,0.7155564328334292,56.88891082083573,10.0,0.0,1.0,0.0,20.942550926957253,42.87517635702087,0.0049503725155317,35.33328382960818,0.8440385138981708,0.0,81.37131413600522,0,0.0,AGRICULTURAL,579.0,22.6078,74.09853
2,3.905,5.41,337.0,340.65,1,1.0,0.9960475609748908,1.0,0.2,2.0,0.5009900663447064,51.52475165861766,40.0,1.0,0.0,0.0,79.74060048018613,8.952748694339249,1.9083686047375064,1.9058934184797407,0.0,2.2053909556694142,63.138645029649794,0,0.0,AGRICULTURAL,580.0,22.641,77.96495999999999
2,5.515000000000001,6.92,338.59000000000003,341.77,2,2.0,0.1425579122397395,1.0,0.4,1.0,0.8752291584412685,63.88072896103172,10.0,0.0,1.0,0.0,0.1584119204970174,54.28083463280612,0.0,45.51372490779932,0.0,0.047028538897552,25.66952813998149,0,0.0,AGRICULTURAL,581.0,22.65467,78.97677
3,4.853333333333333,5.86,339.99333333333334,342.78,2,2.0,0.9818559437754366,1.0,0.4,1.5,0.5045775416426077,55.614438541065205,30.0,0.0,0.0,0.0,1.8341130170045297,19.48466622113314,0.0371277938664884,75.48575530308655,1.1856142174698647,1.913318977253038,31.641303906429727,0,0.0,AGRICULTURAL,582.0,22.65537666666667,79.07858333333333
2,4.51,4.51,340.155,342.19,1,1.0,0.497964495392094,1.0,0.2,2.0,0.6675725646876889,55.68931411719223,40.0,1.0,0.0,0.0,80.25543922180144,3.628623053884804,0.5841439568327517,3.1137843122694986,0.0,8.056731269027996,65.37753896005796,0,0.0,AGRICULTURAL,583.0,22.65757,77.95071
4,3.9925,5.21,337.71,342.23,1,1.0,1.345405469261583,1.0,0.2,4.0,0.4263655104014214,53.659137760035534,10.0,0.0,1.0,0.0,10.450236380287617,79.27279027746837,0.0,8.284448404742458,1.992524937501547,0.0,22.20775224832841,0,0.0,AGRICULTURAL,584.0,22.668112500000003,80.27946
2,4.63,4.85,343.455,343.64,2,2.0,0.6291517295458029,1.0,0.4,1.0,0.6138163695034063,57.345409237585166,10.0,0.0,1.0,0.0,11.078933689760156,18.541620256924336,0.0148511175465953,68.95373876884236,0.5866191430905175,0.8192866513205119,28.868791873315907,0,0.0,AGRICULTURAL,585.0,22.6587,79.041575
2,4.73,4.73,335.25,335.68,1,1.0,0.8450366673987072,1.0,0.2,2.0,0.5419946484911256,52.54986621227814,30.0,0.0,0.0,0.0,5.348877503032103,22.12073958565382,0.0173263038043612,72.08484938491621,0.2920719784163758,0.1361352441771243,25.067807509955976,0,0.0,AGRICULTURAL,586.0,22.674465,79.00222
3,9.6,9.6,346.18666666666667,349.97,1,1.0,0.6976928994352654,1.0,0.2,3.0,0.5890346836772706,55.72586709193177,40.0,1.0,0.0,0.0,71.23833568476027,5.903319224771664,3.965248384940967,13.133338283705848,0.0,0.0816811465062746,71.0677736121649,0,0.0,AGRICULTURAL,587.0,22.674936666666667,75.64487000000001
6,3.846666666666667,7.15,330.35,345.47,2,2.0,1.0643975736205795,1.0,0.4,3.0,0.4844028169662013,58.11007042415503,10.0,0.0,1.0,0.0,2.754882304893443,75.92881364322666,0.0,21.10343803371204,0.2128660181678671,0.0,65.24179015685118,0,0.0,AGRICULTURAL,588.0,22.68547333333333,76.50829333333333
5,1.952,3.55,317.446,338.57,3,3.0,1.807512400632784,1.0,0.6,1.6666666666666667,0.3561872067865526,57.23801350299714,10.0,0.0,1.0,0.0,0.0618796564441474,95.80950966560232,0.0,3.6855523378134207,0.4430583401400955,0.0,32.51200844072421,0,0.0,AGRICULTURAL,589.0,22.683256,78.61497
2,4.785,6.38,341.67,344.74,1,1.0,0.2996542826068026,1.0,0.2,2.0,0.7694353901517823,58.23588475379455,40.0,1.0,0.0,0.0,88.92106631023985,2.0593549664612265,2.462810326477068,5.452835325858271,0.1089081953416994,0.9529467092398703,71.66274123585684,0,0.0,AGRICULTURAL,590.0,22.693125,76.00874999999999
4,4.5375,11.11,337.8625,339.59,2,3.0,1.1646005419731424,0.6666666666666666,0.6,1.3333333333333333,0.4619790028734122,49.216141738501975,40.0,1.0,0.0,0.0,93.49521051459122,1.438083215761986,2.881116804039504,1.7450063117249572,0.0123759312888294,0.3415757035716937,79.02332782149318,0,0.0,AGRICULTURAL,591.0,22.6969225,75.4999325
34,11.681176470588236,65.02,339.08382352941175,367.0,3,3.0,6.006465140246507,1.0,0.6,11.333333333333334,0.1427253229671841,68.5681330741796,40.0,1.0,0.0,0.0,97.16096136234252,0.816811465062746,0.4183064775624365,1.4950124996906016,0.0,0.1089081953416994,68.87137841743247,0,0.0,AGRICULTURAL,592.0,22.698089705882357,77.97305470588236
4,8.745000000000001,9.81,346.59,348.82,1,1.0,0.9682232661900252,1.0,0.2,4.0,0.508072441362683,55.70181103406707,40.0,1.0,0.0,0.0,99.04705329076012,0.0693052152174451,0.0148511175465953,0.7004777109477488,0.0,0.1311848716615925,76.14636615558953,0,0.0,AGRICULTURAL,593.0,22.7200075,76.06863
3,2.99,4.45,337.0,338.71,2,2.0,0.705599165040215,1.0,0.4,1.5,0.5863042269819718,57.657605674549295,30.0,0.0,0.0,0.0,6.78696071879409,47.83297443132596,0.0,41.61778173807578,3.7622831118041633,0.0,25.152336460435382,0,0.0,AGRICULTURAL,594.0,22.72327333333333,79.06013666666666
2,3.18,3.96,346.035,349.12,1,1.0,0.4689863919132125,1.0,0.2,2.0,0.6807415000608663,56.01853750152166,10.0,0.0,1.0,0.0,70.025494418455,20.479691096755037,1.054429345808272,7.737432241776193,0.6881017796589194,0.0049503725155317,79.67588539503367,0,0.0,AGRICULTURAL,595.0,22.72733,76.904585
2,6.63,8.19,343.84000000000003,344.44,1,1.0,0.3406845550603681,1.0,0.2,2.0,0.7458876110905687,57.647190277264215,40.0,1.0,0.0,0.0,92.62889532437316,7.264671666542907,0.0841563327640405,0.0123759312888294,0.0099007450310635,0.0,104.3845751688346,0,0.0,AGRICULTURAL,596.0,22.73127,77.28247999999999
2,3.21,3.21,333.29,335.92,1,1.0,0.3845856733532553,1.0,0.2,2.0,0.7222377200958265,57.05594300239567,30.0,0.0,0.0,0.0,1.7128288903740003,26.55874854582808,0.0,62.169253236306034,9.559169327491894,0.0,47.452075699293296,0,0.0,AGRICULTURAL,597.0,22.734585,79.30801
3,7.633333333333333,9.76,343.59,345.84,1,1.0,0.8862070080039745,1.0,0.2,3.0,0.5301645024944647,54.25411256236161,40.0,1.0,0.0,0.0,88.67107249820549,4.967698819336155,2.712804138511423,2.688052275933764,0.0,0.0693052152174451,77.65997774185587,0,0.0,AGRICULTURAL,598.0,22.7374,76.05684333333333
6,5.873333333333334,10.39,346.3633333333333,353.78,2,2.0,2.016464284970054,1.0,0.4,3.0,0.3315139532672861,54.28784883168215,10.0,0.0,1.0,0.0,16.94512512066533,66.32014059057944,0.0,12.719982178658944,4.014752110096285,0.0,95.43571494218207,0,0.0,AGRICULTURAL,599.0,22.75327333333333,77.56467
2,9.39,13.87,345.58000000000004,348.91,2,2.0,0.7965978595653446,1.0,0.4,1.0,0.5566075873217018,55.91518968304254,40.0,1.0,0.0,0.0,51.54080344545927,9.415608524541472,0.0,37.815895646147375,1.227692383851885,0.0,95.9555936964473,0,0.0,AGRICULTURAL,600.0,22.74523,77.150575
3,3.4066666666666663,3.91,326.5966666666667,337.39,2,2.0,0.748517031877908,1.0,0.4,1.5,0.5719132166107639,57.297830415269104,10.0,0.0,1.0,0.0,1.846488948293359,97.13125912724932,0.0,0.8960174253112546,0.0643548427019133,0.0618796564441474,12.675914896270497,0,0.0,AGRICULTURAL,601.0,22.747893333333337,78.86003333333333
2,6.03,6.03,340.11,342.12,1,1.0,0.4293301234325249,1.0,0.2,2.0,0.6996284368501995,56.490710921254994,40.0,1.0,0.0,0.0,94.62389544813249,4.257320363357342,0.0,1.1064082572213558,0.0,0.0123759312888294,85.79528741041835,0,0.0,AGRICULTURAL,602.0,22.755575,75.479315
2,8.09,8.33,341.435,343.58,1,1.0,0.3400934990276801,1.0,0.2,2.0,0.7462165891600558,57.6554147290014,40.0,1.0,0.0,0.0,98.32182371723472,0.3935546149847776,0.8786911215068934,0.3910794287270117,0.0,0.0,80.8579264994349,0,0.0,AGRICULTURAL,603.0,22.756295,75.60736
2,14.315,14.68,348.11,354.04,1,1.0,0.5418289319526989,1.0,0.2,2.0,0.6485803835147378,55.21450958786844,40.0,1.0,0.0,0.0,97.4159055468924,0.4059305462736071,0.5890943293482834,1.4207569119576249,0.0,0.168312665528081,82.21116739160128,0,0.0,AGRICULTURAL,604.0,22.762615,75.58654000000001
2,4.949999999999999,5.18,345.96000000000004,352.91,2,3.0,0.6307303498862008,0.6666666666666666,0.6,0.6666666666666666,0.6132221676439543,51.66388752443218,40.0,1.0,0.0,0.0,99.41090567065172,0.3762283111804163,0.1633622930125492,0.0495037251553179,0.0,0.0,85.009448209749,0,0.0,AGRICULTURAL,605.0,22.764905,75.518805
3,7.986666666666667,11.07,346.94000000000005,348.13,2,2.0,0.6949500750455805,1.0,0.4,1.5,0.5899878791256481,57.74969697814121,40.0,1.0,0.0,0.0,96.71790302220242,1.705403331600703,0.0049503725155317,1.346501324224648,0.0,0.0495037251553179,80.42233686416002,0,0.0,AGRICULTURAL,606.0,22.77429,76.00586666666666
3,5.423333333333333,5.59,342.71666666666664,344.56,1,1.0,1.3687906145794195,1.0,0.2,3.0,0.4221563500991626,51.55390875247906,30.0,0.0,0.0,0.0,6.789435905051855,49.8329249276008,0.0,40.91482884087028,2.462810326477068,0.0,75.85051105511026,0,0.0,AGRICULTURAL,607.0,22.780416666666667,76.49460666666666
3,26.573333333333338,35.82,350.9433333333333,367.0,1,1.0,1.039861345828881,1.0,0.2,3.0,0.4902293982112093,53.25573495528023,40.0,1.0,0.0,0.0,99.08418108462662,0.0272270488354248,0.3267245860250984,0.5420657904507314,0.0173263038043612,0.0024751862577658,101.99314964142532,0,0.0,AGRICULTURAL,608.0,22.795056666666664,75.25094666666666
2,5.445,5.48,339.31,341.46,2,3.0,1.020659406122312,0.6666666666666666,0.6,0.6666666666666666,0.4948879543826839,48.70553219290043,30.0,0.0,0.0,0.0,6.489938367862182,36.647607732481866,0.2895967921586099,49.78342120244548,6.009752233855598,0.7796836711962576,90.65515735618509,0,0.0,AGRICULTURAL,609.0,22.801235,77.712555
12,7.814166666666665,13.28,349.4866666666667,367.0,2,2.0,3.076477525295316,1.0,0.4,6.0,0.2453098278586869,58.13274569646718,40.0,1.0,0.0,0.0,98.98022326180045,0.1732630380436128,0.0816811465062746,0.4430583401400955,0.0,0.0148511175465953,85.50577799433407,0,0.0,AGRICULTURAL,610.0,22.82014,76.00998499999999
2,3.315,6.35,321.17999999999995,342.46,2,2.0,0.6422906557456408,1.0,0.4,1.0,0.6089056139371232,57.22264034842808,30.0,0.0,0.0,0.0,93.73777876785228,1.2846216677805005,2.809336402564293,2.1063835053587785,0.0,0.0420781663820202,85.31363638597004,0,0.0,AGRICULTURAL,611.0,22.81279,75.66540499999999
3,3.0666666666666664,7.66,316.5333333333333,342.89,1,1.0,1.1465957939136222,1.0,0.2,3.0,0.465853889602953,52.64634724007382,10.0,0.0,1.0,0.0,34.80606915670404,9.517091161109876,0.0,55.285760253459074,0.3787034974381822,0.0123759312888294,80.6575881905345,0,0.0,AGRICULTURAL,612.0,22.824506666666668,76.53447666666666
4,8.2275,12.33,340.77500000000003,345.17,1,1.0,1.543241462629444,1.0,0.2,4.0,0.3931990000533041,52.8299750013326,30.0,0.0,0.0,0.0,1.2796712952649687,18.29162644488997,0.0,55.8352516026831,24.593450657161952,0.0,103.66275351207456,0,0.0,AGRICULTURAL,613.0,22.84041,77.552685
7,15.475714285714286,34.48,343.51714285714286,347.3,2,2.0,1.8151398542228856,1.0,0.4,3.5,0.3552221387864399,55.880553469661,40.0,1.0,0.0,0.0,88.11415559020817,1.9900497512437807,1.3019479715848616,7.715155565456301,0.7747332986807257,0.0495037251553179,86.3335771517753,0,0.0,AGRICULTURAL,614.0,22.838937142857144,75.92127285714285
3,9.323333333333332,11.52,339.2466666666666,340.15,1,1.0,0.7107205775889982,1.0,0.2,3.0,0.5845489982995052,55.613724957487634,40.0,1.0,0.0,0.0,90.42845474121928,5.433033835796143,2.0073760550481423,1.9850993787282496,0.0445533526397861,0.0990074503106358,86.91676338725927,0,0.0,AGRICULTURAL,615.0,22.84437,75.78489
4,6.815,8.97,346.1825,348.58,1,1.0,1.8664321079766075,1.0,0.2,4.0,0.3488657544747823,51.72164386186956,40.0,1.0,0.0,0.0,98.21786589440856,1.153436796118908,0.022276676319893,0.5222643003886043,0.0,0.0841563327640405,89.60406221945424,0,0.0,AGRICULTURAL,616.0,22.8533675,75.6705425
4,7.065,8.22,347.425,352.24,1,1.0,1.4101284154145906,1.0,0.2,4.0,0.4149156508027726,53.37289127006931,40.0,1.0,0.0,0.0,53.63976139204475,27.17506992401178,1.3143239028736913,17.5787728026534,0.2450434395188238,0.047028538897552,84.47439960115834,0,0.0,AGRICULTURAL,617.0,22.85842,76.504505
3,2.0733333333333337,4.58,317.28000000000003,342.43,2,3.0,1.027943914901971,0.6666666666666666,0.6,1.0,0.4931102840920229,49.32775710230057,40.0,1.0,0.0,0.0,99.6807009727482,0.0990074503106358,0.1014826365684017,0.118808940372763,0.0,0.0,93.83577146578432,0,0.0,AGRICULTURAL,618.0,22.851916666666668,75.52165000000001
2,6.375,12.38,324.18,348.69,2,2.0,0.8159081192315285,1.0,0.4,1.0,0.5506886551193948,55.76721637798487,40.0,1.0,0.0,0.0,99.02972698695577,0.4950372515531794,0.0049503725155317,0.4480087126556273,0.0,0.0148511175465953,88.38775237021855,0,0.0,AGRICULTURAL,619.0,22.855225,75.757225
2,9.045,14.85,340.21000000000004,342.81,1,1.0,0.5663567334294461,1.0,0.2,2.0,0.6384241716192957,54.9606042904824,40.0,1.0,0.0,0.0,93.21303928120592,2.893492735328333,2.4850870027969605,1.2301675701096506,0.0,0.1782134105591445,89.99135157696222,0,0.0,AGRICULTURAL,620.0,22.872765,75.90894
13,4.6838461538461535,9.7,329.2792307692308,344.72,3,3.0,2.731215683127961,1.0,0.6,4.333333333333333,0.2680091650884351,60.36689579387754,40.0,1.0,0.0,0.0,99.0990322021732,0.2252419494566966,0.022276676319893,0.6435484270191332,0.0,0.0099007450310635,90.9835311462016,0,0.0,AGRICULTURAL,621.0,22.883103846153844,75.87590769230769
3,4.74,4.74,342.42333333333335,349.75,1,1.0,0.6704169969421897,1.0,0.2,3.0,0.5986529123150489,55.966322807876224,10.0,0.0,1.0,0.0,0.9009677978267864,70.72597212940273,0.0,18.504492463057844,9.868567609712631,0.0,119.27241604747772,0,0.0,AGRICULTURAL,622.0,22.89288,77.31264333333333
3,6.593333333333334,6.94,343.58666666666664,343.77,1,1.0,0.4637121050155581,1.0,0.2,3.0,0.6831944591927596,58.07986147981899,40.0,1.0,0.0,0.0,96.2698943095468,0.7153288284943442,1.947971584861761,0.9207692878889135,0.0,0.1460359892081879,93.6899441917836,0,0.0,AGRICULTURAL,623.0,22.90515333333333,75.92338333333333
3,1.84,1.84,335.23999999999995,338.56,1,1.0,0.6384721166834504,1.0,0.2,3.0,0.6103246981243551,56.25811745310887,10.0,0.0,1.0,0.0,4.1459369817578775,29.897774807554267,0.0,50.87992871463578,15.076359496052078,0.0,37.38135369958077,0,0.0,AGRICULTURAL,624.0,22.920176666666663,79.60757333333333
3,4.6000000000000005,6.62,330.7033333333333,345.54,1,1.0,0.8252789707621832,1.0,0.2,3.0,0.5478614589979247,54.69653647494812,30.0,0.0,0.0,0.0,8.20524244449395,42.699438132719486,0.0,44.86522610826464,4.230093314521918,0.0,118.06873863720108,0,0.0,AGRICULTURAL,625.0,22.92087,77.25966666666666
2,14.125,18.34,346.55,349.43,1,1.0,0.5382902354102024,1.0,0.2,2.0,0.6500723835988849,55.251809589972126,40.0,1.0,0.0,0.0,94.46300834137767,1.6014455087745354,3.668226034009059,0.2673201158387168,0.0,0.0,101.41860804661432,0,0.0,AGRICULTURAL,626.0,22.92564,75.524575
2,17.54,21.52,360.42,367.0,1,1.0,0.8765499695774304,1.0,0.2,2.0,0.5328928172507894,52.32232043126975,40.0,1.0,0.0,0.0,94.34172421474716,0.4678102027177545,0.0074255587732976,4.425633028885423,0.0,0.0148511175465953,96.42907652822504,0,0.0,AGRICULTURAL,627.0,22.93056,75.79122
5,4.34,10.72,341.97799999999995,351.68,2,3.0,1.8262185237120587,0.6666666666666666,0.6,1.6666666666666667,0.353829681466585,47.17907536999796,10.0,0.0,1.0,0.0,3.210316576322368,34.167471102200444,0.0,53.87737927279028,8.744833048686914,0.0,29.78640356682649,0,0.0,AGRICULTURAL,628.0,22.931416,79.714146
2,6.42,6.42,344.41,348.17,1,1.0,0.4305542386062002,1.0,0.2,2.0,0.6990297697305818,56.47574424326455,40.0,1.0,0.0,0.0,95.63624662755872,0.91086854285785,3.1088339397539664,0.2524689982921215,0.0,0.0,102.94824858092986,0,0.0,AGRICULTURAL,629.0,22.93877,75.52009
2,9.06,10.43,346.825,347.59,1,1.0,0.4206481958492054,1.0,0.2,2.0,0.7039040368486449,56.59760092121613,30.0,0.0,0.0,0.0,28.95472884334546,4.653350164599886,0.0,65.65184030098264,0.3861290562114799,0.2227667631989307,112.98695304446898,0,0.0,AGRICULTURAL,630.0,22.939815000000003,77.14959999999999
3,18.90333333333333,21.78,347.49666666666667,349.24,1,1.0,1.42973690100054,1.0,0.2,3.0,0.4115671946160963,51.2891798654024,40.0,1.0,0.0,0.0,92.567015667929,1.1064082572213558,3.6409989851736335,2.2796465434023907,0.0,0.2301923219722284,98.42300989442364,0,0.0,AGRICULTURAL,631.0,22.94791333333333,75.78150666666666
3,4.23,5.0,340.24333333333334,345.35,1,1.0,1.4282293403739903,1.0,0.2,3.0,0.4118227151665922,51.29556787916481,40.0,1.0,0.0,0.0,87.98297071854657,6.598846563203881,3.947922081136605,1.4281824707309223,0.0,0.0371277938664884,98.54382440201644,0,0.0,AGRICULTURAL,632.0,22.95077333333333,75.81602
2,9.73,13.86,344.44500000000005,347.79,1,1.0,0.8701927516587143,1.0,0.2,2.0,0.5347042432460924,52.36760608115232,40.0,1.0,0.0,0.0,95.51743768718596,2.3761788074552608,1.5073884309794312,0.5989950743793471,0.0,0.0,99.79863198728968,0,0.0,AGRICULTURAL,633.0,22.94932,75.68494
2,0.98,0.98,331.865,332.76,1,1.0,0.3478076339216999,1.0,0.2,2.0,0.741945641820051,57.54864104550128,10.0,0.0,1.0,0.0,6.301824212271974,53.75361995990199,0.0,38.87280017821341,1.0593797183238038,0.0123759312888294,20.57744568899069,0,0.0,AGRICULTURAL,634.0,22.947745,80.14957
2,3.875,4.32,340.44,342.13,1,1.0,0.2647464019789186,1.0,0.2,2.0,0.7906723422461006,58.76680855615252,30.0,0.0,0.0,0.0,10.499740105442934,38.45201851439321,0.0,34.91745253830351,16.13078884186035,0.0,125.278359367517,0,0.0,AGRICULTURAL,635.0,22.951185,77.36789999999999
3,8.5,11.78,343.34,344.14,1,1.0,0.6541895654115436,1.0,0.2,3.0,0.6045256365471097,56.11314091367774,30.0,0.0,0.0,0.0,2.2251924457315413,20.51681889062152,0.0,72.32741763817727,2.564292963045469,0.1064330090839335,118.1442092591825,0,0.0,AGRICULTURAL,636.0,22.959476666666664,77.20672333333333
2,7.95,7.95,345.135,347.95,1,1.0,0.6875895660861063,1.0,0.2,2.0,0.5925611416994129,53.814028542485325,40.0,1.0,0.0,0.0,97.94559540605432,1.658374792703151,0.0544540976708497,0.2227667631989307,0.118808940372763,0.0,107.35132062522588,0,0.0,AGRICULTURAL,637.0,22.961635,75.46403000000001
4,10.45,14.51,350.02250000000004,354.92,1,1.0,0.5501495714122501,1.0,0.2,4.0,0.6450990397584401,59.127475993961,40.0,1.0,0.0,0.0,96.4010791812084,2.05687978020346,0.9232444741466797,0.6187965644414742,0.0,0.0,102.10318230457908,0,0.0,AGRICULTURAL,638.0,22.9715575,75.6927775
2,13.195,13.47,348.69500000000005,351.92,2,3.0,0.892871338787929,0.6666666666666666,0.6,0.6666666666666666,0.5282979246969499,49.54078145075707,30.0,0.0,0.0,0.0,19.00448008712656,17.937674810029456,0.1014826365684017,59.42427167644365,1.633622930125492,1.4207569119576249,117.98380353438924,0,0.0,AGRICULTURAL,639.0,22.973730000000003,77.18218
2,4.12,4.54,335.195,335.75,1,1.0,0.9908909449897698,1.0,0.2,2.0,0.5022876830680137,51.55719207670034,10.0,0.0,1.0,0.0,21.182643993960543,59.43664760773248,0.0,16.098611420509393,3.267245860250984,0.0148511175465953,97.01613816655924,0,0.0,AGRICULTURAL,640.0,22.988205,77.78466499999999
6,17.38,40.13,332.56,355.07,2,2.0,1.313580937353268,1.0,0.4,3.0,0.4322303939554404,56.805759848886005,40.0,1.0,0.0,0.0,88.75275364471177,8.945323135565951,1.0272022969728472,1.1831390312120988,0.0,0.0074255587732976,104.26558483760876,0,0.0,AGRICULTURAL,641.0,23.00185833333333,75.80521999999999
3,7.263333333333333,10.83,344.8433333333333,351.3,1,1.0,0.4794399049037785,1.0,0.2,3.0,0.6759314769632627,57.89828692408157,10.0,0.0,1.0,0.0,30.7591396252568,38.05598871315066,0.551966535481795,27.17506992401178,2.311823964753348,0.81433627880498,99.52186453931704,0,0.0,AGRICULTURAL,642.0,23.003290000000003,77.76078666666668
3,6.920000000000001,7.94,343.51666666666665,348.88,2,3.0,1.2854705581235086,0.6666666666666666,0.6,1.0,0.4375466559591354,47.938666398978384,40.0,1.0,0.0,0.0,97.45055815450112,1.650949233929853,0.0024751862577658,0.767307739907428,0.0049503725155317,0.0841563327640405,105.240371137372,0,0.0,AGRICULTURAL,643.0,23.002436666666668,75.70955666666667
11,3.62090909090909,6.83,331.5572727272727,352.45,2,2.0,2.671335996313581,1.0,0.4,5.5,0.2723804089312741,57.809510223281855,30.0,0.0,0.0,0.0,12.98235192198213,37.67481002945471,0.0,38.38023811291799,10.96259993564516,0.0,94.50389098271992,0,0.0,AGRICULTURAL,644.0,23.023975454545457,77.81123181818181
2,3.21,4.48,319.49,333.47,1,1.0,0.2535430184782102,1.0,0.2,2.0,0.797738877134022,58.94347192835056,40.0,1.0,0.0,0.0,21.477191158634685,47.20427712185342,1.0841315809014629,29.400262369743324,0.8242370238360436,0.0099007450310635,30.21800797130068,0,0.0,AGRICULTURAL,645.0,23.03405,80.163505
4,4.895,8.9,330.7925,346.7,2,2.0,0.8710114069006416,1.0,0.4,2.0,0.5344702850617651,57.36175712654413,30.0,0.0,0.0,0.0,0.6608747308234945,33.058587658721315,0.0148511175465953,57.45897378777754,8.7893864013267,0.0173263038043612,133.16064165988482,0,0.0,AGRICULTURAL,646.0,23.03334,77.34311500000001
4,7.7875,13.91,337.3325,352.07,2,2.0,1.6538535789415083,1.0,0.4,2.0,0.376810539939001,53.42026349847503,30.0,0.0,0.0,0.0,0.047028538897552,27.07853765995891,0.0,59.689116606024605,13.185317195118934,0.0,91.65364610869408,0,0.0,AGRICULTURAL,647.0,23.034745,77.84011999999998
15,7.04,15.77,338.1426666666666,367.0,3,3.0,4.057474891923677,1.0,0.6,5.0,0.1977271309041807,59.94317827260451,40.0,1.0,0.0,0.0,99.1732877899062,0.1955397143635058,0.1757382243013787,0.455434271428925,0.0,0.0,107.80860622918436,0,0.0,AGRICULTURAL,648.0,23.0347,75.846086
2,4.63,5.43,340.435,340.8,1,1.0,0.387807563904774,1.0,0.2,2.0,0.720560995637156,57.01402489092891,30.0,0.0,0.0,0.0,19.31635355560506,34.02143511299226,0.0396029801242543,32.523947427043886,14.098660924234547,0.0,134.22544268244974,0,0.0,AGRICULTURAL,649.0,23.058235,77.325575
2,14.34,14.34,351.59,352.28,1,1.0,0.4994612004543436,1.0,0.2,2.0,0.6669062191785926,55.672655479464815,30.0,0.0,0.0,0.0,21.739560901957876,31.452191777431253,0.0,44.404841464320185,2.4034058562906857,0.0,92.51235460176775,0,0.0,AGRICULTURAL,650.0,23.067125,77.83547999999999
4,13.3575,35.54,333.9625,350.54,2,2.0,2.142805358293481,1.0,0.4,2.0,0.3181870609203085,51.95467652300771,40.0,1.0,0.0,0.0,99.4777356996114,0.4034553600158412,0.1064330090839335,0.0123759312888294,0.0,0.0,112.5675698667452,0,0.0,AGRICULTURAL,651.0,23.0733875,75.7530625
7,7.025714285714286,11.05,342.98857142857145,353.32,2,2.0,1.7001834595781151,1.0,0.4,3.5,0.3703452061573042,56.25863015393261,30.0,0.0,0.0,0.0,14.54419445063241,13.932823444964235,0.0,63.770698745080566,7.75228335932279,0.0,110.21046080878764,0,0.0,AGRICULTURAL,652.0,23.090344285714288,77.66429142857143
2,6.77,6.77,344.24,346.97,1,1.0,0.5002150408703442,1.0,0.2,2.0,0.6665711066460537,55.66427766615134,10.0,0.0,1.0,0.0,25.43253879854459,19.462389544813245,0.0024751862577658,53.77342144996411,0.7970099750006189,0.2376178807455261,89.58498543680001,0,0.0,AGRICULTURAL,653.0,23.088735,77.867755
5,5.174,8.13,336.048,349.92,2,2.0,1.5835826177592136,1.0,0.4,2.5,0.3870594240440112,54.67648560110028,10.0,0.0,1.0,0.0,0.0,39.56585233038786,0.0,47.22160342565778,13.212544243954358,0.0,113.0394467616611,0,0.0,AGRICULTURAL,654.0,23.102102,77.63809599999999
2,5.7,5.7,343.04,345.15,1,1.0,0.4724808285273781,1.0,0.2,2.0,0.6791259897081959,55.9781497427049,40.0,1.0,0.0,0.0,90.52498700527217,6.588945818172817,0.8192866513205119,2.012326427563674,0.0,0.0544540976708497,121.864484413833,0,0.0,AGRICULTURAL,655.0,23.12047,76.96232
7,3.3328571428571423,14.04,321.13142857142856,348.21,2,2.0,1.8665459222934435,1.0,0.4,3.5,0.3488519029898979,55.72129757474745,10.0,0.0,1.0,0.0,10.65320165342442,73.3273928863147,0.0,11.747233979356947,4.272171480903938,0.0,57.8203047823284,0,0.0,AGRICULTURAL,656.0,23.14748714285715,78.20492142857142
2,7.985,10.32,350.44,350.96,1,1.0,0.1615080310840583,1.0,0.2,2.0,0.8609497078265401,60.52374269566351,40.0,1.0,0.0,0.0,98.868839880201,0.742555877329769,0.0099007450310635,0.3663275661493527,0.0,0.0,135.03674865742354,0,0.0,AGRICULTURAL,657.0,23.15233,77.1868
3,5.22,6.32,337.38000000000005,340.17,1,1.0,0.8655595749307752,1.0,0.2,3.0,0.5360321982947699,54.40080495736924,10.0,0.0,1.0,0.0,8.284448404742458,62.129650256181776,0.3564268211182891,26.59092596717903,2.638548550778446,0.0,31.86831788030829,0,0.0,AGRICULTURAL,658.0,23.21828666666667,78.86559666666666
2,4.805,7.23,330.11,349.19,1,1.0,0.8243939144913556,1.0,0.2,2.0,0.5481272394392972,52.70318098598244,10.0,0.0,1.0,0.0,9.93539763867231,83.17863419222297,0.0841563327640405,6.534491720501968,0.2673201158387168,0.0,63.173949328927776,0,0.0,AGRICULTURAL,659.0,23.22169,78.18391
2,3.415,3.75,337.64,338.29,1,1.0,0.220767563893695,1.0,0.2,2.0,0.8191567580731367,59.47891895182842,10.0,0.0,1.0,0.0,4.1459369817578775,57.208979975743176,0.0,25.0761119774263,13.568971065072647,0.0,29.447315397020493,0,0.0,AGRICULTURAL,660.0,23.221705,78.7719
7,18.91857142857143,74.99,343.94999999999993,367.0,2,2.0,1.545058751028451,1.0,0.4,3.5,0.3929182379761971,56.82295594940493,40.0,1.0,0.0,0.0,97.58669339867824,1.504913244721665,0.4826613202643499,0.4257320363357342,0.0,0.0,139.45572335709372,0,0.0,AGRICULTURAL,661.0,23.24216285714286,77.09110428571428
2,7.895,11.71,345.225,352.59,2,3.0,0.963743923355308,0.6666666666666666,0.6,0.6666666666666666,0.5092313657125782,49.064117476147786,20.0,0.0,0.0,0.0,9.170565085022648,46.32311081408876,0.0,34.949629959654466,9.556694141234129,0.0,41.10131865656938,0,0.0,AGRICULTURAL,662.0,23.289825,78.551525
2,3.65,3.83,340.89,342.75,1,1.0,0.7239589913557882,1.0,0.2,2.0,0.5800602015559322,53.5015050388983,30.0,0.0,0.0,0.0,20.37078290141333,50.11262097472835,0.0,26.53894705576595,2.8637905002351425,0.1138585678572312,68.70737574201632,0,0.0,AGRICULTURAL,663.0,23.293695,78.16668999999999
2,2.26,2.37,342.38,343.37,1,1.0,0.1046884726398646,1.0,0.2,2.0,0.9052325834543276,61.6308145863582,30.0,0.0,0.0,0.0,8.626024108314152,0.2227667631989307,0.0,90.49528477017896,0.6336476819880696,0.022276676319893,71.80610983070193,0,0.0,AGRICULTURAL,664.0,23.292635,79.55762
3,6.246666666666666,8.43,343.02666666666664,345.83,2,3.0,0.8510483850501877,0.6666666666666666,0.6,1.0,0.5402343926157753,50.50585981539438,10.0,0.0,1.0,0.0,0.0841563327640405,49.48639885151358,0.0,23.977129278978243,26.45231553674414,0.0,124.31401041684344,0,0.0,AGRICULTURAL,665.0,23.29628333333333,77.57259666666667
2,4.58,4.58,343.42499999999995,343.9,1,1.0,0.4506803115309531,1.0,0.2,2.0,0.6893317514902131,56.23329378725532,40.0,1.0,0.0,0.0,96.25009281948466,3.6880275240711855,0.0024751862577658,0.0594044701863815,0.0,0.0,144.36518982845297,0,0.0,AGRICULTURAL,666.0,23.32277,77.05756
3,9.6,15.7,347.3233333333333,352.58,1,1.0,0.7152083142005412,1.0,0.2,3.0,0.5830195619510509,55.57548904877627,40.0,1.0,0.0,0.0,91.60169302740032,3.027152793247692,1.4479839607930498,3.920695032301181,0.0024751862577658,0.0,123.309470549748,0,0.0,AGRICULTURAL,667.0,23.326986666666667,75.77888666666666
2,8.015,10.85,347.58000000000004,352.86,2,2.0,0.958675357734884,1.0,0.4,1.0,0.5105491300796539,54.76372825199135,10.0,0.0,1.0,0.0,4.388505235018935,51.936833246701816,0.1386104304348902,33.58827751788322,9.94777356996114,0.0,73.1557724789027,0,0.0,AGRICULTURAL,668.0,23.32307,78.13552999999999
6,4.468333333333334,6.92,334.11833333333334,348.89,2,2.0,1.113655693857644,1.0,0.4,3.0,0.4731139527152101,57.82784881788026,10.0,0.0,1.0,0.0,18.648053266008265,58.44409791836836,0.0,15.596148610182915,7.311700205440459,0.0,54.96168987961057,0,0.0,AGRICULTURAL,669.0,23.39113833333333,78.46990166666667
4,5.605,5.8,342.505,344.37,1,1.0,0.5501918608301983,1.0,0.2,4.0,0.6450814413800718,59.1270360345018,30.0,0.0,0.0,0.0,41.53362540531175,31.642781119279224,0.2648449295809509,21.74698646073117,4.804336526323605,0.0074255587732976,55.62560465847197,0,0.0,AGRICULTURAL,670.0,23.38986,78.454455
2,9.185,10.86,348.405,352.95,1,1.0,0.398842257600263,1.0,0.2,2.0,0.7148768880599279,56.871922201498194,30.0,0.0,0.0,0.0,43.61773223435064,5.289473032845722,0.4183064775624365,48.14979827231999,0.6039454468948788,0.5296898591619019,116.3376803096664,0,0.0,AGRICULTURAL,671.0,23.487345,76.15243000000001
11,3.880909090909091,6.12,336.22545454545457,350.62,3,3.0,3.246753711110341,1.0,0.6,3.6666666666666665,0.2354739803685351,58.22018284254671,10.0,0.0,1.0,0.0,5.413232345734016,70.53043241503923,0.0,13.254622410336378,10.801712828890372,0.0,87.91462302381139,0,0.0,AGRICULTURAL,672.0,23.50203181818182,78.10597818181817
17,3.2582352941176467,8.01,326.09117647058827,351.78,3,3.0,2.0288507775220848,1.0,0.6,5.666666666666667,0.330158226156689,64.58728898725055,20.0,0.0,0.0,0.0,2.754882304893443,71.28288903740007,0.0,14.38083215761986,11.581396500086631,0.0,83.646130950426,0,0.0,AGRICULTURAL,673.0,23.565005882352946,78.14110941176469
2,4.78,5.91,346.845,347.74,1,1.0,0.2234240970842714,1.0,0.2,2.0,0.8173780477131786,59.43445119282946,30.0,0.0,0.0,0.0,57.288185935991685,28.808692854137277,0.3093982822207371,12.086334496670874,1.485111754659538,0.0198014900621271,83.09095337146115,0,0.0,AGRICULTURAL,674.0,23.570565,78.16626500000001
9,3.394444444444445,7.72,325.45000000000005,347.91,3,3.0,2.1569507757023008,1.0,0.6,3.0,0.3167613532958993,58.91903383239748,10.0,0.0,1.0,0.0,1.517289176010495,67.30526472117026,0.0,21.67273087299819,9.504715229821045,0.0,79.68088383897793,0,0.0,AGRICULTURAL,675.0,23.60066,78.12696111111111
3,3.99,5.71,330.47,349.84,2,2.0,1.2173839985212165,1.0,0.4,1.5,0.4509818780449866,54.27454695112467,40.0,1.0,0.0,0.0,96.15108536917404,0.7895844162273211,2.037078290141333,0.8465137001559366,0.0,0.1633622930125492,78.01625048246402,0,0.0,AGRICULTURAL,676.0,23.61967,78.05103000000001
2,6.71,6.71,348.15,348.49,1,1.0,0.5091593301155825,1.0,0.2,2.0,0.6626205597015478,55.5655139925387,40.0,1.0,0.0,0.0,98.77973317492142,0.9306700329199772,0.168312665528081,0.118808940372763,0.0024751862577658,0.0,33.987828599830664,0,0.0,AGRICULTURAL,677.0,23.616245,74.910345
2,12.995,13.89,346.395,347.17,1,1.0,0.2168800075378325,1.0,0.2,2.0,0.821773711299066,59.54434278247665,40.0,1.0,0.0,0.0,93.0249251256157,2.576668894334299,0.7945347887428529,3.5914952600183168,0.0024751862577658,0.0099007450310635,102.6476026887327,0,0.0,AGRICULTURAL,678.0,23.72306,75.57577
2,3.165,4.58,339.35,339.56,2,3.0,0.7911843860501628,0.6666666666666666,0.6,0.6666666666666666,0.5582898152686301,50.29057871504909,10.0,0.0,1.0,0.0,8.502264795425855,54.00856414445187,0.0,35.97188188411178,0.2648449295809509,1.2524442464295438,57.81469045373473,0,0.0,AGRICULTURAL,679.0,23.815665000000003,80.95400000000001
2,6.61,6.61,347.415,348.93,1,1.0,0.4650501293557563,1.0,0.2,2.0,0.6825705004645416,56.064262511613535,20.0,0.0,0.0,0.0,2.9058686666171627,59.10249746293409,0.0,19.47971584861761,18.511918021831143,0.0,35.391765796320286,0,0.0,AGRICULTURAL,680.0,23.846825000000003,74.61614499999999
2,9.77,9.77,346.815,347.76,1,1.0,0.4885999379499295,1.0,0.2,2.0,0.6717721628936653,55.794304072341625,30.0,0.0,0.0,0.0,16.1852429395312,19.43763768223559,0.0,59.54555580307418,4.831563575159031,0.0,37.67769483967224,0,0.0,AGRICULTURAL,681.0,23.86792,74.57443
3,6.699999999999999,9.48,357.1166666666666,367.0,1,1.0,0.5996794014329951,1.0,0.2,3.0,0.6251252589138789,56.628131472846974,40.0,1.0,0.0,0.0,63.06527066161729,7.52209103735056,0.094057077795104,24.35335759015866,4.475136754040741,0.3465260760872256,108.0005643119838,0,0.0,AGRICULTURAL,682.0,23.87999333333333,80.21003
6,8.725000000000001,13.38,348.18833333333333,351.71,2,3.0,1.724116870788158,0.6666666666666666,0.6,2.0,0.3670914455702754,48.177286139256886,30.0,0.0,0.0,0.0,0.1757382243013787,22.113314026880523,0.0,58.58270834880325,19.10596272369496,0.022276676319893,129.7471479615459,0,0.0,AGRICULTURAL,683.0,23.916916666666665,79.85884333333333
2,10.88,14.7,352.38,356.17,1,1.0,0.4880692929834898,1.0,0.2,2.0,0.6720117166016241,55.80029291504061,10.0,0.0,1.0,0.0,32.637805994901115,17.967377045122646,0.0544540976708497,40.4049404717705,8.935422390534887,0.0,81.4091022196391,0,0.0,AGRICULTURAL,684.0,23.936865,77.321685
2,27.16,27.16,352.17,353.06,1,1.0,0.4961289238013908,1.0,0.2,2.0,0.6683915965337949,55.70978991334488,20.0,0.0,0.0,0.0,41.491547238929726,22.623202395980297,0.0,25.808767109725007,10.076483255364966,0.0,71.13016066837314,0,0.0,AGRICULTURAL,685.0,23.97984,77.537955
10,15.636,35.58,351.812,367.0,2,2.0,2.390692676832431,1.0,0.4,5.0,0.2949249888769616,57.37312472192404,30.0,0.0,0.0,0.0,0.2773741909919429,31.96407343811914,0.0,42.68040329326817,25.078149077620747,0.0,139.2487241364085,0,0.0,AGRICULTURAL,686.0,23.998956,79.830563
8,4.126250000000001,9.71,322.6175,354.8,2,2.0,1.839274011987481,1.0,0.4,4.0,0.3522027094876989,56.80506773719247,10.0,0.0,1.0,0.0,1.056904532066038,45.540951956634736,0.0841563327640405,29.28640380188609,24.03158337664909,0.0,48.91327325138074,0,0.0,AGRICULTURAL,687.0,24.01187,78.48061625
2,12.79,12.79,352.475,353.45,1,1.0,0.4135640877068708,1.0,0.2,2.0,0.7074316677231326,56.68579169307832,30.0,0.0,0.0,0.0,33.57342640033663,4.8860176728298805,0.0,59.09259671790302,2.447959208930472,0.0,59.05847489341594,0,0.0,AGRICULTURAL,688.0,24.056925,74.523125
4,7.055,7.13,351.4475,367.0,1,1.0,0.7096768659742275,1.0,0.2,4.0,0.5849058496970237,57.62264624242559,40.0,1.0,0.0,0.0,88.49533427390412,0.9380955916932748,0.4009801737580752,9.853716492166036,0.0891067052795722,0.2029652731368035,140.95803027803166,0,0.0,AGRICULTURAL,689.0,24.0649875,79.7846
2,9.86,9.86,347.67,348.97,1,1.0,0.4885610608868498,1.0,0.2,2.0,0.6717897077088819,55.794742692722046,30.0,0.0,0.0,0.0,9.48738892601668,49.53837776292666,0.0,39.50149748768595,1.4727358233707086,0.0,71.15123346776687,0,0.0,AGRICULTURAL,690.0,24.108155,74.292265
3,6.12,8.25,341.88000000000005,343.96,2,2.0,1.212690990488188,1.0,0.4,1.5,0.4519383882786856,54.29845970696714,10.0,0.0,1.0,0.0,1.0915571396747603,40.65740947006263,0.168312665528081,14.927848320586124,43.15487240414841,0.0,87.53210797266594,0,0.0,AGRICULTURAL,691.0,24.11392,79.07899
3,9.38,12.26,346.2933333333333,348.25,1,1.0,0.5537641510979133,1.0,0.2,3.0,0.6435983217230136,57.08995804307534,30.0,0.0,0.0,0.0,11.45516200094057,9.878468354743694,0.0,61.64698893591742,16.95750105195416,0.0618796564441474,94.60766646425768,0,0.0,AGRICULTURAL,692.0,24.121236666666665,79.21655
2,4.955,7.25,344.20000000000005,348.54,1,1.0,0.4081998585286506,1.0,0.2,2.0,0.7101264738407546,56.75316184601886,10.0,0.0,1.0,0.0,0.0024751862577658,93.24769188881464,0.0,4.452860077720849,2.296972847206752,0.0,72.54996040730609,0,0.0,AGRICULTURAL,693.0,24.189135,74.27242000000001
4,10.54,11.4,349.995,351.72,1,1.0,0.95361258426138,1.0,0.2,4.0,0.5118722146121305,55.79680536530326,10.0,0.0,1.0,0.0,0.0,93.54718942600432,0.0,0.5816687705749858,5.868666617162941,0.0,66.25829378035172,0,0.0,AGRICULTURAL,694.0,24.1948625,74.41895500000001
3,10.94,14.05,344.99333333333334,347.89,1,1.0,0.9695100516192808,1.0,0.2,3.0,0.5077404906757523,53.693512266893805,20.0,0.0,0.0,0.0,0.670775475854558,72.81750451721491,0.0,4.890968045345413,21.620751961585107,0.0,55.12471927952747,0,0.0,AGRICULTURAL,695.0,24.271486666666664,74.55694666666666
3,24.566666666666663,35.9,346.17,355.52,1,1.0,0.6111801422117967,1.0,0.2,3.0,0.6206630616904324,56.51657654226081,40.0,1.0,0.0,0.0,61.5479814856068,8.923046459246057,0.2277171357144625,27.776540184648898,1.5247147347837924,0.0,65.15992977017552,0,0.0,AGRICULTURAL,696.0,24.28964,78.9715
9,14.989999999999997,20.74,351.1466666666667,367.0,2,3.0,1.9262235751716288,0.6666666666666666,0.6,3.0,0.3417373875614914,49.54343468903728,30.0,0.0,0.0,0.0,2.5048884928590875,36.06841414816465,0.0,41.77124328605728,19.59604960273261,0.0594044701863815,85.81889446276271,0,0.0,AGRICULTURAL,697.0,24.320652222222225,80.48586888888889
3,6.306666666666668,9.32,354.02666666666664,367.0,1,1.0,0.6007376210154327,1.0,0.2,3.0,0.624711999562831,56.617799989070775,30.0,0.0,0.0,0.0,0.9999752481374224,6.237469369570061,0.0,77.24066235984259,15.514467463676644,0.0074255587732976,88.17903847582808,0,0.0,AGRICULTURAL,698.0,24.32950333333333,80.46253
3,3.936666666666667,5.9,332.5733333333333,347.16,2,2.0,0.9806624154406618,1.0,0.4,1.5,0.5048815952704984,55.62203988176246,10.0,0.0,1.0,0.0,13.804113759560408,14.801613821440062,0.0,62.612311576446125,8.781960842553401,0.0,78.86260174778725,0,0.0,AGRICULTURAL,699.0,24.32835,79.23336333333333
3,3.58,5.56,346.24333333333334,354.25,1,1.0,0.5991768491415003,1.0,0.2,3.0,0.6253217088134052,56.633042720335126,40.0,1.0,0.0,0.0,24.187520110888343,18.42281131655157,0.0,48.47652285834509,8.626024108314152,0.0321774213509566,90.94849825996302,0,0.0,AGRICULTURAL,700.0,24.337910000000004,80.43525
6,3.5283333333333338,5.81,323.94166666666666,347.42,1,1.0,1.1892146612095236,1.0,0.2,6.0,0.456784808597759,58.419620214943976,10.0,0.0,1.0,0.0,8.22751912081384,46.86517660453949,0.0,33.91252691765055,10.893294720427711,0.1014826365684017,77.70936263186248,0,0.0,AGRICULTURAL,701.0,24.351388333333333,79.23998333333333
3,6.503333333333334,6.95,354.3966666666667,367.0,1,1.0,0.6719850654519149,1.0,0.2,3.0,0.5980914666422057,55.95228666605514,30.0,0.0,0.0,0.0,3.3514021930150246,29.8012425435014,0.0074255587732976,45.38501522239549,21.400460384643942,0.0544540976708497,91.08864546116072,0,0.0,AGRICULTURAL,702.0,24.35941333333333,79.40926333333334
3,2.8233333333333337,3.07,345.41,347.19,1,1.0,0.6403982211186037,1.0,0.2,3.0,0.6096080738968921,56.2402018474223,10.0,0.0,1.0,0.0,0.3217742135095666,71.96604044454345,0.0,10.826464691468033,16.885720650478948,0.0,87.91404221779179,0,0.0,AGRICULTURAL,703.0,24.36117,79.37317666666667
3,3.966666666666667,4.59,344.4166666666667,346.03,2,3.0,1.1290339457275544,0.6666666666666666,0.6,1.0,0.4696965973730729,48.74241493432682,10.0,0.0,1.0,0.0,6.499839112893245,32.93730353209079,0.0,48.59533179871786,11.967525556298112,0.0,95.3277181797774,0,0.0,AGRICULTURAL,704.0,24.380956666666663,79.47199333333333
8,8.6725,22.41,350.16375000000005,367.0,2,3.0,1.6948670017493552,0.6666666666666666,0.6,2.6666666666666665,0.3710758265067836,49.61022899600293,30.0,0.0,0.0,0.0,22.04153362540531,21.0044305834014,0.0,43.85535011509616,13.098685676097126,0.0,108.99425577835578,0,0.0,AGRICULTURAL,705.0,24.450315,79.65599625
3,5.166666666666667,5.78,337.07666666666665,342.93,1,1.0,0.5690160229581455,1.0,0.2,3.0,0.6373421210285981,56.93355302571494,10.0,0.0,1.0,0.0,13.883319719808917,25.345907279522784,0.0,32.05366203806837,28.717110962599936,0.0,27.563967336780888,0,0.0,AGRICULTURAL,706.0,24.45059333333333,78.36298000000001
3,3.9766666666666666,5.37,340.0833333333333,342.74,2,3.0,1.0862854655280576,0.6666666666666666,0.6,1.0,0.479320791197139,48.98301977992847,20.0,0.0,0.0,0.0,18.70250736367912,22.902898443107844,0.0,30.0042078166382,28.37306007277048,0.0,98.69417873759024,0,0.0,AGRICULTURAL,707.0,24.47991,79.55947333333333
6,2.8266666666666667,3.71,332.08666666666664,367.0,1,1.0,1.6828857257082988,1.0,0.2,6.0,0.3727329831523084,56.31832457880771,10.0,0.0,1.0,0.0,15.217445112744734,78.52528402762307,0.0,4.489987871587338,1.7672829880448504,0.0,78.21729938768537,0,0.0,AGRICULTURAL,708.0,24.495425,79.34674666666668
3,2.8200000000000003,3.24,341.75,343.59,1,1.0,0.6422393935767895,1.0,0.2,3.0,0.6089246208020895,56.22311552005223,30.0,0.0,0.0,0.0,0.0643548427019133,66.42657359966337,0.0,24.254350139848025,9.254721417786689,0.0,90.26085292413552,0,0.0,AGRICULTURAL,709.0,24.53119,79.49136333333334
2,5.135,5.57,367.0,367.0,1,1.0,0.0995296118421085,1.0,0.2,2.0,0.9094798259454236,61.7369956486356,20.0,0.0,0.0,0.0,36.36296131283879,35.62288062176679,4.037028786416178,17.712432860572758,6.207767134476869,0.0569292839286156,71.76063222485045,0,0.0,AGRICULTURAL,710.0,24.547175000000003,79.3023
2,5.699999999999999,6.01,350.33,353.33,1,1.0,0.0954742581428406,1.0,0.2,2.0,0.9128466438776038,61.8211660969401,10.0,0.0,1.0,0.0,12.955124873146705,52.58285685997871,0.0,31.694760030692308,2.7672582361822724,0.0,73.1751090641522,0,0.0,AGRICULTURAL,711.0,24.553945,79.320455
3,3.870000000000001,4.29,339.92,342.31,2,3.0,0.6351533105032627,0.6666666666666666,0.6,1.0,0.6115634500915531,52.28908625228883,10.0,0.0,1.0,0.0,34.95953070468553,49.38491621494517,0.0,12.539293581842037,3.116259498527264,0.0,98.99232632466789,0,0.0,AGRICULTURAL,712.0,24.556503333333332,79.59060666666666
4,3.4675,5.28,331.21,341.35,1,1.0,1.499773449659251,1.0,0.2,4.0,0.4000362513396212,53.00090628349052,10.0,0.0,1.0,0.0,0.8663151902180638,96.3788025048885,0.0,1.3489765104824138,1.4059057944110296,0.0,79.57133242216024,0,0.0,AGRICULTURAL,713.0,24.5807075,79.39810750000001
2,7.97,7.97,342.32500000000005,342.67,1,1.0,0.5505532832317083,1.0,0.2,2.0,0.6449310777090943,55.12327694272736,30.0,0.0,0.0,0.0,0.0396029801242543,0.4257320363357342,0.0,79.70842305883518,19.826241924704835,0.0,44.16798707132831,0,0.0,AGRICULTURAL,714.0,24.604280000000003,75.29855
10,3.099,3.84,341.485,354.97,2,3.0,2.583779994070886,0.6666666666666666,0.6,3.333333333333333,0.2790349858681142,48.64254131336952,10.0,0.0,1.0,0.0,0.022276676319893,92.30217073834808,0.0,3.3811044281082148,4.294448157223831,0.0,97.3056753657194,0,0.0,AGRICULTURAL,715.0,24.617782,79.590067
2,1.795,3.06,323.145,343.54,1,1.0,0.4533464480703829,1.0,0.2,2.0,0.6880671854448099,56.20167963612025,30.0,0.0,0.0,0.0,23.30387861686592,22.85339471795253,0.3391005173139279,20.85839459419321,32.645231553674414,0.0,81.44055746768123,0,0.0,AGRICULTURAL,716.0,24.61917,79.42936
4,34.265,38.63,350.65500000000003,353.96,1,1.0,0.7060482768028149,1.0,0.2,4.0,0.5861498842658953,57.65374710664738,20.0,0.0,0.0,0.0,0.0198014900621271,3.631098240142571,0.0,52.02841513823915,44.32068513155615,0.0,42.58638163205905,0,0.0,AGRICULTURAL,717.0,24.6223875,75.30163
5,3.398000000000001,4.19,321.748,340.65,1,1.0,1.314141001034436,1.0,0.2,5.0,0.4321257864378158,55.80314466094539,30.0,0.0,0.0,0.0,3.460310388356723,42.800920769287885,0.0024751862577658,19.06140937105517,33.58085195910993,0.0346526076087225,79.62039823019741,0,0.0,AGRICULTURAL,718.0,24.636084,79.415332
2,3.735,5.0,340.14,340.14,2,3.0,0.648792599197759,0.6666666666666666,0.6,0.6666666666666666,0.6065044205599678,51.495943847332526,20.0,0.0,0.0,0.0,3.623672681369273,13.75461003440509,0.0519789114130838,62.30538848048316,20.25939951981387,0.0049503725155317,117.77850648407086,0,0.0,AGRICULTURAL,719.0,24.7785,80.27977
7,6.281428571428571,12.99,342.21857142857147,351.58,3,3.0,2.370122441885697,1.0,0.6,2.333333333333333,0.2967251241591288,57.08479477064488,20.0,0.0,0.0,0.0,0.0,20.360882156382267,0.0,3.9503972673943712,75.68872057622336,0.0,40.04470178490799,0,0.0,AGRICULTURAL,720.0,24.84099285714285,77.34929000000001
5,9.79,13.98,351.964,367.0,2,3.0,0.6057235085389803,0.6666666666666666,0.6,1.6666666666666667,0.6227722236625174,53.902638924896266,30.0,0.0,0.0,0.0,4.061780648993837,38.46191925942427,0.0,37.61293037301057,19.86336971857132,0.0,114.20339276899526,0,0.0,AGRICULTURAL,721.0,24.848,80.35991199999998
7,3.9857142857142858,6.3,335.90000000000003,342.89,2,2.0,1.297538299749296,1.0,0.4,3.5,0.4352484570590699,57.88121142647675,10.0,0.0,1.0,0.0,0.2747456746120145,75.87930991807134,0.0,20.831167545357783,3.0147768619588624,0.0,112.1623027765783,0,0.0,AGRICULTURAL,722.0,24.870802857142856,80.39895
3,6.703333333333333,9.41,342.0466666666667,347.23,1,1.0,0.5282978275514337,1.0,0.2,3.0,0.6543227255659667,57.35806813914917,20.0,0.0,0.0,0.0,0.8473258706467661,3.9956467661691546,0.0,33.469371890547265,61.68765547263681,0.0,67.36214067381158,0,0.0,AGRICULTURAL,723.0,24.953876666666662,78.00231666666666
4,6.477500000000001,7.66,346.815,354.18,1,1.0,1.0990121982164227,1.0,0.2,4.0,0.4764145729356514,54.91036432339128,10.0,0.0,1.0,0.0,0.8737407489913616,93.06700329199772,0.0,4.11375956040692,1.945496398603995,0.0,79.63545178094166,0,0.0,AGRICULTURAL,724.0,25.1079075,80.87339
5,7.492,10.64,347.798,352.79,2,2.0,1.1451423878673452,1.0,0.4,2.5,0.4661695212662217,56.654238031655545,30.0,0.0,0.0,0.0,1.245018687656246,7.48001287096854,0.0,59.12477413925398,32.09574020445039,0.0544540976708497,72.44873665295495,0,0.0,AGRICULTURAL,725.0,25.379138,77.014584
9,6.83,8.19,345.5822222222222,350.69,2,2.0,1.9901321185210308,1.0,0.4,4.5,0.3344333829953362,57.36083457488341,30.0,0.0,0.0,0.0,0.0099007450310635,7.361203930595778,0.0,61.1915546644885,31.43734065988465,0.0,66.42299204611949,0,0.0,AGRICULTURAL,726.0,25.37302777777778,76.9438511111111
2,6.84,8.02,341.695,342.09,1,1.0,0.4651415190003229,1.0,0.2,2.0,0.682527924457637,56.063198111440926,30.0,0.0,0.0,0.0,0.3291997722828643,7.705254820425236,0.0,71.23338531224475,20.719784163758323,0.0123759312888294,67.19048441895552,0,0.0,AGRICULTURAL,727.0,25.39578,76.94291000000001
4,2.7725,3.86,319.0275,339.58,3,3.0,0.8453073583484095,1.0,0.6,1.3333333333333333,0.5419151424698277,61.21454522841236,10.0,0.0,1.0,0.0,1.9281700947996336,95.94564490977946,0.0,2.108858691616544,0.0173263038043612,0.0,60.17084206393688,0,0.0,AGRICULTURAL,728.0,21.14894,80.4745
2,2.145,3.22,321.565,336.59,2,2.0,0.7663901770188349,1.0,0.4,1.0,0.5661263366442153,56.15315841610538,10.0,0.0,1.0,0.0,3.039528724536521,87.57208979975744,0.0,6.638449543328136,0.722754387267642,0.0074255587732976,68.35660388460629,0,0.0,AGRICULTURAL,729.0,21.29975,80.77594
3,2.106666666666667,2.24,307.41333333333336,309.2,2,2.0,0.7773011708319975,1.0,0.4,1.5,0.5626508418558437,57.066271046396096,10.0,0.0,1.0,0.0,4.1261354916957504,89.82945966683992,0.0,5.601346501324224,0.0643548427019133,0.071780401475211,64.91758378024207,0,0.0,AGRICULTURAL,730.0,21.35289333333333,80.82400000000001
10,5.307,16.01,333.553,350.74,3,3.0,2.075790432857058,1.0,0.6,3.333333333333333,0.3251196795846439,59.79465865628276,10.0,0.0,1.0,0.0,0.1212841266305289,43.24892948194351,0.0,53.47392391277444,3.155862478651519,0.0,52.29614589750047,0,0.0,AGRICULTURAL,731.0,21.451151000000003,77.590842
2,4.61,7.91,323.755,344.32,2,2.0,0.771790602418779,1.0,0.4,1.0,0.5644007811277694,56.11001952819423,30.0,0.0,0.0,0.0,29.50174500631173,42.34053612534344,0.0,21.67520605925596,6.482512809088884,0.0,47.58645963123474,0,0.0,AGRICULTURAL,732.0,21.5267,78.739045
7,1.8414285714285712,2.61,308.9114285714286,310.98,2,3.0,1.603787409852523,0.6666666666666666,0.6,2.333333333333333,0.3840559318383982,49.268064962626624,10.0,0.0,1.0,0.0,0.0346526076087225,99.54456572857109,0.0,0.3960298012425435,0.0247518625776589,0.0,60.05143633793161,0,0.0,AGRICULTURAL,733.0,21.844797142857143,80.31552714285715
6,2.99,3.85,319.80833333333334,340.27,3,3.0,1.6257671131563942,1.0,0.6,2.0,0.3808410863970016,58.52102715992504,10.0,0.0,1.0,0.0,0.0,99.0198262419247,0.0,0.9801737580752952,0.0,0.0,61.88748092424507,0,0.0,AGRICULTURAL,734.0,21.898925,80.25833333333334
3,2.14,3.35,309.49333333333334,313.1,2,2.0,0.9397406816939564,1.0,0.4,1.5,0.5155328284019438,55.8883207100486,40.0,1.0,0.0,0.0,87.64634538749041,0.8737407489913616,3.383579614365981,8.074057572832356,0.0,0.022276676319893,40.255969339338606,0,0.0,AGRICULTURAL,735.0,22.04587,79.31166
2,1.66,2.78,319.615,335.65,2,2.0,0.5414313269910256,1.0,0.4,1.0,0.6487476817744876,58.2186920443622,10.0,0.0,1.0,0.0,0.5470161629662632,97.4010544293458,0.0,1.913318977253038,0.1386104304348902,0.0,76.29271060979963,0,0.0,AGRICULTURAL,736.0,22.06436,80.1978
13,3.684615384615384,6.44,330.6530769230769,367.0,3,3.0,2.9078683069897235,1.0,0.6,4.333333333333333,0.2558939865530708,60.06401633049343,10.0,0.0,1.0,0.0,0.0891067052795722,71.38684686022623,0.0,28.524046434494192,0.0,0.0,18.510849979914237,0,0.0,AGRICULTURAL,737.0,22.252006153846157,78.26751076923077
4,0.8300000000000001,1.54,308.3675,318.03,2,3.0,0.9035956270821952,0.6666666666666666,0.6,1.3333333333333333,0.5253216522317747,50.79970797246103,40.0,1.0,0.0,0.0,98.94309546793396,0.455434271428925,0.5593920942550926,0.0420781663820202,0.0,0.0,57.83407358207997,0,0.0,AGRICULTURAL,738.0,22.2805725,77.05815999999999
4,1.7775,2.69,314.64750000000004,331.47,3,3.0,1.344716294890651,1.0,0.6,1.3333333333333333,0.4264908305448682,58.32893743028838,40.0,1.0,0.0,0.0,98.38370337367888,0.527214672904136,0.6633499170812603,0.358902007376055,0.0,0.0445533526397861,51.82693515611041,0,0.0,AGRICULTURAL,739.0,22.2854775,76.99313
4,2.9925,4.89,332.7275,342.94,2,2.0,1.050345837841567,1.0,0.4,2.0,0.4877225985703545,56.19306496425887,10.0,0.0,1.0,0.0,0.2994975371896735,91.91604168213658,0.0,7.53446696863939,0.2499938120343556,0.0,27.39568408788886,0,0.0,AGRICULTURAL,740.0,22.35051,78.2248275
2,1.01,1.04,317.12,318.38,1,1.0,0.1149380092587181,1.0,0.2,2.0,0.8969108521691387,61.42277130422846,40.0,1.0,0.0,0.0,77.891636345635,3.5840697012450184,4.89839360411871,10.982401425707284,0.0,0.4950372515531794,37.72803986459459,0,0.0,AGRICULTURAL,741.0,22.43082,80.089685
2,1.535,2.6,310.16,315.5,2,3.0,0.516826065321448,0.6666666666666666,0.6,0.6666666666666666,0.6592713712287628,52.8151176140524,20.0,0.0,0.0,0.0,25.118190143808324,56.66196381277692,0.4925620652954134,4.173164030593302,13.554119947526052,0.0,40.1313192010114,0,0.0,AGRICULTURAL,742.0,22.43842,76.66471
5,2.7920000000000003,4.13,320.506,342.49,2,2.0,1.025169082921782,1.0,0.4,2.5,0.4937859304850067,57.34464826212516,10.0,0.0,1.0,0.0,0.022276676319893,87.3641741541051,0.0,10.059156951560604,2.5543922180144056,0.0,60.02345457863312,0,0.0,AGRICULTURAL,743.0,22.505098,77.78168600000001
2,1.18,1.18,314.52,318.25,1,1.0,0.4812219444326656,1.0,0.2,2.0,0.675118272287694,55.87795680719236,40.0,1.0,0.0,0.0,73.15412984827108,14.29172545234029,1.1163090022524196,9.35125368183956,1.1336353060567808,0.9529467092398703,66.27976032403075,0,0.0,AGRICULTURAL,744.0,22.516155,77.707375
6,2.395,4.08,325.6383333333333,340.01,2,2.0,2.207065785993406,1.0,0.4,3.0,0.3118115020800063,53.79528755200016,10.0,0.0,1.0,0.0,25.9399519813866,43.627632979381694,0.0148511175465953,30.073513031855647,0.3415757035716937,0.0024751862577658,54.03591245525973,0,0.0,AGRICULTURAL,745.0,22.536185000000003,75.98118333333333
3,1.25,1.27,312.74666666666667,325.71,2,2.0,0.8960979340090998,1.0,0.4,1.5,0.5273989186231564,56.18497296557892,40.0,1.0,0.0,0.0,75.31001707878518,8.722556372367022,6.135986733001658,8.841365312739784,0.9900745031063588,0.0,64.31601184139355,0,0.0,AGRICULTURAL,746.0,22.593923333333333,77.83762
6,1.8,3.14,321.555,351.71,2,2.0,1.351020598865715,1.0,0.4,3.0,0.4253471877202884,56.63367969300721,10.0,0.0,1.0,0.0,0.9207692878889135,83.9310908145838,0.0,11.952674438751515,3.195465458775773,0.0,66.46796467679184,0,0.0,AGRICULTURAL,747.0,22.607981666666664,76.19255333333334
2,0.98,0.98,302.805,303.17,1,1.0,0.4399127114071139,1.0,0.2,2.0,0.6944865421896153,56.362163554740384,10.0,0.0,1.0,0.0,1.225217197594119,79.05744907304275,0.0,19.53912031880399,0.1782134105591445,0.0,64.09787563564146,0,0.0,AGRICULTURAL,748.0,22.61322,76.24974
3,3.22,4.56,320.42333333333335,336.63,2,2.0,0.5261032731311361,1.0,0.4,1.5,0.6552636493258286,59.38159123314573,10.0,0.0,1.0,0.0,0.0767307739907428,90.96061978663894,0.0,8.254746169649266,0.7079032697210466,0.0,29.361217278919405,0,0.0,AGRICULTURAL,749.0,22.612486666666666,78.77166666666666
6,2.8000000000000003,6.1,319.59000000000003,341.66,3,3.0,1.776970800545176,1.0,0.6,2.0,0.3601046146411332,58.00261536602833,10.0,0.0,1.0,0.0,7.247345362738546,76.42137570852206,0.0,15.851092794732804,0.480186134006584,0.0,39.503980104920046,0,0.0,AGRICULTURAL,750.0,22.63282333333333,80.44849166666667
19,1.8431578947368423,3.2,312.97947368421046,340.84,2,3.0,2.7169661784260364,0.6666666666666666,0.6,6.333333333333333,0.2690366153461891,54.392582050321394,40.0,1.0,0.0,0.0,92.26751813073932,4.269696294646172,0.5841439568327517,2.715279324769189,0.0,0.1633622930125492,62.21209824193152,0,0.0,AGRICULTURAL,751.0,22.667618421052637,78.1784352631579
16,4.16375,6.5,331.448125,351.43,3,3.0,2.195182993723558,1.0,0.6,5.333333333333333,0.3129711199528618,63.490944665488215,10.0,0.0,1.0,0.0,0.4628598302022227,92.43335561000964,0.0,7.024578599539616,0.0792059602485087,0.0,33.831908404335486,0,0.0,AGRICULTURAL,752.0,22.658719375,78.620386875
4,3.25,9.04,318.02250000000004,342.57,2,2.0,1.2545451859756174,1.0,0.4,2.0,0.4435484399339135,55.08871099834784,40.0,1.0,0.0,0.0,94.72290289844312,4.720180193559565,0.0024751862577658,0.52473948664637,0.0123759312888294,0.0173263038043612,32.94624450600318,0,0.0,AGRICULTURAL,753.0,22.724535000000003,78.53516250000001
5,2.4880000000000004,2.97,311.394,317.5,1,1.0,0.7245886754984957,1.0,0.2,5.0,0.579848409192962,59.49621022982405,10.0,0.0,1.0,0.0,13.64570183906339,81.40145045914706,0.0,4.02960322764288,0.9232444741466797,0.0,27.577754354104083,0,0.0,AGRICULTURAL,754.0,22.729472,78.62875999999999
7,3.8571428571428568,4.38,334.8885714285714,342.05,2,2.0,1.9583966736458784,1.0,0.4,3.5,0.338020931712182,55.45052329280456,10.0,0.0,1.0,0.0,0.863840003960298,53.22145491448232,0.0,44.78354496175837,1.0965075121902923,0.0346526076087225,16.06432545497864,0,0.0,AGRICULTURAL,755.0,22.72839,78.92638857142857
2,1.46,1.46,311.39,314.64,1,1.0,0.4192438437627696,1.0,0.2,2.0,0.7046005550031138,56.61501387507785,40.0,1.0,0.0,0.0,88.67107249820549,9.227494368951264,1.9603475161505903,0.1410856166926561,0.0,0.0,100.9939943892932,0,0.0,AGRICULTURAL,756.0,22.75066,77.21632
6,3.815,8.32,331.195,345.96,2,2.0,2.167201005436945,1.0,0.4,3.0,0.315736196813325,53.89340492033312,10.0,0.0,1.0,0.0,0.0024751862577658,41.20442563302888,0.0024751862577658,49.28590876463454,9.504715229821045,0.0,97.65744541695604,0,0.0,AGRICULTURAL,757.0,22.7618,77.54247833333334
2,1.04,1.7,307.8,314.22,2,2.0,0.943303634945216,1.0,0.4,1.0,0.5145876238883231,54.86469059720809,40.0,1.0,0.0,0.0,94.5842924680082,4.212767010717557,0.8489888864137027,0.3465260760872256,0.0,0.0074255587732976,30.010241436531413,0,0.0,AGRICULTURAL,758.0,22.79614,78.498595
5,2.568,8.44,317.42600000000004,342.08,2,3.0,1.298589824732801,0.6666666666666666,0.6,1.6666666666666667,0.4350493460120684,49.20956698363504,40.0,1.0,0.0,0.0,84.99047053290761,9.22996955520903,3.744956807999802,2.032127917625801,0.0,0.0024751862577658,79.94836158970016,0,0.0,AGRICULTURAL,759.0,22.79434,77.944826
2,8.725,15.46,330.22,349.66,2,2.0,0.9023826907927788,1.0,0.4,1.0,0.5256565909897291,55.14141477474324,40.0,1.0,0.0,0.0,87.11170515581298,8.979975743174675,0.3787034974381822,0.8613648177025321,0.0,1.0989826984480582,88.69912297543273,0,0.0,AGRICULTURAL,760.0,22.82662,77.80207
5,6.07,12.98,330.048,348.17,3,3.0,1.4065473761380136,1.0,0.6,1.6666666666666667,0.4155330619772726,58.721659882765145,40.0,1.0,0.0,0.0,98.0099502487562,1.5197643622682606,0.0,0.1163337541149971,0.0,0.0024751862577658,85.31824831024979,0,0.0,AGRICULTURAL,761.0,22.83852,77.909288
7,4.17,9.09,325.60571428571427,343.41,2,2.0,2.345708271035119,1.0,0.4,3.5,0.2988903750686586,54.47225937671647,40.0,1.0,0.0,0.0,85.08700279696048,5.121160367317641,0.9158189153733818,1.613821440063365,0.0,3.512289299769808,89.82368015950232,0,0.0,AGRICULTURAL,762.0,22.86052,77.85883571428572
2,5.135000000000001,9.63,320.66,340.03,1,1.0,0.5011622608983223,1.0,0.2,2.0,0.66615050620949,55.65376265523725,40.0,1.0,0.0,0.0,84.34197173337293,8.633449667087447,4.158312913046707,2.2276676319893074,0.0,0.6385980545036014,25.509171564462,0,0.0,AGRICULTURAL,763.0,22.890970000000003,78.49408
3,5.496666666666666,14.09,320.3666666666666,346.55,2,2.0,1.1047285263093,1.0,0.4,1.5,0.4751206568922824,54.87801642230706,10.0,0.0,1.0,0.0,19.39803470211133,44.99641097992624,0.0049503725155317,26.77904012276924,8.759684166233509,0.0618796564441474,121.09560394623854,0,0.0,AGRICULTURAL,764.0,22.89441,77.33703
2,0.63,0.65,306.28,307.24,1,1.0,0.5586409023472461,1.0,0.2,2.0,0.6415846000794944,55.03961500198736,30.0,0.0,0.0,0.0,8.52949184426128,55.84020197519863,1.0668052770971015,31.13536793643722,3.423182594490235,0.0049503725155317,19.51463821185914,0,0.0,AGRICULTURAL,765.0,22.907535,80.211725
2,0.885,1.17,301.25,307.07,1,1.0,0.5073284752761126,1.0,0.2,2.0,0.6634254022281507,55.585635055703776,40.0,1.0,0.0,0.0,99.8044602856365,0.0198014900621271,0.0495037251553179,0.1014826365684017,0.0,0.0247518625776589,103.92357276691668,0,0.0,AGRICULTURAL,766.0,22.963345,75.57222
2,0.84,1.14,304.495,308.3,1,1.0,0.4241444216522496,1.0,0.2,2.0,0.7021759765346199,56.554399413365495,40.0,1.0,0.0,0.0,88.63641989059676,3.237543625157793,1.8440137620355928,2.4034058562906857,0.0,3.07665651840301,21.59848617431789,0,0.0,AGRICULTURAL,767.0,22.96789,78.521045
2,1.44,1.71,308.37,309.53,1,1.0,0.3945853967834565,1.0,0.2,2.0,0.7170589928063577,56.926474820158944,40.0,1.0,0.0,0.0,81.72074948639884,1.7524318704982549,0.3935546149847776,15.52684339496547,0.0,0.0544540976708497,103.73306751512716,0,0.0,AGRICULTURAL,768.0,22.98936,76.833735
7,4.48,10.66,328.30285714285714,347.79,3,3.0,1.83408107738906,1.0,0.6,2.333333333333333,0.3528480564576032,58.48786807810674,40.0,1.0,0.0,0.0,92.74275389223038,1.1187841885101852,3.9503972673943712,1.9850993787282496,0.0,0.2029652731368035,103.78240737391636,0,0.0,AGRICULTURAL,769.0,22.99830714285714,75.83105285714285
2,0.735,0.98,304.605,304.81,1,1.0,0.2848412020534709,1.0,0.2,2.0,0.7783062983984096,58.457657459960245,40.0,1.0,0.0,0.0,90.26261726194896,5.650850226479543,2.0816316427811192,1.7153040766317666,0.0,0.2895967921586099,26.79663380978155,0,0.0,AGRICULTURAL,770.0,22.99386,78.47273
14,5.015,13.75,328.42785714285714,355.91,3,3.0,3.429179240348276,1.0,0.6,4.666666666666667,0.2257754644224711,59.97771994389511,10.0,0.0,1.0,0.0,6.148362664290488,59.28071087349323,0.0,31.52397217890646,3.046954283309819,0.0,62.25745152765269,0,0.0,AGRICULTURAL,771.0,23.07376357142857,78.13629285714286
2,0.8049999999999999,0.84,301.51,302.08,1,1.0,0.2107656474670362,1.0,0.2,2.0,0.8259236641641053,59.64809160410264,40.0,1.0,0.0,0.0,98.3886537461944,1.2796712952649687,0.0396029801242543,0.2920719784163758,0.0,0.0,113.18792094425925,0,0.0,AGRICULTURAL,772.0,23.080035,75.766565
3,2.143333333333333,3.63,321.0466666666667,330.02,1,1.0,0.4837400120669006,1.0,0.2,3.0,0.6739725233984664,57.84931308496167,40.0,1.0,0.0,0.0,88.65374619440112,4.450384891463083,0.0594044701863815,5.485012747209227,0.0099007450310635,0.0024751862577658,78.25482063668831,0,0.0,AGRICULTURAL,773.0,23.083070000000003,77.97903000000001
5,8.126000000000001,15.24,338.242,351.09,2,2.0,2.4825231192581487,1.0,0.4,2.5,0.2871481296046704,52.17870324011676,10.0,0.0,1.0,0.0,4.079106952798198,32.32840771268038,0.1014826365684017,57.382243013786784,6.108759684166234,0.0,102.79457921210016,0,0.0,AGRICULTURAL,774.0,23.098486,77.73871999999999
3,1.3633333333333333,2.01,307.41,318.69,1,1.0,1.1379268932605549,1.0,0.2,3.0,0.4677428415126482,52.6935710378162,40.0,1.0,0.0,0.0,86.78003019727234,1.8167867132001685,6.0246033514021935,3.472686319645553,0.0,1.0247271107150813,135.2351301858928,0,0.0,AGRICULTURAL,775.0,23.31771,76.03662333333334
6,4.716666666666667,11.55,319.825,339.45,1,1.0,0.7235608899344554,1.0,0.2,6.0,0.5801941816154975,61.50485454038744,40.0,1.0,0.0,0.0,95.717927774065,2.2796465434023907,0.5989950743793471,1.3960050493799658,0.0,0.0074255587732976,139.00039155145964,0,0.0,AGRICULTURAL,776.0,23.344808333333333,76.64523833333332
5,1.8840000000000003,5.28,313.698,340.21,2,2.0,1.3187958018705337,1.0,0.4,2.5,0.4312583277895004,55.78145819473751,30.0,0.0,0.0,0.0,0.0891067052795722,48.9839360411871,0.0,49.12997203039529,1.7969852231380412,0.0,44.7762400535649,0,0.0,AGRICULTURAL,777.0,23.36211,78.73736
3,6.276666666666666,11.01,330.67,344.57,2,2.0,0.5894833025096972,1.0,0.4,1.5,0.6291352657942747,58.72838164485688,30.0,0.0,0.0,0.0,0.1410856166926561,10.395782282616766,0.0,79.42625182544987,10.036880275240712,0.0,74.45348558361893,0,0.0,AGRICULTURAL,778.0,23.36889333333333,79.67643333333334
2,0.7050000000000001,0.81,300.73,302.14,1,1.0,0.6088150014026573,1.0,0.2,2.0,0.6215755068967797,54.53938767241949,40.0,1.0,0.0,0.0,79.9757431746739,9.517091161109876,4.527115665453826,4.366228558699042,0.0618796564441474,1.3638276280290091,67.94968192130918,0,0.0,AGRICULTURAL,779.0,23.38044,80.060485
3,3.1633333333333336,4.25,327.4733333333333,339.3,2,2.0,0.6511333791537038,1.0,0.4,1.5,0.6056445909370173,58.14111477342544,10.0,0.0,1.0,0.0,14.410534392713052,55.711492289794805,0.0,25.22709833915002,4.593945694413504,0.0569292839286156,48.14703978019415,0,0.0,AGRICULTURAL,780.0,23.383906666666665,78.82494
2,1.565,1.88,307.32000000000005,309.97,1,1.0,0.5320846587776714,1.0,0.2,2.0,0.6527054456623961,55.3176361415599,40.0,1.0,0.0,0.0,90.00024751862577,7.036954530828445,2.1385609267097347,0.7796836711962576,0.0420781663820202,0.0024751862577658,71.79437106208955,0,0.0,AGRICULTURAL,781.0,23.41365,80.15003
9,2.1422222222222227,8.56,305.6966666666667,330.0,3,3.0,2.1529781709360805,1.0,0.6,3.0,0.317160457759564,58.9290114439891,40.0,1.0,0.0,0.0,99.5643672186332,0.4356327813667978,0.0,0.0,0.0,0.0,77.02197575792488,0,0.0,AGRICULTURAL,782.0,23.45764,80.18483777777777
4,0.61,0.84,303.89750000000004,306.91,2,3.0,1.6607979724699826,0.6666666666666666,0.6,1.3333333333333333,0.3758271053821173,47.0623443012196,10.0,0.0,1.0,0.0,86.96814435286255,11.31655157050568,0.0,1.4430335882775178,0.2648449295809509,0.0074255587732976,81.16154578004131,0,0.0,AGRICULTURAL,783.0,23.4908725,80.2184525
3,0.9433333333333334,2.37,305.15333333333336,317.37,2,3.0,0.6591628317933815,0.6666666666666666,0.6,1.0,0.6027135979891163,52.0678399497279,40.0,1.0,0.0,0.0,89.12155639711888,4.51226454790723,1.9380708398306976,4.158312913046707,0.0965322640528699,0.0544540976708497,83.46366838241225,0,0.0,AGRICULTURAL,784.0,23.48997,79.86211666666667
2,0.85,1.17,300.45500000000004,300.75,1,1.0,0.2609942837933984,1.0,0.2,2.0,0.7930250064193314,58.82562516048328,40.0,1.0,0.0,0.0,78.05004826613202,15.831291304670678,0.8044355337739164,3.180614341229177,2.086582015296651,0.047028538897552,80.9784352689671,0,0.0,AGRICULTURAL,785.0,23.49114,80.20451
2,3.77,6.61,325.805,349.99,2,2.0,0.3317136810766592,1.0,0.4,1.0,0.7509121624338375,60.77280406084594,10.0,0.0,1.0,0.0,2.324199896042177,65.58996064453851,0.0,27.311205168188906,4.774634291230416,0.0,66.3563923564097,0,0.0,AGRICULTURAL,786.0,23.50872,78.985705
3,3.9933333333333336,10.82,319.56666666666666,345.28,3,3.0,0.6978101260384465,1.0,0.6,1.0,0.5889940133254661,61.72485033313665,40.0,1.0,0.0,0.0,88.35424865721146,4.532066037969358,1.009875993168486,3.1038835672384346,2.997450558154501,0.0024751862577658,87.73185619697435,0,0.0,AGRICULTURAL,787.0,23.539486666666665,79.90319333333333
2,1.125,1.56,304.58,306.26,1,1.0,0.333011712513526,1.0,0.2,2.0,0.7501809553604001,57.75452388401,30.0,0.0,0.0,0.0,26.618153016014457,0.0173263038043612,0.047028538897552,72.75810004702853,0.3564268211182891,0.2029652731368035,80.8063484796772,0,0.0,AGRICULTURAL,788.0,23.650325,78.97724500000001
24,3.348333333333333,11.04,326.6625,367.0,3,3.0,5.455766054400753,1.0,0.6,8.0,0.1549002847335711,64.87250711833927,20.0,0.0,0.0,0.0,9.732432365535509,54.94913492240291,0.0,16.6060246033514,18.71240810871018,0.0,72.28102526659123,0,0.0,AGRICULTURAL,789.0,23.688085416666667,78.31256041666667
6,2.213333333333334,6.83,319.3966666666667,350.58,3,3.0,1.4989182224089337,1.0,0.6,2.0,0.4001731593425291,59.00432898356323,10.0,0.0,1.0,0.0,19.313878369347293,31.118041632632853,0.0,42.35291205663226,7.153288284943442,0.0445533526397861,53.8496232903484,0,0.0,AGRICULTURAL,790.0,23.89842,78.399975
3,1.7666666666666666,4.09,312.74333333333334,343.29,2,2.0,0.3443287923772611,1.0,0.4,1.5,0.7438656418506348,61.59664104626587,30.0,0.0,0.0,0.0,41.90242815771887,5.811737333234325,4.237518873295215,42.41231652681864,5.559268334942204,0.0767307739907428,58.806439667005705,0,0.0,AGRICULTURAL,791.0,24.054773333333333,78.63689000000001
2,4.215,6.08,331.315,336.7,2,2.0,0.5326075936934325,1.0,0.4,1.0,0.6524827386442077,58.3120684661052,10.0,0.0,1.0,0.0,0.0,82.51033390262617,0.0,8.838890126482017,8.650775970891809,0.0,37.34238218204179,0,0.0,AGRICULTURAL,792.0,21.303935000000003,75.621865
2,6.65,10.96,323.705,339.71,1,1.0,0.5235110036139479,1.0,0.2,2.0,0.6563785871108787,55.40946467777197,30.0,0.0,0.0,0.0,0.3291997722828643,13.004628598302023,0.0,50.96903541991536,35.69713620949976,0.0,52.43211919171669,0,0.0,AGRICULTURAL,793.0,21.361075,75.30718999999999
3,1.2933333333333334,1.58,308.5,313.74,1,1.0,0.6276209441836,1.0,0.2,3.0,0.6143936667647091,56.35984166911773,20.0,0.0,0.0,0.0,6.6310239845548375,9.551743768718596,0.0074255587732976,40.9569070072523,42.67963664265736,0.1732630380436128,75.08349355315806,0,0.0,AGRICULTURAL,794.0,21.762923333333333,74.54739000000001
2,4.585,5.2,342.695,346.65,1,1.0,0.0393439907650078,1.0,0.2,2.0,0.9621453617718532,63.05363404429634,20.0,0.0,0.0,0.0,12.1135615455063,18.214895670899235,0.0,25.15779312393257,44.51374965966189,0.0,49.39930255640382,0,0.0,AGRICULTURAL,795.0,21.128495,74.02586
4,4.35,5.98,342.0375,348.48,2,2.0,1.916516014233821,1.0,0.4,2.0,0.3428748531191259,52.57187132797816,10.0,0.0,1.0,0.0,2.31677433726888,85.29986881512835,0.0,9.747283483082102,2.616271874458553,0.0198014900621271,57.21726681977183,0,0.0,AGRICULTURAL,796.0,21.136505000000003,80.4333575
14,7.374999999999999,14.94,345.86428571428576,352.04,2,2.0,2.437046072833339,1.0,0.4,7.0,0.2909475109757976,61.27368777439494,10.0,0.0,1.0,0.0,4.408306725081062,33.1105665701344,0.0,42.93705601346501,19.54407069131952,0.0,43.79144261700092,0,0.0,AGRICULTURAL,797.0,21.191238571428567,78.54463571428572
5,14.778,24.64,347.932,353.3,1,1.0,1.433663586066658,1.0,0.2,5.0,0.41090313621211,55.27257840530274,10.0,0.0,1.0,0.0,27.209722531620507,38.39261404420682,0.0,20.3658325288978,14.026880522759338,0.0049503725155317,43.34629268657371,0,0.0,AGRICULTURAL,798.0,21.21443,78.293698
2,17.885,23.64,344.91,349.88,1,1.0,0.4429596907684411,1.0,0.2,2.0,0.6930200520483388,56.32550130120847,40.0,1.0,0.0,0.0,94.78725774114504,1.5964951362590036,0.7301799460409396,2.8439890101730154,0.0148511175465953,0.0272270488354248,10.534487144365173,0,0.0,AGRICULTURAL,799.0,21.240705,79.317865
4,9.59,14.24,346.52500000000003,350.51,1,1.0,0.8381672439887129,1.0,0.2,4.0,0.5440201392284958,56.60050348071239,40.0,1.0,0.0,0.0,95.89366599836636,1.7202544491472984,1.168287913665503,1.2177916388208212,0.0,0.0,11.272721576994964,0,0.0,AGRICULTURAL,800.0,21.2780325,79.42710500000001
2,3.765,5.25,322.945,339.52,1,1.0,0.7509150826875364,1.0,0.2,2.0,0.5711299250818421,53.278248127046055,10.0,0.0,1.0,0.0,0.0,99.9727729511646,0.0,0.022276676319893,0.0049503725155317,0.0,71.88881075754794,0,0.0,AGRICULTURAL,801.0,21.279545,80.737725
9,7.73888888888889,15.47,340.8288888888889,352.18,2,2.0,1.6189147560791617,1.0,0.4,4.5,0.381837552245161,58.54593880612903,10.0,0.0,1.0,0.0,0.0,75.31001707878518,0.0,2.8192371475953566,21.870745773619465,0.0,41.39061442036657,0,0.0,AGRICULTURAL,802.0,21.29448222222222,75.55591333333334
4,6.78,9.85,342.90000000000003,348.49,2,2.0,1.2735612356933,1.0,0.4,2.0,0.4398386039930259,54.99596509982565,10.0,0.0,1.0,0.0,0.0074255587732976,85.47808222568747,0.0,11.92544738991609,2.5890448256231284,0.0,73.52895321731172,0,0.0,AGRICULTURAL,803.0,21.3056275,80.668005
2,2.355,2.85,332.765,333.81,1,1.0,0.3046678892360074,1.0,0.2,2.0,0.7664785868115325,58.16196467028831,10.0,0.0,1.0,0.0,0.2178163906833989,91.27001806885968,0.0,2.3811291799707925,6.111234870424,0.0123759312888294,66.44627951449573,0,0.0,AGRICULTURAL,804.0,21.32152,80.6015
12,2.8908333333333327,4.49,329.1716666666666,349.49,2,2.0,2.019554805730164,1.0,0.4,6.0,0.3311746480316618,60.27936620079155,10.0,0.0,1.0,0.0,0.0,99.99752481374225,0.0,0.0024751862577658,0.0,0.0,71.41360034193337,0,0.0,AGRICULTURAL,805.0,21.364885,80.65515416666668
2,3.85,5.67,327.37,338.14,2,2.0,0.888677915824237,1.0,0.4,1.0,0.5294709021699925,55.23677255424981,10.0,0.0,1.0,0.0,0.0866315190218064,98.98022326180045,0.0,0.7400806910720031,0.1930645281057399,0.0,65.21018467214502,0,0.0,AGRICULTURAL,806.0,21.409485,80.59722500000001
8,2.7425,4.53,324.70125,344.58,2,2.0,1.908291350958905,1.0,0.4,4.0,0.3438445050116062,56.59611262529016,10.0,0.0,1.0,0.0,0.0,99.9727729511646,0.0,0.0272270488354248,0.0,0.0,76.6750921900873,0,0.0,AGRICULTURAL,807.0,21.435430000000004,80.73449500000001
2,3.245,3.4,334.63,335.56,1,1.0,0.0926873545371925,1.0,0.2,2.0,0.9151748630087788,61.87937157521948,10.0,0.0,1.0,0.0,0.0,97.93074428850773,0.0,0.2079156456523353,1.8613400658399544,0.0,27.616825119247743,0,0.0,AGRICULTURAL,808.0,21.494455,79.40468
2,6.23,6.23,344.96500000000003,349.85,1,1.0,0.4233967924173288,1.0,0.2,2.0,0.7025447895675795,56.56361973918949,20.0,0.0,0.0,0.0,29.97203039528725,30.830920026732013,0.0445533526397861,29.40273755600109,9.739857924308804,0.0099007450310635,48.14017762654087,0,0.0,AGRICULTURAL,809.0,21.516355,78.725165
3,3.5400000000000005,4.84,337.69666666666666,341.35,1,1.0,0.4594976478146803,1.0,0.2,3.0,0.6851672570334796,58.12918142583698,10.0,0.0,1.0,0.0,12.853642236578304,70.07994851612584,2.3390510135887723,13.749659661889558,0.361377193633821,0.5470161629662632,32.134810315811286,0,0.0,AGRICULTURAL,810.0,21.535106666666668,79.68609
2,7.765000000000001,11.16,345.655,346.41,1,1.0,0.3741648712968486,1.0,0.2,2.0,0.727714716689173,57.19286791722933,30.0,0.0,0.0,0.0,83.67614663003391,1.7573822430137869,1.173238286181035,9.418083710799236,0.0,0.0148511175465953,52.2287355576575,0,0.0,AGRICULTURAL,811.0,21.537445,77.78536
2,2.935,3.15,338.395,339.23,1,1.0,0.404911307211222,1.0,0.2,2.0,0.7117887050001901,56.79471762500475,10.0,0.0,1.0,0.0,0.0099007450310635,80.27771589812134,0.0,14.21251949209178,5.499863864755823,0.0,57.851603708138505,0,0.0,AGRICULTURAL,812.0,21.541825000000003,78.159065
2,7.705,10.18,344.94,349.38,2,2.0,0.520451310806453,1.0,0.4,1.0,0.6576994560053332,58.44248640013333,30.0,0.0,0.0,0.0,0.4628598302022227,46.850325486992894,0.0,50.473998168362165,2.212816514442712,0.0,61.42219072442202,0,0.0,AGRICULTURAL,813.0,21.55669,76.644065
2,2.75,2.75,339.03,339.52,1,1.0,0.3894339527355224,1.0,0.2,2.0,0.7197175497483681,56.99293874370921,10.0,0.0,1.0,0.0,14.16549095319423,77.12432860572758,1.4801613821440065,4.74740724239499,2.4801366302814287,0.0024751862577658,26.43784155761604,0,0.0,AGRICULTURAL,814.0,21.568285,79.020285
3,1.8633333333333333,2.15,317.6533333333333,331.2,2,2.0,0.8548568024517449,1.0,0.4,1.5,0.5391251759587061,56.47812939896766,10.0,0.0,1.0,0.0,0.0,99.8688151283384,0.0,0.1311848716615925,0.0,0.0,78.03859796664202,0,0.0,AGRICULTURAL,815.0,21.56968,80.70241
2,4.095000000000001,4.11,337.795,338.66,1,1.0,0.4488772165416564,1.0,0.2,2.0,0.6901896092940939,56.254740232352354,10.0,0.0,1.0,0.0,33.24422662805377,35.97930744288508,0.1856389693324422,27.27407737432242,2.737556001089082,0.0173263038043612,15.449192034791128,0,0.0,AGRICULTURAL,816.0,21.60796,79.36064
2,2.62,4.08,323.335,338.28,2,2.0,0.2371852994948358,1.0,0.4,1.0,0.808286358080974,62.20715895202436,10.0,0.0,1.0,0.0,21.281651444271183,31.60317813915497,0.0,46.53350164599886,0.5346402316774337,0.047028538897552,64.0980036337485,0,0.0,AGRICULTURAL,817.0,21.612375,78.60862499999999
2,2.67,2.77,324.36,332.61,1,1.0,0.4168501156769053,1.0,0.2,2.0,0.7057909576569759,56.6447739414244,10.0,0.0,1.0,0.0,4.737506497363927,71.06507264671666,0.0,18.855968911660604,3.202891017549071,0.0569292839286156,28.633643942784577,0,0.0,AGRICULTURAL,818.0,21.66742,79.92814
3,4.48,6.1,338.26666666666665,348.17,2,2.0,1.0701657850422936,1.0,0.4,1.5,0.4830531000103308,55.07632750025827,10.0,0.0,1.0,0.0,0.0693052152174451,94.05955298136185,0.0,4.428108215143189,1.4281824707309223,0.0148511175465953,57.47498181910774,0,0.0,AGRICULTURAL,819.0,21.69955333333333,80.42948666666668
2,5.83,8.62,340.32000000000005,343.17,1,1.0,0.4570682206810061,1.0,0.2,2.0,0.6863096633406903,56.157741583517264,10.0,0.0,1.0,0.0,4.111284374149155,85.0053216504542,0.0,6.680527709710156,4.170688844335537,0.0321774213509566,31.07649631042309,0,0.0,AGRICULTURAL,820.0,21.70752,79.5402
6,3.576666666666666,6.63,330.81,345.34,2,2.0,1.7076080535354698,1.0,0.4,3.0,0.3693296740989694,55.23324185247424,10.0,0.0,1.0,0.0,0.0,99.7821836093166,0.0,0.190589341847974,0.0272270488354248,0.0,60.505486368698726,0,0.0,AGRICULTURAL,821.0,21.704355000000003,80.46110333333333
2,34.51,34.51,347.36,347.52,1,1.0,0.3849321861203671,1.0,0.2,2.0,0.7220570147924109,57.05142536981028,10.0,0.0,1.0,0.0,7.977525308779485,38.42479146555778,0.0,50.11014578847058,3.4850622509343827,0.0024751862577658,49.63084205524029,0,0.0,AGRICULTURAL,822.0,21.758885,76.84313
2,9.36,11.65,355.68,367.0,1,1.0,0.5397713403821793,1.0,0.2,2.0,0.6494470794292059,55.23617698573015,30.0,0.0,0.0,0.0,19.18764387020123,54.11004678102027,0.0420781663820202,26.18252023464765,0.3192990272518007,0.0643548427019133,88.61865064008167,0,0.0,AGRICULTURAL,823.0,21.77092,77.39858
2,3.98,3.98,346.58000000000004,347.43,1,1.0,0.3876339448101209,1.0,0.2,2.0,0.7206511513645889,57.016278784114725,30.0,0.0,0.0,0.0,0.0,70.04282072225935,0.0,27.489418578748047,2.467760698992599,0.0,77.56184415905699,0,0.0,AGRICULTURAL,824.0,21.82843,77.224895
3,4.403333333333333,6.79,339.70000000000005,340.92,1,1.0,0.5379260268674705,1.0,0.2,3.0,0.6502263324308603,57.25565831077151,30.0,0.0,0.0,0.0,9.725006806762208,45.93203138536175,0.0,43.38753991237841,0.6782010346278557,0.2772208608697804,73.36101153584687,0,0.0,AGRICULTURAL,825.0,21.91425333333333,77.21481333333334
4,5.1075,6.2,345.5825,348.74,2,2.0,0.8549967619268748,1.0,0.4,2.0,0.5390844989730611,57.47711247432653,10.0,0.0,1.0,0.0,0.0,98.93566990916068,0.0,1.0593797183238038,0.0049503725155317,0.0,85.49471370633368,0,0.0,AGRICULTURAL,826.0,21.9258575,80.58323
3,12.01,15.36,349.27,351.95,1,1.0,0.8331158825347061,1.0,0.2,3.0,0.5455192492344069,54.63798123086016,10.0,0.0,1.0,0.0,0.240093067003292,55.86990421029182,0.0,40.22177668869583,3.668226034009059,0.0,48.190225172531285,0,0.0,AGRICULTURAL,827.0,21.95522,76.97270666666667
2,3.44,3.87,336.67499999999995,341.09,2,2.0,0.7142426704528642,1.0,0.4,1.0,0.5833479805608984,56.58369951402247,10.0,0.0,1.0,0.0,0.0,96.59166852305636,0.0,1.0519541595505062,2.3563773173931337,0.0,60.570374102509646,0,0.0,AGRICULTURAL,828.0,21.949415,79.868405
3,5.4700000000000015,7.61,344.7266666666667,345.35,1,1.0,0.5509020050649222,1.0,0.2,3.0,0.6447860643252822,57.11965160813205,10.0,0.0,1.0,0.0,0.0,99.69802727655257,0.0,0.2846464196430781,0.0173263038043612,0.0,27.27114062387837,0,0.0,AGRICULTURAL,829.0,21.972603333333332,77.95655
2,9.42,14.25,348.135,348.88,1,1.0,0.369102472258101,1.0,0.2,2.0,0.7304055176751457,57.26013794187864,30.0,0.0,0.0,0.0,4.022177668869582,37.97678275290215,0.0,56.045642434593205,1.9553971436350583,0.0,51.37103991819959,0,0.0,AGRICULTURAL,830.0,21.97611,77.012135
2,2.11,2.5,336.065,339.7,2,2.0,0.8563450491873886,1.0,0.4,1.0,0.5386929549750183,55.46732387437546,10.0,0.0,1.0,0.0,2.462810326477068,73.2828395336749,0.0,20.42523699908418,0.0668300289596792,1.7524318704982549,97.62988855054697,0,0.0,AGRICULTURAL,831.0,21.978105,80.69006999999999
7,1.8857142857142857,2.46,325.05,339.38,1,1.0,0.896352564603056,1.0,0.2,7.0,0.5273281027303695,62.18320256825923,30.0,0.0,0.0,0.0,0.0,96.29464617212446,0.0,3.7053538278755473,0.0,0.0,17.152345994005746,0,0.0,AGRICULTURAL,832.0,22.01341142857143,78.04570714285714
2,2.925,4.14,321.53,335.46,2,2.0,0.5016591390796538,1.0,0.4,1.0,0.6659300862463943,58.64825215615986,10.0,0.0,1.0,0.0,0.0,99.98762406871116,0.0,0.0123759312888294,0.0,0.0,72.21489342172517,0,0.0,AGRICULTURAL,833.0,22.01363,80.23189500000001
3,4.136666666666667,4.55,338.65000000000003,341.87,2,2.0,1.0956827856404112,1.0,0.4,1.5,0.47717145307104,54.92928632677601,10.0,0.0,1.0,0.0,0.2128660181678671,95.98772307616149,0.0346526076087225,3.7053538278755473,0.0,0.0594044701863815,74.69198255275073,0,0.0,AGRICULTURAL,834.0,22.011613333333333,80.29427666666668
2,3.08,3.08,330.65,331.14,1,1.0,0.4164728905513372,1.0,0.2,2.0,0.705978918954649,56.649472973866224,10.0,0.0,1.0,0.0,0.0,99.97772332368012,0.0,0.022276676319893,0.0,0.0,73.3767779175603,0,0.0,AGRICULTURAL,835.0,22.01868,80.24801500000001
4,10.9725,21.05,345.895,347.81,1,1.0,1.8874220192835325,1.0,0.2,4.0,0.346329699407132,51.6582424851783,10.0,0.0,1.0,0.0,0.3861290562114799,63.22368258211431,0.0123759312888294,27.51169525506794,8.346328061186604,0.4876116927798817,57.02726132853084,0,0.0,AGRICULTURAL,836.0,22.0598525,77.08354750000001
3,5.55,5.55,341.0833333333333,348.75,1,1.0,0.6425410401726928,1.0,0.2,3.0,0.6088127940443195,56.22031985110798,10.0,0.0,1.0,0.0,16.895621395510013,73.23828618103512,0.4752357614910522,8.33147694364001,0.7252295735254077,0.0816811465062746,73.67114960123949,0,0.0,AGRICULTURAL,837.0,22.08611666666667,80.05457
2,76.045,96.71,345.375,349.2,1,1.0,0.904393414273306,1.0,0.2,2.0,0.5251015848432705,52.127539621081766,40.0,1.0,0.0,0.0,94.63132100690576,3.0593302145986487,0.5692928392861563,1.7301551941783615,0.0,0.0099007450310635,46.069783685083344,0,0.0,AGRICULTURAL,838.0,22.097185,79.322485
2,4.615,7.83,342.12,353.76,2,2.0,0.7374249549710874,1.0,0.4,1.0,0.5755644277692794,56.389110694232,10.0,0.0,1.0,0.0,0.0,99.46040939580703,0.0,0.3539516348605233,0.1856389693324422,0.0,67.77884515090221,0,0.0,AGRICULTURAL,839.0,22.161685,80.134905
2,1.525,2.0,316.905,331.94,1,1.0,0.3679629196579517,1.0,0.2,2.0,0.7310139665554986,57.27534916388747,10.0,0.0,1.0,0.0,0.0,99.9851488824534,0.0,0.0148511175465953,0.0,0.0,68.490168644146,0,0.0,AGRICULTURAL,840.0,22.164465,80.214755
9,4.218888888888889,9.71,332.2911111111111,352.1,2,2.0,3.577810889015748,1.0,0.4,4.5,0.2184450219207296,54.46112554801825,10.0,0.0,1.0,0.0,0.0,99.78465879557436,0.0,0.215341204425633,0.0,0.0,67.39590414831073,0,0.0,AGRICULTURAL,841.0,22.172636666666666,80.2036711111111
2,18.47,26.36,338.42499999999995,345.76,1,1.0,0.5393514602066529,1.0,0.2,2.0,0.6496242254291643,55.24060563572911,10.0,0.0,1.0,0.0,27.07853765995891,48.793346699339125,0.1138585678572312,23.180119303977627,0.8316625826093413,0.0024751862577658,92.8071022091799,0,0.0,AGRICULTURAL,842.0,22.19639,80.749365
5,3.697999999999999,5.09,337.866,342.38,1,1.0,0.8476105976261132,1.0,0.2,5.0,0.5412395887341421,58.53098971835355,10.0,0.0,1.0,0.0,0.0,91.08437909952724,0.0,8.91562090047276,0.0,0.0,14.614349541413109,0,0.0,AGRICULTURAL,843.0,22.226984,78.23765999999999
2,3.25,3.25,335.44,336.36,1,1.0,0.488164044817392,1.0,0.2,2.0,0.6719689294218278,55.79922323554569,20.0,0.0,0.0,0.0,6.680527709710156,79.07725056310487,0.0,9.925496893641244,4.316724833543724,0.0,55.60671306482755,0,0.0,AGRICULTURAL,844.0,22.240395,79.98867999999999
10,2.9,5.24,325.957,346.84,2,2.0,1.4099567755589963,1.0,0.4,5.0,0.4149452015661348,60.37363003915337,10.0,0.0,1.0,0.0,0.0,99.46535976832256,0.0,0.5346402316774337,0.0,0.0,59.67649055662599,0,0.0,AGRICULTURAL,845.0,22.240599,80.188024
3,5.723333333333334,6.83,340.3766666666666,345.66,1,1.0,1.026256728656208,1.0,0.2,3.0,0.4935208781086636,53.33802195271659,10.0,0.0,1.0,0.0,0.7994851612583848,78.77280265339967,0.0,20.03415757035717,0.0643548427019133,0.0272270488354248,70.75874631696038,0,0.0,AGRICULTURAL,846.0,22.270243333333337,80.51961666666666
3,2.17,4.03,326.58666666666664,343.38,2,2.0,0.7332897995763727,1.0,0.4,1.5,0.5769375670729767,57.42343917682442,10.0,0.0,1.0,0.0,0.0,99.83663770698745,0.0,0.1633622930125492,0.0,0.0,54.637098681892326,0,0.0,AGRICULTURAL,847.0,22.29770333333333,80.23967666666667
5,3.614,5.34,339.232,351.2,2,2.0,2.2936162710881205,1.0,0.4,2.5,0.3036176402145437,52.5904410053636,10.0,0.0,1.0,0.0,0.3490012623449914,97.17828766614689,0.0049503725155317,1.895992673448677,0.5717680255439223,0.0,48.33820533623763,0,0.0,AGRICULTURAL,848.0,22.309386,80.00560999999999
2,3.14,3.14,338.525,340.27,1,1.0,0.4157251998805152,1.0,0.2,2.0,0.7063517694566702,56.65879423641675,10.0,0.0,1.0,0.0,0.0173263038043612,99.50001237593128,0.0,0.4579094576866909,0.0247518625776589,0.0,52.863106367238935,0,0.0,AGRICULTURAL,849.0,22.308770000000003,80.21763999999999
4,6.484999999999999,9.7,338.485,349.7,1,1.0,0.9358718378455462,1.0,0.2,4.0,0.5165631218195268,55.91407804548817,10.0,0.0,1.0,0.0,28.687408727506742,34.78626766664191,0.0,27.786440929679955,8.739882676171382,0.0,50.914620708903485,0,0.0,AGRICULTURAL,850.0,22.32618,79.6901125
3,4.5633333333333335,5.49,341.07,342.51,1,1.0,0.5292619796595418,1.0,0.2,3.0,0.6539101954412213,57.347754886030536,10.0,0.0,1.0,0.0,0.6410732407613673,55.4070443800896,0.0,42.79844558303012,1.153436796118908,0.0,44.05027771303451,0,0.0,AGRICULTURAL,851.0,22.32339,76.17641666666667
2,3.13,3.72,332.76,334.63,1,1.0,0.3606372975507985,1.0,0.2,2.0,0.7349497193705038,57.3737429842626,10.0,0.0,1.0,0.0,20.03415757035717,67.44387515160516,0.0024751862577658,12.455137249077994,0.0,0.0643548427019133,91.1417444931772,0,0.0,AGRICULTURAL,852.0,22.33739,80.84708499999999
3,3.376666666666667,6.61,339.6433333333333,348.64,2,2.0,0.8211014122379222,1.0,0.4,1.5,0.5491182387097906,56.72795596774477,10.0,0.0,1.0,0.0,0.5569169079973268,66.29043835548624,0.3267245860250984,12.88581965792926,19.940100492562067,0.0,26.344769342319932,0,0.0,AGRICULTURAL,853.0,22.333910000000003,76.56616000000001
2,3.86,6.51,338.555,344.42,2,2.0,0.6214095263124044,1.0,0.4,1.0,0.6167473323499676,57.4186833087492,10.0,0.0,1.0,0.0,1.3514516967401795,79.26783990495285,0.0,19.15299126259251,0.2277171357144625,0.0,43.91374169044911,0,0.0,AGRICULTURAL,854.0,22.416815,75.65773999999999
2,4.92,6.59,340.87,344.53,1,1.0,0.3811238371166625,1.0,0.2,2.0,0.7240480347422537,57.10120086855635,10.0,0.0,1.0,0.0,1.9727234474394195,88.2205885992921,0.0,6.311724957303038,3.4949629959654462,0.0,42.540011904131255,0,0.0,AGRICULTURAL,855.0,22.429775,76.32376
2,5.984999999999999,6.95,343.87,344.17,1,1.0,0.3681335183939165,1.0,0.2,2.0,0.7309228131285922,57.2730703282148,10.0,0.0,1.0,0.0,16.714932798693102,60.5455310512116,0.0420781663820202,22.52171975941189,0.1732630380436128,0.0024751862577658,45.96714558223481,0,0.0,AGRICULTURAL,856.0,22.451275,75.69235
4,3.03,3.03,340.59000000000003,343.14,1,1.0,0.530945183121272,1.0,0.2,4.0,0.6531912514079782,59.32978128519946,10.0,0.0,1.0,0.0,0.0346526076087225,88.67849805697878,0.0816811465062746,1.826687458231232,8.707705254820425,0.5940447018638152,51.67477204518703,0,0.0,AGRICULTURAL,857.0,22.46062,76.2161025
5,6.398,10.17,342.904,350.54,2,2.0,1.385830941986436,1.0,0.4,2.5,0.4191411815488498,55.47852953872125,10.0,0.0,1.0,0.0,2.31677433726888,66.17410460137125,0.0,22.702408356228805,8.804237518873295,0.0024751862577658,40.253503791066336,0,0.0,AGRICULTURAL,858.0,22.45344,76.451426
2,4.5,4.5,344.22,348.51,1,1.0,0.4278766376998829,1.0,0.2,2.0,0.7003406131855099,56.50851532963775,10.0,0.0,1.0,0.0,0.5173139278730724,62.78309942823197,0.0,35.77881735600604,0.7623573673918962,0.1584119204970174,45.58662991073329,0,0.0,AGRICULTURAL,859.0,22.47685,78.71315
2,3.64,3.64,343.14,346.11,1,1.0,0.3848724723339693,1.0,0.2,2.0,0.722088148892633,57.05220372231583,20.0,0.0,0.0,0.0,40.251478923789016,42.320734635281305,0.0,8.28939877725799,9.138387663671692,0.0,44.27178293303497,0,0.0,AGRICULTURAL,860.0,22.4796,76.65854999999999
2,7.27,9.78,346.165,354.19,1,1.0,0.3830167357746952,1.0,0.2,2.0,0.7230570492264153,57.07642623066038,30.0,0.0,0.0,0.0,1.7598574292715528,86.29241850449246,0.0,7.613672928887899,4.334051137348085,0.0,47.92889342951842,0,0.0,AGRICULTURAL,861.0,22.480375,76.31436
3,11.07,12.42,350.16,353.26,2,2.0,0.7731754625648916,1.0,0.4,1.5,0.5639599808997491,57.098999522493735,10.0,0.0,1.0,0.0,0.8192866513205119,45.05086507759709,0.0,53.45164723645455,0.6782010346278557,0.0,47.87448525495287,0,0.0,AGRICULTURAL,862.0,22.499839999999995,78.61336666666666
2,8.9,8.9,348.91,350.99,1,1.0,0.3862654264863219,1.0,0.2,2.0,0.7213625766709308,57.03406441677328,40.0,1.0,0.0,0.0,95.1882379149031,1.9727234474394195,0.1806885968169105,2.6014207569119576,0.0,0.0099007450310635,74.77333741358287,0,0.0,AGRICULTURAL,863.0,22.536635,75.333685
3,4.6066666666666665,5.64,348.48,356.14,1,1.0,0.5503825112266948,1.0,0.2,3.0,0.6450021157738546,57.12505289434636,10.0,0.0,1.0,0.0,1.009875993168486,94.59666839929704,0.0,3.636048612658102,0.7574069948763644,0.0,57.296123819371786,0,0.0,AGRICULTURAL,864.0,22.541946666666664,77.87648333333333
2,2.24,2.24,341.09000000000003,344.93,1,1.0,0.382960396888192,1.0,0.2,2.0,0.7230865050438945,57.07716262609737,30.0,0.0,0.0,0.0,3.175663968713645,45.43946932006634,0.0123759312888294,50.72894235291206,0.6311724957303037,0.0024751862577658,57.73866032241121,0,0.0,AGRICULTURAL,865.0,22.5676,75.99367
2,1.085,1.41,339.645,341.22,1,1.0,0.3756583169685999,1.0,0.2,2.0,0.7269246931924198,57.173117329810495,50.0,0.0,0.0,1.0,22.29400262369743,22.17766886958244,31.038835672384344,13.915497141159872,10.331427439914853,0.2425682532610579,69.29294914067837,0,0.0,AGRICULTURAL,866.0,22.59967,77.762895
2,4.15,4.15,341.435,342.04,1,1.0,0.3684486886923642,1.0,0.2,2.0,0.7307544727567101,57.26886181891775,40.0,1.0,0.0,0.0,46.59043092992748,10.529442340536123,0.0247518625776589,39.58565382044999,3.2697210465087503,0.0,57.91028845546311,0,0.0,AGRICULTURAL,867.0,22.619435,76.50694
4,3.945,7.69,330.59,349.39,2,2.0,0.7278069231250267,1.0,0.4,2.0,0.5787683719841412,58.469209299603534,40.0,1.0,0.0,0.0,94.35162495977822,4.534541224227123,0.0618796564441474,0.9975000618796565,0.0495037251553179,0.0049503725155317,62.70522215101087,0,0.0,AGRICULTURAL,868.0,22.6435525,77.985645
3,5.723333333333334,11.07,333.08,351.21,2,2.0,0.3992108887862312,1.0,0.4,1.5,0.714688549106037,60.86721372765093,10.0,0.0,1.0,0.0,0.957897081755402,83.65882032622955,0.0,14.922897948070592,0.0,0.2821712333853122,23.35147071210982,0,0.0,AGRICULTURAL,869.0,22.65465333333333,78.82837333333333
6,4.781666666666666,7.1,342.83833333333337,349.11,1,1.0,0.9757768852802152,1.0,0.2,6.0,0.506130022802739,59.65325057006847,10.0,0.0,1.0,0.0,0.4232568500779683,50.18935174871909,0.0,49.38491621494517,0.0024751862577658,0.0,23.523566758303364,0,0.0,AGRICULTURAL,870.0,22.674905,78.97372333333333
3,3.043333333333333,3.83,321.14000000000004,337.51,1,1.0,0.9870304623024816,1.0,0.2,3.0,0.5032635477773426,53.58158869443357,10.0,0.0,1.0,0.0,0.0099007450310635,97.78470829929952,0.0,2.183114279349521,0.022276676319893,0.0,23.39174643759624,0,0.0,AGRICULTURAL,871.0,22.67866666666667,78.75376666666666
2,10.785,14.69,343.42,345.92,1,1.0,0.3838560523654433,1.0,0.2,2.0,0.7226185110009722,57.06546277502432,40.0,1.0,0.0,0.0,98.4480582163808,0.2796960471275463,0.9950248756218906,0.2772208608697804,0.0,0.0,83.62113201144656,0,0.0,AGRICULTURAL,872.0,22.677805,75.38030499999999
2,2.81,2.81,338.065,341.56,1,1.0,0.3936506592191071,1.0,0.2,2.0,0.7175399325397096,56.93849831349274,10.0,0.0,1.0,0.0,0.1757382243013787,57.3302641023737,0.0,42.39251503675652,0.1014826365684017,0.0,21.706296238870536,0,0.0,AGRICULTURAL,873.0,22.685915,78.95808
7,5.890000000000001,11.14,340.48428571428565,354.86,1,1.0,1.9686351114591152,1.0,0.2,7.0,0.3368551413206487,57.421378533016224,40.0,1.0,0.0,0.0,95.42833098190638,0.2796960471275463,1.2400683151407144,2.6212222469740847,0.0024751862577658,0.4282072225935001,99.14095840020424,0,0.0,AGRICULTURAL,874.0,22.693407142857144,77.25063142857142
2,6.075,8.05,343.875,350.7,1,1.0,0.3931048549458016,1.0,0.2,2.0,0.7178210573667871,56.94552643416968,10.0,0.0,1.0,0.0,0.3539516348605233,51.30071037845598,0.0,48.1275215960001,0.2128660181678671,0.0049503725155317,20.88944715322774,0,0.0,AGRICULTURAL,875.0,22.69757,78.96516
2,3.775,4.35,344.61,347.99,1,1.0,0.4240023976498239,1.0,0.2,2.0,0.7022460086095372,56.55615021523843,10.0,0.0,1.0,0.0,0.0,99.46040939580703,0.0,0.5395906041929655,0.0,0.0,35.51278778915221,0,0.0,AGRICULTURAL,876.0,22.696715,78.533885
2,3.95,3.95,342.59000000000003,347.79,1,1.0,0.3905688747805952,1.0,0.2,2.0,0.7191301474785134,56.97825368696283,10.0,0.0,1.0,0.0,1.33907576545135,81.18363406846365,0.0,17.412935323383085,0.0594044701863815,0.0049503725155317,18.48960667617197,0,0.0,AGRICULTURAL,877.0,22.707225,78.799525
7,5.377142857142857,10.94,330.22,367.0,2,2.0,3.0222105765757568,1.0,0.4,3.5,0.2486195043650184,53.21548760912547,40.0,1.0,0.0,0.0,94.7199486438774,2.6705183758626223,1.9996790242336704,0.5103514684641309,0.0,0.099502487562189,67.81143468745259,0,0.0,AGRICULTURAL,878.0,22.696744285714285,78.00453428571429
3,2.6566666666666667,4.21,339.3233333333333,345.96,2,2.0,1.291680607851737,1.0,0.4,1.5,0.4363609817938015,53.90902454484504,10.0,0.0,1.0,0.0,0.1113833815994653,96.19068834929828,0.0,2.1954902106383503,0.0,1.1707630999232692,15.270903897719656,0,0.0,AGRICULTURAL,879.0,22.726586666666662,78.83975666666667
2,6.7250000000000005,10.63,343.115,348.71,1,1.0,0.8884126798346523,1.0,0.2,2.0,0.5295452687214317,52.2386317180358,10.0,0.0,1.0,0.0,25.13799163387045,58.79557436697112,0.0,7.581495507536943,8.482463305363728,0.0024751862577658,18.41841740425329,0,0.0,AGRICULTURAL,880.0,22.730065000000003,78.75713999999999
3,5.72,6.68,342.50666666666666,347.21,2,2.0,1.2133813648588736,1.0,0.4,1.5,0.4517974244640667,54.29493561160167,40.0,1.0,0.0,0.0,39.00646023613277,1.9900497512437807,3.1459617336204557,54.31796242667261,1.2425435013984802,0.2450434395188238,43.50223208103996,0,0.0,AGRICULTURAL,881.0,22.727796666666663,79.48825000000001
3,4.576666666666666,8.69,340.8233333333333,367.0,1,1.0,0.4537480993097225,1.0,0.2,3.0,0.6878770816449054,58.19692704112263,40.0,1.0,0.0,0.0,98.0619291601693,0.3564268211182891,0.2895967921586099,0.9677978267864656,0.0,0.3192990272518007,85.24200045336784,0,0.0,AGRICULTURAL,882.0,22.74178,75.46214
2,1.61,2.82,319.805,336.36,1,1.0,0.6023648183249306,1.0,0.2,2.0,0.6240776061504978,54.60194015376245,40.0,1.0,0.0,0.0,91.39377738174798,2.230142818247073,0.0024751862577658,2.0519294076879286,0.0,4.316724833543724,35.62480152025876,0,0.0,AGRICULTURAL,883.0,22.746405,78.47199499999999
3,4.863333333333333,7.02,337.32,367.0,1,1.0,0.9083378646207678,1.0,0.2,3.0,0.5240162229861345,54.100405574653365,40.0,1.0,0.0,0.0,92.51256157025816,0.3267245860250984,0.0099007450310635,7.140912353654613,0.0,0.0099007450310635,80.17017968246763,0,0.0,AGRICULTURAL,884.0,22.75234,77.82680999999998
7,6.615714285714286,20.33,342.76714285714286,347.25,2,2.0,1.7462307898214655,1.0,0.4,3.5,0.3641354556603055,56.103386391507634,40.0,1.0,0.0,0.0,99.49753718967352,0.0445533526397861,0.0148511175465953,0.3490012623449914,0.0,0.0891067052795722,87.82140960457583,0,0.0,AGRICULTURAL,885.0,22.75534714285714,75.43660142857142
2,7.685,10.37,344.06500000000005,348.41,1,1.0,0.4005106987292478,1.0,0.2,2.0,0.7140252487234472,56.85063121808618,10.0,0.0,1.0,0.0,46.48399792084354,21.94252617509468,0.0,12.598698052028414,1.0940323259325264,4.339001509863618,91.35414419439785,0,0.0,AGRICULTURAL,886.0,22.752155,77.62521
2,3.93,4.51,337.71500000000003,339.24,1,1.0,0.9189702359341188,1.0,0.2,2.0,0.5211128246151346,52.02782061537836,30.0,0.0,0.0,0.0,0.094057077795104,87.33942229152744,0.0,11.017054033316006,0.3663275661493527,0.52473948664637,21.118870381450943,0,0.0,AGRICULTURAL,887.0,22.7681,79.04538500000001
3,4.41,6.62,339.6266666666666,341.76,1,1.0,1.320711192591905,1.0,0.2,3.0,0.4309023902638836,51.77255975659709,10.0,0.0,1.0,0.0,13.83876636716913,77.75302591520011,0.0371277938664884,6.150837850548254,1.7771837330759142,0.4430583401400955,11.164968290619614,0,0.0,AGRICULTURAL,888.0,22.76715,78.90263666666667
2,5.930000000000001,10.55,336.71,340.89,2,2.0,1.0418563200770012,1.0,0.4,1.0,0.4897504247322791,54.24376061830698,40.0,1.0,0.0,0.0,98.55696641172248,1.0717556496126337,0.1732630380436128,0.1584119204970174,0.0024751862577658,0.0371277938664884,79.41043471549372,0,0.0,AGRICULTURAL,889.0,22.77281,75.74783500000001
2,4.77,4.77,342.845,348.57,1,1.0,0.3971519067529746,1.0,0.2,2.0,0.7157417852465533,56.89354463116383,10.0,0.0,1.0,0.0,0.2351426944877602,77.00551966535481,0.0,22.5068686418653,0.2524689982921215,0.0,27.620030983958884,0,0.0,AGRICULTURAL,890.0,22.772125000000003,79.117455
2,4.25,6.02,342.145,343.03,1,1.0,0.3937810038431242,1.0,0.2,2.0,0.7174728291192539,56.93682072798135,10.0,0.0,1.0,0.0,8.178015395658523,78.84458305487489,0.0,8.470087374074899,4.5073141753916985,0.0,13.99895987553112,0,0.0,AGRICULTURAL,891.0,22.777555,78.967675
4,3.12,7.56,326.1275,355.19,2,2.0,1.1883653276174715,1.0,0.4,2.0,0.4569620928369968,55.42405232092493,40.0,1.0,0.0,0.0,92.5521645503824,3.851389817083735,2.2177668869582434,1.341550951709116,0.0,0.0371277938664884,78.02417000082784,0,0.0,AGRICULTURAL,892.0,22.7793425,77.9557475
2,5.1,5.1,347.005,347.89,1,1.0,0.3969964673611144,1.0,0.2,2.0,0.7158214235780931,56.89553558945233,10.0,0.0,1.0,0.0,0.3391005173139279,79.13665503329126,0.0,18.64310289349273,1.8811415559020817,0.0,28.432596451284653,0,0.0,AGRICULTURAL,893.0,22.780865,79.1293
3,6.906666666666666,10.52,340.5433333333333,340.98,1,1.0,0.5449184791084641,1.0,0.2,3.0,0.6472833444112057,57.18208361028015,10.0,0.0,1.0,0.0,35.67485953317987,52.845226603301896,0.0024751862577658,10.794287270117078,0.4034553600158412,0.0816811465062746,102.87670748627588,0,0.0,AGRICULTURAL,894.0,22.79085,77.50146333333333
6,8.086666666666668,12.98,340.0566666666667,352.94,2,2.0,2.147799886269231,1.0,0.4,3.0,0.3176822022143215,53.94205505535804,10.0,0.0,1.0,0.0,2.1237098091631395,73.85955793173437,0.0,15.01447983960793,8.992351674463503,0.0099007450310635,89.13185126421374,0,0.0,AGRICULTURAL,895.0,22.799760000000003,77.73863
2,4.79,4.79,339.54999999999995,342.08,1,1.0,0.5315933450985179,1.0,0.2,2.0,0.6529148244214108,55.32287061053527,10.0,0.0,1.0,0.0,96.27484468206232,0.841563327640405,2.16578797554516,0.7153288284943442,0.0,0.0024751862577658,88.09907931061117,0,0.0,AGRICULTURAL,896.0,22.80937,75.55784
4,7.51,9.85,348.5825,355.92,1,1.0,0.8937393135673262,1.0,0.2,4.0,0.5280557850997204,56.20139462749301,40.0,1.0,0.0,0.0,73.32491770005693,7.509715106061732,1.794510036880275,1.5544169698769832,0.0,1.4306576569886884,89.70989368670183,0,0.0,AGRICULTURAL,897.0,22.84064,77.8111525
3,4.943333333333333,9.07,339.6166666666666,340.06,1,1.0,0.5310215695088625,1.0,0.2,3.0,0.6531586621087192,57.32896655271797,40.0,1.0,0.0,0.0,99.42575678819831,0.1584119204970174,0.1113833815994653,0.2252419494566966,0.0,0.0123759312888294,87.00984785614466,0,0.0,AGRICULTURAL,898.0,22.84744,75.83153333333333
4,4.235,5.95,339.7725,347.33,2,2.0,0.8991885933751113,1.0,0.4,2.0,0.5265406518806364,57.16351629701592,20.0,0.0,0.0,0.0,14.353605108784436,50.93438281230662,0.0099007450310635,31.296255043192,3.405856290685874,0.0,60.42975917057974,0,0.0,AGRICULTURAL,899.0,22.8631925,80.7219325
3,11.493333333333332,21.68,346.6766666666667,348.83,1,1.0,0.8854748083831999,1.0,0.2,3.0,0.5303703849840895,54.25925962460223,10.0,0.0,1.0,0.0,0.071780401475211,56.090195787232986,0.0,25.27165169178981,18.56637211950199,0.0,96.30062120972192,0,0.0,AGRICULTURAL,900.0,22.86211666666667,77.71591666666666
5,6.16,12.58,341.34800000000007,347.6,1,1.0,1.4093438511862078,1.0,0.2,5.0,0.4150507614376684,55.3762690359417,20.0,0.0,0.0,0.0,1.0866067671592288,19.79158931709611,0.0074255587732976,72.55513477389174,1.5667929011658126,0.0,103.83119854830878,0,0.0,AGRICULTURAL,901.0,22.897886000000003,77.05525600000001
2,4.685,5.27,336.505,338.38,1,1.0,0.4184284931978206,1.0,0.2,2.0,0.7050055782124897,56.62513945531224,30.0,0.0,0.0,0.0,14.56152075443677,33.405113734808545,2.143511299225267,48.84285042449444,0.7400806910720031,0.0074255587732976,18.70693587991451,0,0.0,AGRICULTURAL,902.0,22.911885,80.19156
7,3.145714285714285,7.51,333.17999999999995,347.27,2,2.0,2.7751005860978597,1.0,0.4,3.5,0.2648936040757664,53.62234010189416,10.0,0.0,1.0,0.0,2.5667681493032357,46.36023860795525,0.0024751862577658,47.30080938590629,3.722680131679909,0.047028538897552,83.23418089012162,0,0.0,AGRICULTURAL,903.0,22.957944285714287,77.91886571428572
3,3.793333333333333,5.11,343.80333333333334,347.04,1,1.0,0.5497216447640629,1.0,0.2,3.0,0.6452771717931608,57.13192929482902,20.0,0.0,0.0,0.0,7.1433875399123785,65.75579812380882,0.0,21.74203608821564,1.900943045964209,0.0618796564441474,98.05190972102493,0,0.0,AGRICULTURAL,904.0,22.96182,77.77413
2,2.795,3.46,337.5,340.58,1,1.0,0.9547888471789312,1.0,0.2,2.0,0.5115642036955336,51.78910509238834,40.0,1.0,0.0,0.0,11.185366698844089,45.545902329150266,0.0,39.10794287270117,4.160788099304473,0.0,31.012452767294217,0,0.0,AGRICULTURAL,905.0,22.96121,79.73459
3,7.47,10.43,340.77666666666664,353.5,1,1.0,0.469946079448242,1.0,0.2,3.0,0.6802970625802542,58.007426564506346,30.0,0.0,0.0,0.0,0.3910794287270117,10.207668127026558,0.0,85.58204004851365,2.970223509319076,0.0,123.4345125415339,0,0.0,AGRICULTURAL,906.0,22.962646666666668,77.28696333333333
2,4.59,4.59,343.165,350.6,1,1.0,0.3680989977283299,1.0,0.2,2.0,0.730941256195975,57.27353140489938,40.0,1.0,0.0,0.0,83.42120244548403,4.138511422984579,4.30682408851266,7.482488057226306,0.0099007450310635,0.6410732407613673,100.16787120716133,0,0.0,AGRICULTURAL,907.0,22.978455,76.31983
2,2.92,3.0,336.83000000000004,337.62,1,1.0,0.4039046495286931,1.0,0.2,2.0,0.7122990869327995,56.80747717331999,10.0,0.0,1.0,0.0,0.0,94.73775401598972,0.0,4.358802999925744,0.9009677978267864,0.0024751862577658,83.63777290901518,0,0.0,AGRICULTURAL,908.0,22.979225,77.91514000000001
2,4.535,5.52,338.44,338.89,1,1.0,0.2392178537268922,1.0,0.2,2.0,0.8069606139005702,59.174015347514256,20.0,0.0,0.0,0.0,2.952897205514715,53.43184574639241,0.0,23.561297987673573,20.03415757035717,0.0198014900621271,29.315419534726544,0,0.0,AGRICULTURAL,909.0,23.01167,80.20792
2,5.93,6.93,343.52,344.91,1,1.0,0.5586102348479939,1.0,0.2,2.0,0.6415972240151027,55.03993060037757,10.0,0.0,1.0,0.0,0.7648325536496622,94.12390782406376,0.0,4.841464320190094,0.2697953020964827,0.0,80.32320842347843,0,0.0,AGRICULTURAL,910.0,23.016795,77.9496
2,1.65,1.65,331.06,331.95,1,1.0,0.38166559206643,1.0,0.2,2.0,0.7237641334792104,57.09410333698026,40.0,1.0,0.0,0.0,99.74505581545012,0.1732630380436128,0.0792059602485087,0.0024751862577658,0.0,0.0,109.08655334316104,0,0.0,AGRICULTURAL,911.0,23.04169,75.75011
2,2.7,3.29,333.91,334.56,1,1.0,0.4896653108849601,1.0,0.2,2.0,0.6712917275397476,55.78229318849369,10.0,0.0,1.0,0.0,30.16757010965075,33.434815969901734,0.358902007376055,21.2148214153115,13.502141036112969,1.1905645899853965,36.41382291919259,0,0.0,AGRICULTURAL,912.0,23.061195,79.87552
3,2.15,2.15,337.82666666666665,338.77,1,1.0,0.5303823832335789,1.0,0.2,3.0,0.6534314632445505,57.33578658111376,40.0,1.0,0.0,0.0,96.72285339471796,0.0990074503106358,0.0594044701863815,2.502413306601321,0.0,0.5494913492240291,118.09576742571409,0,0.0,AGRICULTURAL,913.0,23.10520333333333,76.1631
2,5.43,5.43,344.17999999999995,347.96,1,1.0,0.3940353963753649,1.0,0.2,2.0,0.7173419000694693,56.93354750173674,40.0,1.0,0.0,0.0,94.0843048439395,2.415781787579516,2.997450558154501,0.4381079676245637,0.0,0.0,140.0216369920193,0,0.0,AGRICULTURAL,914.0,23.18648,77.219915
8,3.1825,6.38,330.86125,351.9,1,1.0,1.3693789136474714,1.0,0.2,8.0,0.4220515318339602,61.551288295849005,10.0,0.0,1.0,0.0,15.826340932155144,56.08772060097522,0.0,25.28897799559417,2.796960471275463,0.0,59.74891598138833,0,0.0,AGRICULTURAL,915.0,23.20070125,78.20989125
2,3.57,5.27,325.58500000000004,340.41,1,1.0,0.3428653600542756,1.0,0.2,2.0,0.7446762942485777,57.61690735621444,10.0,0.0,1.0,0.0,1.6682755377342144,81.03759807925547,0.0,10.816563946436968,6.477562436573352,0.0,36.03052633559334,0,0.0,AGRICULTURAL,916.0,23.21289,78.951295
3,4.006666666666667,10.39,317.0233333333333,347.15,2,2.0,1.0946189406352198,1.0,0.4,1.5,0.4774138057286626,54.93534514321657,40.0,1.0,0.0,0.0,66.51859748874675,12.766524520255864,0.0177683013503909,18.351693911395405,2.3039564084340203,0.0414593698175787,80.2905079195742,0,0.0,AGRICULTURAL,917.0,23.233743333333333,78.00565
10,3.2090000000000005,9.24,333.13500000000005,349.91,1,1.0,1.3488913385574586,1.0,0.2,10.0,0.4257327631912241,65.64331907978061,10.0,0.0,1.0,0.0,34.49172050196777,28.12554144699389,0.0049503725155317,31.16259498527264,6.212717506992401,0.0024751862577658,33.08563974792791,0,0.0,AGRICULTURAL,918.0,23.25435,78.774934
3,5.17,5.17,344.2333333333333,352.12,1,1.0,0.5801430983068504,1.0,0.2,3.0,0.6328540757299239,56.82135189324809,20.0,0.0,0.0,0.0,28.741862825177595,16.76443652384842,0.143560802950422,42.65735996633747,11.692779881686096,0.0,34.141235776648315,0,0.0,AGRICULTURAL,919.0,23.262003333333336,78.67488333333334
8,3.66375,12.38,323.835,346.01,2,2.0,1.998274800269604,1.0,0.4,4.0,0.3335251324895504,56.338128312238766,30.0,0.0,0.0,0.0,7.571594762505879,70.24331080913839,0.0,17.071359619811393,5.113734808544343,0.0,66.2183119904568,0,0.0,AGRICULTURAL,920.0,23.297185,78.198445
5,12.454,19.54,343.21200000000005,350.77,1,1.0,2.3063930659735856,1.0,0.2,5.0,0.3024443797354579,52.56110949338644,30.0,0.0,0.0,0.0,0.745031063587535,14.044206826563698,0.0,65.40927204772159,19.801490062127176,0.0,56.13486105361119,0,0.0,AGRICULTURAL,921.0,23.30789,79.12906
2,12.69,12.69,349.115,349.89,1,1.0,0.3734135627476914,1.0,0.2,2.0,0.7281128038370108,57.20282009592528,40.0,1.0,0.0,0.0,97.48521076210986,0.9999752481374224,0.6262221232147719,0.8786911215068934,0.0,0.0099007450310635,136.2760373306573,0,0.0,AGRICULTURAL,922.0,23.33638,77.330275
11,3.326363636363636,6.97,331.9218181818182,352.7,2,2.0,1.96572006722172,1.0,0.4,5.5,0.3371862405533095,59.42965601383274,10.0,0.0,1.0,0.0,0.6757258483700899,91.0002227667632,0.0,2.3390510135887723,5.985000371277939,0.0,57.31854298659167,0,0.0,AGRICULTURAL,923.0,23.34065181818181,78.35441272727273
2,9.74,11.1,344.485,345.96,1,1.0,0.8615900893344983,1.0,0.2,2.0,0.5371751846602766,52.42937961650691,30.0,0.0,0.0,0.0,8.074057572832356,17.39065864706319,2.9207197841637584,60.023266750823,11.45516200094057,0.1361352441771243,107.9831078865405,0,0.0,AGRICULTURAL,924.0,23.34754,77.763615
6,16.611666666666665,49.82,351.535,354.28,1,1.0,1.1898517735974836,1.0,0.2,6.0,0.4566519122694785,58.41629780673696,40.0,1.0,0.0,0.0,96.38375287740402,0.9430459642088068,1.6237221850944283,1.04947897329274,0.0,0.0,134.56951981733445,0,0.0,AGRICULTURAL,925.0,23.351406666666666,77.33630000000001
2,17.685000000000002,18.7,342.245,344.55,1,1.0,0.3808180356248318,1.0,0.2,2.0,0.72420838531957,57.10520963298925,40.0,1.0,0.0,0.0,97.64609786886464,1.5073884309794312,0.2227667631989307,0.6039454468948788,0.0049503725155317,0.0148511175465953,124.8071084583214,0,0.0,AGRICULTURAL,926.0,23.34711,75.79772
4,5.725,6.67,346.6,350.24,1,1.0,0.4812331426266468,1.0,0.2,4.0,0.6751131683610023,59.87782920902506,10.0,0.0,1.0,0.0,4.633548674537759,25.618177767877032,0.0,66.15925348382466,3.58902007376055,0.0,43.88676549518048,0,0.0,AGRICULTURAL,927.0,23.35185,78.6855975
4,6.369999999999999,7.93,346.2975,348.65,1,1.0,1.1890095412348898,1.0,0.2,4.0,0.4568276113752653,54.42069028438164,40.0,1.0,0.0,0.0,93.28234449642336,4.7177050073018,1.225217197594119,0.7747332986807257,0.0,0.0,134.62340234835932,0,0.0,AGRICULTURAL,928.0,23.3621325,77.32010749999999
2,4.995,5.49,340.725,347.91,1,1.0,0.5470622044145391,1.0,0.2,2.0,0.6463864201106471,55.15966050276617,30.0,0.0,0.0,0.0,52.39226751813074,7.890893789757679,4.945422143016262,33.778866859731195,0.9752233855597634,0.0148511175465953,123.53167780909146,0,0.0,AGRICULTURAL,929.0,23.400165,77.447895
6,6.728333333333333,9.11,338.53166666666664,351.63,1,1.0,0.9186454436610394,1.0,0.2,6.0,0.521201039673001,60.03002599182502,10.0,0.0,1.0,0.0,0.7648325536496622,54.46152322962303,0.1064330090839335,40.68711170515581,3.9800995024875614,0.0,80.4432010607421,0,0.0,AGRICULTURAL,930.0,23.40919166666667,78.11535166666665
5,4.9,6.9,347.108,354.3,1,1.0,0.7508214399819079,1.0,0.2,5.0,0.5711604719727064,59.27901179931765,30.0,0.0,0.0,0.0,39.11784361773224,6.757258483700898,1.7326303804361276,45.27115665453825,6.957748570579936,0.1608871067547833,116.15387716441896,0,0.0,AGRICULTURAL,931.0,23.411418,77.564624
2,3.505,4.76,339.43,340.49,1,1.0,0.4239129661798526,1.0,0.2,2.0,0.7022901144603323,56.55725286150831,40.0,1.0,0.0,0.0,93.50511125962228,5.898368852256132,0.1485111754659538,0.4306824088512661,0.0,0.0173263038043612,74.73887885177545,0,0.0,AGRICULTURAL,932.0,23.41721,80.29086
2,6.23,6.23,347.14,350.72,1,1.0,0.3945502054483135,1.0,0.2,2.0,0.7170770877184193,56.92692719296048,40.0,1.0,0.0,0.0,90.32202173213534,6.279547535952081,2.0519294076879286,1.2128412663052894,0.0148511175465953,0.118808940372763,135.1520078356251,0,0.0,AGRICULTURAL,933.0,23.416345,77.21306
3,12.339999999999998,12.34,339.7966666666667,348.12,1,1.0,0.6461183326109599,1.0,0.2,3.0,0.607489741283586,56.187243532089646,40.0,1.0,0.0,0.0,91.46308259696542,5.826588450780921,0.2970223509319076,2.3588525036509,0.0544540976708497,0.0,78.31400121197085,0,0.0,AGRICULTURAL,934.0,23.449076666666667,79.88983
5,2.496,3.69,324.924,345.97,2,2.0,1.47719962032954,1.0,0.4,2.5,0.4036816378435301,55.09204094608826,10.0,0.0,1.0,0.0,11.608623548922056,73.78282715774363,0.0,13.539268829979456,1.0692804633548674,0.0,63.79439601786706,0,0.0,AGRICULTURAL,935.0,23.465438,80.46445600000001
2,2.36,2.36,340.29,341.14,1,1.0,0.3853541880644748,1.0,0.2,2.0,0.7218370642074817,57.04592660518705,40.0,1.0,0.0,0.0,97.00749981436104,1.485111754659538,1.009875993168486,0.477710947748818,0.0,0.0198014900621271,74.19451157368458,0,0.0,AGRICULTURAL,936.0,23.482765,78.28134
2,1.97,1.97,332.275,334.13,1,1.0,0.4228068032486822,1.0,0.2,2.0,0.702836110789398,56.57090276973496,40.0,1.0,0.0,0.0,84.48800772258113,12.229895299621296,1.8588648795821887,1.4083809806687952,0.0123759312888294,0.0024751862577658,80.9317052336427,0,0.0,AGRICULTURAL,937.0,23.484775,80.24313
3,7.346666666666667,11.06,340.96666666666664,341.28,1,1.0,0.6068513226720795,1.0,0.2,3.0,0.6223351133302558,56.55837783325639,30.0,0.0,0.0,0.0,56.30801217791639,8.984926115690206,0.0297022350931907,33.05363728620579,1.6237221850944283,0.0,65.59520750762843,0,0.0,AGRICULTURAL,938.0,23.490113333333337,79.01221666666666
3,3.0,3.23,341.8633333333333,344.56,2,2.0,0.3827237860308746,1.0,0.4,1.5,0.723210239168961,61.08025597922403,20.0,0.0,0.0,0.0,15.809014628350784,53.90213113536794,0.0,24.68503254869929,5.60382168758199,0.0,83.83020265981999,0,0.0,AGRICULTURAL,939.0,23.51402,78.17599666666666
2,2.19,2.96,332.615,334.36,1,1.0,0.1797190804689753,1.0,0.2,2.0,0.8476594271938609,60.19148567984652,10.0,0.0,1.0,0.0,7.593871438825772,87.08942847949308,0.0,5.108784436028811,0.2079156456523353,0.0,26.979967266234404,0,0.0,AGRICULTURAL,940.0,23.53579,80.980745
2,5.54,5.54,345.385,346.03,1,1.0,0.383600891213489,1.0,0.2,2.0,0.7227517749883412,57.06879437470853,10.0,0.0,1.0,0.0,40.07574069948764,37.99410905670651,0.0,15.56397118883196,6.366179054973886,0.0,86.01489173787786,0,0.0,AGRICULTURAL,941.0,23.543685,78.138565
2,2.895,5.55,320.73,340.69,2,2.0,0.6772889594746465,1.0,0.4,1.0,0.5962001921918187,56.90500480479548,40.0,1.0,0.0,0.0,83.76277814905572,7.73990742803396,0.962847454270934,6.831514071433875,0.695527338432217,0.0074255587732976,87.02817914255363,0,0.0,AGRICULTURAL,942.0,23.546175,80.20352
2,3.6,3.6,339.975,340.42,1,1.0,0.488919105264109,1.0,0.2,2.0,0.6716281606330902,55.79070401582725,20.0,0.0,0.0,0.0,1.947971584861761,19.855944159798025,0.0,70.34974381822232,7.796836711962575,0.0074255587732976,96.34411802199884,0,0.0,AGRICULTURAL,943.0,23.59094,79.762765
3,5.733333333333334,7.74,337.36999999999995,344.03,2,2.0,0.9751674199227324,1.0,0.4,1.5,0.506286196255262,55.65715490638156,10.0,0.0,1.0,0.0,0.0,94.35657533229376,0.0,5.200366327566149,0.4430583401400955,0.0,68.566661066263,0,0.0,AGRICULTURAL,944.0,23.606776666666665,80.47817666666667
3,9.403333333333334,13.0,349.9166666666667,355.4,1,1.0,0.5669980373895768,1.0,0.2,3.0,0.6381628924474438,56.954072311186096,10.0,0.0,1.0,0.0,26.9127001806886,60.486126581025225,0.0049503725155317,10.432910076483257,2.163312789287394,0.0,78.11957288679619,0,0.0,AGRICULTURAL,945.0,23.614843333333337,78.15035333333333
3,11.163333333333332,11.95,347.34,348.03,2,2.0,0.912678798102982,1.0,0.4,1.5,0.5228269383190801,56.07067345797701,40.0,1.0,0.0,0.0,97.77728274052625,0.6806762208856216,1.2648201777183734,0.2598945570654192,0.0,0.0074255587732976,79.85810386156375,0,0.0,AGRICULTURAL,946.0,23.62023333333333,77.94404
2,5.25,6.56,342.57,343.89,1,1.0,0.4130524450167648,1.0,0.2,2.0,0.7076878169147754,56.69219542286938,40.0,1.0,0.0,0.0,94.9481448478998,2.623697433231851,2.037078290141333,0.3886042424692458,0.0,0.0024751862577658,78.47428026464429,0,0.0,AGRICULTURAL,947.0,23.631645,77.950275
3,8.483333333333333,9.5,349.36,367.0,2,2.0,0.8492799682727424,1.0,0.4,1.5,0.5407510042592503,56.518775106481264,40.0,1.0,0.0,0.0,37.36293656097621,1.7846092918492116,0.0,47.75376847107745,3.4454592708101286,3.363778124303854,98.31335729586144,0,0.0,AGRICULTURAL,948.0,23.633736666666664,79.88727
2,6.920000000000001,13.38,321.595,347.99,1,1.0,1.012823189601272,1.0,0.2,2.0,0.4968146259275232,51.42036564818808,40.0,1.0,0.0,0.0,86.47558228756715,9.799262394495186,0.0,1.7004529590851711,0.0123759312888294,1.1212593747679511,101.8881996064747,0,0.0,AGRICULTURAL,949.0,23.659840000000003,76.406405
6,12.636666666666668,20.68,341.895,353.49,2,2.0,2.601985478423901,1.0,0.4,3.0,0.2776246617289429,52.94061654322357,10.0,0.0,1.0,0.0,22.06133511546744,11.53931833370461,0.0,60.91185861736096,5.242444493948169,0.2376178807455261,102.31773444017782,0,0.0,AGRICULTURAL,950.0,23.66194333333333,79.84679666666666
13,9.143076923076922,19.82,342.2684615384615,367.0,2,2.0,2.4362432298262524,1.0,0.4,6.5,0.2910154878793499,60.27538719698376,10.0,0.0,1.0,0.0,0.0,35.788718101037105,0.0,34.291230415088734,29.92005148387416,0.0,104.12337198927018,0,0.0,AGRICULTURAL,951.0,23.66542846153847,79.79292615384617
2,6.94,9.11,342.85,346.96,1,1.0,0.4168114702742532,1.0,0.2,2.0,0.7058102090367953,56.64525522591988,10.0,0.0,1.0,0.0,8.742357862429149,60.552956609984896,0.0,15.680304942946956,15.0021039083191,0.022276676319893,73.94133498597198,0,0.0,AGRICULTURAL,952.0,23.66681,78.285035
5,2.028,6.55,316.13,344.41,1,1.0,1.818346162985816,1.0,0.2,5.0,0.3548180181459962,53.8704504536499,10.0,0.0,1.0,0.0,37.3134328358209,30.400237617880745,0.4282072225935001,24.29395311997228,7.564169203732581,0.0,69.18449594818608,0,0.0,AGRICULTURAL,953.0,23.696326,78.177488
4,6.25,9.28,341.8875,343.94,2,2.0,1.136631511493229,1.0,0.4,2.0,0.4680264213182596,55.700660532956505,40.0,1.0,0.0,0.0,61.78559936635232,14.318952501175714,0.0049503725155317,19.03913269473528,4.838989133932328,0.0123759312888294,70.37359799185128,0,0.0,AGRICULTURAL,954.0,23.7456575,78.431125
2,6.2,6.2,344.685,350.29,1,1.0,0.3774212136355971,1.0,0.2,2.0,0.7259943364459859,57.14985841114965,30.0,0.0,0.0,0.0,13.794213014529344,52.90215588723052,0.0123759312888294,22.860820276725825,10.395782282616766,0.0346526076087225,56.43429820733336,0,0.0,AGRICULTURAL,955.0,23.806505,80.97472
2,13.260000000000002,19.35,346.14,351.81,1,1.0,0.430841634498092,1.0,0.2,2.0,0.6988893640565457,56.47223410141364,10.0,0.0,1.0,0.0,21.45738966857256,39.38516373357095,0.7128536422365783,29.912625925100865,8.531967030519047,0.0,63.62411424070361,0,0.0,AGRICULTURAL,956.0,23.840115,78.479525
2,26.485,35.83,341.56,345.72,1,1.0,0.4355032745938282,1.0,0.2,2.0,0.6966197971808509,56.41549492952127,40.0,1.0,0.0,0.0,98.29707185465706,1.4727358233707086,0.0,0.2202915769411648,0.0099007450310635,0.0,60.01167512472637,0,0.0,AGRICULTURAL,957.0,23.90345,78.51319000000001
3,5.61,5.61,340.2,345.17,1,1.0,0.6538659154082206,1.0,0.2,3.0,0.6046439379900831,56.11609844975207,20.0,0.0,0.0,0.0,0.9281948466622114,7.73990742803396,0.0,75.91643771193782,15.415460013366006,0.0,130.32483374559064,0,0.0,AGRICULTURAL,958.0,23.92393,79.86914333333334
8,3.26875,11.33,321.8025,350.51,2,2.0,1.8446718669660145,1.0,0.4,4.0,0.3515343936896842,56.78835984224211,20.0,0.0,0.0,0.0,2.2499443083092,43.65981040073266,0.0,44.03603871191307,10.036880275240712,0.0173263038043612,51.97261129913858,0,0.0,AGRICULTURAL,959.0,23.9317825,78.4232525
2,8.45,8.45,344.67,349.41,1,1.0,0.4711535988569114,1.0,0.2,2.0,0.6797386763537142,55.99346690884286,40.0,1.0,0.0,0.0,98.35152595232792,0.8440385138981708,0.4876116927798817,0.311873468478503,0.0,0.0049503725155317,115.6521863973216,0,0.0,AGRICULTURAL,960.0,23.95957,79.325905
2,5.12,6.35,343.61,350.01,1,1.0,0.651249504010215,1.0,0.2,2.0,0.6056019987115248,54.14004996778811,30.0,0.0,0.0,0.0,30.110640825722136,1.445508774535284,0.0990074503106358,46.35776342169749,21.967278037672337,0.0198014900621271,139.98368826332168,0,0.0,AGRICULTURAL,961.0,24.01397,79.88195
9,12.746666666666666,22.02,345.6466666666667,367.0,1,1.0,1.3607469127268963,1.0,0.2,9.0,0.4235947507159507,63.58986876789877,40.0,1.0,0.0,0.0,89.37155020915324,7.007252295735254,0.0544540976708497,3.425657780748001,0.1361352441771243,0.0049503725155317,105.71694888867832,0,0.0,AGRICULTURAL,962.0,23.59723333333333,75.6251788888889
3,22.36,49.03,346.6566666666667,351.4,2,2.0,0.8984564775580416,1.0,0.4,1.5,0.526743705647804,56.168592641195104,30.0,0.0,0.0,0.0,5.9040462025536655,50.04000974150228,0.0,29.565459416205687,14.490484639738373,0.0,47.5052324921647,0,0.0,AGRICULTURAL,963.0,24.003576666666664,78.45149666666667
2,4.73,8.97,325.82,344.69,1,1.0,0.7974259497593345,1.0,0.2,2.0,0.5563511532332637,52.9087788308316,10.0,0.0,1.0,0.0,33.91252691765055,38.54607559218831,0.0,16.31147743867726,11.229920051483877,0.0,46.756324126949366,0,0.0,AGRICULTURAL,964.0,24.018325,78.457735
2,3.975,7.22,325.475,345.84,1,1.0,0.4406771417063772,1.0,0.2,2.0,0.6941180442521443,56.35295110630361,20.0,0.0,0.0,0.0,55.02834088265141,21.393034825870647,0.670775475854558,18.57874805079082,4.289497784708299,0.0396029801242543,52.96355946927056,0,0.0,AGRICULTURAL,965.0,24.021955,78.54323
2,3.22,3.7,334.95000000000005,335.22,1,1.0,0.3956556959114852,1.0,0.2,2.0,0.7165090952800595,56.912727382001485,10.0,0.0,1.0,0.0,0.0891067052795722,46.01618771812579,0.0,28.69483428628004,25.170169055221404,0.0297022350931907,66.94384958812202,0,0.0,AGRICULTURAL,966.0,24.15173,78.768355
2,4.43,4.43,342.565,348.92,1,1.0,0.4794160085369864,1.0,0.2,2.0,0.6759423949920029,55.89855987480008,30.0,0.0,0.0,0.0,0.0272270488354248,7.472587312195243,0.0123759312888294,69.69629464617213,22.791515061508377,0.0,99.23268366106198,0,0.0,AGRICULTURAL,967.0,24.1756,79.35202000000001
4,4.105,7.84,340.905,347.67,1,1.0,1.185441548323,1.0,0.2,4.0,0.4575734367122976,54.43933591780744,20.0,0.0,0.0,0.0,0.0544540976708497,25.20234647657236,0.0,13.346204301873716,61.396995123883066,0.0,51.74599432751381,0,0.0,AGRICULTURAL,968.0,24.2873725,78.6431225
2,7.135,7.29,338.305,339.04,1,1.0,0.4676454526237789,1.0,0.2,2.0,0.6813634711382458,56.03408677845615,10.0,0.0,1.0,0.0,18.18519343580604,9.779460904433058,0.0891067052795722,53.53332838296082,18.40796019900497,0.0049503725155317,74.38887541534726,0,0.0,AGRICULTURAL,969.0,24.28971,79.127885
2,14.245,21.61,344.09000000000003,348.69,1,1.0,0.8218642236606261,1.0,0.2,2.0,0.5488883238459588,52.72220809614897,30.0,0.0,0.0,0.0,18.59359916833742,2.688052275933764,0.0,70.4388505235019,8.279498032226925,0.0,95.43354058756414,0,0.0,AGRICULTURAL,970.0,25.38501,77.466715
2,2.515,2.63,321.455,337.13,2,2.0,0.2650597892347849,1.0,0.4,1.0,0.7904764727403789,61.76191181850948,10.0,0.0,1.0,0.0,0.0049503725155317,93.28977005519666,0.0,6.410732407613673,0.2945471646741417,0.0,63.3491937977241,0,0.0,AGRICULTURAL,971.0,21.210365,80.539055
10,2.417,4.95,314.85299999999995,340.35,2,2.0,2.415342423377859,1.0,0.4,5.0,0.2927964098577779,57.31991024644445,10.0,0.0,1.0,0.0,0.0445533526397861,97.79460904433058,0.0,1.1385856785723123,1.0222519244573154,0.0,75.55626062537134,0,0.0,AGRICULTURAL,972.0,21.269421,80.70053300000001
2,3.475,5.28,328.7,349.44,2,2.0,0.6667336933757408,1.0,0.4,1.0,0.5999758713550915,56.99939678387729,10.0,0.0,1.0,0.0,0.0,99.99752481374225,0.0,0.0024751862577658,0.0,0.0,76.0937478826797,0,0.0,AGRICULTURAL,973.0,21.45417,80.748775
2,6.88,9.58,342.89,350.77,2,2.0,0.2035287396372893,1.0,0.4,1.0,0.8308900045888166,62.77225011472042,10.0,0.0,1.0,0.0,38.09064132075939,26.378059949011163,0.168312665528081,35.19219821291552,0.1707878517858468,0.0,62.08227115153306,0,0.0,AGRICULTURAL,974.0,21.590005,78.61586
3,8.096666666666666,13.63,336.28000000000003,351.23,2,2.0,1.2013631035528354,1.0,0.4,1.5,0.4542639959696221,54.35659989924056,20.0,0.0,0.0,0.0,1.895992673448677,65.75827331006658,0.0,21.20492067028044,6.819138140145046,0.0,59.658278993506336,0,0.0,AGRICULTURAL,975.0,21.663186666666665,78.66337333333334
6,3.526666666666667,5.13,337.0233333333333,345.96,2,2.0,2.066865046667268,1.0,0.4,3.0,0.3260658636044942,54.15164659011236,10.0,0.0,1.0,0.0,0.0,98.79458429246802,0.0,1.2054157075319918,0.0,0.0,78.61801845697285,0,0.0,AGRICULTURAL,976.0,21.759898333333336,80.629555
2,2.985,3.09,323.925,340.6,2,2.0,0.5071611153016365,1.0,0.4,1.0,0.6634990710995515,58.58747677748879,10.0,0.0,1.0,0.0,0.7079032697210466,97.25501844013762,0.0,2.019751986336972,0.0173263038043612,0.0,63.76601297877151,0,0.0,AGRICULTURAL,977.0,21.933315,80.225595
2,0.8400000000000001,1.05,308.625,309.09,1,1.0,0.540534593192546,1.0,0.2,2.0,0.6491253130042588,55.22813282510647,30.0,0.0,0.0,0.0,13.623425162743496,54.94913492240291,0.0,27.99188138907453,3.435558525779065,0.0,57.36919153254254,0,0.0,AGRICULTURAL,978.0,22.00545,77.07912999999999
3,0.5599999999999999,0.67,304.4866666666667,305.28,1,1.0,1.0702864889644033,1.0,0.2,3.0,0.483024936563354,53.07562341408385,10.0,0.0,1.0,0.0,10.289349273532832,25.791440805920647,0.0,59.9440607905745,3.9677235711987326,0.0074255587732976,24.32906428342231,0,0.0,AGRICULTURAL,979.0,22.016223333333333,76.31326
3,0.6566666666666667,0.67,300.91333333333336,302.99,2,2.0,1.1118650430828865,1.0,0.4,1.5,0.4735151061263871,54.83787765315968,40.0,1.0,0.0,0.0,94.45310759634664,3.2325932526422614,0.1980149006212717,2.1162842503898416,0.0,0.0,50.87379814535908,0,0.0,AGRICULTURAL,980.0,22.134966666666667,79.35472333333333
3,1.933333333333333,3.92,315.0366666666667,336.21,2,2.0,0.5743583286429572,1.0,0.4,1.5,0.6351794136103472,58.87948534025868,40.0,1.0,0.0,0.0,88.22801415806539,8.477512932848196,0.1138585678572312,1.799460409395807,0.0,0.2722704883542486,56.04824845044074,0,0.0,AGRICULTURAL,981.0,22.15568,79.44794333333333
8,1.20625,1.72,312.12,314.15,2,2.0,2.11656572856765,1.0,0.4,4.0,0.3208660067181039,56.0216501679526,40.0,1.0,0.0,0.0,90.62894482809833,3.2499195564466223,0.742555877329769,5.371154179351996,0.0,0.0074255587732976,56.130875375590975,0,0.0,AGRICULTURAL,982.0,22.17404,79.39444499999999
5,2.23,4.12,321.086,339.35,2,2.0,1.0519203954746448,1.0,0.4,2.5,0.4873483407082576,57.18370851770644,10.0,0.0,1.0,0.0,0.9083933566000842,38.9173535308532,0.0,12.489789856686716,1.5568921561347493,1.1163090022524196,18.823066151734025,0,0.0,AGRICULTURAL,983.0,22.25805,76.594726
2,0.48,0.48,305.455,307.65,1,1.0,0.3733693817059213,1.0,0.2,2.0,0.7281362270927119,57.2034056773178,40.0,1.0,0.0,0.0,95.85158783198436,2.012326427563674,0.0346526076087225,1.155911982376674,0.9306700329199772,0.0148511175465953,54.59409768639654,0,0.0,AGRICULTURAL,984.0,22.268965,77.029225
2,1.105,1.71,309.99,315.03,1,1.0,0.3853274785161245,1.0,0.2,2.0,0.7218509814525134,57.04627453631283,10.0,0.0,1.0,0.0,10.026979530209648,68.1592039800995,0.0,13.044231578426276,7.247345362738546,0.0,19.32287312853288,0,0.0,AGRICULTURAL,985.0,22.270765,76.561155
3,2.216666666666667,3.04,322.36000000000007,330.36,1,1.0,0.6092511969617439,1.0,0.2,3.0,0.6214070257570687,56.53517564392671,40.0,1.0,0.0,0.0,85.3964010791812,2.6137966882007877,1.910843790995272,10.017078785178583,0.0,0.0618796564441474,67.72975893692112,0,0.0,AGRICULTURAL,986.0,22.314336666666662,79.43593666666666
2,1.52,1.52,313.185,323.26,1,1.0,0.4087549499964408,1.0,0.2,2.0,0.709846662829846,56.74616657074615,40.0,1.0,0.0,0.0,81.25541446993886,9.522041533625403,0.2499938120343556,3.7820846018662895,0.0,0.3787034974381822,41.39422389451464,0,0.0,AGRICULTURAL,987.0,22.368485,79.844735
5,14.044,22.42,334.688,367.0,2,2.0,0.7316775474522295,1.0,0.4,2.5,0.5774747160470337,59.43686790117584,10.0,0.0,1.0,0.0,0.0816811465062746,89.04977599564367,0.0,6.076582262815277,4.791960595034777,0.0,33.51986274285908,0,0.0,AGRICULTURAL,988.0,22.39529,76.59254
5,2.288,2.69,323.91200000000003,330.2,1,1.0,0.6072452757202568,1.0,0.2,5.0,0.6221825723219929,60.55456430804982,40.0,1.0,0.0,0.0,86.85676097126309,4.329100764832554,2.037078290141333,6.467661691542288,0.0,0.2673201158387168,52.669929602974825,0,0.0,AGRICULTURAL,989.0,22.485346,79.47660800000001
2,5.355,10.28,318.42499999999995,339.82,2,2.0,0.2174133890288184,1.0,0.4,1.0,0.8214136701730722,62.535341754326815,10.0,0.0,1.0,0.0,15.46248855226356,73.56996113957575,0.0,10.702705378579738,0.2128660181678671,0.0346526076087225,91.03742459659588,0,0.0,AGRICULTURAL,990.0,22.49152,80.97181
2,1.5650000000000002,2.2,320.225,340.88,2,2.0,0.1474069958510042,1.0,0.4,1.0,0.8715303319711102,63.78825829927776,10.0,0.0,1.0,0.0,0.2029652731368035,96.7203782084602,0.0,3.024677606989926,0.0,0.0099007450310635,89.31453860154593,0,0.0,AGRICULTURAL,991.0,22.505905,80.984835
2,1.18,1.47,309.32,310.14,1,1.0,0.321883539418884,1.0,0.2,2.0,0.7564962950061487,57.91240737515372,40.0,1.0,0.0,0.0,53.10264597410955,8.519591099230217,0.2178163906833989,38.01391054676864,0.0,0.1460359892081879,25.29492209982913,0,0.0,AGRICULTURAL,992.0,22.53303,79.79993999999999
2,1.295,1.42,307.65,308.67,2,2.0,0.906438148715936,1.0,0.4,1.0,0.5245383914886201,55.11345978721551,10.0,0.0,1.0,0.0,0.0,97.6931264077622,0.0,1.7474814979827231,0.5593920942550926,0.0,58.35968517438585,0,0.0,AGRICULTURAL,993.0,22.55835,77.88544999999999
3,1.8866666666666667,2.29,313.37,313.6,2,2.0,0.9078791842116128,1.0,0.4,1.5,0.5241422036968378,56.10355509242096,10.0,0.0,1.0,0.0,0.0272270488354248,80.88166134501621,0.0,16.40800970273013,2.683101903418232,0.0,66.86689868546247,0,0.0,AGRICULTURAL,994.0,22.622486666666664,76.21145333333334
4,1.295,2.27,307.1925,320.42,2,2.0,0.9149305666578926,1.0,0.4,2.0,0.5222121456577348,57.05530364144338,40.0,1.0,0.0,0.0,98.0767802777159,1.1633375411499716,0.5346402316774337,0.2079156456523353,0.0173263038043612,0.0,63.16508527942213,0,0.0,AGRICULTURAL,995.0,22.658715,78.0258625
2,3.34,4.88,329.855,351.05,2,2.0,0.7006362293206465,1.0,0.4,1.0,0.5880152279241224,56.70038069810306,20.0,0.0,0.0,0.0,5.314224895423381,32.39771292789783,0.0,58.71141803420707,3.5716937699561893,0.0049503725155317,52.68898435360427,0,0.0,AGRICULTURAL,996.0,22.67144,79.40341000000001
2,0.5800000000000001,0.6,306.67,307.56,1,1.0,0.203799135348887,1.0,0.2,2.0,0.8307033712149813,59.76758428037453,40.0,1.0,0.0,0.0,94.05212742258855,2.893492735328333,2.235093190762605,0.8192866513205119,0.0,0.0,74.08175981230004,0,0.0,AGRICULTURAL,997.0,22.745105,77.96581499999999
3,1.0366666666666666,1.16,311.7133333333333,312.03,1,1.0,0.5384719348532003,1.0,0.2,3.0,0.6499956075542055,57.24989018885513,40.0,1.0,0.0,0.0,97.60897007499814,1.225217197594119,0.4826613202643499,0.6831514071433875,0.0,0.0,82.75649806838992,0,0.0,AGRICULTURAL,998.0,22.75778333333333,75.55730999999999
2,0.67,0.67,304.985,310.89,1,1.0,0.3865938728707233,1.0,0.2,2.0,0.7211917054917156,57.029792637292886,40.0,1.0,0.0,0.0,86.07707730006683,0.6509739857924308,5.289473032845722,7.715155565456301,0.0,0.2673201158387168,80.98663614195682,0,0.0,AGRICULTURAL,999.0,22.786165,75.96348
2,4.68,7.33,326.975,345.72,2,2.0,0.6106201121921513,1.0,0.4,1.0,0.620878872944744,57.5219718236186,20.0,0.0,0.0,0.0,4.888492859087647,46.26865671641791,0.0,34.91992772456128,13.92292269993317,0.0,95.17803222554328,0,0.0,AGRICULTURAL,1000.0,22.792275,77.62048
3,5.576666666666667,13.57,325.28000000000003,345.99,2,2.0,1.25171127850803,1.0,0.4,1.5,0.4441066710216035,54.1026667755401,30.0,0.0,0.0,0.0,42.1400460384644,41.78361921734611,0.0816811465062746,10.311625949852726,5.6830276478305,0.0,112.3667775824536,0,0.0,AGRICULTURAL,1001.0,22.818156666666667,77.30008333333333
2,4.96,8.61,327.185,348.95,2,2.0,0.5127021265390992,1.0,0.4,1.0,0.6610686813060104,58.52671703265027,30.0,0.0,0.0,0.0,4.51226454790723,34.98180738100542,0.0,42.0014356080295,18.504492463057844,0.0,36.34820508116758,0,0.0,AGRICULTURAL,1002.0,22.848625,79.57968500000001
2,1.345,1.88,311.3,319.6,1,1.0,0.8738489325870982,1.0,0.2,2.0,0.5336609491883462,52.34152372970866,40.0,1.0,0.0,0.0,96.23771688819583,2.299448033464518,0.5965198881215812,0.8564144451870003,0.0,0.0099007450310635,27.686846077330205,0,0.0,AGRICULTURAL,1003.0,22.85416,78.48685499999999
2,3.345,6.31,324.6,348.21,2,2.0,0.8623989674398921,1.0,0.4,1.0,0.536941878449723,55.42354696124307,10.0,0.0,1.0,0.0,10.806663201405906,30.04133561050469,0.4158312913046706,56.23375659018342,2.499938120343556,0.0024751862577658,18.18121063536827,0,0.0,AGRICULTURAL,1004.0,22.848445,79.78412
2,0.77,0.77,307.42,308.27,1,1.0,0.3725762341980553,1.0,0.2,2.0,0.7285569829090494,57.21392457272624,10.0,0.0,1.0,0.0,0.91086854285785,71.738323308829,0.0,20.724734536273857,6.626073612039305,0.0,117.60399921270248,0,0.0,AGRICULTURAL,1005.0,22.87775,77.306445
2,1.24,1.24,309.03,310.66,1,1.0,0.3818678578603395,1.0,0.2,2.0,0.7236581951825574,57.091454879563926,40.0,1.0,0.0,0.0,54.50607658226282,11.200217816390683,2.893492735328333,4.153362540531175,0.0,5.826588450780921,36.95981628309663,0,0.0,AGRICULTURAL,1006.0,22.932,78.37209
3,11.296666666666669,21.21,339.7633333333333,354.92,2,2.0,0.4064902447625428,1.0,0.4,1.5,0.7109896451282032,60.77474112820509,10.0,0.0,1.0,0.0,0.5816687705749858,40.16484740476721,0.0,54.71399222791515,4.539491596742655,0.0,119.61152882335288,0,0.0,AGRICULTURAL,1007.0,22.93354666666667,77.26664000000001
2,0.4649999999999999,0.51,300.25,303.92,2,2.0,0.7668179213371128,1.0,0.4,1.0,0.5659892781952361,56.14973195488091,40.0,1.0,0.0,0.0,93.34174896660974,4.626123115764461,0.7648325536496622,1.2524442464295438,0.0,0.0148511175465953,28.81934623724141,0,0.0,AGRICULTURAL,1008.0,22.941465,78.451025
2,2.545,2.58,317.0,317.89,1,1.0,0.3780452345989855,1.0,0.2,2.0,0.7256655840408623,57.141639601021566,10.0,0.0,1.0,0.0,0.2598945570654192,65.43649909655701,0.0,25.99193089279968,8.31167545357788,0.0,81.90716667939314,0,0.0,AGRICULTURAL,1009.0,22.975125,77.931955
2,1.03,1.42,309.15,314.63,2,2.0,0.0687081826767044,1.0,0.4,1.0,0.9357091264103388,65.39272816025847,40.0,1.0,0.0,0.0,80.51780896512463,6.772109601247493,4.653350164599886,7.113685304819188,0.0,0.7326551322987054,56.95824979155893,0,0.0,AGRICULTURAL,1010.0,22.994405,78.17672
2,0.79,0.79,306.865,309.15,1,1.0,0.3747470318633401,1.0,0.2,2.0,0.727406553222082,57.18516383055206,10.0,0.0,1.0,0.0,54.73626890423504,17.38075790203213,16.237221850944284,9.707680502957848,0.0024751862577658,1.9306452810573995,126.24619108012044,0,0.0,AGRICULTURAL,1011.0,23.11713,77.509995
2,0.98,0.98,310.42,316.56,1,1.0,0.3718697236818867,1.0,0.2,2.0,0.7289321884851824,57.22330471212956,40.0,1.0,0.0,0.0,97.86391425954804,0.2227667631989307,0.9331452191777432,0.792059602485087,0.0,0.0569292839286156,118.70351827885236,0,0.0,AGRICULTURAL,1012.0,23.132620000000003,75.865685
5,6.42,9.34,341.118,352.66,2,2.0,0.9802960845156148,1.0,0.4,2.5,0.5049749922848543,57.62437480712136,30.0,0.0,0.0,0.0,9.653226405287,15.266948837900053,0.0,55.25358283210812,19.687631494269944,0.1386104304348902,49.47182233714222,0,0.0,AGRICULTURAL,1013.0,23.133026,79.249218
2,4.665,8.55,324.205,344.21,2,2.0,0.5806718658460216,1.0,0.4,1.0,0.6326423729094278,57.8160593227357,40.0,1.0,0.0,0.0,52.43434568451276,9.702730130442315,0.0024751862577658,36.01643523675156,1.841538575777827,0.0024751862577658,127.27220318426372,0,0.0,AGRICULTURAL,1014.0,23.133635,77.06233499999999
3,1.3166666666666669,2.67,314.25,332.45,1,1.0,1.0743993055354468,1.0,0.2,3.0,0.4820672651266042,53.05168162816511,40.0,1.0,0.0,0.0,94.84913739758916,0.7796836711962576,2.900918294101631,1.418281725699859,0.0371277938664884,0.0148511175465953,119.8875577956875,0,0.0,AGRICULTURAL,1015.0,23.143343333333338,75.85096666666668
2,1.17,1.88,313.08500000000004,319.37,1,1.0,0.3723786599360903,1.0,0.2,2.0,0.7286618694920312,57.21654673730077,40.0,1.0,0.0,0.0,92.84918690131433,1.4776861958862404,2.947946832999183,2.7202296972847204,0.0,0.0049503725155317,126.66860341844207,0,0.0,AGRICULTURAL,1016.0,23.1456,77.01937
3,0.4666666666666666,0.56,302.31333333333333,305.02,1,1.0,0.7728814920791222,1.0,0.2,3.0,0.5640534939688856,55.101337349222135,40.0,1.0,0.0,0.0,97.68075047647336,0.0495037251553179,0.1509863617237197,2.094007574069949,0.0,0.0247518625776589,119.22955380217844,0,0.0,AGRICULTURAL,1017.0,23.15629,76.72604666666668
7,3.0700000000000003,7.53,320.0314285714286,347.19,2,2.0,1.203023374951122,1.0,0.4,3.5,0.4539216475731615,58.34804118932904,10.0,0.0,1.0,0.0,8.244845424618202,75.32734338258955,0.0,14.504591470508156,1.923219722284102,0.0,64.64275276660427,0,0.0,AGRICULTURAL,1018.0,23.170761428571428,78.14316142857142
3,1.0466666666666666,1.28,308.33,315.4,1,1.0,0.7711666895202319,1.0,0.2,3.0,0.5645995974951837,55.11498993737959,30.0,0.0,0.0,0.0,27.360708893344228,0.6559243583079627,0.0,70.96606519640602,1.0173015519417836,0.0,27.399577136223613,0,0.0,AGRICULTURAL,1019.0,23.20304,78.69132333333333
2,1.42,1.59,300.25,300.95,1,1.0,0.3106304165569412,1.0,0.2,2.0,0.7629916011159157,58.07479002789789,10.0,0.0,1.0,0.0,46.41964307814163,26.137966882007877,0.0792059602485087,27.07853765995891,0.2747456746120145,0.0099007450310635,20.90506528960768,0,0.0,AGRICULTURAL,1020.0,23.215595,80.88524000000001
2,0.65,0.65,304.54,308.75,1,1.0,0.5388260556634957,1.0,0.2,2.0,0.6498460279637193,55.24615069909298,40.0,1.0,0.0,0.0,90.5571644266231,0.9653226405286998,0.1212841266305289,8.338902502413307,0.0,0.0173263038043612,140.95757395186132,0,0.0,AGRICULTURAL,1021.0,23.23988,77.130915
3,3.17,4.0,332.1466666666667,343.92,2,2.0,0.4611348188021107,1.0,0.4,1.5,0.6843995414604074,60.109988536510194,10.0,0.0,1.0,0.0,7.017153040766318,66.67409222543996,0.0,22.954877354520928,3.3538773792727907,0.0,64.61516072534957,0,0.0,AGRICULTURAL,1022.0,23.27077333333333,78.1983
3,1.1566666666666667,1.29,310.79,316.53,1,1.0,0.76117489282762,1.0,0.2,3.0,0.5678027798786466,55.19506949696616,10.0,0.0,1.0,0.0,12.7595851587832,72.32246726566174,0.0,8.87354273409074,6.0444048414643206,0.0,61.16855937591891,0,0.0,AGRICULTURAL,1023.0,23.294416666666667,78.25730333333333
4,1.37,2.44,308.9275,315.66,2,2.0,1.0920065998134902,1.0,0.4,2.0,0.4780099642559223,55.95024910639806,10.0,0.0,1.0,0.0,5.210267072597213,82.24548897304523,0.0024751862577658,8.430484393950644,4.111284374149155,0.0,61.04829159536128,0,0.0,AGRICULTURAL,1024.0,23.29772,80.2582425
2,3.3600000000000003,5.23,330.31,355.08,2,2.0,0.657453809502994,1.0,0.4,1.0,0.6033350638591015,57.08337659647754,40.0,1.0,0.0,0.0,20.578698547065667,74.22093512536819,0.0,2.3093487784955817,2.891017549070568,0.0,64.31734732884269,0,0.0,AGRICULTURAL,1025.0,23.302625,80.33867000000001
4,2.495,8.12,313.1325,339.82,2,2.0,0.9882182756801606,1.0,0.4,2.0,0.5029628850272511,56.57407212568128,40.0,1.0,0.0,0.0,86.67607237444618,2.235093190762605,2.3390510135887723,7.898319348530977,0.551966535481795,0.2994975371896735,136.71650576798916,0,0.0,AGRICULTURAL,1026.0,23.3476025,77.3070575
2,3.175,5.43,320.49,336.58,1,1.0,0.5371482608027682,1.0,0.2,2.0,0.6505553338607395,55.26388334651848,40.0,1.0,0.0,0.0,83.42615281799955,10.103710304200392,5.534516472364545,0.9182941016311478,0.0,0.0173263038043612,139.76531325889155,0,0.0,AGRICULTURAL,1027.0,23.364115,77.0153
2,1.165,1.5,310.175,319.55,1,1.0,0.4015652603099437,1.0,0.2,2.0,0.7134880039612703,56.83720009903176,40.0,1.0,0.0,0.0,98.87874062523206,0.0074255587732976,0.0,0.9455211504665726,0.0,0.1039578228261676,83.97225830772534,0,0.0,AGRICULTURAL,1028.0,23.374815,78.045785
2,0.885,0.99,303.685,304.67,1,1.0,0.4050563194989127,1.0,0.2,2.0,0.7117152430990321,56.7928810774758,10.0,0.0,1.0,0.0,23.94247667136952,23.138041137595604,0.0,48.89730452216529,3.74000643548427,0.2499938120343556,27.7427364212582,0,0.0,AGRICULTURAL,1029.0,23.389355,74.81569
2,1.06,1.17,307.38,309.19,1,1.0,0.2257753934878461,1.0,0.2,2.0,0.8158101437773031,59.39525359443258,40.0,1.0,0.0,0.0,88.20078710922998,7.603772183856836,1.173238286181035,2.8167619613375905,0.1509863617237197,0.0544540976708497,71.3874269980803,0,0.0,AGRICULTURAL,1030.0,23.41663,80.37599499999999
3,0.29,0.38,300.8666666666667,301.23,1,1.0,0.5369140891276627,1.0,0.2,3.0,0.6506544556225586,57.26636139056396,40.0,1.0,0.0,0.0,92.68582460830176,4.591470508155739,0.4603846439444568,1.848964134551125,0.0,0.3737531249226504,133.2753645040433,0,0.0,AGRICULTURAL,1031.0,23.422746666666665,77.06937333333333
2,0.5349999999999999,0.6,298.185,298.96,1,1.0,0.3809069540000134,1.0,0.2,2.0,0.7241617526100099,57.10404381525025,40.0,1.0,0.0,0.0,91.41852924432564,3.945446894878839,1.173238286181035,3.376154055592683,0.0544540976708497,0.0321774213509566,71.64312387867648,0,0.0,AGRICULTURAL,1032.0,23.471405,78.30613500000001
2,1.585,1.93,314.58500000000004,317.63,1,1.0,0.2275977152731505,1.0,0.2,2.0,0.8145991048683988,59.36497762170997,10.0,0.0,1.0,0.0,87.48545828073563,8.769584911264573,2.779634167471102,0.9430459642088068,0.0099007450310635,0.0123759312888294,78.43261968186339,0,0.0,AGRICULTURAL,1033.0,23.475215,80.073025
2,1.765,2.88,315.525,327.53,2,2.0,0.5023132641813617,1.0,0.4,1.0,0.6656401323494394,58.64100330873598,30.0,0.0,0.0,0.0,30.098264894433303,30.981906388455737,3.7053538278755473,22.237073339768816,3.895943169723522,8.762159352491276,79.49338507346754,0,0.0,AGRICULTURAL,1034.0,23.48088,80.17665
2,1.07,1.22,310.1,315.4,1,1.0,0.374037478040176,1.0,0.2,2.0,0.7277821864264757,57.1945546606619,40.0,1.0,0.0,0.0,95.83673671443776,1.1113586297368878,1.957872329892825,1.0940323259325264,0.0,0.0,90.34476328916168,0,0.0,AGRICULTURAL,1035.0,23.50053,75.476115
4,4.3,5.3,338.205,349.28,2,2.0,0.8426197256769062,1.0,0.4,2.0,0.5427055762320352,57.56763940580088,30.0,0.0,0.0,0.0,4.027128041385114,7.79436152570481,0.0,77.97826786465681,10.20024256825326,0.0,89.07381151968167,0,0.0,AGRICULTURAL,1036.0,23.49641,79.64012
2,1.275,1.37,309.65,310.96,2,2.0,0.5640656133078032,1.0,0.4,1.0,0.6393593666988976,57.98398416747245,40.0,1.0,0.0,0.0,97.88371574961016,1.10393307096359,0.1633622930125492,0.7277047597831737,0.0,0.1212841266305289,76.67548551048542,0,0.0,AGRICULTURAL,1037.0,23.51831,78.29218
2,0.66,0.66,305.265,305.47,1,1.0,0.3914837244508681,1.0,0.2,2.0,0.7186573457009982,56.96643364252496,40.0,1.0,0.0,0.0,91.82198460434148,5.878567362194005,0.1608871067547833,2.086582015296651,0.0519789114130838,0.0,111.81660135317816,0,0.0,AGRICULTURAL,1038.0,23.5308,77.44794999999999
3,0.7266666666666667,1.1,304.0,312.45,1,1.0,0.5570140108883359,1.0,0.2,3.0,0.6422549784439395,57.05637446109848,40.0,1.0,0.0,0.0,91.99772282864286,5.207791886339447,0.0,1.8811415559020817,0.071780401475211,0.6212717506992401,78.59334306506435,0,0.0,AGRICULTURAL,1039.0,23.53375,78.28336666666667
2,2.265,2.67,323.21000000000004,328.6,1,1.0,0.4050431569577953,1.0,0.2,2.0,0.7117219104964746,56.79304776241187,40.0,1.0,0.0,0.0,91.06210242320736,4.618697556991164,1.2177916388208212,2.0791564565233536,0.0074255587732976,0.891067052795723,80.32507168338779,0,0.0,AGRICULTURAL,1040.0,23.556055,78.288455
2,0.55,0.55,301.12,301.48,1,1.0,0.4084183698825792,1.0,0.2,2.0,0.7100163001163998,56.75040750291,30.0,0.0,0.0,0.0,72.68384445929557,8.420583648919582,0.0,17.2594737754016,1.636098116383258,0.0,73.19195098987072,0,0.0,AGRICULTURAL,1041.0,23.567275,78.4568
2,1.995,3.51,321.45,342.2,2,2.0,0.3203549995136195,1.0,0.4,1.0,0.7573720706691541,60.93430176672886,10.0,0.0,1.0,0.0,29.640355436746617,50.79577238187174,0.094057077795104,17.417885695898615,2.0445038489146308,0.0074255587732976,83.57217894225644,0,0.0,AGRICULTURAL,1042.0,23.57222,78.24215000000001
2,0.815,0.88,304.315,307.58,1,1.0,0.4989192149569277,1.0,0.2,2.0,0.6671473619268637,55.6786840481716,30.0,0.0,0.0,0.0,9.366104799386154,75.02784584539987,0.0,10.78686171134378,4.804336526323605,0.0148511175465953,65.99425781443385,0,0.0,AGRICULTURAL,1043.0,23.624045,80.51873
3,2.0966666666666667,3.85,322.5,342.78,2,2.0,0.6233852972817452,1.0,0.4,1.5,0.6159967086522441,58.399917716306106,10.0,0.0,1.0,0.0,44.328110690329446,20.61087596841662,0.0,28.427514170441327,6.633499170812604,0.0,80.37085870858714,0,0.0,AGRICULTURAL,1044.0,23.647096666666663,78.48934666666666
2,0.88,0.88,304.435,304.62,1,1.0,0.3774249331668643,1.0,0.2,2.0,0.7259923760062051,57.14980940015513,40.0,1.0,0.0,0.0,99.4543411972396,0.3771465254373295,0.1685122773230621,0.0,0.0,0.0,73.9854075069196,0,0.0,AGRICULTURAL,1045.0,23.66347,77.99808
3,1.7866666666666664,3.48,318.0466666666666,334.88,1,1.0,0.8984665299668743,1.0,0.2,3.0,0.5267409165319594,54.168522913298986,40.0,1.0,0.0,0.0,95.82436078314892,2.6088463156852555,0.0,0.0445533526397861,0.0024751862577658,0.0,74.42644439978653,0,0.0,AGRICULTURAL,1046.0,23.680976666666663,78.36107666666668
2,0.4549999999999999,0.48,304.14,305.35,1,1.0,0.2314695149884372,1.0,0.2,2.0,0.8120379658845144,59.30094914711286,40.0,1.0,0.0,0.0,58.05549367589912,7.586445880052474,0.8291873963515755,16.6060246033514,0.0,0.3044479097052053,101.93973235508592,0,0.0,AGRICULTURAL,1047.0,23.68669,80.11285000000001
2,1.395,1.67,312.495,318.53,1,1.0,0.3810631507940963,1.0,0.2,2.0,0.7240798506751924,57.101996266879816,20.0,0.0,0.0,0.0,28.078512908096336,16.192668498304496,0.0,46.94685775104577,8.769584911264573,0.0123759312888294,68.55218137631344,0,0.0,AGRICULTURAL,1048.0,23.763825,78.43109000000001
2,0.675,0.68,305.53,305.65,1,1.0,0.3737646780152585,1.0,0.2,2.0,0.727926708266183,57.19816770665458,20.0,0.0,0.0,0.0,35.65753322937551,34.89022548946809,0.0024751862577658,21.652929382936065,7.796836711962575,0.0,69.4319252522986,0,0.0,AGRICULTURAL,1049.0,23.865625,77.66119
2,1.09,1.09,309.855,317.28,1,1.0,0.3881948206978908,1.0,0.2,2.0,0.7203599848451151,57.00899962112788,20.0,0.0,0.0,0.0,55.13477389173536,23.039033687284967,0.0643548427019133,15.717432736813445,6.0444048414643206,0.0,85.75852397687048,0,0.0,AGRICULTURAL,1050.0,23.906785,77.35491999999999
8,3.00375,3.69,336.71875,350.71,2,2.0,1.5498980719277935,1.0,0.4,4.0,0.3921725385846393,57.80431346461599,10.0,0.0,1.0,0.0,21.59600009900745,26.704784535036264,0.0,40.97423331105666,10.724982054899632,0.0,84.64618199028016,0,0.0,AGRICULTURAL,1051.0,23.92129125,77.36454499999999
2,0.95,0.97,309.495,313.33,1,1.0,0.428415644508371,1.0,0.2,2.0,0.7000763425159614,56.50190856289904,30.0,0.0,0.0,0.0,77.37184723150418,1.1113586297368878,0.1212841266305289,14.281824707309228,0.0049503725155317,4.947897329274028,106.84973475212324,0,0.0,AGRICULTURAL,1052.0,23.967065,79.18090000000001
2,0.5,0.5,298.36,299.42,1,1.0,0.3721343031242846,1.0,0.2,2.0,0.7287916333867958,57.21979083466989,40.0,1.0,0.0,0.0,91.36902551917032,5.962723694958045,2.43063290512611,0.2301923219722284,0.0,0.0074255587732976,65.77302664754802,0,0.0,AGRICULTURAL,1053.0,24.051070000000003,77.209515
2,0.33,0.4,296.21000000000004,296.43,1,1.0,0.3901440545283485,1.0,0.2,2.0,0.719349909631691,56.98374774079228,40.0,1.0,0.0,0.0,57.14214994678349,1.58659439122794,0.0,40.22177668869583,1.0420534145194429,0.0074255587732976,65.89533937965827,0,0.0,AGRICULTURAL,1054.0,24.31341,79.02534
3,1.8133333333333337,2.54,314.8966666666667,323.02,1,1.0,1.1737621151046052,1.0,0.2,3.0,0.4600319386612727,52.50079846653182,10.0,0.0,1.0,0.0,0.695527338432217,48.44929580950967,0.0,31.66258260934136,19.19259424271677,0.0,102.86947093678472,0,0.0,AGRICULTURAL,1055.0,24.45534333333333,79.59320000000001
2,0.5800000000000001,0.61,296.67,296.76,1,1.0,0.4293274159142077,1.0,0.2,2.0,0.6996297621286394,56.49074405321599,10.0,0.0,1.0,0.0,34.01648474047672,46.028563649414615,0.0148511175465953,18.7544862750922,1.173238286181035,0.0123759312888294,82.48888908613597,0,0.0,AGRICULTURAL,1056.0,24.54074,79.413505
2,0.985,1.26,303.91,307.46,1,1.0,0.3019474099676137,1.0,0.2,2.0,0.7680801792331037,58.2020044808276,40.0,1.0,0.0,0.0,59.55545654810525,7.947823073686294,1.1707630999232692,23.41278681220762,0.0495037251553179,2.5989455706541915,59.12811355939365,0,0.0,AGRICULTURAL,1057.0,24.609965000000003,79.19533999999999
4,2.9475,5.3,325.51,347.27,2,2.0,0.7962501052679921,1.0,0.4,2.0,0.5567153466364333,57.91788366591084,10.0,0.0,1.0,0.0,13.353629860647017,74.02292022474691,0.0049503725155317,9.450261132150194,1.658374792703151,0.1039578228261676,28.01494508571989,0,0.0,AGRICULTURAL,1058.0,21.1612,79.98660749999999
3,1.7466666666666668,2.76,308.1233333333334,309.44,2,2.0,0.4811321122443431,1.0,0.4,1.5,0.6751592189063479,59.878980472658704,60.0,0.0,0.0,0.0,31.22942501423232,22.529145318185197,24.29147793371451,9.878468354743694,0.0,9.91807133486795,24.791343884193584,0,0.0,AGRICULTURAL,1059.0,21.23288666666667,79.62905666666666
7,2.832857142857143,4.44,324.9514285714285,346.37,2,2.0,1.23158083218819,1.0,0.4,3.5,0.4481128290654136,58.20282072663534,30.0,0.0,0.0,0.0,0.7252295735254077,5.113734808544343,0.0,63.08259696542165,31.0784386525086,0.0,49.050082396731504,0,0.0,AGRICULTURAL,1060.0,21.357765714285712,75.27232000000001
2,4.875,8.4,321.55,337.29,2,2.0,0.0780828895621731,1.0,0.4,1.0,0.9275724618967992,65.18931154741998,40.0,1.0,0.0,0.0,14.912997203039527,37.778767852280886,0.0,46.44191975446152,0.8663151902180638,0.0,63.17414650594862,0,0.0,AGRICULTURAL,1061.0,21.53515,76.45790500000001
4,5.9875,13.85,328.79,351.2,2,2.0,1.8324887027557883,1.0,0.4,2.0,0.35304642134215,52.82616053355376,30.0,0.0,0.0,0.0,2.6311229920051487,34.35063488527511,0.0,51.855152100195546,11.163090022524196,0.0,60.99291472897857,0,0.0,AGRICULTURAL,1062.0,21.56454,76.664015
3,5.11,5.34,345.02,349.28,1,1.0,0.8671345434527613,1.0,0.2,3.0,0.5355800434985097,54.38950108746275,10.0,0.0,1.0,0.0,13.77688671072498,78.72824930075988,0.0,6.499839112893245,0.9925496893641248,0.0024751862577658,60.03785688859888,0,0.0,AGRICULTURAL,1063.0,21.01053333333333,80.35399333333334
4,4.6225000000000005,5.78,346.11749999999995,349.04,1,1.0,1.0949300229226475,1.0,0.2,4.0,0.4773429131560657,54.933572828901646,10.0,0.0,1.0,0.0,20.90789831934853,75.29516596123858,0.0,2.0073760550481423,1.7895596643647431,0.0,44.11241618846859,0,0.0,AGRICULTURAL,1064.0,21.0175775,79.9269525
4,10.6525,25.05,334.65250000000003,367.0,1,1.0,0.8981876004849082,1.0,0.2,4.0,0.5268183185605794,56.17045796401449,10.0,0.0,1.0,0.0,38.1624217222346,32.6897849063142,0.118808940372763,24.1256404544442,4.9033439766342415,0.0,11.74372381456061,0,0.0,AGRICULTURAL,1065.0,21.0896175,78.8348425
2,4.99,4.99,342.71500000000003,343.36,1,1.0,0.4526466624156219,1.0,0.2,2.0,0.6883986490817313,56.20996622704328,40.0,1.0,0.0,0.0,53.30808643350412,26.194896165936488,3.3093240266330044,5.749857676790179,9.91807133486795,1.2078908937897577,8.183270308964639,1,1870.0,AGRICULTURAL,1066.0,21.10931,75.811425
2,6.63,6.85,339.13,339.62,1,1.0,0.2489940957937885,1.0,0.2,2.0,0.8006442971729644,59.01610742932411,30.0,0.0,0.0,0.0,19.81139080715824,13.925397886190934,1.0420534145194429,36.45949357689166,28.749288383950898,0.0123759312888294,56.741133458765695,0,0.0,AGRICULTURAL,1067.0,21.11147,74.09442999999999
6,9.121666666666668,22.64,344.9116666666667,355.94,1,1.0,1.1296984490526367,1.0,0.2,6.0,0.4695500437842899,58.738751094607245,10.0,0.0,1.0,0.0,2.3415261998465384,88.48543352887305,0.0,6.064206331526447,2.1954902106383503,0.0594044701863815,30.174268932896847,0,0.0,AGRICULTURAL,1068.0,21.167616666666667,79.84183
2,6.36,6.36,341.655,342.03,1,1.0,0.3727698496439032,1.0,0.2,2.0,0.7284542272394752,57.21135568098688,10.0,0.0,1.0,0.0,2.7202296972847204,93.98282220737111,0.0024751862577658,2.0915323878121828,0.9801737580752952,0.168312665528081,55.43884529873707,0,0.0,AGRICULTURAL,1069.0,21.181075,80.441285
5,6.709999999999999,9.08,337.962,350.88,1,1.0,1.8822485610413384,1.0,0.2,5.0,0.3469513398381943,53.67378349595485,40.0,1.0,0.0,0.0,99.84901363827628,0.1386104304348902,0.0,0.0123759312888294,0.0,0.0,3.4398454072068287,1,2320.0,AGRICULTURAL,1070.0,21.211674,79.39623999999999
2,4.425,4.47,345.53,350.62,1,1.0,0.8587747937057876,1.0,0.2,2.0,0.5379887888442514,52.44971972110628,10.0,0.0,1.0,0.0,15.73228385436004,66.00579193584318,0.022276676319893,15.99960397019876,2.1954902106383503,0.0445533526397861,64.16076958004633,0,0.0,AGRICULTURAL,1071.0,21.24359,80.55960999999999
3,4.396666666666667,4.69,344.72333333333336,347.68,1,1.0,0.5553405889623122,1.0,0.2,3.0,0.6429459933706078,57.0736498342652,40.0,1.0,0.0,0.0,93.04967698819335,1.10393307096359,1.7623326155293186,4.074156580282666,0.0099007450310635,0.0,8.562820486733989,1,2320.0,AGRICULTURAL,1072.0,21.243056666666664,79.44507
7,3.482857142857143,7.06,333.5042857142857,347.34,1,1.0,1.604786618427222,1.0,0.2,7.0,0.3839086061505502,58.59771515376375,10.0,0.0,1.0,0.0,0.165837479270315,99.35645157298086,0.0,0.2722704883542486,0.2054404593945694,0.0,75.51850660101196,0,0.0,AGRICULTURAL,1073.0,21.247254285714284,80.6983357142857
7,7.5057142857142845,18.08,340.09000000000003,355.51,1,1.0,1.6203739600279063,1.0,0.2,7.0,0.3816249189063649,58.54062297265912,10.0,0.0,1.0,0.0,2.725180069800252,94.16598599044578,0.0,2.1162842503898416,0.9875993168485928,0.0049503725155317,75.01978489639862,0,0.0,AGRICULTURAL,1074.0,21.25790857142857,80.67234714285713
3,2.21,3.03,319.74333333333334,341.09,1,1.0,0.6508987926871788,1.0,0.2,3.0,0.6057306507398272,56.14326626849569,10.0,0.0,1.0,0.0,0.0,99.38862899433182,0.0,0.2697953020964827,0.3415757035716937,0.0,73.78379109787191,0,0.0,AGRICULTURAL,1075.0,21.28182,80.66579
2,1.74,2.15,323.475,336.85,1,1.0,0.1127518667944972,1.0,0.2,2.0,0.8986729475284537,61.46682368821135,10.0,0.0,1.0,0.0,0.0,86.53993713026905,0.0,9.66312715031806,3.796935719412886,0.0,72.56842269444141,0,0.0,AGRICULTURAL,1076.0,21.302975,80.73523
3,4.693333333333333,8.06,337.2266666666667,351.67,1,1.0,0.7173233795317423,1.0,0.2,3.0,0.582301511712178,55.557537792804446,10.0,0.0,1.0,0.0,15.130813593722928,68.5082052424445,0.3143486547362689,10.682903888517613,5.108784436028811,0.0742555877329769,67.62393554392905,0,0.0,AGRICULTURAL,1077.0,21.338383333333336,80.79250333333333
2,1.775,2.05,335.45,336.57,1,1.0,0.3873711734353247,1.0,0.2,2.0,0.7207876443935767,57.01969110983942,10.0,0.0,1.0,0.0,0.0,98.4109304225143,0.0,1.4677854508551769,0.1212841266305289,0.0,70.51404972853504,0,0.0,AGRICULTURAL,1078.0,21.350195,80.64503500000001
2,1.955,2.67,336.56500000000005,338.47,1,1.0,0.3894120736614016,1.0,0.2,2.0,0.719728883141762,56.99322207854405,10.0,0.0,1.0,0.0,0.0,100.0,0.0,0.0,0.0,0.0,68.91596847978185,0,0.0,AGRICULTURAL,1079.0,21.351205,80.62963500000001
2,7.66,10.66,345.13,347.22,1,1.0,0.3741865012478319,1.0,0.2,2.0,0.7277032623242541,57.19258155810636,10.0,0.0,1.0,0.0,10.425484517709958,87.83198435682286,0.0,1.705403331600703,0.0371277938664884,0.0,9.918781837278546,1,3300.0,AGRICULTURAL,1080.0,21.39712,80.06168500000001
3,2.546666666666667,2.87,332.53333333333336,340.0,1,1.0,0.5744835671482773,1.0,0.2,3.0,0.6351288897928681,56.8782222448217,10.0,0.0,1.0,0.0,0.0,99.10645776094653,0.0,0.8935422390534887,0.0,0.0,66.24695792142543,0,0.0,AGRICULTURAL,1081.0,21.417003333333337,80.60724666666665
2,8.99,13.58,347.705,348.01,1,1.0,0.3737864649935654,1.0,0.2,2.0,0.7279151640241875,57.19787910060469,40.0,1.0,0.0,0.0,14.210044305834014,80.67127051310611,0.527214672904136,3.79446053315512,0.670775475854558,0.0445533526397861,12.150502655648529,0,0.0,AGRICULTURAL,1082.0,21.440575,80.080755
2,4.24,4.24,343.055,344.54,1,1.0,0.383823624117957,1.0,0.2,2.0,0.7226354446993891,57.06588611748473,30.0,0.0,0.0,0.0,25.618177767877032,16.467414172916513,0.0,57.86985470656667,0.0445533526397861,0.0,43.578075609063966,0,0.0,AGRICULTURAL,1083.0,21.43962,75.8395
2,3.03,3.03,341.20500000000004,343.06,1,1.0,0.3860762624807629,1.0,0.2,2.0,0.7214610242370258,57.03652560592565,10.0,0.0,1.0,0.0,10.767060221281652,84.4756317912923,0.0891067052795722,4.485037499071805,0.1559367342392515,0.0272270488354248,64.06764370946976,0,0.0,AGRICULTURAL,1084.0,21.456485,80.58449
2,3.76,3.76,341.59000000000003,343.73,1,1.0,0.4347101838333045,1.0,0.2,2.0,0.6970048803362976,56.42512200840744,10.0,0.0,1.0,0.0,0.4603846439444568,37.93470458652013,0.0,57.94411029429965,3.6608004752357615,0.0,67.44750885101956,0,0.0,AGRICULTURAL,1085.0,21.517335000000003,75.37325
3,7.513333333333333,11.73,340.6133333333333,367.0,1,1.0,0.6957288739106162,1.0,0.2,3.0,0.5897169148826507,55.74292287206626,10.0,0.0,1.0,0.0,21.360857404519688,50.31558624786515,0.0,25.063736046137468,3.259820301477686,0.0,45.58807004537378,0,0.0,AGRICULTURAL,1086.0,21.53449,78.76922
2,10.095,11.97,344.03,344.86,1,1.0,0.3303510037600966,1.0,0.2,2.0,0.751681321075119,57.79203302687797,30.0,0.0,0.0,0.0,21.92519987129032,6.809237395113982,0.0,71.22595975347144,0.0396029801242543,0.0,64.19942515329643,0,0.0,AGRICULTURAL,1087.0,21.54792,76.34671
2,2.27,2.47,327.145,343.97,1,1.0,0.6977023177494768,1.0,0.2,2.0,0.589031415899596,53.7257853974899,10.0,0.0,1.0,0.0,1.5148139897527289,93.33184822157868,0.0,5.143437043637534,0.0099007450310635,0.0,68.4022995436587,0,0.0,AGRICULTURAL,1088.0,21.57484,80.913555
5,10.668,14.28,349.882,367.0,1,1.0,0.9866975576930738,1.0,0.2,5.0,0.5033478780540639,57.58369695135159,20.0,0.0,0.0,0.0,2.1063835053587785,59.83515259523279,0.0,20.41286106779535,17.64560283161308,0.0,76.91935298174744,0,0.0,AGRICULTURAL,1089.0,21.61227,77.06119000000001
2,2.76,4.03,328.66,344.09,1,1.0,0.6591197608834052,1.0,0.2,2.0,0.6027292444926012,54.06823111231503,10.0,0.0,1.0,0.0,0.0,99.9727729511646,0.0,0.0272270488354248,0.0,0.0,71.03886886383253,0,0.0,AGRICULTURAL,1090.0,21.61564,80.618385
2,5.64,7.42,346.95000000000005,350.04,1,1.0,0.3716364258300111,1.0,0.2,2.0,0.729056170548165,57.226404263704126,10.0,0.0,1.0,0.0,0.0024751862577658,99.93316997104031,0.0,0.047028538897552,0.0173263038043612,0.0,60.69949970245588,0,0.0,AGRICULTURAL,1091.0,21.73504,80.44089500000001
2,3.73,3.73,339.5,340.43,1,1.0,0.5517533511711568,1.0,0.2,2.0,0.6444323121617677,55.11080780404419,10.0,0.0,1.0,0.0,0.5816687705749858,98.20796514937749,0.0,1.0197767381995495,0.190589341847974,0.0,40.981848825986894,0,0.0,AGRICULTURAL,1092.0,21.78589,79.62311
2,9.47,11.93,352.62,355.34,1,1.0,0.3777901039680293,1.0,0.2,2.0,0.7257999582955376,57.14499895738844,10.0,0.0,1.0,0.0,10.096284745427091,76.27781490557165,0.1806885968169105,12.192767505754809,1.1410608648300786,0.0445533526397861,32.28852718982769,0,0.0,AGRICULTURAL,1093.0,21.788735000000003,79.533985
5,2.692,6.6,322.02,347.29,1,1.0,0.6906708495874337,1.0,0.2,5.0,0.5914811864438458,59.78702966109615,10.0,0.0,1.0,0.0,0.0,94.18331229425014,0.0,5.086507759708918,0.7301799460409396,0.0,53.87264890880592,0,0.0,AGRICULTURAL,1094.0,21.798932,78.731752
2,3.83,3.83,342.755,348.29,1,1.0,0.4862362458447894,1.0,0.2,2.0,0.6728405411964579,55.82101352991145,10.0,0.0,1.0,0.0,1.0519541595505062,16.556520878196086,0.0,71.26803791985347,11.12348704239994,0.0,84.0103269966859,0,0.0,AGRICULTURAL,1095.0,21.82871,74.49523500000001
3,5.023333333333333,7.7,336.1333333333333,348.26,1,1.0,0.929834019834138,1.0,0.2,3.0,0.5181792784883885,53.95448196220971,40.0,1.0,0.0,0.0,89.04482562312815,6.029553723917725,1.3167990891314572,3.438033712036831,0.0,0.0569292839286156,21.845596418168817,0,0.0,AGRICULTURAL,1096.0,21.83696666666667,79.09961666666666
7,2.387142857142857,3.79,318.08,343.85,1,1.0,2.6084578358934265,1.0,0.2,7.0,0.2771266966328311,55.92816741582077,10.0,0.0,1.0,0.0,0.455434271428925,96.48276032771466,0.0,3.0618054008564144,0.0,0.0,64.03962279529061,0,0.0,AGRICULTURAL,1097.0,21.903807142857143,80.29064714285713
2,4.475,5.8,345.92999999999995,349.02,1,1.0,0.3930966291545456,1.0,0.2,2.0,0.7178252958711762,56.94563239677941,10.0,0.0,1.0,0.0,0.0123759312888294,99.64604836513948,0.0,0.3168238409940348,0.0247518625776589,0.0,68.0152289013967,0,0.0,AGRICULTURAL,1098.0,22.023965,79.94995
2,5.295,8.81,345.52,349.67,1,1.0,0.3719485105997258,1.0,0.2,2.0,0.7288903280800718,57.2222582020018,10.0,0.0,1.0,0.0,0.0,98.4901363827628,0.0,1.037103042003911,0.4727605752332863,0.0,86.43445739292119,0,0.0,AGRICULTURAL,1099.0,22.03244,80.472105
2,2.29,2.47,343.64,346.76,1,1.0,0.8554298871516592,1.0,0.2,2.0,0.5389586569262059,52.47396642315515,10.0,0.0,1.0,0.0,0.0,99.32179896537214,0.0,0.6782010346278557,0.0,0.0,102.69026430670368,0,0.0,AGRICULTURAL,1100.0,22.050980000000003,80.95056
4,4.28,5.23,340.57,347.67,1,1.0,0.6240842061212983,1.0,0.2,4.0,0.6157316204608868,58.39329051152217,30.0,0.0,0.0,0.0,25.699858914383302,21.54897156010989,0.0123759312888294,51.74624390485384,0.673250662112324,0.3192990272518007,83.78543330949506,0,0.0,AGRICULTURAL,1101.0,22.077150000000003,77.36455
2,2.73,2.73,340.22,341.16,1,1.0,0.389533111351567,1.0,0.2,2.0,0.7196661899098776,56.99165474774694,10.0,0.0,1.0,0.0,16.212469988366625,61.35986733001658,0.0,22.039058439147546,0.3217742135095666,0.0544540976708497,81.84074699577575,0,0.0,AGRICULTURAL,1102.0,22.078755,80.366455
2,5.605,7.16,345.21500000000003,349.13,1,1.0,0.3863438428064363,1.0,0.2,2.0,0.7213217739515879,57.033044348789694,10.0,0.0,1.0,0.0,0.2821712333853122,99.1361599960397,0.0,0.5816687705749858,0.0,0.0,86.55380556346634,0,0.0,AGRICULTURAL,1103.0,22.131115,80.57428
2,3.55,3.55,343.265,344.43,1,1.0,0.3708442416418548,1.0,0.2,2.0,0.7294774779097469,57.23693694774368,10.0,0.0,1.0,0.0,23.058835177347092,38.06588945818173,0.2178163906833989,36.47681988069602,1.274720922749437,0.3019727234474394,82.28530350452102,0,0.0,AGRICULTURAL,1104.0,22.136275,80.506575
2,6.6,6.6,347.46500000000003,348.1,1,1.0,0.4077564860557978,1.0,0.2,2.0,0.7103501279555561,56.7587531988889,40.0,1.0,0.0,0.0,68.16415435261504,14.190242815771889,0.0,11.700205440459396,0.1410856166926561,0.2598945570654192,49.69827076169411,0,0.0,AGRICULTURAL,1105.0,22.136755,79.22587
2,8.73,9.58,341.77,344.01,1,1.0,0.3640957677191919,1.0,0.2,2.0,0.7330863592312358,57.327158980780894,40.0,1.0,0.0,0.0,96.86146382515284,0.3910794287270117,0.0123759312888294,2.363802876166432,0.0099007450310635,0.0198014900621271,21.96210016912212,0,0.0,AGRICULTURAL,1106.0,22.148325,76.04531
2,1.715,2.2,325.48,343.49,1,1.0,0.4839578911962081,1.0,0.2,2.0,0.6738735687398157,55.84683921849539,10.0,0.0,1.0,0.0,0.0,99.89604217717384,0.0,0.1039578228261676,0.0,0.0,70.2031460999831,0,0.0,AGRICULTURAL,1107.0,22.146115,80.19736
2,4.57,4.57,343.935,347.55,1,1.0,0.3929225150297011,1.0,0.2,2.0,0.7179150234201485,56.94787558550371,10.0,0.0,1.0,0.0,0.0742555877329769,99.37377787678524,0.0,0.5321650454196678,0.0198014900621271,0.0,64.84167951056806,0,0.0,AGRICULTURAL,1108.0,22.15753,79.82838
2,3.5,3.74,342.045,343.36,1,1.0,0.7426136751785718,1.0,0.2,2.0,0.573850655623672,53.3462663905918,10.0,0.0,1.0,0.0,0.0,99.77723323680108,0.0049503725155317,0.2178163906833989,0.0,0.0,76.03633570546505,0,0.0,AGRICULTURAL,1109.0,22.164435,80.436815
2,2.94,2.94,343.33,346.03,1,1.0,0.3901093791434681,1.0,0.2,2.0,0.7193678533527783,56.98419633381946,10.0,0.0,1.0,0.0,0.2103908319101012,94.80953441746492,0.0,3.628623053884804,1.3514516967401795,0.0,51.78170907808191,0,0.0,AGRICULTURAL,1110.0,22.30894,80.16341
2,11.675,11.72,346.16,349.19,1,1.0,0.8821773127443872,1.0,0.2,2.0,0.5312995716338267,52.28248929084567,40.0,1.0,0.0,0.0,77.48323061310364,8.70523006856266,0.4133561050469048,11.24477116903047,0.2846464196430781,0.2103908319101012,65.72920688894261,0,0.0,AGRICULTURAL,1111.0,22.312085,79.46577500000001
2,2.75,2.75,340.945,341.2,1,1.0,0.3890534580718797,1.0,0.2,2.0,0.7199146974430215,56.99786743607553,10.0,0.0,1.0,0.0,0.0,94.13133338283706,0.0,4.462760822751912,1.4059057944110296,0.0,47.103081536659865,0,0.0,AGRICULTURAL,1112.0,22.32421,80.02222499999999
3,7.996666666666666,11.36,336.80333333333334,355.47,1,1.0,0.9657620729718736,1.0,0.2,3.0,0.5087085633350238,53.71771408337559,40.0,1.0,0.0,0.0,1.0346278557461448,92.2477166406772,0.1113833815994653,1.6732259102497462,4.933046211727433,0.0,25.702350662750813,0,0.0,AGRICULTURAL,1113.0,22.329576666666668,76.55128333333333
2,10.31,18.28,339.365,367.0,1,1.0,0.8306286493153106,1.0,0.2,2.0,0.546260433744451,52.65651084361127,10.0,0.0,1.0,0.0,10.524491968020596,72.93878864384546,0.0272270488354248,14.675379322294004,1.8341130170045297,0.0,36.924408473344585,0,0.0,AGRICULTURAL,1114.0,22.331715000000003,75.63804
3,4.14,4.84,346.49,347.5,1,1.0,1.1813601155220708,1.0,0.2,3.0,0.4584295792722272,52.46073948180568,10.0,0.0,1.0,0.0,0.0,99.60149501249968,0.0,0.3985049875003094,0.0,0.0,55.00323512134005,0,0.0,AGRICULTURAL,1115.0,22.335706666666667,80.34951
2,4.609999999999999,5.46,346.37,352.03,1,1.0,0.3899967556333634,1.0,0.2,2.0,0.7194261396274567,56.98565349068642,10.0,0.0,1.0,0.0,0.5965198881215812,94.7303284572164,0.0,2.5345907279522786,2.1385609267097347,0.0,47.29204775490956,0,0.0,AGRICULTURAL,1116.0,22.35035,80.16751
2,15.41,15.41,353.08000000000004,354.94,1,1.0,0.376819102432076,1.0,0.2,2.0,0.7263118286444127,57.15779571611032,30.0,0.0,0.0,0.0,11.42545976584738,23.90534887750303,0.8786911215068934,59.32773941239078,4.462760822751912,0.0,49.91581507371909,0,0.0,AGRICULTURAL,1117.0,22.4229,79.5634
3,10.426666666666668,11.12,353.14000000000004,367.0,1,1.0,0.5444386033679492,1.0,0.2,3.0,0.647484463169533,57.187111579238326,30.0,0.0,0.0,0.0,27.70723496943145,22.31875448627509,0.9504715229821044,34.57587683473181,14.420435137744114,0.0272270488354248,42.08897432047422,0,0.0,AGRICULTURAL,1118.0,22.457643333333333,79.63390333333334
2,3.98,3.98,341.84000000000003,342.97,1,1.0,0.436920509680233,1.0,0.2,2.0,0.6959327208869308,56.39831802217328,30.0,0.0,0.0,0.0,0.5816687705749858,67.87950793297196,0.0,31.43486547362689,0.1039578228261676,0.0,47.62624713202093,0,0.0,AGRICULTURAL,1119.0,22.459295,76.03313
2,10.16,10.16,350.16,354.1,1,1.0,0.3704899503130056,1.0,0.2,2.0,0.7296660583111977,57.24165145777994,10.0,0.0,1.0,0.0,3.069230959629712,92.55711492289794,0.0,3.163288037424816,0.0,1.0717556496126337,93.2147187929985,0,0.0,AGRICULTURAL,1120.0,22.471905,80.97106500000001
2,5.25,5.25,344.155,347.07,1,1.0,0.5108685089666826,1.0,0.2,2.0,0.6618709663119016,55.54677415779754,20.0,0.0,0.0,0.0,22.343506348852756,41.53610059156952,0.336625331056162,10.455186752803147,25.328580975718424,0.0,42.9580674846148,0,0.0,AGRICULTURAL,1121.0,22.47686,76.61939000000001
2,26.6,26.6,347.345,349.04,1,1.0,0.5467841810249772,1.0,0.2,2.0,0.6465026034448772,55.16256508612193,10.0,0.0,1.0,0.0,0.0074255587732976,86.74785277592139,1.29699759906933,11.569020568797802,0.3787034974381822,0.0,48.62513272337752,0,0.0,AGRICULTURAL,1122.0,22.49777,75.92101
3,5.666666666666667,7.02,333.97,350.23,1,1.0,1.0100088733397052,1.0,0.2,3.0,0.4975102415037911,53.43775603759477,10.0,0.0,1.0,0.0,15.650602707853768,66.73844706814188,0.0024751862577658,17.477290166084998,0.1311848716615925,0.0,52.57530794485917,0,0.0,AGRICULTURAL,1123.0,22.51686666666667,76.00297666666667
2,4.615,5.62,340.93,341.91,1,1.0,0.3922922293230313,1.0,0.2,2.0,0.718240020980528,56.95600052451319,10.0,0.0,1.0,0.0,3.7598079255463976,83.56971362094998,0.0,11.366055295661,1.3044231578426275,0.0,57.06864394086158,0,0.0,AGRICULTURAL,1124.0,22.621105,78.15945500000001
3,4.67,4.67,348.99,349.44,1,1.0,0.5524244286667747,1.0,0.2,3.0,0.6441537388449897,57.10384347112474,30.0,0.0,0.0,0.0,27.81614316477315,5.28452266033019,0.0247518625776589,65.46372614539244,1.3316502066780525,0.0767307739907428,37.86912082469596,0,0.0,AGRICULTURAL,1125.0,22.633983333333333,79.14067666666666
2,2.96,3.3,343.11,345.57,1,1.0,0.0723893698832713,1.0,0.2,2.0,0.9324971209933284,62.31242802483321,40.0,1.0,0.0,0.0,99.71782876661467,0.0123759312888294,0.0,0.2499938120343556,0.0,0.0198014900621271,96.01637853167126,0,0.0,AGRICULTURAL,1126.0,22.63576,75.15118
2,10.465,12.02,346.595,347.3,1,1.0,0.404367838266195,1.0,0.2,2.0,0.7120641563784175,56.80160390946044,10.0,0.0,1.0,0.0,0.0495037251553179,50.29578475780302,0.0,49.644810772010594,0.0099007450310635,0.0,23.33584275952344,0,0.0,AGRICULTURAL,1127.0,22.68623,78.99090000000001
2,3.0250000000000004,3.08,340.25,341.65,1,1.0,0.3815271620455179,1.0,0.2,2.0,0.7238366551688923,57.09591637922231,10.0,0.0,1.0,0.0,0.0,99.71287839409916,0.0,0.287121605900844,0.0,0.0,14.414828445435326,0,0.0,AGRICULTURAL,1128.0,22.733,78.88252
4,3.675,10.62,316.955,350.32,1,1.0,1.3412966331183538,1.0,0.2,4.0,0.4271137564777976,53.67784391194495,10.0,0.0,1.0,0.0,15.922873196208014,70.6640924729586,0.0,8.232469493329372,5.163238533699661,0.0173263038043612,87.86662661929721,0,0.0,AGRICULTURAL,1129.0,22.82625,76.86654
3,4.886666666666667,4.92,342.3433333333333,344.62,1,1.0,1.084871594866017,1.0,0.2,3.0,0.4796458460379496,52.99114615094873,30.0,0.0,0.0,0.0,8.494839236652558,32.46701814311527,0.2994975371896735,53.97143635058538,4.460285636494146,0.0198014900621271,17.045847997680397,0,0.0,AGRICULTURAL,1130.0,22.83065666666667,79.782
3,10.64,10.64,344.74666666666667,347.09,1,1.0,0.5889325270094057,1.0,0.2,3.0,0.6293533444633679,56.7338336115842,40.0,1.0,0.0,0.0,98.34162520729684,0.094057077795104,0.7796836711962576,0.5965198881215812,0.0,0.1534615479814856,90.13836109371393,0,0.0,AGRICULTURAL,1131.0,22.83028,75.56215333333333
3,8.963333333333333,11.63,344.32666666666665,348.97,1,1.0,0.4648292310235296,1.0,0.2,3.0,0.6826734330671866,58.066835826679664,10.0,0.0,1.0,0.0,20.26187470607163,65.29046310734883,0.0,12.440286131531398,2.0073760550481423,0.0,108.78839689629378,0,0.0,AGRICULTURAL,1132.0,22.82939333333333,77.46172666666668
4,5.147499999999999,5.35,339.745,341.14,1,1.0,1.2301653581542609,1.0,0.2,4.0,0.4483972438831282,54.20993109707821,40.0,1.0,0.0,0.0,99.13120962352416,0.2772208608697804,0.0099007450310635,0.1732630380436128,0.0,0.0,90.43273662589192,0,0.0,AGRICULTURAL,1133.0,22.8460325,75.60596000000001
2,15.485,19.46,347.12,349.05,1,1.0,0.9042772505629244,1.0,0.2,2.0,0.525133616811517,52.128340420287934,40.0,1.0,0.0,0.0,83.54496175837231,1.0395782282616768,0.0321774213509566,2.3093487784955817,0.0,9.692829385411253,84.15964701151283,0,0.0,AGRICULTURAL,1134.0,22.848285,77.91907
3,3.303333333333333,4.79,339.1433333333334,343.33,1,1.0,0.6002500803925298,1.0,0.2,3.0,0.6249023276128861,56.62255819032215,40.0,1.0,0.0,0.0,93.34422415286753,3.128635429816093,1.633622930125492,1.8440137620355928,0.0445533526397861,0.0049503725155317,104.5236571170485,0,0.0,AGRICULTURAL,1135.0,22.875273333333336,75.32508666666668
4,8.127500000000001,12.17,338.735,341.88,1,1.0,1.335577129298532,1.0,0.2,4.0,0.4281596987123865,53.703992467809655,40.0,1.0,0.0,0.0,97.72530382911314,0.792059602485087,1.1633375411499716,0.3192990272518007,0.0,0.0,99.54084921217694,0,0.0,AGRICULTURAL,1136.0,22.9253825,75.5837375
2,7.285,12.13,342.575,347.95,1,1.0,0.4375466899096261,1.0,0.2,2.0,0.6956295799080214,56.39073949770054,40.0,1.0,0.0,0.0,85.84936016435238,10.331427439914853,2.34647657236207,1.153436796118908,0.0,0.0173263038043612,97.25509263818182,0,0.0,AGRICULTURAL,1137.0,22.93964,75.870335
3,6.739999999999999,8.28,339.3066666666667,341.04,1,1.0,0.567834743857887,1.0,0.2,3.0,0.6378223240157017,56.94555810039255,40.0,1.0,0.0,0.0,93.17343630108168,0.4108809187891389,5.5493675899111405,0.8663151902180638,0.0,0.0,100.18557770256196,0,0.0,AGRICULTURAL,1138.0,22.9396,75.61689333333334
2,3.83,3.83,337.875,338.64,1,1.0,0.5305793502861529,1.0,0.2,2.0,0.6533473745173961,55.33368436293491,40.0,1.0,0.0,0.0,98.78468354743694,0.7277047597831737,0.0891067052795722,0.2821712333853122,0.0,0.1163337541149971,101.51908901614912,0,0.0,AGRICULTURAL,1139.0,22.9438,76.12048
2,4.54,4.54,342.89,342.95,1,1.0,0.5882860936873537,1.0,0.2,2.0,0.6296094916240229,54.74023729060058,40.0,1.0,0.0,0.0,95.58179252988788,0.9479963367243384,1.326699834162521,2.1261849954209056,0.0,0.0173263038043612,106.50747125711712,0,0.0,AGRICULTURAL,1140.0,22.97136,75.51603
5,8.366,10.86,341.124,352.74,1,1.0,0.9171014814669648,1.0,0.2,5.0,0.5216207955954426,58.040519889886056,10.0,0.0,1.0,0.0,1.7202544491472984,43.39249028489394,0.0,48.89482933590752,5.992425930051237,0.0,96.4256731313339,0,0.0,AGRICULTURAL,1141.0,22.974652,77.79011
3,2.24,4.81,320.21666666666664,343.14,1,1.0,1.091544134566935,1.0,0.2,3.0,0.4781156579356883,52.9528914483922,10.0,0.0,1.0,0.0,10.633400163362293,46.313210069057696,0.0049503725155317,32.84324645429569,10.205192940768791,0.0,31.05710269995961,0,0.0,AGRICULTURAL,1142.0,23.01019,79.85759666666667
2,2.99,2.99,338.91,339.29,1,1.0,0.3970626403099308,1.0,0.2,2.0,0.715787518144609,56.89468795361523,40.0,1.0,0.0,0.0,98.24756812950174,0.2425682532610579,0.287121605900844,1.2128412663052894,0.0,0.0099007450310635,89.60755332887571,0,0.0,AGRICULTURAL,1143.0,23.015,75.26587
3,16.97,18.74,352.02,355.81,1,1.0,0.5980204581776289,1.0,0.2,3.0,0.6257742163954476,56.6443554098862,30.0,0.0,0.0,0.0,29.179970792802155,1.081656394643697,0.0,69.57996089205713,0.1460359892081879,0.0123759312888294,126.57456380718838,0,0.0,AGRICULTURAL,1144.0,23.021026666666668,77.25481333333333
2,6.525,7.95,345.05,348.16,1,1.0,0.6103393665480615,1.0,0.2,2.0,0.6209871166123259,54.52467791530815,30.0,0.0,0.0,0.0,32.48186926066187,0.4034553600158412,0.0594044701863815,59.51585356798099,2.299448033464518,0.1881141555902081,126.70294453865375,0,0.0,AGRICULTURAL,1145.0,23.03298,77.45623499999999
2,8.665,10.56,343.075,348.0,1,1.0,0.2379352455781661,1.0,0.2,2.0,0.8077966949983393,59.19491737495848,40.0,1.0,0.0,0.0,89.8170837355511,1.915794163510804,4.81423727135467,2.4826118165391944,0.0,0.1212841266305289,111.59785784461845,0,0.0,AGRICULTURAL,1146.0,23.042495,75.604795
3,7.443333333333332,8.97,346.27333333333337,351.92,1,1.0,0.5900906671283379,1.0,0.2,3.0,0.6288949559121517,56.72237389780379,10.0,0.0,1.0,0.0,0.0049503725155317,53.86005296898592,0.0,40.28613153139774,5.848865127100814,0.0,67.05256830695973,0,0.0,AGRICULTURAL,1147.0,23.075,78.08876333333335
2,8.855,11.73,347.76,347.88,1,1.0,0.3898763950176531,1.0,0.2,2.0,0.7194884405438793,56.98721101359698,10.0,0.0,1.0,0.0,29.77154030840821,44.10286874087275,0.2252419494566966,24.57859953961536,1.321749461646989,0.0,63.06015101655381,0,0.0,AGRICULTURAL,1148.0,23.097585,78.13414
2,6.575,9.08,346.575,348.19,1,1.0,0.4212671072097198,1.0,0.2,2.0,0.7035975116339913,56.58993779084979,40.0,1.0,0.0,0.0,92.42097967872084,0.8588896314447663,0.0569292839286156,6.4305338976758,0.0519789114130838,0.0148511175465953,112.33087452821728,0,0.0,AGRICULTURAL,1149.0,23.10891,76.49922000000001
2,6.43,7.96,348.91,350.22,1,1.0,0.0611914845307731,1.0,0.2,2.0,0.942337000039319,62.55842500098298,10.0,0.0,1.0,0.0,12.700180688596818,42.46677062448949,0.0,38.4594440731665,6.373604613747184,0.0,21.603663796843247,0,0.0,AGRICULTURAL,1150.0,23.15116,78.697465
2,6.06,6.06,344.85,345.0,1,1.0,0.4956355620399167,1.0,0.2,2.0,0.6686120772871212,55.71530193217803,40.0,1.0,0.0,0.0,97.37630256676816,0.0024751862577658,0.0247518625776589,2.3910299250018565,0.0,0.0,121.26007001026709,0,0.0,AGRICULTURAL,1151.0,23.185415,76.63586000000001
3,5.739999999999999,6.0,348.90000000000003,349.71,1,1.0,0.8597907291433358,1.0,0.2,3.0,0.5376949053083107,54.44237263270777,20.0,0.0,0.0,0.0,9.801737580752953,53.66946362713794,0.1386104304348902,28.506720130689832,7.883468230984382,0.0,50.339563282356345,0,0.0,AGRICULTURAL,1152.0,23.205316666666665,80.2287
2,3.21,4.26,342.87,344.33,1,1.0,0.3961728892227845,1.0,0.2,2.0,0.7162436742033257,56.90609185508314,20.0,0.0,0.0,0.0,17.03670701220267,49.35768916610975,1.7177792628895323,14.274399148535927,17.613425410262124,0.0,99.8999972540888,0,0.0,AGRICULTURAL,1153.0,23.206645,77.79288
2,2.725,3.17,334.95500000000004,334.97,1,1.0,0.3028850596015386,1.0,0.2,2.0,0.7675274135892156,58.18818533973039,50.0,0.0,0.0,1.0,90.05965198881216,1.0717556496126337,6.853790747753768,1.7598574292715528,0.0,0.1930645281057399,128.7721419938366,0,0.0,AGRICULTURAL,1154.0,23.21965,75.95073500000001
2,12.62,15.95,341.825,348.44,1,1.0,0.5731107897876592,1.0,0.2,2.0,0.6356831359188513,54.89207839797128,40.0,1.0,0.0,0.0,87.82950917056509,5.908269597287196,0.7499814361030668,5.044429593326898,0.0024751862577658,0.2351426944877602,97.76502203163088,0,0.0,AGRICULTURAL,1155.0,23.228115,75.49046999999999
3,5.33,7.93,345.2,350.54,1,1.0,0.5758361311355317,1.0,0.2,3.0,0.6345837490598786,56.86459372649696,10.0,0.0,1.0,0.0,35.48922056384743,47.68446325586,0.0,14.066483502883592,2.759832677408975,0.0,60.11044321969508,0,0.0,AGRICULTURAL,1156.0,23.233353333333337,78.22512666666667
3,3.483333333333334,5.03,326.42333333333335,345.63,1,1.0,0.9395005616176086,1.0,0.2,3.0,0.515596653999402,53.88991634998504,10.0,0.0,1.0,0.0,0.5717680255439223,65.33501645998861,0.0,27.15279324769189,6.940422266775576,0.0,71.78490947327451,0,0.0,AGRICULTURAL,1157.0,23.238830000000004,78.09907666666666
3,7.113333333333333,9.04,350.43666666666667,352.87,1,1.0,0.8754389352668065,1.0,0.2,3.0,0.5332085098562468,54.33021274640617,10.0,0.0,1.0,0.0,17.99460409395807,73.99074280339596,0.0371277938664884,6.838939630207173,1.1385856785723123,0.0,62.91904955153563,0,0.0,AGRICULTURAL,1158.0,23.244626666666665,78.20045999999999
2,1.75,1.75,336.42999999999995,339.83,1,1.0,0.4492080155754924,1.0,0.2,2.0,0.6900320652745574,56.250801631863936,30.0,0.0,0.0,0.0,86.93349174525383,7.621098487661196,1.9826241924704835,3.334075889210663,0.0915818915373381,0.0371277938664884,79.96842878159862,0,0.0,AGRICULTURAL,1159.0,23.28899,75.329195
2,3.71,3.71,340.145,341.91,1,1.0,0.5300514062420373,1.0,0.2,2.0,0.6535728119463008,55.339320298657526,40.0,1.0,0.0,0.0,89.23046459246058,5.559268334942204,3.79446053315512,1.4009554218954976,0.0,0.0148511175465953,138.2363939985847,0,0.0,AGRICULTURAL,1160.0,23.289335,76.086755
2,9.15,9.15,344.61,346.48,1,1.0,0.3833273392151063,1.0,0.2,2.0,0.7228946986382815,57.07236746595704,30.0,0.0,0.0,0.0,21.25194920917799,40.43216752060593,0.0,30.54379842083117,7.772084849384917,0.0,42.15789625520394,0,0.0,AGRICULTURAL,1161.0,23.31367,78.58478
5,10.966,12.79,349.788,355.69,1,1.0,0.8447394793829999,1.0,0.2,5.0,0.5420819639716632,58.55204909929157,30.0,0.0,0.0,0.0,0.0544540976708497,0.0,0.0,99.48268607212692,0.4628598302022227,0.0,74.54125535203916,0,0.0,AGRICULTURAL,1162.0,23.321914000000003,79.55943199999999
4,4.1000000000000005,5.19,339.0525,340.52,1,1.0,1.5720586663128726,1.0,0.2,4.0,0.3887936201056921,52.7198405026423,10.0,0.0,1.0,0.0,28.024058810425483,18.227271602188065,0.1782134105591445,39.25397886190936,14.046682012821464,0.2697953020964827,122.80048716520974,0,0.0,AGRICULTURAL,1163.0,23.3473175,77.55619250000001
2,11.92,14.17,351.29,355.96,1,1.0,0.4074837726709411,1.0,0.2,2.0,0.7104877650577307,56.76219412644327,10.0,0.0,1.0,0.0,47.53100170787852,29.3804608796812,0.0,22.219747035964456,0.8687903764758299,0.0,44.57483269628794,0,0.0,AGRICULTURAL,1164.0,23.34506,78.850995
4,5.414999999999999,8.73,342.5775,345.29,1,1.0,1.2184434037088232,1.0,0.2,4.0,0.4507665141820551,54.269162854551375,40.0,1.0,0.0,0.0,32.120492067028046,29.14284299893567,0.0,37.53124922650429,1.10393307096359,0.0,47.06777893683553,0,0.0,AGRICULTURAL,1165.0,23.37225,78.6298875
4,6.89,8.96,351.1325,356.13,1,1.0,0.5815377803249187,1.0,0.2,4.0,0.6322959921922038,58.80739980480509,30.0,0.0,0.0,0.0,2.5568674042721717,46.761218781713325,0.0198014900621271,46.91220514343704,3.7499071805153337,0.0,77.9144271136997,0,0.0,AGRICULTURAL,1166.0,23.3846975,78.126015
4,2.1225,3.52,329.305,347.21,1,1.0,0.8036226311546891,1.0,0.2,4.0,0.5544397052502021,56.86099263125506,10.0,0.0,1.0,0.0,13.74223410311626,79.68119600999975,0.1014826365684017,4.824138016385733,1.650949233929853,0.0,73.78457359681751,0,0.0,AGRICULTURAL,1167.0,23.4136475,79.9174725
2,2.27,2.27,339.93,341.56,1,1.0,0.3716801617760994,1.0,0.2,2.0,0.7290329246324924,57.22582311581231,10.0,0.0,1.0,0.0,9.027004282072228,71.35466943887528,0.0,17.66292913541744,1.8761911833865497,0.0792059602485087,23.85151191777283,0,0.0,AGRICULTURAL,1168.0,23.48541,80.93714
3,7.359999999999999,9.07,342.8533333333333,350.04,1,1.0,0.581174889105246,1.0,0.2,3.0,0.6324411087541867,56.81102771885467,10.0,0.0,1.0,0.0,16.40800970273013,59.399519813866,0.022276676319893,10.12351179426252,14.046682012821464,0.0,88.34414863343527,0,0.0,AGRICULTURAL,1169.0,23.486280000000004,78.08465
2,9.995,14.13,346.365,346.58,1,1.0,0.5419810955413193,1.0,0.2,2.0,0.6485163812264154,55.21290953066038,30.0,0.0,0.0,0.0,9.33887775055073,0.1509863617237197,0.0,85.12660577708473,5.373629365609762,0.0099007450310635,93.06522420392147,0,0.0,AGRICULTURAL,1170.0,23.48738,79.51264499999999
2,3.685,6.16,327.765,349.1,1,1.0,0.6969430102615068,1.0,0.2,2.0,0.589294981595107,53.73237453987767,10.0,0.0,1.0,0.0,20.8955223880597,47.65476102076681,0.3415757035716937,30.07103784559788,0.9851241305908268,0.0519789114130838,62.106987785596345,0,0.0,AGRICULTURAL,1171.0,23.51065,78.8301
2,6.71,6.71,347.855,355.0,1,1.0,0.4587443165828165,1.0,0.2,2.0,0.6855210941575774,56.13802735393944,40.0,1.0,0.0,0.0,95.04715229821043,2.136085740451969,0.9999752481374224,1.173238286181035,0.0,0.1287096854038266,121.67434085798808,0,0.0,AGRICULTURAL,1172.0,23.510145,77.32525000000001
3,6.716666666666666,9.55,347.51666666666665,353.45,1,1.0,0.893759021457253,1.0,0.2,3.0,0.5280502897514897,54.20125724378724,10.0,0.0,1.0,0.0,20.519294076879284,38.42479146555778,0.0,13.640751466547856,27.407737432241777,0.0074255587732976,102.43757536165776,0,0.0,AGRICULTURAL,1173.0,23.57858,77.53115666666667
2,9.705,11.8,350.685,351.7,1,1.0,0.370904626623328,1.0,0.2,2.0,0.7294453462186481,57.236133655466205,10.0,0.0,1.0,0.0,1.5148139897527289,88.80225736986708,0.0,9.272047721591049,0.4108809187891389,0.0,69.80443277265155,0,0.0,AGRICULTURAL,1174.0,23.600505,80.46064
3,8.936666666666667,10.21,350.0033333333334,351.1,1,1.0,0.5439959952699438,1.0,0.2,3.0,0.6476700736682711,57.191751841706775,30.0,0.0,0.0,0.0,1.9281700947996336,0.0544540976708497,0.0,95.34169946288458,2.6756763446449345,0.0,99.00315380697764,0,0.0,AGRICULTURAL,1175.0,23.617056666666667,79.38530333333334
3,6.236666666666667,9.58,334.98,349.44,1,1.0,1.3856041894478548,1.0,0.2,3.0,0.4191810210693203,51.479525526733006,40.0,1.0,0.0,0.0,77.99311898220341,1.702928145342937,0.0,16.158015890695776,3.982574688745328,0.1460359892081879,101.08276510312548,0,0.0,AGRICULTURAL,1176.0,23.640196666666668,79.80683333333333
2,4.0,5.9,340.83500000000004,344.48,1,1.0,0.8902681370461716,1.0,0.2,2.0,0.5290254754876472,52.22563688719119,30.0,0.0,0.0,0.0,0.0396029801242543,15.900596519888122,0.0,72.25068686418653,11.675453577881736,0.1287096854038266,79.35461675155166,0,0.0,AGRICULTURAL,1177.0,23.64459,78.94928999999999
2,3.085,3.4,342.475,344.79,1,1.0,0.3861457338983494,1.0,0.2,2.0,0.7214248657589803,57.03562164397451,10.0,0.0,1.0,0.0,12.786812207618622,66.87210712606124,0.022276676319893,14.687755253582832,5.361253434320933,0.2697953020964827,68.789844067347,0,0.0,AGRICULTURAL,1178.0,23.661275000000003,80.51282
2,3.86,6.14,341.32,345.52,1,1.0,0.3859311797955149,1.0,0.2,2.0,0.7215365485518144,57.03841371379536,10.0,0.0,1.0,0.0,0.1633622930125492,96.9951238830722,0.0,2.3093487784955817,0.5321650454196678,0.0,49.25275397253549,0,0.0,AGRICULTURAL,1179.0,23.67296,80.79475
3,6.953333333333333,8.5,343.94666666666666,346.04,1,1.0,0.5800699826794886,1.0,0.2,3.0,0.6328833602067399,56.82208400516849,40.0,1.0,0.0,0.0,95.73525407786936,2.408356228806218,0.6138461919259425,1.2425435013984802,0.0,0.0,66.12640074898974,0,0.0,AGRICULTURAL,1180.0,23.7347,78.26459666666666
2,7.994999999999999,8.43,347.36,351.9,1,1.0,0.8362934116749734,1.0,0.2,2.0,0.5445752806398466,52.61438201599616,30.0,0.0,0.0,0.0,33.875399123784064,27.974555085270165,0.0,37.01888567114676,0.8737407489913616,0.2574193708076533,62.35099180624303,0,0.0,AGRICULTURAL,1181.0,23.85376,80.93524
2,4.36,5.74,341.9,344.62,1,1.0,0.5354796634871718,1.0,0.2,2.0,0.6512622887684076,55.2815572192102,10.0,0.0,1.0,0.0,12.960075245662235,24.55879804955323,0.0,29.417588673547684,33.06353803123685,0.0,65.62622950206084,0,0.0,AGRICULTURAL,1182.0,24.138935,80.719075
2,6.96,6.96,347.535,350.91,1,1.0,0.3708576562871606,1.0,0.2,2.0,0.7294703395452495,57.23675848863123,10.0,0.0,1.0,0.0,5.36867899309423,54.61993515012005,0.0,27.10576470879434,12.905621147991386,0.0,73.05574793882317,0,0.0,AGRICULTURAL,1183.0,24.205845,80.62434999999999
4,2.2025,2.85,334.6775,337.4,1,1.0,0.5259817712147165,1.0,0.2,4.0,0.6553158228122065,59.38289557030516,40.0,1.0,0.0,0.0,97.45303334075888,1.153436796118908,0.9529467092398703,0.4405831538823296,0.0,0.0,64.34292038538658,0,0.0,AGRICULTURAL,1184.0,23.407525000000003,75.2072825
2,5.35,5.59,337.495,337.97,1,1.0,0.3206812435528339,1.0,0.2,2.0,0.7571849792534704,57.92962448133676,40.0,1.0,0.0,0.0,97.76243162297963,1.2227420113363532,0.1138585678572312,0.9009677978267864,0.0,0.0,114.80733259148316,0,0.0,AGRICULTURAL,1185.0,23.52857,75.83637
2,2.8,2.8,340.275,341.79,1,1.0,0.3805048704855314,1.0,0.2,2.0,0.724372670737695,57.109316768442376,30.0,0.0,0.0,0.0,59.66188955718918,1.0247271107150813,0.0,36.07336452068018,3.237543625157793,0.0024751862577658,65.82547385383283,0,0.0,AGRICULTURAL,1186.0,23.940895,78.634285
2,3.27,3.27,342.07,345.02,1,1.0,0.4099035351208148,1.0,0.2,2.0,0.709268382616198,56.73170956540496,10.0,0.0,1.0,0.0,0.0094764273868751,17.332385690594645,0.0,69.41483060886046,13.24330727315802,0.0,52.00062443199498,0,0.0,AGRICULTURAL,1187.0,23.99959,78.50974500000001
2,6.35,6.35,343.145,348.69,1,1.0,0.3819504179740823,1.0,0.2,2.0,0.7236149625874309,57.090374064685776,10.0,0.0,1.0,0.0,4.403356352565531,31.880399000024752,0.0,49.164624638004014,14.551620009405708,0.0,52.65027039654275,0,0.0,AGRICULTURAL,1188.0,24.01169,78.530035
3,9.93,9.93,349.53,352.32,1,1.0,0.5453401010944341,1.0,0.2,3.0,0.6471067432287457,57.177668580718645,30.0,0.0,0.0,0.0,0.0,0.5717680255439223,0.0,83.41625207296849,16.011979901487585,0.0,99.84101174024404,0,0.0,AGRICULTURAL,1189.0,24.08160666666667,79.24464333333334
2,10.53,10.53,345.73,348.73,1,1.0,0.3733895840634012,1.0,0.2,2.0,0.7281255163165967,57.20313790791492,40.0,1.0,0.0,0.0,94.32687309720058,2.418256973837281,3.046954283309819,0.2079156456523353,0.0,0.0,110.90703167864366,0,0.0,AGRICULTURAL,1190.0,24.184565,79.51302
2,4.77,4.77,340.81,341.14,1,1.0,0.3990682887757075,1.0,0.2,2.0,0.7147613937237309,56.86903484309327,10.0,0.0,1.0,0.0,4.064255835251602,50.21410361129674,0.0,32.43731590802208,13.284324645429567,0.0,54.218044640538025,0,0.0,AGRICULTURAL,1191.0,24.205575,77.315935
4,11.7975,23.88,342.5475,345.49,1,1.0,0.8574993414733859,1.0,0.2,4.0,0.538358198935775,56.45895497339437,30.0,0.0,0.0,0.0,7.168139402490037,21.06631023984555,0.0,40.09801737580753,31.667532981856883,0.0,67.71371443298365,0,0.0,AGRICULTURAL,1192.0,24.23643,80.6720675
2,6.71,7.51,343.595,349.5,1,1.0,0.8920086761299745,1.0,0.2,2.0,0.5285388024992881,52.2134700624822,10.0,0.0,1.0,0.0,0.0,51.33288779980694,0.0,8.98740130194797,39.67971089824509,0.0,64.7818061609884,0,0.0,AGRICULTURAL,1193.0,24.241585,78.84425999999999
2,4.65,4.65,341.755,341.99,1,1.0,0.3764557086991594,1.0,0.2,2.0,0.7265035799408798,57.162589498522,30.0,0.0,0.0,0.0,0.2747456746120145,16.75206059255959,0.0,42.773693720452464,40.199500012375935,0.0,66.18076795871293,0,0.0,AGRICULTURAL,1194.0,24.274365,78.96231499999999
2,2.325,2.34,338.705,338.84,1,1.0,0.3735499143051011,1.0,0.2,2.0,0.7280405244726141,57.20101311181536,10.0,0.0,1.0,0.0,0.1336600579193584,58.32033860548006,0.0,13.888270092324449,27.613177891636347,0.0445533526397861,83.41969953561795,0,0.0,AGRICULTURAL,1195.0,24.322625,79.286995
2,3.925,4.82,340.365,340.46,1,1.0,0.5366598139801639,1.0,0.2,2.0,0.6507621211293735,55.26905302823434,20.0,0.0,0.0,0.0,0.1881141555902081,55.48872552659587,0.0,8.326526571124477,35.99663374668944,0.0,64.42883558411803,0,0.0,AGRICULTURAL,1196.0,24.390685,80.700715
2,5.72,5.72,345.72,350.59,1,1.0,0.5401782264342196,1.0,0.2,2.0,0.6492755077541733,55.23188769385433,20.0,0.0,0.0,0.0,0.5420657904507314,68.07009727481993,0.0,20.336130293804608,11.05170664092473,0.0,87.28290952015126,0,0.0,AGRICULTURAL,1197.0,24.478795,79.43694500000001
2,3.795,4.66,338.635,338.98,1,1.0,0.3725477478438902,1.0,0.2,2.0,0.7285721036451237,57.214302591128096,10.0,0.0,1.0,0.0,14.346179550011136,66.86715675354571,0.0,8.695329323531595,9.950248756218906,0.0841563327640405,45.81377749165642,0,0.0,AGRICULTURAL,1198.0,24.483785,80.91473500000001
2,5.365,5.37,343.545,345.24,1,1.0,0.390155835756021,1.0,0.2,2.0,0.7193438133187141,56.98359533296785,10.0,0.0,1.0,0.0,0.5222643003886043,87.41615306551817,0.0,9.559169327491894,2.502413306601321,0.0,83.19510521767296,0,0.0,AGRICULTURAL,1199.0,24.52827,79.41578999999999
2,6.27,6.27,340.1,341.7,1,1.0,0.3897768281766252,1.0,0.2,2.0,0.7195399863674451,56.98849965918613,10.0,0.0,1.0,0.0,5.400856414445187,86.94586767654266,0.0,4.623647929506696,3.0296279795054577,0.0,105.44295948956989,0,0.0,AGRICULTURAL,1200.0,24.591285,79.66609
2,4.21,4.21,344.72,346.19,1,1.0,0.3719149628360583,1.0,0.2,2.0,0.7289081518090407,57.22270379522602,30.0,0.0,0.0,0.0,7.932971956139699,3.895943169723522,0.0,84.53998663399422,3.2919977228286426,0.0173263038043612,120.31287486376743,0,0.0,AGRICULTURAL,1201.0,24.70913,80.22050999999999
2,3.62,3.62,335.635,338.78,1,1.0,0.4553242426111768,1.0,0.2,2.0,0.687132097934256,56.1783024483564,30.0,0.0,0.0,0.0,30.34083314769436,1.1583871686344398,0.071780401475211,66.09984901363828,2.329150268557709,0.0,19.48149949723817,0,0.0,AGRICULTURAL,1202.0,24.789905,77.086355
2,4.05,4.49,342.07,344.08,1,1.0,0.3717372704086851,1.0,0.2,2.0,0.7290025732858213,57.225064332145536,10.0,0.0,1.0,0.0,10.44281082151432,45.67956238706963,0.0,35.63773173931338,7.955248632459592,0.0,79.31866968456849,0,0.0,AGRICULTURAL,1203.0,24.89643,80.861275
3,2.49,3.05,336.73,338.54,1,1.0,0.5931587156093027,1.0,0.2,3.0,0.6276838523383093,56.69209630845773,20.0,0.0,0.0,0.0,6.309249771045271,45.0137372837306,0.0519789114130838,21.098487661196504,27.52654637261454,0.0,42.827016817207806,0,0.0,AGRICULTURAL,1204.0,24.94355,77.26714
4,3.3475,6.04,346.0575,355.43,1,1.0,1.1772267670063383,1.0,0.2,4.0,0.4592998832983246,54.48249708245812,10.0,0.0,1.0,0.0,0.168312665528081,92.8442365287988,0.0,4.299398529739363,2.688052275933764,0.0,100.6600342248443,0,0.0,AGRICULTURAL,1205.0,24.9673775,80.6296025
2,3.37,3.87,343.565,345.57,1,1.0,0.8371167052539332,1.0,0.2,2.0,0.5443312322728981,52.60828080682245,10.0,0.0,1.0,0.0,0.3069230959629712,94.46795871389322,0.0,3.3538773792727907,1.871240810871018,0.0,103.83391770606292,0,0.0,AGRICULTURAL,1206.0,24.986125,80.60576
2,4.94,5.6,343.195,343.76,1,1.0,0.7434523041078778,1.0,0.2,2.0,0.573574624120101,53.33936560300252,20.0,0.0,0.0,0.0,7.413182842008862,62.01579168832455,0.0,22.254399643573176,8.31167545357788,0.0049503725155317,91.59569605314395,0,0.0,AGRICULTURAL,1207.0,25.04021,80.76525000000001
2,1.67,1.75,320.245,320.87,1,1.0,0.3758331193386494,1.0,0.2,2.0,0.7268323359454313,57.170808398635785,40.0,1.0,0.0,0.0,91.5670404197916,0.6980025246899829,2.546966659241108,5.178089651246257,0.0,0.0099007450310635,55.34945438413156,0,0.0,AGRICULTURAL,1208.0,22.29849,79.65431000000001
2,0.755,0.84,304.58000000000004,305.41,1,1.0,0.3706597512214974,1.0,0.2,2.0,0.7295756653748862,57.23939163437215,10.0,0.0,1.0,0.0,5.113734808544343,86.09687879012895,0.0,8.781960842553401,0.0,0.0074255587732976,90.43028657218706,0,0.0,AGRICULTURAL,1209.0,22.385345,80.86926
2,1.245,1.26,304.11,306.41,1,1.0,0.9131529090918918,1.0,0.2,2.0,0.5226973731413167,52.06743432853291,40.0,1.0,0.0,0.0,96.53721442538551,2.3093487784955817,0.3712779386648845,0.7648325536496622,0.0173263038043612,0.0,63.37776936955344,0,0.0,AGRICULTURAL,1210.0,22.663395,78.03793999999999
2,0.8,0.88,304.19000000000005,304.72,1,1.0,0.4541999972227485,1.0,0.2,2.0,0.6876633213518182,56.19158303379545,40.0,1.0,0.0,0.0,96.56444147422091,2.779634167471102,0.5148387416153066,0.1410856166926561,0.0,0.0,73.55922509902663,0,0.0,AGRICULTURAL,1211.0,22.71034,77.88089
2,0.6950000000000001,0.92,305.955,313.39,1,1.0,0.4010997082421734,1.0,0.2,2.0,0.713725079034243,56.84312697585607,40.0,1.0,0.0,0.0,87.51268532957106,10.101235117942624,0.0792059602485087,2.1930150243805846,0.0,0.1138585678572312,75.70894688267063,0,0.0,AGRICULTURAL,1212.0,22.719615,77.85315
2,0.895,1.0,303.25,307.75,1,1.0,0.4322825633588977,1.0,0.2,2.0,0.6981862556888662,56.45465639222166,40.0,1.0,0.0,0.0,95.87138932204648,3.6112967500804434,0.0,0.455434271428925,0.0618796564441474,0.0,32.05248249045444,0,0.0,AGRICULTURAL,1213.0,22.80241,78.46944500000001
2,0.54,0.74,301.405,303.41,1,1.0,0.4165587712157419,1.0,0.2,2.0,0.7059361180911428,56.64840295227857,20.0,0.0,0.0,0.0,17.175317442637557,57.394618945075614,0.3391005173139279,19.058934184797405,5.3414519442588055,0.4752357614910522,104.30217883501642,0,0.0,AGRICULTURAL,1214.0,22.85705,77.12984
2,0.855,1.08,302.26,303.55,1,1.0,0.3789377401221569,1.0,0.2,2.0,0.7251959032692892,57.12989758173224,30.0,0.0,0.0,0.0,30.00668300289597,38.154996163461306,0.0,23.952377416400584,7.885943417242148,0.0,47.25214385259149,0,0.0,AGRICULTURAL,1215.0,22.906685000000003,79.490375
2,1.4049999999999998,1.42,305.73,307.55,1,1.0,0.411121053424312,1.0,0.2,2.0,0.7086564243183385,56.71641060795847,10.0,0.0,1.0,0.0,1.5717432736813444,54.065493428380485,0.0,29.8012425435014,14.56152075443677,0.0,122.43531973960144,0,0.0,AGRICULTURAL,1216.0,22.909505,77.35968
5,1.024,1.24,303.802,309.62,1,1.0,1.1451701624895274,1.0,0.2,5.0,0.4661634855294991,56.65408713823747,40.0,1.0,0.0,0.0,99.55694165985992,0.1212841266305289,0.1584119204970174,0.1608871067547833,0.0,0.0024751862577658,102.82277199164962,0,0.0,AGRICULTURAL,1217.0,22.943938,75.540378
3,0.9533333333333333,1.21,304.52,315.33,1,1.0,0.9351359683605605,1.0,0.2,3.0,0.5167595540313357,53.91898885078339,10.0,0.0,1.0,0.0,0.408405732531373,60.3499913368481,0.0,33.27145367688919,5.970149253731343,0.0,119.37268654946952,0,0.0,AGRICULTURAL,1218.0,22.96003,77.46978666666666
4,1.125,1.54,303.6625,307.06,1,1.0,1.958820172871988,1.0,0.2,4.0,0.337972550399826,51.44931375999565,10.0,0.0,1.0,0.0,1.8910423009331447,61.82025197396104,0.0,24.363258335189723,11.888319596049604,0.0371277938664884,129.6019794393923,0,0.0,AGRICULTURAL,1219.0,22.9895175,77.3461075
12,0.6291666666666668,0.94,302.13416666666666,315.83,1,1.0,1.653746145652243,1.0,0.2,12.0,0.376825794599211,64.42064486498028,40.0,1.0,0.0,0.0,98.99259919308928,0.1559367342392515,0.1757382243013787,0.6435484270191332,0.0,0.0321774213509566,109.32906113505544,0,0.0,AGRICULTURAL,1220.0,23.03689833333333,75.68965333333333
2,0.81,0.84,300.61,301.57,1,1.0,0.386891810574449,1.0,0.2,2.0,0.721036776174921,57.02591940437303,40.0,1.0,0.0,0.0,95.11645751342787,2.2474691220514345,1.0742308358703994,0.4950372515531794,0.0,0.0049503725155317,111.39188258831526,0,0.0,AGRICULTURAL,1221.0,23.066935,75.84842499999999
2,1.2799999999999998,1.39,311.84000000000003,318.38,1,1.0,0.4061709170397074,1.0,0.2,2.0,0.7111511039534336,56.77877759883584,10.0,0.0,1.0,0.0,77.45600356426822,19.89554713992228,2.0445038489146308,0.5494913492240291,0.0,0.0544540976708497,58.96608696666208,0,0.0,AGRICULTURAL,1222.0,23.07236,79.39471
4,1.5025,2.06,313.77000000000004,333.72,1,1.0,1.3614505239012633,1.0,0.2,4.0,0.4234685376121866,53.58671344030467,40.0,1.0,0.0,0.0,98.2302418256974,0.8836414940224252,0.0693052152174451,0.816811465062746,0.0,0.0,118.5225954117694,0,0.0,AGRICULTURAL,1223.0,23.11873,75.6767875
2,0.875,1.17,304.95000000000005,305.47,1,1.0,0.5588481775225208,1.0,0.2,2.0,0.6414992905783173,55.037482264457935,10.0,0.0,1.0,0.0,55.25358283210812,29.55372391772481,0.2029652731368035,12.838791119031706,0.0519789114130838,0.4455335263978615,66.23268068304614,0,0.0,AGRICULTURAL,1224.0,23.17615,79.41581
2,0.91,0.91,309.795,310.42,1,1.0,0.376088407650505,1.0,0.2,2.0,0.7266974959169753,57.16743739792438,40.0,1.0,0.0,0.0,83.64891958119848,10.272022969728472,4.185539961882132,1.871240810871018,0.0,0.022276676319893,57.366169359791904,0,0.0,AGRICULTURAL,1225.0,23.2511,79.89062999999999
3,1.62,2.99,319.0333333333333,331.15,1,1.0,1.084078387609327,1.0,0.2,3.0,0.479828400863133,52.995710021578326,30.0,0.0,0.0,0.0,84.4904829088389,7.007252295735254,0.3168238409940348,6.623598425781541,0.1509863617237197,1.4108561669265611,68.83213719776164,0,0.0,AGRICULTURAL,1226.0,23.382746666666662,80.18962333333333
2,2.24,2.24,324.685,325.57,1,1.0,0.3968251731521341,1.0,0.2,2.0,0.7159092055474331,56.89773013868583,40.0,1.0,0.0,0.0,73.29026509244821,24.3211801688077,1.5024380584638994,0.7796836711962576,0.1064330090839335,0.0,77.14782959563223,0,0.0,AGRICULTURAL,1227.0,23.447205,79.92878
3,1.0799999999999998,2.38,310.61,326.45,1,1.0,1.1694022669207698,1.0,0.2,3.0,0.4609564649434017,52.52391162358504,40.0,1.0,0.0,0.0,94.91349224029108,4.371178931214574,0.3886042424692458,0.3267245860250984,0.0,0.0,68.78156830759808,0,0.0,AGRICULTURAL,1228.0,23.460083333333333,80.41221666666667
2,1.3,1.3,315.105,329.19,1,1.0,0.3760724624686615,1.0,0.2,2.0,0.7267059164936772,57.167647912341934,40.0,1.0,0.0,0.0,65.35976832256627,18.539145070666567,1.0593797183238038,13.7174822405386,1.321749461646989,0.0024751862577658,79.82259302842398,0,0.0,AGRICULTURAL,1229.0,23.478,79.96370999999999
2,0.22,0.22,298.96500000000003,300.36,1,1.0,0.3729410646965988,1.0,0.2,2.0,0.7283633840619272,57.20908460154818,40.0,1.0,0.0,0.0,83.07220118313903,12.460087621593525,2.910819039132695,1.4925373134328357,0.0,0.0643548427019133,79.34503140782249,0,0.0,AGRICULTURAL,1230.0,23.486755,80.31275500000001
3,2.3666666666666667,3.15,319.66333333333336,332.83,1,1.0,1.0022250764222127,1.0,0.2,3.0,0.4994443490773303,53.48610872693326,40.0,1.0,0.0,0.0,95.77752264319427,3.783645873198112,0.2423778543181528,0.1479780584258196,0.0,0.0,84.28204401266211,0,0.0,AGRICULTURAL,1231.0,23.570353333333333,77.99216333333332
2,1.34,1.55,311.92,314.06,1,1.0,0.6058521991626528,1.0,0.2,2.0,0.6227223156162409,54.56805789040602,40.0,1.0,0.0,0.0,94.9407192891265,2.6311229920051487,1.5222395485260265,0.8019603475161505,0.0,0.1039578228261676,111.63514966515214,0,0.0,AGRICULTURAL,1232.0,23.59528,75.70618999999999
2,0.99,1.07,311.74,313.56,1,1.0,0.4491846344176757,1.0,0.2,2.0,0.6900431982580528,56.25107995645132,40.0,1.0,0.0,0.0,70.97349075517933,18.39310908145838,0.3663275661493527,9.819063884557314,0.4133561050469048,0.0346526076087225,78.86847541987517,0,0.0,AGRICULTURAL,1233.0,23.61753,78.26077000000001
3,1.0799999999999998,1.47,308.1766666666667,319.38,1,1.0,1.200529526847829,1.0,0.2,3.0,0.4544360744990594,52.36090186247648,40.0,1.0,0.0,0.0,99.5643672186332,0.3044479097052053,0.0668300289596792,0.0643548427019133,0.0,0.0,75.91707610330087,0,0.0,AGRICULTURAL,1234.0,23.63701,78.19779
2,0.67,0.8,303.32,305.62,1,1.0,0.3980391809647225,1.0,0.2,2.0,0.7152875352963612,56.88218838240904,40.0,1.0,0.0,0.0,97.94807059231208,1.9405460260884635,0.0792059602485087,0.0321774213509566,0.0,0.0,76.17493000214913,0,0.0,AGRICULTURAL,1235.0,23.63968,78.24431999999999
2,3.05,3.75,318.11,328.85,1,1.0,0.4813996405083496,1.0,0.2,2.0,0.675037290853429,55.87593227133573,40.0,1.0,0.0,0.0,98.09658176777802,1.0618549045815695,0.6212717506992401,0.2202915769411648,0.0,0.0,89.839263251705,0,0.0,AGRICULTURAL,1236.0,23.71811,77.54011
2,6.9,6.9,326.055,345.04,1,1.0,0.4011830343571185,1.0,0.2,2.0,0.7136826349448439,56.842065873621095,40.0,1.0,0.0,0.0,98.9554713992228,0.8514640726714685,0.071780401475211,0.1212841266305289,0.0,0.0,63.96024606353299,0,0.0,AGRICULTURAL,1237.0,23.743235,78.092545
2,0.8,0.8,311.32,315.08,1,1.0,0.3848367842469494,1.0,0.2,2.0,0.7221067575438378,57.05266893859595,40.0,1.0,0.0,0.0,98.20548996311972,0.2945471646741417,0.1113833815994653,1.2573946189450755,0.0,0.1039578228261676,106.70832472966408,0,0.0,AGRICULTURAL,1238.0,23.81107,79.21377000000001
2,0.62,0.62,303.70000000000005,304.74,1,1.0,0.4060284309460115,1.0,0.2,2.0,0.7112231715877714,56.78057928969429,40.0,1.0,0.0,0.0,97.68817603524666,0.1980149006212717,0.4480087126556273,1.4603598920818792,0.0,0.2004900868790376,131.29042106986083,0,0.0,AGRICULTURAL,1239.0,24.062905,79.663685
2,1.14,1.47,307.42,310.82,1,1.0,0.3732286737487811,1.0,0.2,2.0,0.728210835614215,57.20527089035537,30.0,0.0,0.0,0.0,0.3069230959629712,23.766738447068143,0.0,62.68409197792134,13.242246479047548,0.0,91.45689623624916,0,0.0,AGRICULTURAL,1240.0,24.077455,80.473325
2,1.525,1.95,307.17,308.15,1,1.0,0.4198472214394812,1.0,0.2,2.0,0.7043011282482715,56.6075282062068,10.0,0.0,1.0,0.0,0.7351303185564714,76.80750476473355,0.0074255587732976,21.509368579985644,0.9405707779510408,0.0,64.32288433140675,0,0.0,AGRICULTURAL,1241.0,21.26634,76.608295
2,2.875,3.13,320.13,320.88,1,1.0,0.1399564459546091,1.0,0.2,2.0,0.8772264971602415,60.93066242900604,30.0,0.0,0.0,0.0,49.99381203435559,7.583970693794708,0.4900868790376476,40.88017623326155,0.2499938120343556,0.8019603475161505,36.62356296566914,0,0.0,AGRICULTURAL,1242.0,21.36481,77.72320500000001
2,1.5950000000000002,1.61,307.46,308.33,1,1.0,0.4351362322299095,1.0,0.2,2.0,0.6967979607386845,56.41994901846712,30.0,0.0,0.0,0.0,33.815994653597684,2.990024999381203,0.0,63.14942699438133,0.0445533526397861,0.0,43.175138632116735,0,0.0,AGRICULTURAL,1243.0,21.462315,77.82658
2,1.79,1.88,308.545,309.85,1,1.0,0.3876410205881542,1.0,0.2,2.0,0.7206474766623346,57.01618691655837,10.0,0.0,1.0,0.0,0.0,99.63614762010842,0.0,0.3638523798915868,0.0,0.0,60.1458533589516,0,0.0,AGRICULTURAL,1244.0,21.639845,80.49492000000001
2,1.4300000000000002,2.22,313.135,318.33,1,1.0,0.4306296875312224,1.0,0.2,2.0,0.6989929041145917,56.47482260286479,40.0,1.0,0.0,0.0,94.67834954580331,3.3439766342417263,1.3068983441003936,0.670775475854558,0.0,0.0,50.17028901912642,0,0.0,AGRICULTURAL,1245.0,21.66079,78.24045
2,1.71,1.91,315.405,317.31,1,1.0,0.3965827958619808,1.0,0.2,2.0,0.7160334517673855,56.90083629418464,10.0,0.0,1.0,0.0,13.667978515383282,56.53325412737309,0.0,18.034207074082325,11.63090022524195,0.1336600579193584,23.486080468865687,0,0.0,AGRICULTURAL,1246.0,21.66301,79.46542500000001
3,1.606666666666667,2.52,309.26666666666665,315.52,1,1.0,0.5382096331435996,1.0,0.2,3.0,0.6501064474263665,57.25266118565916,10.0,0.0,1.0,0.0,0.0,99.9133684809782,0.0,0.0816811465062746,0.0049503725155317,0.0,79.10866091530922,0,0.0,AGRICULTURAL,1247.0,22.06255333333333,80.27855
2,4.035,4.2,338.17,340.75,1,1.0,0.4035942315087931,1.0,0.2,2.0,0.7124566185521085,56.81141546380272,40.0,1.0,0.0,0.0,92.10910621024232,4.537016410484889,2.712804138511423,0.6410732407613673,0.0,0.0,43.51759926085904,0,0.0,AGRICULTURAL,1248.0,22.08095,79.259375
2,1.435,1.62,310.505,314.9,1,1.0,0.3917934327008004,1.0,0.2,2.0,0.718497426776531,56.96243566941328,10.0,0.0,1.0,0.0,0.0,94.99764857305512,0.0,5.002351426944878,0.0,0.0,6.020725666060713,1,1990.0,AGRICULTURAL,1249.0,22.083155,78.22891999999999
2,0.71,0.71,305.875,309.21,1,1.0,0.402552723107192,1.0,0.2,2.0,0.7129856749945319,56.8246418748633,40.0,1.0,0.0,0.0,96.76493156109996,1.445508774535284,1.62867255760996,0.1608871067547833,0.0,0.0,44.41967725819354,0,0.0,AGRICULTURAL,1250.0,22.08939,79.24892
2,1.72,1.72,317.755,328.92,1,1.0,0.4047298779644391,1.0,0.2,2.0,0.7118806367592013,56.79701591898003,40.0,1.0,0.0,0.0,92.16851068042872,2.3192495235266453,1.8118363406846365,3.051904655825351,0.0,0.0396029801242543,45.66149552761741,0,0.0,AGRICULTURAL,1251.0,22.100635,79.24288
2,0.985,1.04,310.22,313.76,1,1.0,0.4036639646133952,1.0,0.2,2.0,0.7124212241748511,56.81053060437128,40.0,1.0,0.0,0.0,85.67857231256653,1.0247271107150813,6.135986733001658,7.041904903343976,0.0,0.0643548427019133,47.66236695125275,0,0.0,AGRICULTURAL,1252.0,22.117975,79.26568499999999
2,1.22,1.22,311.045,316.62,1,1.0,0.3783611050833741,1.0,0.2,2.0,0.725499287749789,57.13748219374472,40.0,1.0,0.0,0.0,89.66609737382738,4.467711195267444,1.4999628722061336,4.351377441152446,0.0,0.0123759312888294,50.08124768787413,0,0.0,AGRICULTURAL,1253.0,22.13214,79.33250000000001
2,4.01,4.51,337.95000000000005,342.49,1,1.0,0.5019212619369837,1.0,0.2,2.0,0.6658138647763261,55.64534661940815,40.0,1.0,0.0,0.0,94.4481572238311,3.7622831118041633,0.6831514071433875,0.6658251033390262,0.3910794287270117,0.0495037251553179,30.64535691294191,0,0.0,AGRICULTURAL,0.0,29.62956,75.86364
2,4.485,5.33,334.92,339.25,1,1.0,0.2386546829327571,1.0,0.2,2.0,0.8073275092556906,59.18318773139226,40.0,1.0,0.0,0.0,95.50506175589712,0.9479963367243384,1.3588772555134774,0.886116680280191,0.3168238409940348,0.9851241305908268,60.19222887834847,0,0.0,AGRICULTURAL,1.0,29.63918,74.351055
2,4.22,4.56,340.315,344.2,1,1.0,0.4658607718773481,1.0,0.2,2.0,0.6821930289595555,56.05482572398889,40.0,1.0,0.0,0.0,92.2625677582238,7.569119576248112,0.0,0.143560802950422,0.0247518625776589,0.0,54.21716466115004,0,0.0,AGRICULTURAL,2.0,29.759415,76.426385
3,4.136666666666667,4.96,336.6466666666667,337.97,3,5.0,1.5749361362027343,0.6,1.0,0.6,0.3883591464426387,53.908978661065966,40.0,1.0,0.0,0.0,98.7376550085394,0.9257196604044454,0.0321774213509566,0.1806885968169105,0.0099007450310635,0.1138585678572312,49.52381798148396,0,0.0,AGRICULTURAL,3.0,29.78179,75.96842333333332
4,11.415,18.08,350.63249999999994,367.0,1,1.0,1.5189533524554883,1.0,0.2,4.0,0.3969902813107654,52.92475703276913,40.0,1.0,0.0,0.0,94.89616593648672,5.076607014677855,0.0,0.0,0.0049503725155317,0.0,45.60338451079916,0,0.0,AGRICULTURAL,4.0,29.790935,75.878955
3,16.62333333333333,21.24,358.34666666666664,367.0,1,1.0,0.4543671478064635,1.0,0.2,3.0,0.6875842881271358,58.1896072031784,40.0,1.0,0.0,0.0,81.69352243756343,1.5593673423925152,10.524491968020596,2.418256973837281,2.3415261998465384,1.418281725699859,67.74379349752945,0,0.0,AGRICULTURAL,5.0,29.83111666666667,76.28284000000001
3,4.57,5.61,338.4533333333333,345.94,2,4.0,0.8323704427237409,0.5,0.8,0.75,0.5457411758473589,50.14352939618397,40.0,1.0,0.0,0.0,98.80200985124132,0.955421895497636,0.0,0.1757382243013787,0.0544540976708497,0.0123759312888294,47.9326248058065,0,0.0,AGRICULTURAL,6.0,29.838336666666667,75.82559333333334
2,2.885,3.12,331.5,332.86,1,1.0,0.1789150080068702,1.0,0.2,2.0,0.8482375686188334,60.20593921547084,40.0,1.0,0.0,0.0,89.99282195985248,2.8167619613375905,3.940496522363308,2.326675082299943,0.8093859062894483,0.1138585678572312,62.55443924268726,0,0.0,AGRICULTURAL,7.0,29.889475,76.02885
2,8.219999999999999,11.37,350.47,367.0,2,3.0,0.4631732823558658,0.6666666666666666,0.6,0.6666666666666666,0.6834460498006721,53.41948457835013,10.0,0.0,1.0,0.0,87.61416796613946,3.4033811044281084,8.254746169649266,0.4628598302022227,0.1039578228261676,0.1608871067547833,59.87133087943734,0,0.0,AGRICULTURAL,8.0,29.930045,75.89248
2,19.085,34.05,340.205,342.01,2,3.0,0.7619591896715546,0.6666666666666666,0.6,0.6666666666666666,0.5675500351324307,50.5220842116441,40.0,1.0,0.0,0.0,99.58911908121088,0.1262344991460607,0.1237593128882948,0.1485111754659538,0.0,0.0123759312888294,75.13282662902697,0,0.0,AGRICULTURAL,9.0,29.974525,76.18498
2,6.66,7.55,346.455,348.83,1,1.0,0.1241885105252842,1.0,0.2,2.0,0.8895305285878999,61.2382632146975,40.0,1.0,0.0,0.0,93.69817578772802,4.31920001980149,1.368778000544541,0.2673201158387168,0.3341501447983961,0.0123759312888294,11.7846122629566,0,0.0,AGRICULTURAL,10.0,29.981865,75.061695
2,5.640000000000001,6.13,350.555,353.67,1,1.0,0.1668440956755097,1.0,0.2,2.0,0.8570125209581488,60.42531302395372,40.0,1.0,0.0,0.0,89.36412465037994,1.3341253929358186,7.668127026558749,0.8539392589292344,0.5791935843172199,0.1980149006212717,70.14948162028327,0,0.0,AGRICULTURAL,11.0,29.990265,75.990315
3,9.67,12.53,347.91333333333336,367.0,1,1.0,0.8118658028614877,1.0,0.2,3.0,0.5519172548103152,54.79793137025788,40.0,1.0,0.0,0.0,98.26736961956388,0.742555877329769,0.2252419494566966,0.4059305462736071,0.2549441845498874,0.1039578228261676,66.3033009843888,0,0.0,AGRICULTURAL,12.0,30.01130666666667,75.91991333333334
5,3.5660000000000003,5.39,335.58000000000004,349.06,2,3.0,1.4929978969274726,0.6666666666666666,0.6,1.6666666666666667,0.401123483189642,48.36142041307438,40.0,1.0,0.0,0.0,93.88381475706046,2.066780525234524,2.467760698992599,0.982648944333061,0.336625331056162,0.262369743323185,68.81326600712707,0,0.0,AGRICULTURAL,13.0,30.01114,75.946266
4,18.515,34.43,360.3125,367.0,2,5.0,1.471786365436775,0.4,1.0,0.8,0.4045657076125573,48.714142690313935,40.0,1.0,0.0,0.0,96.94066978540135,2.188064651865053,0.2697953020964827,0.551966535481795,0.0024751862577658,0.047028538897552,54.31071837827982,0,0.0,AGRICULTURAL,14.0,30.0468725,75.784875
4,6.072500000000001,8.75,343.105,344.73,2,2.0,1.0503362103125031,1.0,0.4,2.0,0.4877248887135366,56.19312221783842,40.0,1.0,0.0,0.0,84.52761070270537,4.603846439444568,8.576520383158833,1.326699834162521,0.4579094576866909,0.4702853889755204,19.79037968911352,0,0.0,AGRICULTURAL,15.0,30.0452575,75.3899625
12,7.113333333333334,12.8,345.88416666666666,367.0,4,5.0,3.5945432369366848,0.8,1.0,2.4,0.2176494916754182,59.24123729188546,40.0,1.0,0.0,0.0,98.05697878765378,1.0222519244573154,0.4579094576866909,0.240093067003292,0.0,0.2227667631989307,53.665754066566485,0,0.0,AGRICULTURAL,16.0,30.08079583333333,75.76623416666666
2,7.015,7.43,347.615,348.7,1,1.0,0.2830606740092992,1.0,0.2,2.0,0.7793863690601682,58.484659226504206,40.0,1.0,0.0,0.0,92.53483824657806,2.3563773173931337,1.7004529590851711,1.537090666072622,1.4554095195663477,0.4158312913046706,19.411009120886646,0,0.0,AGRICULTURAL,17.0,30.08879,75.170525
3,7.170000000000001,9.71,344.01666666666665,347.43,2,2.0,0.8157568286401883,1.0,0.4,1.5,0.5507345390235405,56.76836347558852,40.0,1.0,0.0,0.0,90.92596717903022,6.437959456449098,0.4232568500779683,1.2821464815227346,0.3663275661493527,0.5643424667706245,49.63419294460728,0,0.0,AGRICULTURAL,18.0,30.11269333333333,75.70643666666666
2,5.515000000000001,5.75,341.14,341.41,1,1.0,0.31488266863455,1.0,0.2,2.0,0.760524131813569,58.01310329533923,40.0,1.0,0.0,0.0,96.09168089898763,2.3563773173931337,0.4900868790376476,0.8217618375782778,0.2054404593945694,0.0346526076087225,45.3006473348128,0,0.0,AGRICULTURAL,19.0,30.15046,74.56738
5,7.65,14.11,342.29200000000003,354.27,3,5.0,2.6555145812407277,0.6,1.0,1.0,0.2735592972687822,51.83898243171956,40.0,1.0,0.0,0.0,97.43323185069676,2.15341204425633,0.287121605900844,0.094057077795104,0.0,0.0321774213509566,44.8688032214838,0,0.0,AGRICULTURAL,20.0,30.14583,75.628722
4,7.475,18.98,339.9775,348.03,4,4.0,1.2691532220980113,1.0,0.8,1.0,0.4406930260422965,63.01732565105742,40.0,1.0,0.0,0.0,97.86143907329028,0.7103784559788124,0.4405831538823296,0.5593920942550926,0.0123759312888294,0.4158312913046706,51.49476444274272,0,0.0,AGRICULTURAL,21.0,30.16871,75.6935525
5,3.741999999999999,4.43,337.514,346.36,3,5.0,1.891218211299236,0.6,1.0,1.0,0.3458749658160968,53.64687414540242,40.0,1.0,0.0,0.0,96.3788025048885,0.6088958194104106,0.4133561050469048,1.8118363406846365,0.0569292839286156,0.7301799460409396,54.036054302394014,0,0.0,AGRICULTURAL,22.0,30.183078,75.720152
3,3.456666666666667,4.29,338.25666666666666,349.69,1,1.0,0.4571281069583495,1.0,0.2,3.0,0.6862814568085083,58.15703642021271,40.0,1.0,0.0,0.0,91.20813841241554,6.695378827256751,0.4183064775624365,0.3242493997673324,1.0197767381995495,0.3093982822207371,64.86248898583696,0,0.0,AGRICULTURAL,23.0,30.200816666666668,76.04387666666666
5,8.894,18.75,345.05,367.0,3,4.0,1.686521206844084,0.75,0.8,1.25,0.3722285896915447,54.30571474228862,40.0,1.0,0.0,0.0,98.77973317492142,1.220266825078587,0.0,0.0,0.0,0.0,66.40388175350266,0,0.0,AGRICULTURAL,24.0,30.222249999999995,76.00582
9,17.19222222222222,52.78,343.63111111111107,367.0,4,4.0,2.140413073701723,1.0,0.8,2.25,0.3184294475061723,62.46073618765431,40.0,1.0,0.0,0.0,96.9951238830722,1.346501324224648,1.5519417836192173,0.0321774213509566,0.0495037251553179,0.0247518625776589,61.742187962184,0,0.0,AGRICULTURAL,25.0,30.22823111111111,76.06051222222221
2,8.785,13.52,341.31,352.3,2,2.0,0.2228696569833188,1.0,0.4,1.0,0.8177486409033052,62.44371602258263,40.0,1.0,0.0,0.0,97.7352045741442,1.8514393208088908,0.1955397143635058,0.1732630380436128,0.0445533526397861,0.0,20.13381512917668,0,0.0,AGRICULTURAL,26.0,30.22569,75.37029000000001
2,5.154999999999999,5.51,341.905,343.48,1,1.0,0.4577709465661814,1.0,0.2,2.0,0.6859788242834217,56.14947060708555,40.0,1.0,0.0,0.0,98.88616618400536,0.3985049875003094,0.6782010346278557,0.0247518625776589,0.0,0.0123759312888294,66.07293433535985,0,0.0,AGRICULTURAL,27.0,30.236145,74.37429
3,5.62,8.22,341.9533333333334,350.43,3,5.0,0.8627660596006952,0.6,1.0,0.6,0.5368360642207327,57.62090160551831,40.0,1.0,0.0,0.0,91.75267938912404,5.450360139600504,2.1484616717407987,0.2994975371896735,0.2895967921586099,0.0594044701863815,58.4178169640768,0,0.0,AGRICULTURAL,28.0,30.236113333333336,76.09708
4,9.9025,19.29,342.5725,354.84,3,5.0,0.9519401462060612,0.6,1.0,0.8,0.5123107908527195,57.40776977131799,40.0,1.0,0.0,0.0,99.65347392391276,0.1410856166926561,0.143560802950422,0.0519789114130838,0.0099007450310635,0.0,68.29235842042773,0,0.0,AGRICULTURAL,29.0,30.2397525,75.96926
2,8.215,8.52,353.61,354.23,1,1.0,0.4278083908302742,1.0,0.2,2.0,0.7003740883036116,56.50935220759029,40.0,1.0,0.0,0.0,94.45558278260438,0.4133561050469048,1.321749461646989,2.1979653968961164,0.5470161629662632,1.0643300908393356,59.321873035763794,0,0.0,AGRICULTURAL,30.0,30.24812,74.46879999999999
5,10.452,15.83,342.28599999999994,353.61,2,4.0,0.7495500318863813,0.5,0.8,1.25,0.5715755375808205,51.78938843952052,40.0,1.0,0.0,0.0,92.43830598252518,3.6013960050493803,3.8068364644439496,0.1262344991460607,0.0272270488354248,0.0,65.57320313525793,0,0.0,AGRICULTURAL,31.0,30.28792,75.970226
2,4.4,5.64,334.33500000000004,336.26,2,2.0,0.746765971602149,1.0,0.4,1.0,0.5724865358367334,56.31216339591833,40.0,1.0,0.0,0.0,84.08950273508081,3.2870473503131112,11.08140887601792,1.0346278557461448,0.3415757035716937,0.165837479270315,15.561065137730973,0,0.0,AGRICULTURAL,32.0,30.295075,75.32475
4,5.5725,8.36,336.59000000000003,342.66,2,2.0,1.1169917917799663,1.0,0.4,2.0,0.4723683879563841,55.80920969890961,40.0,1.0,0.0,0.0,82.33212049206703,2.529640355436747,12.232370485879065,1.4925373134328357,0.6608747308234945,0.5346402316774337,59.5278757593634,0,0.0,AGRICULTURAL,33.0,30.3163525,74.5373
4,5.265,7.06,344.66,367.0,1,1.0,0.8210560760750553,1.0,0.2,4.0,0.5491319093013942,56.72829773253485,40.0,1.0,0.0,0.0,91.68832454642212,0.9875993168485928,4.497413430360635,2.012326427563674,0.3737531249226504,0.4405831538823296,57.9897428734057,0,0.0,AGRICULTURAL,34.0,30.3208625,76.0394225
3,2.58,3.88,334.50333333333333,340.44,3,5.0,0.5799568838864,0.6,1.0,0.6,0.6329286641925228,60.023216604813065,40.0,1.0,0.0,0.0,98.5346897354026,1.1880894037276304,0.1485111754659538,0.1089081953416994,0.0123759312888294,0.0074255587732976,58.070250655907934,0,0.0,AGRICULTURAL,35.0,30.3254,75.76708666666667
2,4.29,5.82,336.13,339.15,2,3.0,0.864534758035919,0.6666666666666666,0.6,0.6666666666666666,0.5363268213103141,49.74150386609118,10.0,0.0,1.0,0.0,91.33684809781936,7.962674191232891,0.0643548427019133,0.4306824088512661,0.2054404593945694,0.0,41.54212762664252,0,0.0,AGRICULTURAL,36.0,30.34248,74.7424
3,6.510000000000001,10.94,349.48,367.0,1,1.0,0.4135459475617387,1.0,0.2,3.0,0.7074407462487692,58.68601865621923,40.0,1.0,0.0,0.0,79.9757431746739,4.7894854087770105,11.096259993564516,2.517264424147917,0.9851241305908268,0.6336476819880696,62.18932704304731,0,0.0,AGRICULTURAL,37.0,30.398496666666663,75.95591999999999
3,4.24,4.26,337.19666666666666,340.34,2,2.0,1.2544021441795612,1.0,0.4,1.5,0.4435765830784939,54.08941457696235,40.0,1.0,0.0,0.0,87.17110962599935,5.400856414445187,6.101334125392936,0.6138461919259425,0.3886042424692458,0.3242493997673324,63.90271779369055,0,0.0,AGRICULTURAL,38.0,30.419096666666665,75.80812000000002
2,12.655,14.75,349.66,367.0,1,1.0,0.4414335216820801,1.0,0.2,2.0,0.693753811714501,56.343845292862525,40.0,1.0,0.0,0.0,85.35184772654142,8.828989381450954,5.3043241503923175,0.3663275661493527,0.0346526076087225,0.1138585678572312,35.00135641508248,0,0.0,AGRICULTURAL,39.0,30.418975000000003,76.25041999999999
4,4.0575,5.4,338.2625,354.58,2,4.0,1.2015176332875146,0.5,0.8,1.0,0.4542321101042944,48.35580275260736,40.0,1.0,0.0,0.0,95.4704091482884,0.91086854285785,1.4059057944110296,1.1955149625009285,0.1386104304348902,0.8786911215068934,66.04294610852979,0,0.0,AGRICULTURAL,40.0,30.447595,75.900475
2,8.545,8.87,347.38,350.55,1,1.0,0.4901564571068262,1.0,0.2,2.0,0.671070473996753,55.77676184991882,40.0,1.0,0.0,0.0,99.00002475186258,0.5395906041929655,0.2079156456523353,0.1980149006212717,0.0024751862577658,0.0519789114130838,21.2669701305984,0,0.0,AGRICULTURAL,41.0,30.45509,75.20337
2,6.515000000000001,7.13,352.06,352.35,1,1.0,0.3064121226798174,1.0,0.2,2.0,0.7654552362456035,58.13638090614008,40.0,1.0,0.0,0.0,98.06687953268484,0.383653869953714,0.0891067052795722,1.1831390312120988,0.2772208608697804,0.0,21.169114129177167,0,0.0,AGRICULTURAL,42.0,30.45633,75.18365
2,3.31,4.12,338.415,341.35,2,2.0,0.8190284070722241,1.0,0.4,1.0,0.5497440260482392,55.74360065120598,40.0,1.0,0.0,0.0,88.68344842949432,2.30439840598005,7.071607138437168,1.5667929011658126,0.2945471646741417,0.0792059602485087,49.57519946869536,0,0.0,AGRICULTURAL,43.0,30.51491,76.06249
2,4.99,6.05,342.16,348.43,1,1.0,0.6086811123950434,1.0,0.2,2.0,0.6216272400383789,54.54068100095948,10.0,0.0,1.0,0.0,93.01007400806913,5.539466844880078,1.3960050493799658,0.0173263038043612,0.0346526076087225,0.0,13.036926097113987,0,0.0,AGRICULTURAL,44.0,30.5567,76.441465
6,5.245,7.42,341.85666666666674,367.0,1,1.0,1.9318229780190208,1.0,0.2,6.0,0.3410847133327544,55.52711783331886,40.0,1.0,0.0,0.0,92.757605009777,2.7944852850176978,3.3514021930150246,1.0470037870349744,0.0396029801242543,0.0099007450310635,59.702617149886976,0,0.0,AGRICULTURAL,45.0,30.583235,75.95463
2,4.13,5.15,340.46500000000003,348.13,2,5.0,0.5489271689858478,0.4,1.0,0.4,0.6456081473829043,53.94020368457261,40.0,1.0,0.0,0.0,98.38370337367888,0.52473948664637,1.0395782282616768,0.0495037251553179,0.0,0.0024751862577658,62.28087271700311,0,0.0,AGRICULTURAL,46.0,30.59499,75.92837
3,6.573333333333333,8.6,340.43,349.84,1,1.0,0.7673895018612955,1.0,0.2,3.0,0.5658062350980739,55.14515587745185,40.0,1.0,0.0,0.0,74.50558154501125,7.588921066310241,15.813965000866316,0.8613648177025321,0.4356327813667978,0.7871092299695552,29.09318845453719,0,0.0,AGRICULTURAL,47.0,30.64669333333333,76.29120999999999
3,9.76,14.46,357.98,367.0,1,1.0,0.4208515752796261,1.0,0.2,3.0,0.7038032806510408,58.59508201627601,40.0,1.0,0.0,0.0,87.81713323927626,4.831563575159031,7.014677854508551,0.1584119204970174,0.1782134105591445,0.0,13.84284094162145,0,0.0,AGRICULTURAL,48.0,30.651746666666668,76.48115666666666
2,2.9850000000000003,3.06,337.18,337.49,1,1.0,0.2056807670164841,1.0,0.2,2.0,0.8294069436593475,59.735173591483694,40.0,1.0,0.0,0.0,93.87143882577163,3.289522536570877,2.1954902106383503,0.4579094576866909,0.1856389693324422,0.0,17.340469738534924,0,0.0,AGRICULTURAL,49.0,30.659085,76.43867499999999
2,9.29,9.8,348.32000000000005,355.6,1,1.0,0.4221079821113086,1.0,0.2,2.0,0.703181483107469,56.57953707768672,40.0,1.0,0.0,0.0,99.37872824930076,0.2499938120343556,0.1014826365684017,0.2128660181678671,0.0321774213509566,0.0247518625776589,20.7397682247477,0,0.0,AGRICULTURAL,50.0,30.71752,76.46342999999999
4,6.2225,6.95,338.7875,345.79,1,1.0,0.6376425462159506,1.0,0.2,4.0,0.6106338665361795,58.26584666340449,50.0,0.0,0.0,1.0,61.13957575307541,9.373530358159451,26.689933417489662,1.175713472438801,0.3217742135095666,0.0965322640528699,47.65701484007147,0,0.0,AGRICULTURAL,51.0,30.5676325,74.812385
3,3.7466666666666666,4.93,334.7833333333333,338.14,1,1.0,0.5974441725657601,1.0,0.2,3.0,0.6259999674316219,56.64999918579055,40.0,1.0,0.0,0.0,71.94871414073909,4.366228558699042,19.90297269869557,2.6806267171604663,0.935620405435509,0.1633622930125492,46.01600269938448,0,0.0,AGRICULTURAL,52.0,30.571956666666665,74.84225666666667
2,4.155,6.21,335.915,340.33,2,3.0,0.9018740223183488,0.6666666666666666,0.6,0.6666666666666666,0.5257971812354947,49.478262864220696,40.0,1.0,0.0,0.0,96.89859161901934,2.8415138239152498,0.0693052152174451,0.1806885968169105,0.0074255587732976,0.0024751862577658,67.12990128158354,0,0.0,AGRICULTURAL,53.0,30.670435,74.64548
3,8.843333333333332,12.99,354.93333333333334,367.0,1,1.0,0.6625248184955616,1.0,0.2,3.0,0.6014947800327648,56.037369500819125,40.0,1.0,0.0,0.0,95.56446622608352,0.960372268013168,3.1781391549714115,0.2747456746120145,0.022276676319893,0.0,60.08897864688367,0,0.0,AGRICULTURAL,54.0,30.736086666666665,75.47658
2,2.74,2.79,333.63,335.18,1,1.0,0.1964238196569167,1.0,0.2,2.0,0.8358242151069487,59.895605377673725,40.0,1.0,0.0,0.0,96.807009727482,0.9380955916932748,1.1460112373456102,0.955421895497636,0.1509863617237197,0.0024751862577658,63.62674566082538,0,0.0,AGRICULTURAL,55.0,30.74117,75.53707499999999
2,4.67,5.12,333.235,335.78,1,1.0,0.1501542332611248,1.0,0.2,2.0,0.8694486105264505,60.73621526316126,40.0,1.0,0.0,0.0,95.70802702903394,1.33907576545135,2.465285512734833,0.3787034974381822,0.0544540976708497,0.0024751862577658,67.32423705740828,0,0.0,AGRICULTURAL,56.0,30.763885,74.765255
2,9.44,9.44,350.83500000000004,367.0,1,1.0,0.5237824490522264,1.0,0.2,2.0,0.6562616603321475,55.40654150830369,40.0,1.0,0.0,0.0,92.84918690131433,0.5940447018638152,5.299373777876785,1.012351179426252,0.215341204425633,0.0297022350931907,70.82102012810832,0,0.0,AGRICULTURAL,57.0,30.804615,74.77042
5,3.166,3.62,335.552,341.26,3,4.0,1.2206597416237064,0.75,0.8,1.25,0.4503166249453498,56.25791562363375,40.0,1.0,0.0,0.0,96.38375287740402,2.6286478057473825,0.8242370238360436,0.1485111754659538,0.0049503725155317,0.0,86.15186920138179,0,0.0,AGRICULTURAL,58.0,30.817837999999995,74.52896999999999
6,9.12,18.39,344.665,367.0,1,1.0,1.4469577043431094,1.0,0.2,6.0,0.4086707335501134,57.21676833875283,40.0,1.0,0.0,0.0,97.22284101878668,0.0544540976708497,2.6063711294274894,0.1163337541149971,0.0,0.0,63.23847915107056,0,0.0,AGRICULTURAL,59.0,30.90367,74.79097666666665
4,6.35,8.08,341.14750000000004,349.82,1,1.0,0.8555795191918609,1.0,0.2,4.0,0.538915195849714,56.47287989624286,40.0,1.0,0.0,0.0,80.29751738818346,2.0346031038835672,4.707804262270736,4.1459369817578775,1.5643177149080467,2.0593549664612265,55.63736167592441,0,0.0,AGRICULTURAL,60.0,30.9569075,74.84211249999998
2,5.045,5.96,341.785,346.49,1,1.0,0.2201590799176185,1.0,0.2,2.0,0.8195652652664905,59.48913163166226,40.0,1.0,0.0,0.0,89.78243112794237,1.6162966263211307,7.200316823840994,1.2054157075319918,0.047028538897552,0.1485111754659538,50.25757855525304,0,0.0,AGRICULTURAL,61.0,30.963305,74.95381
2,4.01,4.09,335.945,338.05,1,1.0,0.1646352700704785,1.0,0.2,2.0,0.8586379149752905,60.465947874382266,10.0,0.0,1.0,0.0,77.44857800549492,4.732556124848395,2.0024256825326106,6.15331303680602,4.314249647285958,4.262270735872875,55.45830271248657,0,0.0,AGRICULTURAL,62.0,30.971125,75.47328999999999
3,5.236666666666666,6.64,341.5333333333333,354.8,1,1.0,0.4173284173308657,1.0,0.2,3.0,0.7055527764575659,58.63881941143914,40.0,1.0,0.0,0.0,79.69109675503083,17.353530853196702,0.2227667631989307,0.1980149006212717,0.4306824088512661,0.3069230959629712,15.200594787492406,0,0.0,AGRICULTURAL,63.0,30.99061333333333,76.4366
2,10.52,11.66,367.0,367.0,1,1.0,0.2403908080794479,1.0,0.2,2.0,0.8061975253979383,59.15493813494845,40.0,1.0,0.0,0.0,91.52001188089405,1.3514516967401795,5.962723694958045,0.8960174253112546,0.0123759312888294,0.2425682532610579,52.9776145492321,0,0.0,AGRICULTURAL,64.0,30.9951,74.825
2,4.13,4.75,337.46000000000004,337.6,1,1.0,0.3156685647678772,1.0,0.2,2.0,0.7600698434080392,58.00174608520098,40.0,1.0,0.0,0.0,94.62637063439024,1.00740080691072,3.9627731986832018,0.3168238409940348,0.0816811465062746,0.0049503725155317,43.27819251035367,0,0.0,AGRICULTURAL,65.0,31.03791,74.938625
2,17.74,17.74,357.73,367.0,1,1.0,0.4604662309372429,1.0,0.2,2.0,0.6847128532087029,56.11782133021757,40.0,1.0,0.0,0.0,98.86636469394324,0.891067052795723,0.2079156456523353,0.0346526076087225,0.0,0.0,58.82228120547295,0,0.0,AGRICULTURAL,66.0,31.054695,75.630485
3,11.29,14.94,358.18,367.0,1,1.0,1.1402428147367258,1.0,0.2,3.0,0.4672367046927856,52.68091761731963,40.0,1.0,0.0,0.0,87.86663696443158,6.081532635330809,5.509764609786886,0.4826613202643499,0.0272270488354248,0.0321774213509566,69.08118038420872,0,0.0,AGRICULTURAL,67.0,31.058480000000003,75.85959333333334
3,4.989999999999999,6.79,340.94,352.48,1,1.0,0.4767259566724994,1.0,0.2,3.0,0.6771737135665279,57.9293428391632,40.0,1.0,0.0,0.0,88.61661840053465,1.462835078339645,0.477710947748818,2.5816192668498306,3.056855028340882,0.2598945570654192,29.971002174542324,0,0.0,AGRICULTURAL,68.0,31.13034,75.04034666666666
2,3.045,3.6,331.345,331.47,1,1.0,0.6533380258358971,1.0,0.2,2.0,0.6048369930247134,54.12092482561784,40.0,1.0,0.0,0.0,98.22776663943962,0.7326551322987054,0.7178040147521101,0.1386104304348902,0.1831637830746763,0.0,26.98568343153782,0,0.0,AGRICULTURAL,69.0,31.26008,74.902335
4,6.26,10.4,341.56500000000005,352.82,1,1.0,0.7076925386220607,1.0,0.2,4.0,0.5855855063973643,57.63963765993411,40.0,1.0,0.0,0.0,97.53718967352292,0.960372268013168,1.0197767381995495,0.4430583401400955,0.0,0.0396029801242543,16.22193572537742,0,0.0,AGRICULTURAL,70.0,31.269262500000004,75.0412325
2,1.6749999999999998,1.68,332.445,333.05,2,5.0,0.6049631575535,0.4,1.0,0.4,0.6230672618830291,53.37668154707573,40.0,1.0,0.0,0.0,96.48523551397244,1.2796712952649687,0.4405831538823296,0.8836414940224252,0.383653869953714,0.527214672904136,15.50911969196996,0,0.0,AGRICULTURAL,71.0,31.30455,75.28061500000001
2,4.165,4.51,343.35,343.75,1,1.0,0.2664214679282352,1.0,0.2,2.0,0.7896265384982145,58.740663462455366,40.0,1.0,0.0,0.0,97.8292616519393,0.863840003960298,1.0445286007772083,0.2574193708076533,0.0,0.0049503725155317,42.97999154834404,0,0.0,AGRICULTURAL,72.0,31.41079,74.69474500000001
2,3.96,4.64,343.45500000000004,344.81,1,1.0,0.7467639228084855,1.0,0.2,2.0,0.5724872073108643,53.312180182771606,40.0,1.0,0.0,0.0,94.46300834137767,1.1633375411499716,3.098933194722903,1.2326427563674167,0.0247518625776589,0.0173263038043612,14.514103119299266,0,0.0,AGRICULTURAL,73.0,31.47733,75.03939
3,5.986666666666667,7.4,340.75,351.33,1,1.0,0.5675507824081965,1.0,0.2,3.0,0.6379378653772991,56.94844663443248,40.0,1.0,0.0,0.0,96.80210060807076,1.824212271973466,1.1885019347705914,0.0939745715865118,0.0912106135986733,0.0,18.72847951384275,0,0.0,AGRICULTURAL,74.0,31.490413333333333,74.99335333333333
2,4.175,4.5,339.69,340.25,1,1.0,0.0633523278204122,1.0,0.2,2.0,0.940422072569054,62.510551814226346,40.0,1.0,0.0,0.0,97.42085591940793,1.77965891933368,0.7277047597831737,0.071780401475211,0.0,0.0,31.62050115874615,0,0.0,AGRICULTURAL,75.0,31.506385,75.447455
2,2.62,2.81,331.94,332.01,1,1.0,0.2768538618175234,1.0,0.2,2.0,0.7831749818076761,58.57937454519191,40.0,1.0,0.0,0.0,94.81448478998044,2.11133387787431,0.1287096854038266,2.910819039132695,0.0123759312888294,0.022276676319893,109.52366428094165,0,0.0,AGRICULTURAL,76.0,31.552915,74.00876500000001
3,4.526666666666667,6.05,337.75,341.94,2,4.0,1.413974814830933,0.5,0.8,0.75,0.4142545290266571,46.85636322566643,40.0,1.0,0.0,0.0,97.09908170589836,1.3118487166159254,1.054429345808272,0.4653350164599886,0.0569292839286156,0.0123759312888294,47.94538435238244,0,0.0,AGRICULTURAL,77.0,31.62427,75.56654666666667
2,6.775,11.01,349.855,367.0,1,1.0,0.9442162374508538,1.0,0.2,2.0,0.5143460797915891,51.85865199478973,40.0,1.0,0.0,0.0,98.636172371971,0.8316625826093413,0.4900868790376476,0.0420781663820202,0.0,0.0,35.071328939579004,0,0.0,AGRICULTURAL,78.0,31.646335,75.35214500000001
6,9.63,15.92,349.20166666666665,367.0,2,3.0,1.6183531359730488,0.6666666666666666,0.6,2.0,0.3819194539732601,48.54798634933151,40.0,1.0,0.0,0.0,92.24029108190392,4.039503972673944,3.54694190737853,0.071780401475211,0.1014826365684017,0.0,40.3111376308221,0,0.0,AGRICULTURAL,79.0,31.698076666666665,75.35923
2,3.52,4.52,333.33000000000004,336.49,1,1.0,0.1729461356454644,1.0,0.2,2.0,0.8525540684352966,60.31385171088242,40.0,1.0,0.0,0.0,95.61149476498106,1.0940323259325264,0.2747456746120145,1.6187718125788966,0.5346402316774337,0.863840003960298,95.56034912927234,0,0.0,AGRICULTURAL,80.0,31.713495,74.215045
3,5.45,6.46,340.12000000000006,352.45,1,1.0,0.512723163470674,1.0,0.2,3.0,0.6610594880464962,57.5264872011624,40.0,1.0,0.0,0.0,90.03490012623449,6.168164154352615,3.499913368480978,0.0074255587732976,0.0,0.1930645281057399,69.0861251416605,0,0.0,AGRICULTURAL,81.0,31.727843333333336,74.53910333333333
2,2.505,2.54,330.845,330.87,1,1.0,0.1795225842987421,1.0,0.2,2.0,0.8478006384206088,60.19501596051522,10.0,0.0,1.0,0.0,92.03237543625158,2.235093190762605,5.6434246677062445,0.0544540976708497,0.0346526076087225,0.0,39.88058710338928,0,0.0,AGRICULTURAL,82.0,31.73901,75.085515
2,8.435,9.72,350.615,351.48,1,1.0,0.2795984621705705,1.0,0.2,2.0,0.781495156147429,58.537378903685735,10.0,0.0,1.0,0.0,92.70810128462166,4.056830276478305,2.6311229920051487,0.52473948664637,0.0618796564441474,0.0173263038043612,40.688843771938174,0,0.0,AGRICULTURAL,83.0,29.70589,75.93948
2,6.27,6.43,337.385,337.85,1,1.0,0.5175904330864807,1.0,0.2,2.0,0.6589393147176057,55.473482867940135,40.0,1.0,0.0,0.0,87.81465805301849,10.03192990272518,0.8366129551248731,0.6583995445657286,0.361377193633821,0.2970223509319076,37.75032559164695,0,0.0,AGRICULTURAL,84.0,29.77316,75.715035
2,6.859999999999999,7.14,353.725,356.22,1,1.0,0.3267023286331755,1.0,0.2,2.0,0.7537485827964453,57.84371456991113,40.0,1.0,0.0,0.0,98.86141432142767,0.3093982822207371,0.6435484270191332,0.1782134105591445,0.0,0.0074255587732976,14.419249816633704,0,0.0,AGRICULTURAL,85.0,29.795630000000003,75.22313500000001
4,12.3525,15.38,349.13249999999994,356.12,1,1.0,0.6122734943423703,1.0,0.2,4.0,0.6202421633234687,58.50605408308671,40.0,1.0,0.0,0.0,75.75555060518305,6.680527709710156,13.172941263830104,2.2053909556694142,1.799460409395807,0.2722704883542486,17.31505256179854,0,0.0,AGRICULTURAL,86.0,29.8069625,75.3566075
2,7.16,7.65,354.94500000000005,356.85,1,1.0,0.1069522933972343,1.0,0.2,2.0,0.9033812983312968,61.58453245828242,40.0,1.0,0.0,0.0,98.4752852652162,1.4504591470508157,0.0594044701863815,0.0148511175465953,0.0,0.0,43.00089535969891,0,0.0,AGRICULTURAL,87.0,29.8222,75.70966
3,7.473333333333333,10.84,348.8966666666667,367.0,2,3.0,0.4729912611891184,0.6666666666666666,0.6,1.0,0.6788906535621391,53.97226633905347,40.0,1.0,0.0,0.0,89.15373381846983,3.821687581990545,0.1287096854038266,0.1386104304348902,6.757258483700898,0.0,64.77466291094126,0,0.0,AGRICULTURAL,88.0,29.82896,76.34997333333334
3,8.423333333333334,11.89,351.6466666666667,367.0,1,1.0,0.55475433410007,1.0,0.2,3.0,0.6431884305238644,57.07971076309661,40.0,1.0,0.0,0.0,96.18573797678276,1.1187841885101852,2.143511299225267,0.3935546149847776,0.0891067052795722,0.0693052152174451,65.5102012642975,0,0.0,AGRICULTURAL,89.0,29.858766666666668,76.19319
2,4.83,5.2,339.485,342.07,1,1.0,0.4733155336012563,1.0,0.2,2.0,0.6787412317276523,55.968530793191306,40.0,1.0,0.0,0.0,95.63788201847905,1.2674721629945511,0.3583274105662165,0.5004738213693438,0.3227908078654347,1.9130537787254205,7.363047040166486,1,165.0,AGRICULTURAL,90.0,29.87204,75.00563
3,5.806666666666668,11.0,331.77000000000004,333.58,3,4.0,1.2028664602167405,0.75,0.8,0.75,0.453953981351012,55.3488495337753,40.0,1.0,0.0,0.0,99.07675552585332,0.4504838989133932,0.0495037251553179,0.311873468478503,0.0544540976708497,0.0371277938664884,15.816194150159118,0,0.0,AGRICULTURAL,91.0,29.87973,75.39464
7,4.274285714285715,6.12,337.7957142857143,347.01,4,5.0,2.25875984535188,0.8,1.0,1.4,0.3068652025482474,59.47163006370619,10.0,0.0,1.0,0.0,93.06947847825548,1.126209747283483,1.2078908937897577,3.079131704660776,0.5668176530283904,0.9158189153733818,11.218910281159715,0,0.0,AGRICULTURAL,92.0,29.89714571428571,75.35094142857143
4,13.995,20.81,342.21000000000004,353.13,2,3.0,1.0245268722884875,0.6666666666666666,0.6,1.3333333333333333,0.4939425668722385,50.01523083847263,40.0,1.0,0.0,0.0,94.58924284052377,3.2919977228286426,0.408405732531373,0.9059181703423184,0.8019603475161505,0.0024751862577658,26.709203760561504,0,0.0,AGRICULTURAL,93.0,29.962275,75.5126975
6,10.186666666666666,16.4,344.675,367.0,2,3.0,1.7931367310312505,0.6666666666666666,0.6,2.0,0.3580204251693727,47.95051062923432,40.0,1.0,0.0,0.0,99.5420905423133,0.4579094576866909,0.0,0.0,0.0,0.0,9.36382864874453,1,1980.0,AGRICULTURAL,94.0,29.99144833333333,75.17984833333334
2,8.62,8.62,355.23,367.0,1,1.0,0.6893737663383324,1.0,0.2,2.0,0.5919353194216282,53.79838298554071,40.0,1.0,0.0,0.0,90.22796465434024,2.7425063736046136,4.509789361649464,1.9776738199549515,0.4282072225935001,0.1138585678572312,54.982969655028775,0,0.0,AGRICULTURAL,95.0,29.991025,75.80448000000001
2,4.484999999999999,4.5,333.69,334.4,1,1.0,0.367998752905467,1.0,0.2,2.0,0.7309948184354107,57.27487046088526,40.0,1.0,0.0,0.0,98.24261775698622,1.3019479715848616,0.0371277938664884,0.2252419494566966,0.0099007450310635,0.1831637830746763,22.71428078046656,0,0.0,AGRICULTURAL,96.0,30.022235,75.44605
2,3.56,4.63,334.145,336.45,1,1.0,0.1532817841430346,1.0,0.2,2.0,0.8670907784631895,60.67726946157974,40.0,1.0,0.0,0.0,98.75003093982822,1.1435360510878445,0.071780401475211,0.0346526076087225,0.0,0.0,48.17620453727724,0,0.0,AGRICULTURAL,97.0,30.026445,75.72507
2,8.084999999999999,8.79,354.32500000000005,355.97,1,1.0,0.4054811084973682,1.0,0.2,2.0,0.7115001361129092,56.78750340282272,40.0,1.0,0.0,0.0,94.5050865077597,1.727680007920596,1.321749461646989,1.5791688324546422,0.3093982822207371,0.5569169079973268,72.41077167603115,0,0.0,AGRICULTURAL,98.0,30.033475,76.132135
2,6.765000000000001,6.99,350.605,352.2,1,1.0,0.1691878218997542,1.0,0.2,2.0,0.8552945739506168,60.38236434876543,40.0,1.0,0.0,0.0,93.77985693423427,3.938021336105542,1.6955025865696396,0.4579094576866909,0.1014826365684017,0.0272270488354248,56.17320658951917,0,0.0,AGRICULTURAL,99.0,30.0435,75.805775
2,10.01,10.75,367.0,367.0,1,1.0,0.1783223295500659,1.0,0.2,2.0,0.8486642193921954,60.21660548480489,40.0,1.0,0.0,0.0,86.80478205985,2.353902131135368,9.358679240612856,1.0692804633548674,0.0272270488354248,0.3861290562114799,58.78099938812616,0,0.0,AGRICULTURAL,100.0,30.045075,75.83318
2,1.785,2.01,331.095,331.42,2,4.0,1.0932082116114816,0.5,0.8,0.5,0.4777355613516048,47.94338903379012,40.0,1.0,0.0,0.0,95.23279126754288,4.3538526274102125,0.022276676319893,0.3069230959629712,0.0272270488354248,0.0569292839286156,63.983316884114,0,0.0,AGRICULTURAL,101.0,30.048855,75.887595
2,7.55,8.12,341.065,345.17,1,1.0,0.4977771654502445,1.0,0.2,2.0,0.667656059303983,55.69140148259958,40.0,1.0,0.0,0.0,89.49530952204154,3.8093116507017153,2.8167619613375905,2.7623078636667406,0.5148387416153066,0.5890943293482834,21.50944651156541,0,0.0,AGRICULTURAL,102.0,30.062565,75.39546
2,14.135,19.27,349.83000000000004,367.0,2,4.0,0.6821140861451515,0.5,0.8,0.5,0.5944899981734705,50.86224995433676,40.0,1.0,0.0,0.0,59.91683374173906,2.118759436647608,30.905175614464987,3.3563525655305564,0.7796836711962576,2.913294225390461,73.56627315487084,0,0.0,AGRICULTURAL,103.0,30.06252,75.98604
2,2.305,2.57,334.51,334.9,2,2.0,0.1489399969330524,1.0,0.4,1.0,0.8703674714688072,63.75918678672019,40.0,1.0,0.0,0.0,86.62904383554863,1.6212469988366625,9.462637063439024,1.3861043043489023,0.527214672904136,0.3712779386648845,16.341645582689395,0,0.0,AGRICULTURAL,104.0,30.066845,74.91705
2,3.925,6.03,339.61,348.41,2,5.0,0.923505997672028,0.4,1.0,0.4,0.5198840041103462,50.797100102758655,40.0,1.0,0.0,0.0,99.59654463998416,0.3316749585406301,0.0643548427019133,0.0074255587732976,0.0,0.0,19.13906821957479,0,0.0,AGRICULTURAL,105.0,30.096435,74.965935
3,8.76,9.15,350.67333333333335,367.0,1,1.0,0.4168805116624863,1.0,0.2,3.0,0.7057758164989208,58.64439541247302,40.0,1.0,0.0,0.0,75.047647335462,6.593896190688349,7.291898715378332,4.121185119180218,2.4034058562906857,4.492463057845103,82.28167167364376,0,0.0,AGRICULTURAL,106.0,30.13092,74.13816333333334
2,3.595,3.72,334.545,338.02,1,1.0,0.3033907817148893,1.0,0.2,2.0,0.7672296091309516,58.1807402282738,40.0,1.0,0.0,0.0,97.80946016187718,0.9207692878889135,0.8737407489913616,0.1608871067547833,0.0074255587732976,0.2277171357144625,53.78154104198017,0,0.0,AGRICULTURAL,107.0,30.144235,75.73668
2,5.845000000000001,6.9,343.66,346.77,1,1.0,0.5879313920239192,1.0,0.2,2.0,0.6297501296485086,54.74375324121272,40.0,1.0,0.0,0.0,90.08935422390536,5.727581000470285,2.878641617781738,0.81433627880498,0.0519789114130838,0.4381079676245637,65.49990422478902,0,0.0,AGRICULTURAL,108.0,30.154715,75.865305
2,2.415,3.21,333.64,334.87,2,3.0,0.8812280376558288,0.6666666666666666,0.6,0.6666666666666666,0.5315676674934559,49.62252502066973,40.0,1.0,0.0,0.0,85.599366352318,8.779485656295636,4.321675206059257,0.5346402316774337,0.3465260760872256,0.4183064775624365,71.03210529638339,0,0.0,AGRICULTURAL,109.0,30.163665,75.99602
2,3.63,4.95,340.915,348.19,2,2.0,0.1824763023068583,1.0,0.4,1.0,0.8456829097117036,63.1420727427926,40.0,1.0,0.0,0.0,99.2376426326081,0.6980025246899829,0.0198014900621271,0.0123759312888294,0.0321774213509566,0.0,11.16475837014193,0,0.0,AGRICULTURAL,110.0,30.16658,75.17686499999999
2,3.97,3.97,335.455,336.08,1,1.0,0.5364152032812219,1.0,0.2,2.0,0.6508657281341431,55.271643203353584,40.0,1.0,0.0,0.0,94.89616593648672,3.9751491299720314,0.4034553600158412,0.5222643003886043,0.165837479270315,0.0371277938664884,70.9445392567468,0,0.0,AGRICULTURAL,111.0,30.18466,75.912035
3,5.6000000000000005,7.35,336.96,344.33,3,4.0,1.1807259178367524,0.75,0.8,0.75,0.4585628995467643,55.46407248866912,40.0,1.0,0.0,0.0,98.93814509541843,0.5791935843172199,0.2499938120343556,0.2202915769411648,0.0,0.0123759312888294,7.256543201037825,1,920.0,AGRICULTURAL,112.0,30.21171666666667,75.20704666666667
2,3.035,3.12,331.955,333.9,1,1.0,0.225721644794179,1.0,0.2,2.0,0.8158459175842637,59.39614793960659,40.0,1.0,0.0,0.0,93.30462117274324,2.93804608796812,2.8588401277196107,0.7648325536496622,0.0346526076087225,0.0990074503106358,72.87323264303684,0,0.0,AGRICULTURAL,113.0,30.22197,75.922965
2,6.57,7.76,341.17499999999995,348.9,1,1.0,0.5103870941645277,1.0,0.2,2.0,0.6620819284430864,55.55204821107717,40.0,1.0,0.0,0.0,88.0671270513106,5.762233608079008,2.1261849954209056,2.183114279349521,1.3143239028736913,0.5321650454196678,68.66983014342217,0,0.0,AGRICULTURAL,114.0,30.26409,75.94840500000001
6,17.018333333333334,32.46,356.77333333333337,367.0,1,1.0,0.9057299013404524,1.0,0.2,6.0,0.524733331463509,60.11833328658772,40.0,1.0,0.0,0.0,77.1812578896562,7.819113388282468,12.455137249077994,1.7301551941783615,0.2450434395188238,0.5692928392861563,50.60477257728694,0,0.0,AGRICULTURAL,115.0,30.271470000000004,76.16849833333335
2,12.15,12.59,367.0,367.0,1,1.0,0.1422123395437247,1.0,0.2,2.0,0.8754939562283719,60.8873489057093,80.0,0.0,0.0,0.0,73.93876389198287,3.2226925076111974,11.75218435187248,3.272196232766516,0.8737407489913616,4.475136754040741,52.16103942368344,0,0.0,AGRICULTURAL,116.0,30.27525,74.59896499999999
2,7.45,9.08,346.105,347.96,2,5.0,0.4694665483680585,0.4,1.0,0.4,0.6805190639491367,54.81297659872841,40.0,1.0,0.0,0.0,99.38862899433182,0.022276676319893,0.1831637830746763,0.2648449295809509,0.0792059602485087,0.0618796564441474,63.97786180038079,0,0.0,AGRICULTURAL,117.0,30.273165,75.99852999999999
3,12.64,20.66,355.92333333333335,367.0,1,1.0,0.714803237760627,1.0,0.2,3.0,0.5831572847424213,55.57893211856053,40.0,1.0,0.0,0.0,93.8615380807406,2.1385609267097347,3.004876116927799,0.8267122100938097,0.1361352441771243,0.0321774213509566,32.69269728987908,0,0.0,AGRICULTURAL,118.0,30.288923333333333,76.44274
2,14.63,15.73,347.0,355.17,1,1.0,0.5225014298999295,1.0,0.2,2.0,0.6568138330521816,55.42034582630454,40.0,1.0,0.0,0.0,96.66592411078932,1.7920348506225092,0.5965198881215812,0.7376055048142373,0.0346526076087225,0.1707878517858468,50.74873366494229,0,0.0,AGRICULTURAL,119.0,30.289675,75.693905
2,5.44,5.44,338.375,341.34,1,1.0,0.5674678980486175,1.0,0.2,2.0,0.6379715981711184,54.94928995427796,40.0,1.0,0.0,0.0,91.55961486101828,3.4033811044281084,3.831588327021608,0.863840003960298,0.2029652731368035,0.1386104304348902,40.666410267333845,0,0.0,AGRICULTURAL,120.0,30.29033,76.28979
7,8.038571428571428,14.75,337.1514285714285,340.31,3,5.0,2.972700952651134,0.6,1.0,1.4,0.251717914818799,52.09294787046998,40.0,1.0,0.0,0.0,92.18088661171753,4.601371253186802,1.4158065394420931,1.0247271107150813,0.4183064775624365,0.358902007376055,56.46495420375861,0,0.0,AGRICULTURAL,121.0,30.290905714285717,76.07743
3,4.206666666666667,6.71,341.52666666666664,346.76,2,3.0,0.9653977502741264,0.6666666666666666,0.6,1.0,0.5088028618433718,49.72007154608429,40.0,1.0,0.0,0.0,79.70842305883518,9.841340560877205,7.202792010098761,2.128660181678671,0.4331575951090319,0.6856265934011534,8.200546235570693,1,920.0,AGRICULTURAL,122.0,30.309656666666665,75.23539999999998
2,12.155,20.52,349.93,367.0,2,2.0,0.793771563253428,1.0,0.4,1.0,0.5574845874946663,55.93711468736666,40.0,1.0,0.0,0.0,92.27989406202816,3.150912106135987,3.801886091928418,0.576718398059454,0.0965322640528699,0.094057077795104,44.05659724059044,0,0.0,AGRICULTURAL,123.0,30.32591,76.20593500000001
2,25.92,26.44,367.0,367.0,1,1.0,0.1845935586474589,1.0,0.2,2.0,0.8441713976072742,60.10428494018185,40.0,1.0,0.0,0.0,97.88371574961016,0.6113710056681766,0.504937996584243,0.6113710056681766,0.383653869953714,0.0049503725155317,67.98973838745948,0,0.0,AGRICULTURAL,124.0,30.33001,75.87045
2,10.08,10.24,344.58500000000004,346.73,1,1.0,0.3524931428865127,1.0,0.2,2.0,0.7393752827949899,57.48438206987475,40.0,1.0,0.0,0.0,95.93326897849064,1.1113586297368878,2.537065914210044,0.3688027524071186,0.0024751862577658,0.047028538897552,51.153299514351325,0,0.0,AGRICULTURAL,125.0,30.339545,76.10857
2,3.8,4.06,339.135,343.09,1,1.0,0.5040653230812802,1.0,0.2,2.0,0.6648647400176513,55.621618500441286,40.0,1.0,0.0,0.0,98.76735724363256,1.2326427563674167,0.0,0.0,0.0,0.0,24.89812525201881,0,0.0,AGRICULTURAL,126.0,30.3753,74.939345
2,2.825,3.21,336.13,339.91,1,1.0,0.226544871505734,1.0,0.2,2.0,0.8152983418962714,59.38245854740678,40.0,1.0,0.0,0.0,97.45055815450112,0.9925496893641248,1.1831390312120988,0.3490012623449914,0.0,0.0247518625776589,38.42637815665249,0,0.0,AGRICULTURAL,127.0,30.38077,74.788245
2,6.59,6.59,355.55,367.0,1,1.0,0.4241560378434665,1.0,0.2,2.0,0.7021702492054548,56.55425623013637,40.0,1.0,0.0,0.0,96.46048365139475,0.4727605752332863,0.0594044701863815,1.148486423603376,0.913343729115616,0.9455211504665726,90.46159595846166,0,0.0,AGRICULTURAL,128.0,30.42499,74.21706499999999
2,49.43,55.66,355.615,367.0,1,1.0,0.436548072034255,1.0,0.2,2.0,0.6961131475286645,56.40282868821661,40.0,1.0,0.0,0.0,91.13388282468256,7.244870176480781,0.0247518625776589,1.0965075121902923,0.4628598302022227,0.0346526076087225,74.00758274697206,0,0.0,AGRICULTURAL,129.0,30.4329,74.41931
3,8.386666666666667,10.8,347.01,355.95,1,1.0,0.5466666075217415,1.0,0.2,3.0,0.6465517488622338,57.16379372155585,40.0,1.0,0.0,0.0,99.73020469790352,0.2598945570654192,0.0074255587732976,0.0,0.0024751862577658,0.0,56.75888598126761,0,0.0,AGRICULTURAL,130.0,30.43578666666667,76.00269666666667
3,7.94,10.18,351.76666666666665,367.0,1,1.0,0.5301960608875977,1.0,0.2,3.0,0.6535110274822855,57.33777568705713,40.0,1.0,0.0,0.0,99.54456572857109,0.4133561050469048,0.0049503725155317,0.0247518625776589,0.0024751862577658,0.0099007450310635,61.94049891262264,0,0.0,AGRICULTURAL,131.0,30.43586,75.78107666666666
2,4.915,5.04,341.43,342.38,1,1.0,0.1671627971306702,1.0,0.2,2.0,0.856778508069637,60.419462701740926,40.0,1.0,0.0,0.0,97.99014875869408,1.2648201777183734,0.4381079676245637,0.2499938120343556,0.0024751862577658,0.0544540976708497,63.33903965311113,0,0.0,AGRICULTURAL,132.0,30.436845,75.79600500000001
2,6.59,6.62,344.88,346.39,1,1.0,0.3851491919164577,1.0,0.2,2.0,0.7219438930014643,57.04859732503661,40.0,1.0,0.0,0.0,98.68072572461077,0.5098883690997748,0.5816687705749858,0.1584119204970174,0.0420781663820202,0.0272270488354248,72.56040589888983,0,0.0,AGRICULTURAL,133.0,30.45226,74.44111000000001
3,6.0233333333333325,9.95,347.73,367.0,1,1.0,0.7014250782468541,1.0,0.2,3.0,0.587742600473715,55.69356501184287,40.0,1.0,0.0,0.0,93.86401326699834,1.9380708398306976,3.621197495111507,0.3663275661493527,0.1039578228261676,0.1064330090839335,49.07779191828881,0,0.0,AGRICULTURAL,134.0,30.46296,76.07755333333333
4,4.2325,5.72,340.2225,351.55,1,1.0,0.6397795410536858,1.0,0.2,4.0,0.6098380757680525,58.24595189420131,40.0,1.0,0.0,0.0,88.82205885992921,1.4059057944110296,8.321576198608946,0.7574069948763644,0.2178163906833989,0.4752357614910522,74.7438103367831,0,0.0,AGRICULTURAL,135.0,30.472825,74.42459
3,5.826666666666667,6.78,337.10666666666674,345.23,2,3.0,1.026647870779875,0.6666666666666666,0.6,1.0,0.4934256288021015,49.33564072005254,40.0,1.0,0.0,0.0,91.28239400014851,5.482537560951462,2.405881042548452,0.5346402316774337,0.071780401475211,0.2227667631989307,33.059487249574985,0,0.0,AGRICULTURAL,136.0,30.48485,76.24335333333333
5,5.606,8.22,341.97799999999995,356.08,2,3.0,1.1457861602712958,0.6666666666666666,0.6,1.6666666666666667,0.4660296624681221,49.98407489503639,40.0,1.0,0.0,0.0,99.77970842305884,0.1831637830746763,0.0173263038043612,0.0198014900621271,0.0,0.0,21.28649538222036,0,0.0,AGRICULTURAL,137.0,30.493006,76.368964
2,12.41,13.28,367.0,367.0,1,1.0,0.3148060447168172,1.0,0.2,2.0,0.7605684534370846,58.01421133592712,40.0,1.0,0.0,0.0,98.92824435038736,0.576718398059454,0.1559367342392515,0.3391005173139279,0.0,0.0,40.59171454427155,0,0.0,AGRICULTURAL,138.0,30.51747,75.47348500000001
2,3.28,4.69,335.58000000000004,340.74,2,2.0,0.6027319068426518,1.0,0.4,1.0,0.6239346678821531,57.59836669705383,40.0,1.0,0.0,0.0,98.84903839013886,0.4851365065221158,0.6262221232147719,0.0371277938664884,0.0,0.0024751862577658,43.69768419170964,0,0.0,AGRICULTURAL,139.0,30.521405,74.81929
2,5.15,5.5,346.64,350.78,1,1.0,0.3456121323921994,1.0,0.2,2.0,0.7431562007561734,57.57890501890434,40.0,1.0,0.0,0.0,67.22605876092176,8.70523006856266,15.945149872527908,6.967649315610999,0.7871092299695552,0.3688027524071186,68.74551865548221,0,0.0,AGRICULTURAL,140.0,30.532475,75.86038500000001
4,6.41,8.32,346.5575,367.0,3,4.0,1.116795997004086,0.75,0.8,1.0,0.4724120800565127,56.310302001412815,40.0,1.0,0.0,0.0,88.25771639315857,3.180614341229177,7.99980198509938,0.527214672904136,0.0074255587732976,0.0272270488354248,67.6190005465092,0,0.0,AGRICULTURAL,141.0,30.56261,75.8713925
2,5.65,8.07,335.37,340.3,1,1.0,0.683809622308673,1.0,0.2,2.0,0.5938913679735949,53.84728419933988,40.0,1.0,0.0,0.0,88.98789633919952,8.37850548253756,1.3613524417712433,0.3861290562114799,0.0544540976708497,0.6361228682458354,55.0332966240858,0,0.0,AGRICULTURAL,142.0,30.58927,75.60128
2,4.325,6.32,332.63,333.06,2,5.0,0.4709251234341319,0.4,1.0,0.4,0.6798442586019097,54.79610646504774,40.0,1.0,0.0,0.0,93.91846736466918,1.49006212717507,3.54694190737853,0.7524566223608327,0.2598945570654192,0.0321774213509566,40.64744408561946,0,0.0,AGRICULTURAL,143.0,30.606815,75.32106
2,2.115,2.22,333.79,334.47,1,1.0,0.4327045123714941,1.0,0.2,2.0,0.6979806312920331,56.44951578230083,40.0,1.0,0.0,0.0,98.43073191257642,1.512338803494963,0.0396029801242543,0.0099007450310635,0.0,0.0074255587732976,38.34318142634459,0,0.0,AGRICULTURAL,144.0,30.60988,75.203405
2,3.145,3.59,332.21500000000003,332.76,2,3.0,0.4634588998767919,0.6666666666666666,0.6,0.6666666666666666,0.6833126643216216,53.41614994137387,40.0,1.0,0.0,0.0,31.721987079527736,12.791762580134156,51.88980470780427,2.410831415063984,0.6509739857924308,0.527214672904136,20.0882512419265,0,0.0,AGRICULTURAL,145.0,30.634255000000003,76.38681
2,4.43,5.88,340.64,344.07,2,2.0,0.6883387361648631,1.0,0.4,1.0,0.5922982033045955,56.80745508261489,40.0,1.0,0.0,0.0,95.4555580307418,1.4232320982153903,2.4380584638994085,0.4504838989133932,0.0049503725155317,0.2227667631989307,53.09013407371685,0,0.0,AGRICULTURAL,146.0,30.742005,75.115415
2,29.6,53.55,348.69,355.67,2,5.0,0.4978676840417766,0.4,1.0,0.4,0.6676157117574274,54.49039279393568,40.0,1.0,0.0,0.0,97.90599242593004,0.0321774213509566,1.606395881290067,0.455434271428925,0.0,0.0,54.854296032294656,0,0.0,AGRICULTURAL,147.0,30.75259,75.264115
3,5.81,6.46,356.3733333333333,367.0,2,2.0,0.8459706937920812,1.0,0.4,1.5,0.5417204094100498,56.54301023525126,40.0,1.0,0.0,0.0,89.42105393430856,1.824212271973466,8.309200267320115,0.383653869953714,0.0074255587732976,0.0495037251553179,97.02016764041235,0,0.0,AGRICULTURAL,148.0,30.7743,74.34239333333333
2,4.015000000000001,4.2,334.785,337.8,1,1.0,0.42154880127705,1.0,0.2,2.0,0.7034580867724336,56.58645216931084,40.0,1.0,0.0,0.0,82.12668003267247,9.267097349075518,1.4702606371129427,3.720204945422143,0.7821588574540234,1.1187841885101852,63.23604434403746,0,0.0,AGRICULTURAL,149.0,30.785255,75.97099499999999
2,4.199999999999999,4.26,336.375,336.61,1,1.0,0.15144755983781,1.0,0.2,2.0,0.8684720302337151,60.71180075584288,40.0,1.0,0.0,0.0,98.34657557981238,0.3564268211182891,1.1311601197990149,0.165837479270315,0.0,0.0,94.04801495252174,0,0.0,AGRICULTURAL,150.0,30.787895,74.392905
2,3.2,3.29,333.345,334.06,1,1.0,0.0204734090513505,1.0,0.2,2.0,0.979937341953493,63.498433548837326,40.0,1.0,0.0,0.0,67.10477463429123,1.9875745649860157,0.1361352441771243,13.457587683473182,17.25452340288607,0.0594044701863815,79.4368477489088,0,0.0,AGRICULTURAL,151.0,30.8086,74.62581
3,5.39,6.52,337.6666666666667,343.49,1,1.0,0.4596857023218026,1.0,0.2,3.0,0.6850789854345917,58.12697463586479,40.0,1.0,0.0,0.0,98.87626543897429,0.5544417217395609,0.0643548427019133,0.4603846439444568,0.0445533526397861,0.0,75.24261168928959,0,0.0,AGRICULTURAL,152.0,30.8136,74.70366
2,4.135,5.37,341.97,351.52,2,2.0,0.5464087236406064,1.0,0.4,1.0,0.64665956982302,58.16648924557551,40.0,1.0,0.0,0.0,96.87631494269944,0.311873468478503,2.2400435632781366,0.480186134006584,0.0445533526397861,0.0420781663820202,82.7468654542181,0,0.0,AGRICULTURAL,153.0,30.815155,74.58229499999999
2,5.625,6.02,340.145,345.42,1,1.0,0.1844354758835469,1.0,0.2,2.0,0.8442840664275404,60.107101660688514,40.0,1.0,0.0,0.0,89.11165565208782,4.539491596742655,4.945422143016262,0.913343729115616,0.4628598302022227,0.0198014900621271,67.98117725901857,0,0.0,AGRICULTURAL,154.0,30.823325,74.862195
2,8.02,8.76,354.52,355.11,1,1.0,0.2530338858549085,1.0,0.2,2.0,0.7980630143276047,58.95157535819012,40.0,1.0,0.0,0.0,99.24754337763918,0.022276676319893,0.0767307739907428,0.4975124378109453,0.143560802950422,0.0123759312888294,64.33271613311705,0,0.0,AGRICULTURAL,155.0,30.82905,74.95599999999999
2,5.475,5.7,335.47,337.9,1,1.0,0.3877094240756412,1.0,0.2,2.0,0.7206119542397025,57.01529885599257,40.0,1.0,0.0,0.0,89.47055765946388,1.8811415559020817,8.19781688572065,0.4133561050469048,0.0173263038043612,0.0198014900621271,72.7190125785439,0,0.0,AGRICULTURAL,156.0,30.86397,75.60953
2,7.584999999999999,8.29,351.04,367.0,1,1.0,0.3100559191105816,1.0,0.2,2.0,0.7633261950214433,58.08315487553608,40.0,1.0,0.0,0.0,90.28489393826884,8.041880151481399,0.6757258483700899,0.3069230959629712,0.6658251033390262,0.0247518625776589,31.643546115123392,0,0.0,AGRICULTURAL,157.0,30.878585,76.312655
2,7.550000000000001,7.98,347.62,353.59,1,1.0,0.3946671149239669,1.0,0.2,2.0,0.717016977957867,56.925424448946686,40.0,1.0,0.0,0.0,96.16098611420507,1.9034182322219748,1.6979777728274057,0.1881141555902081,0.0297022350931907,0.0198014900621271,49.69309243067593,0,0.0,AGRICULTURAL,158.0,30.880635,76.098415
2,5.395,5.53,338.75,339.29,1,1.0,0.2068055702434416,1.0,0.2,2.0,0.8286338948520731,59.71584737130182,40.0,1.0,0.0,0.0,97.85401351451696,1.0049256206529542,0.7945347887428529,0.3465260760872256,0.0,0.0,64.48740286731224,0,0.0,AGRICULTURAL,159.0,30.894015,74.78428
2,3.56,4.84,332.95000000000005,334.91,2,4.0,0.920452536878837,0.5,0.8,0.5,0.5207106037753074,49.01776509438268,40.0,1.0,0.0,0.0,95.65604811762086,0.5692928392861563,3.1781391549714115,0.574243211801688,0.0173263038043612,0.0049503725155317,79.78953446278042,0,0.0,AGRICULTURAL,160.0,30.91645,74.5106
2,4.005,4.2,339.72,340.04,1,1.0,0.4423069921078905,1.0,0.2,2.0,0.6933336699273215,56.33334174818304,40.0,1.0,0.0,0.0,86.65627088438404,4.893443231603179,3.690502710328953,1.2375931288829485,1.3935298631222,2.1162842503898416,54.83548611452113,0,0.0,AGRICULTURAL,161.0,30.91657,74.963335
2,4.859999999999999,5.06,339.615,341.47,1,1.0,0.239064813473851,1.0,0.2,2.0,0.8070602837928977,59.17650709482245,40.0,1.0,0.0,0.0,98.47033489270068,0.358902007376055,0.7103784559788124,0.4603846439444568,0.0,0.0,51.35028604071291,0,0.0,AGRICULTURAL,162.0,30.93838,75.28752
3,2.473333333333333,2.84,335.50333333333333,337.23,2,2.0,1.3403876002654933,1.0,0.4,1.5,0.4272796522621125,53.68199130655282,40.0,1.0,0.0,0.0,99.00745031063587,0.6138461919259425,0.0915818915373381,0.287121605900844,0.0,0.0,82.68441644675613,0,0.0,AGRICULTURAL,163.0,30.94288,74.44704
2,6.83,7.99,339.49,343.32,1,1.0,0.3849532904788439,1.0,0.2,2.0,0.7220460118580986,57.05115029645247,40.0,1.0,0.0,0.0,97.67084973144227,1.7326303804361276,0.5940447018638152,0.0024751862577658,0.0,0.0,35.557873054455335,0,0.0,AGRICULTURAL,164.0,30.97208,76.220385
2,9.345,9.88,346.905,353.18,1,1.0,0.3468982406773355,1.0,0.2,2.0,0.7424465856434073,57.56116464108519,40.0,1.0,0.0,0.0,95.17091161109872,2.212816514442712,2.30439840598005,0.2796960471275463,0.0099007450310635,0.022276676319893,37.23591665154034,0,0.0,AGRICULTURAL,165.0,30.99018,76.198435
4,9.415,14.78,342.01750000000004,345.01,2,3.0,1.3774287585602594,0.6666666666666666,0.6,1.3333333333333333,0.4206224882236166,48.182228872257085,40.0,1.0,0.0,0.0,95.10408158213906,0.9257196604044454,3.7820846018662895,0.168312665528081,0.0198014900621271,0.0,44.18166682009167,0,0.0,AGRICULTURAL,166.0,31.0010775,75.0231275
2,3.84,3.93,338.845,345.75,1,1.0,0.3846827170118037,1.0,0.2,2.0,0.7221871030195545,57.05467757548887,40.0,1.0,0.0,0.0,93.03482587064676,0.745031063587535,5.749857676790179,0.4282072225935001,0.0024751862577658,0.0396029801242543,41.92041952936171,0,0.0,AGRICULTURAL,167.0,31.022055,75.023755
2,5.58,6.33,349.175,356.16,1,1.0,0.2761192875639023,1.0,0.2,2.0,0.7836258018707554,58.59064504676888,40.0,1.0,0.0,0.0,77.40897502537067,7.489913615999604,3.3093240266330044,1.8588648795821887,0.358902007376055,2.529640355436747,48.339725851724666,0,0.0,AGRICULTURAL,168.0,31.03248,74.84767
2,2.84,3.12,332.33500000000004,333.38,2,3.0,0.6893122173576971,0.6666666666666666,0.6,0.6666666666666666,0.5919568861960457,51.13225548823447,10.0,0.0,1.0,0.0,85.93846686963194,5.962723694958045,6.626073612039305,1.1113586297368878,0.2895967921586099,0.071780401475211,36.895868981148574,0,0.0,AGRICULTURAL,169.0,31.04085,76.19722999999999
2,2.985,3.4,336.33000000000004,340.24,2,3.0,0.6118629146400879,0.6666666666666666,0.6,0.6666666666666666,0.6204001537086604,51.84333717604984,40.0,1.0,0.0,0.0,93.60659389619067,2.0766812702655875,3.9578228261676696,0.336625331056162,0.0,0.022276676319893,31.867520029835056,0,0.0,AGRICULTURAL,170.0,31.115830000000003,75.02869
2,5.41,5.63,340.85,344.05,1,1.0,0.3593674718068346,1.0,0.2,2.0,0.7356362578477966,57.39090644619491,40.0,1.0,0.0,0.0,97.79213385807282,1.2945224128115642,0.5643424667706245,0.3490012623449914,0.0,0.0,63.34763371922424,0,0.0,AGRICULTURAL,171.0,31.11961,74.5563
2,4.67,4.91,343.57,345.51,1,1.0,0.3481925729019179,1.0,0.2,2.0,0.7417337998291663,57.54334499572917,40.0,1.0,0.0,0.0,98.02975173881836,1.3514516967401795,0.4851365065221158,0.0891067052795722,0.022276676319893,0.022276676319893,28.8983994825316,0,0.0,AGRICULTURAL,172.0,31.147115,75.27120500000001
3,3.293333333333333,3.31,336.3533333333333,339.91,2,3.0,1.3592125890769302,0.6666666666666666,0.6,1.0,0.4238702373113657,47.59675593278414,40.0,1.0,0.0,0.0,86.05727581000471,1.5469914111036855,5.650850226479543,4.950372515531794,1.7227296354050643,0.071780401475211,35.785542377175844,0,0.0,AGRICULTURAL,173.0,31.17314,74.86217
3,8.896666666666667,11.66,353.4166666666667,367.0,1,1.0,0.5835662255745662,1.0,0.2,3.0,0.631486062186739,56.78715155466847,40.0,1.0,0.0,0.0,99.1287344372664,0.3019727234474394,0.4480087126556273,0.118808940372763,0.0,0.0024751862577658,44.48259870680853,0,0.0,AGRICULTURAL,174.0,31.20209,74.72964
2,2.77,3.12,331.875,332.55,2,3.0,0.8486304482599939,0.6666666666666666,0.6,0.6666666666666666,0.5409409982082901,49.856858288540586,40.0,1.0,0.0,0.0,87.54886282871357,1.212686567164179,10.878642501776833,0.2887348969438522,0.0533049040511727,0.0177683013503909,23.35446138804217,0,0.0,AGRICULTURAL,175.0,31.214865,75.00099
2,2.1500000000000004,2.16,335.62,335.79,2,2.0,0.6801214637144232,1.0,0.4,1.0,0.5951950627362343,56.87987656840586,40.0,1.0,0.0,0.0,98.86388950768546,0.7103784559788124,0.168312665528081,0.190589341847974,0.0668300289596792,0.0,37.49838159099464,0,0.0,AGRICULTURAL,176.0,31.214155,74.80564
3,10.736666666666666,12.21,348.48,367.0,1,1.0,0.4887335024860996,1.0,0.2,3.0,0.6717118935860967,57.79279733965241,40.0,1.0,0.0,0.0,97.58669339867824,0.5470161629662632,0.5148387416153066,1.3019479715848616,0.0495037251553179,0.0,20.48437194464898,0,0.0,AGRICULTURAL,177.0,31.22333,75.04131666666667
2,19.97,25.76,343.915,352.73,1,1.0,0.4555467362023963,1.0,0.2,2.0,0.6870270635273839,56.1756765881846,40.0,1.0,0.0,0.0,99.09655701591544,0.7103784559788124,0.1237593128882948,0.0668300289596792,0.0024751862577658,0.0,56.019877967590965,0,0.0,AGRICULTURAL,178.0,31.23216,74.58430999999999
2,4.43,4.58,336.48,337.65,1,1.0,0.3613225285357812,1.0,0.2,2.0,0.734579777413649,57.36449443534123,40.0,1.0,0.0,0.0,96.87383975644168,0.4282072225935001,0.8935422390534887,1.148486423603376,0.1039578228261676,0.5445409767084973,23.177498795837547,0,0.0,AGRICULTURAL,179.0,31.237920000000003,74.97263000000001
2,6.63,6.63,347.15,355.16,1,1.0,0.4725662500170984,1.0,0.2,2.0,0.6790865945680805,55.97716486420201,40.0,1.0,0.0,0.0,87.70822504393455,1.705403331600703,7.947823073686294,2.299448033464518,0.022276676319893,0.311873468478503,32.99540489983162,0,0.0,AGRICULTURAL,180.0,31.258425,74.83186
3,8.68,10.26,346.84,351.71,1,1.0,0.821127037820522,1.0,0.2,3.0,0.549110511915069,54.72776279787672,40.0,1.0,0.0,0.0,90.73042746466672,1.2549194326873097,6.103809311650702,1.2103660800475236,0.0594044701863815,0.4232568500779683,23.80334019468987,0,0.0,AGRICULTURAL,181.0,31.268366666666665,74.93571333333333
2,7.390000000000001,10.0,345.415,350.04,2,2.0,0.9841650042344854,1.0,0.4,1.0,0.5039903424694319,54.5997585617358,40.0,1.0,0.0,0.0,94.45063241008886,2.98012425435014,1.6187718125788966,0.7846340437117892,0.1311848716615925,0.0346526076087225,21.55002383669713,0,0.0,AGRICULTURAL,182.0,31.295005,75.34799000000001
3,4.45,6.17,342.74333333333334,349.21,2,4.0,0.4609117093421114,0.5,0.8,0.75,0.6845040625010306,53.61260156252576,40.0,1.0,0.0,0.0,99.52228905225118,0.4034553600158412,0.0074255587732976,0.0495037251553179,0.0173263038043612,0.0,58.190474594814845,0,0.0,AGRICULTURAL,183.0,31.30067,74.54161333333333
2,3.97,4.12,344.36,344.78,1,1.0,0.3888745419195374,1.0,0.2,2.0,0.7200074375457403,57.00018593864351,40.0,1.0,0.0,0.0,92.48533452142271,3.972673943714264,2.846464196430781,0.6683002895967922,0.0074255587732976,0.0198014900621271,12.063135264531953,0,0.0,AGRICULTURAL,184.0,31.340155,75.03036499999999
2,4.75,4.76,348.41,350.15,1,1.0,0.3739041499862851,1.0,0.2,2.0,0.7278528127380519,57.1963203184513,50.0,0.0,0.0,1.0,88.24286527561199,1.5989703225167695,8.054256082770229,1.4281824707309223,0.1460359892081879,0.4900868790376476,15.992536968518737,0,0.0,AGRICULTURAL,185.0,31.43058,74.987015
2,4.57,4.92,336.18,340.64,1,1.0,0.2577339925661454,1.0,0.2,2.0,0.7950806815356142,58.87701703839035,40.0,1.0,0.0,0.0,92.74275389223038,1.5519417836192173,5.207791886339447,0.3960298012425435,0.0,0.1014826365684017,36.192237350644255,0,0.0,AGRICULTURAL,186.0,31.43598,74.77000000000001
2,3.695,4.15,338.185,341.21,1,1.0,0.2303661740742398,1.0,0.2,2.0,0.8127661675618046,59.31915418904512,40.0,1.0,0.0,0.0,88.58939135169922,5.838964382069751,4.975124378109453,0.480186134006584,0.1014826365684017,0.0123759312888294,43.63436805463116,0,0.0,AGRICULTURAL,187.0,31.437195000000003,74.69093000000001
2,3.665,4.24,337.025,343.45,1,1.0,0.2936181470141543,1.0,0.2,2.0,0.7730256430834209,58.32564107708552,40.0,1.0,0.0,0.0,98.054503601396,0.4925620652954134,0.9999752481374224,0.4356327813667978,0.0,0.0173263038043612,29.514068010804337,0,0.0,AGRICULTURAL,188.0,31.446285000000003,74.84413
2,2.84,3.4,332.2,332.45,2,3.0,0.6082654063612278,0.6666666666666666,0.6,0.6666666666666666,0.6217879188625617,51.87803130489736,40.0,1.0,0.0,0.0,86.44340486621618,6.720130689834409,6.163213781837083,0.6559243583079627,0.0074255587732976,0.0099007450310635,36.30738518941582,0,0.0,AGRICULTURAL,189.0,31.460665,74.774525
3,6.660000000000001,8.21,337.40000000000003,339.63,1,1.0,0.7996514657391025,1.0,0.2,3.0,0.5556631486915762,54.891578717289406,40.0,1.0,0.0,0.0,94.32192272468504,2.089057201554417,3.3216999579218336,0.2475186257765897,0.0173263038043612,0.0024751862577658,17.438060222843124,0,0.0,AGRICULTURAL,190.0,31.46549,75.30362333333333
2,5.615,6.42,338.5,341.75,2,4.0,0.5496138200294134,0.5,0.8,0.5,0.645322071263548,52.13305178158871,40.0,1.0,0.0,0.0,73.9956931759115,24.838494096680776,0.5371154179351997,0.3564268211182891,0.0247518625776589,0.2252419494566966,104.48011582112332,0,0.0,AGRICULTURAL,191.0,31.47228,74.050195
2,4.0,4.08,333.83000000000004,336.06,2,4.0,0.2439732538482899,0.5,0.8,0.5,0.80387580432815,56.09689510820375,10.0,0.0,1.0,0.0,81.07720105937972,4.217717383233088,4.811762085096904,2.960322764288013,0.9455211504665726,0.9504715229821044,14.873519150323308,0,0.0,AGRICULTURAL,192.0,31.484955,75.24953500000001
2,15.34,26.33,332.25,333.51,2,3.0,0.7007172818927723,0.6666666666666666,0.6,0.6666666666666666,0.5879872043677208,51.033013442526354,40.0,1.0,0.0,0.0,92.71057647087945,1.2128412663052894,5.633523922675181,0.3960298012425435,0.047028538897552,0.0,32.39597812775104,0,0.0,AGRICULTURAL,193.0,31.519695,74.8442
4,6.5925,15.41,334.78,337.26,3,4.0,0.8775021648550854,0.75,0.8,1.0,0.5326225549663666,57.81556387415916,40.0,1.0,0.0,0.0,96.71047746342911,3.121209871042796,0.165837479270315,0.0024751862577658,0.0,0.0,34.01180683062365,0,0.0,AGRICULTURAL,194.0,31.525665,75.46438
2,7.075,7.61,351.5,353.9,1,1.0,0.3225151919483504,1.0,0.2,2.0,0.7561349813507882,57.9033745337697,40.0,1.0,0.0,0.0,98.55696641172248,0.5692928392861563,0.6138461919259425,0.2450434395188238,0.0,0.0148511175465953,32.114519197164526,0,0.0,AGRICULTURAL,195.0,31.55284,74.87165999999999
4,22.2675,27.36,346.27250000000004,367.0,1,1.0,0.6936173375694558,1.0,0.2,4.0,0.5904521510361486,57.76130377590371,40.0,1.0,0.0,0.0,95.03230118066384,1.0643300908393356,1.680651469023044,1.2301675701096506,0.0915818915373381,0.8984926115690206,22.38416444545686,0,0.0,AGRICULTURAL,196.0,31.5756125,75.219375
2,6.245,6.58,341.98,345.73,1,1.0,0.2058022092546611,1.0,0.2,2.0,0.8293234100293504,59.733085250733765,40.0,1.0,0.0,0.0,92.73285314719932,1.658374792703151,5.5295660998490135,0.0742555877329769,0.0,0.0049503725155317,33.97689025636047,0,0.0,AGRICULTURAL,197.0,31.580505,75.421025
2,6.445,7.13,341.88,345.28,1,1.0,0.314713986204876,1.0,0.2,2.0,0.760621709735251,58.01554274338128,40.0,1.0,0.0,0.0,92.14870919036656,5.717680255439221,2.121234622905374,0.0123759312888294,0.0,0.0,42.11173966791034,0,0.0,AGRICULTURAL,198.0,31.58591,75.52233000000001
2,5.42,5.65,335.98,339.84,1,1.0,0.4858501897284574,1.0,0.2,2.0,0.6730153597670249,55.82538399417562,40.0,1.0,0.0,0.0,92.1907873567486,3.98752506126086,2.8439890101730154,0.935620405435509,0.0396029801242543,0.0024751862577658,30.644528074699224,0,0.0,AGRICULTURAL,199.0,31.623925,74.98716999999999
2,5.52,6.58,344.785,349.82,1,1.0,0.281107245170222,1.0,0.2,2.0,0.7805747752735009,58.514369381837525,40.0,1.0,0.0,0.0,91.7180267815153,1.6113462538055987,6.519640602955372,0.1509863617237197,0.0,0.0,58.091271660287056,0,0.0,AGRICULTURAL,200.0,31.642645,74.613975
2,10.885,11.0,353.82,355.77,1,1.0,0.4599474169770023,1.0,0.2,2.0,0.6849561760728485,56.123904401821214,40.0,1.0,0.0,0.0,90.85666196381278,1.4207569119576249,7.579020321279176,0.1287096854038266,0.0,0.0148511175465953,64.88570537403453,0,0.0,AGRICULTURAL,201.0,31.704625,74.574305
2,11.43,12.95,361.7,367.0,1,1.0,0.1729884683327278,1.0,0.2,2.0,0.852523300098072,60.3130825024518,40.0,1.0,0.0,0.0,90.06955273384321,3.405856290685874,6.200341575703572,0.2574193708076533,0.0297022350931907,0.0371277938664884,66.14975826830401,0,0.0,AGRICULTURAL,202.0,31.752625,74.598345
2,3.14,3.28,336.815,337.52,1,1.0,0.4152515926826041,1.0,0.2,2.0,0.706588146708603,56.664703667715074,40.0,1.0,0.0,0.0,88.00277220860869,8.232469493329372,2.0098512413059084,1.1905645899853965,0.0049503725155317,0.5494913492240291,52.40673924240917,0,0.0,AGRICULTURAL,203.0,31.75596,74.806575
2,4.08,4.35,340.53,342.03,1,1.0,0.3837053333151237,1.0,0.2,2.0,0.7226972216723118,57.0674305418078,40.0,1.0,0.0,0.0,96.59909408182966,1.4578847058241131,1.6781762827652782,0.2450434395188238,0.0148511175465953,0.0049503725155317,60.056548405688005,0,0.0,AGRICULTURAL,204.0,31.758015,74.68901
3,1.43,1.91,310.91333333333336,324.68,2,4.0,0.5307089413965571,0.5,0.8,0.75,0.6532920615774547,52.832301539436365,40.0,1.0,0.0,0.0,78.02529640355436,5.413232345734016,11.596247617633226,1.9751986336971856,1.0222519244573154,1.957872329892825,45.58493907061455,0,0.0,AGRICULTURAL,205.0,29.514553333333332,74.96865666666666
2,0.7050000000000001,0.81,302.13,302.59,1,1.0,0.2133073151866392,1.0,0.2,2.0,0.8241934977917554,59.60483744479389,40.0,1.0,0.0,0.0,93.95559515853569,2.737556001089082,2.673201158387169,0.3514764486027574,0.2202915769411648,0.0618796564441474,36.327141022944886,0,0.0,AGRICULTURAL,206.0,29.613765,75.123005
2,2.86,3.21,314.12,314.91,1,1.0,0.2047746622914507,1.0,0.2,2.0,0.8300307362855933,59.75076840713983,10.0,0.0,1.0,0.0,84.27514170441326,6.509739857924308,6.873592237815895,1.438083215761986,0.8786911215068934,0.0247518625776589,45.76387961367032,0,0.0,AGRICULTURAL,207.0,30.91633,76.12731500000001
2,3.26,3.48,334.95,339.08,1,1.0,0.107906653189025,1.0,0.2,2.0,0.9026031183417628,61.56507795854407,40.0,1.0,0.0,0.0,98.10895769906686,0.8341377688671072,0.1113833815994653,0.5890943293482834,0.0866315190218064,0.2697953020964827,38.07274477013851,0,0.0,AGRICULTURAL,208.0,29.50174,74.158545
3,2.35,2.76,334.75,335.94,2,2.0,1.2504462973832022,1.0,0.4,1.5,0.4443563044196125,54.10890761049032,40.0,1.0,0.0,0.0,95.60901957872328,0.2846464196430781,1.831637830746764,1.4430335882775178,0.7871092299695552,0.0445533526397861,60.85148421010591,0,0.0,AGRICULTURAL,209.0,29.51927333333333,74.53528666666666
2,11.95,11.95,338.995,341.13,1,1.0,0.4531577063696516,1.0,0.2,2.0,0.6881565542519456,56.20391385629864,40.0,1.0,0.0,0.0,99.79950991312096,0.0841563327640405,0.0965322640528699,0.0173263038043612,0.0024751862577658,0.0,56.106917807534025,0,0.0,AGRICULTURAL,210.0,29.534355,74.590305
5,16.944,19.85,340.678,342.65,2,4.0,0.6347326449153273,0.5,0.8,1.25,0.6117208236529686,52.793020591324215,40.0,1.0,0.0,0.0,85.39887626543897,2.170738348060691,6.405782035098142,3.574168956213955,1.8118363406846365,0.6385980545036014,61.110771050011685,0,0.0,AGRICULTURAL,211.0,29.540454,74.506082
2,5.695,7.81,347.525,348.81,1,1.0,0.3441329919571953,1.0,0.2,2.0,0.7439740010725409,57.599350026813525,40.0,1.0,0.0,0.0,97.63124675131805,0.7178040147521101,0.5395906041929655,0.4653350164599886,0.6361228682458354,0.0099007450310635,59.60676665708302,0,0.0,AGRICULTURAL,212.0,29.541125,74.475135
2,3.05,3.12,335.865,337.25,1,1.0,0.4613983455156761,1.0,0.2,2.0,0.6842761270864415,56.10690317716104,40.0,1.0,0.0,0.0,85.55233781342046,8.277022845969158,4.5073141753916985,1.1707630999232692,0.1955397143635058,0.2970223509319076,25.495045886987818,0,0.0,AGRICULTURAL,213.0,29.662125,75.703495
2,4.285,5.24,340.65,340.89,1,1.0,0.1852000086261334,1.0,0.2,2.0,0.8437394471159222,60.09348617789806,40.0,1.0,0.0,0.0,94.13875894161036,5.509764609786886,0.0569292839286156,0.071780401475211,0.0767307739907428,0.1138585678572312,34.271075474274056,0,0.0,AGRICULTURAL,214.0,29.749465,75.62182
2,2.21,2.52,332.21500000000003,333.6,2,2.0,0.7585802917570711,1.0,0.4,1.0,0.5686405134228236,56.2160128355706,40.0,1.0,0.0,0.0,99.9059429222049,0.0346526076087225,0.0346526076087225,0.0247518625776589,0.0,0.0,46.030652344212186,0,0.0,AGRICULTURAL,215.0,29.757555,75.939525
6,14.056666666666668,23.39,341.99666666666667,346.53,3,3.0,1.2016080606635506,1.0,0.6,2.0,0.4542134532786032,60.35533633196509,40.0,1.0,0.0,0.0,95.68327516645628,4.30682408851266,0.0,0.0,0.0099007450310635,0.0,48.72324649312369,0,0.0,AGRICULTURAL,216.0,29.791565,75.93518166666667
2,2.855,3.64,336.69,338.2,2,2.0,0.4685799758276664,1.0,0.4,1.0,0.6809298890490573,59.02324722622644,40.0,1.0,0.0,0.0,95.6807999801985,2.2276676319893074,1.2103660800475236,0.7796836711962576,0.1014826365684017,0.0,45.22759609714208,0,0.0,AGRICULTURAL,217.0,29.8401,75.72474
3,4.706666666666667,7.6,337.7966666666667,341.56,2,3.0,0.9295384894320048,0.6666666666666666,0.6,1.0,0.5182586434408823,49.95646608602205,40.0,1.0,0.0,0.0,98.31439815846144,1.10393307096359,0.4529590851711591,0.1113833815994653,0.0074255587732976,0.0099007450310635,19.785888458102217,0,0.0,AGRICULTURAL,218.0,29.915516666666665,75.44396333333333
2,8.495000000000001,9.46,342.08500000000004,343.17,1,1.0,0.4953314602236635,1.0,0.2,2.0,0.6687480512517442,55.718701281293605,40.0,1.0,0.0,0.0,95.19318828741862,2.98012425435014,0.2549441845498874,0.6410732407613673,0.6509739857924308,0.2796960471275463,6.85092110442376,1,165.0,AGRICULTURAL,219.0,29.985325,74.96965
2,10.235,14.29,342.145,342.48,2,3.0,0.8364015632339812,0.6666666666666666,0.6,0.6666666666666666,0.5445432088605705,49.9469135548476,40.0,1.0,0.0,0.0,99.74463963368996,0.0220138246819002,0.2157354818826223,0.0176110597455201,0.0,0.0,46.7177735686649,0,0.0,AGRICULTURAL,220.0,30.001035,75.71579
4,16.5925,30.39,338.05500000000006,343.18,2,2.0,1.6269265270587452,1.0,0.4,2.0,0.3806729993014522,53.51682498253631,40.0,1.0,0.0,0.0,95.3837776292666,4.6087968119601,0.0,0.0,0.0074255587732976,0.0,71.0267050900378,0,0.0,AGRICULTURAL,221.0,30.012970000000003,76.193675
4,8.7475,15.05,336.415,346.03,1,1.0,0.6909341909878792,1.0,0.2,4.0,0.5913890708045705,57.78472677011426,40.0,1.0,0.0,0.0,79.82970718546571,4.465236009009678,11.888319596049604,2.1039083191010124,1.49006212717507,0.2128660181678671,9.968296094974765,1,165.0,AGRICULTURAL,222.0,30.0140625,74.9600525
3,4.146666666666667,5.01,338.51,342.4,2,3.0,1.2359792439809436,0.6666666666666666,0.6,1.0,0.4472313429079947,48.18078357269987,40.0,1.0,0.0,0.0,98.04212767010718,0.311873468478503,0.2920719784163758,0.5940447018638152,0.7103784559788124,0.0495037251553179,13.242987984832403,0,0.0,AGRICULTURAL,223.0,30.01595333333333,75.04686
5,3.962,5.99,339.488,343.72,3,4.0,1.5853394468066162,0.75,0.8,1.25,0.3867964035574475,54.66991008893619,40.0,1.0,0.0,0.0,99.24011781886588,0.2277171357144625,0.0965322640528699,0.2821712333853122,0.0198014900621271,0.1336600579193584,72.723376458074,0,0.0,AGRICULTURAL,224.0,30.016694,75.99042
8,4.4975000000000005,6.65,336.03375,343.41,4,4.0,1.667766299983125,1.0,0.8,2.0,0.3748454278046489,63.37113569511623,40.0,1.0,0.0,0.0,98.98269844805822,0.480186134006584,0.0915818915373381,0.4282072225935001,0.0123759312888294,0.0049503725155317,55.08622191078357,0,0.0,AGRICULTURAL,225.0,30.0215475,75.79975375
5,6.505999999999999,12.44,336.3380000000001,340.4,3,3.0,0.9732604863893236,1.0,0.6,1.6666666666666667,0.5067754647181945,61.002719951288185,40.0,1.0,0.0,0.0,97.7203534565976,0.6806762208856216,0.5866191430905175,0.9801737580752952,0.0049503725155317,0.0272270488354248,64.80172425131862,0,0.0,AGRICULTURAL,226.0,30.017888,75.90298800000001
3,5.426666666666667,7.48,340.1766666666667,342.06,2,4.0,1.2432986606537415,0.5,0.8,0.75,0.4457721201102042,47.64430300275511,10.0,0.0,1.0,0.0,99.59159426746864,0.2425682532610579,0.1509863617237197,0.0148511175465953,0.0,0.0,48.16185370016079,0,0.0,AGRICULTURAL,227.0,30.04423333333333,75.71952666666667
4,4.8375,6.42,340.22,340.77,1,1.0,1.063911105013941,1.0,0.2,4.0,0.4845169918271482,55.11292479567871,40.0,1.0,0.0,0.0,92.3640503947922,2.420732160095047,4.329100764832554,0.3811786836959481,0.455434271428925,0.0495037251553179,44.42840359161626,0,0.0,AGRICULTURAL,228.0,30.067795,75.6696225
2,3.35,4.13,337.86,339.77,1,1.0,0.2620712527386294,1.0,0.2,2.0,0.7923482908195965,58.80870727048991,40.0,1.0,0.0,0.0,95.27734462018267,0.7351303185564714,0.0321774213509566,1.509863617237197,1.7474814979827231,0.6980025246899829,24.449308452378077,0,0.0,AGRICULTURAL,229.0,30.065535,75.43378
2,3.72,3.93,333.115,333.61,2,4.0,0.5562300754003382,0.5,0.8,0.5,0.6425785080286096,52.06446270071524,40.0,1.0,0.0,0.0,96.8787901289572,1.6558996064453853,0.311873468478503,0.3019727234474394,0.1608871067547833,0.6905769659166852,29.934009012629268,0,0.0,AGRICULTURAL,230.0,30.067725000000003,75.50218000000001
2,12.195,15.06,340.915,341.47,1,1.0,0.4306265772388759,1.0,0.2,2.0,0.6989944237789922,56.474860594474805,40.0,1.0,0.0,0.0,89.81955892180886,4.905819162892008,1.6088710675478328,3.03457835202099,0.1732630380436128,0.4579094576866909,59.03279159247736,0,0.0,AGRICULTURAL,231.0,30.085320000000003,75.82321
2,8.18,10.01,341.205,341.88,1,1.0,0.3711126786352346,1.0,0.2,2.0,0.7293346605148241,57.23336651287061,40.0,1.0,0.0,0.0,98.43073191257642,0.3514764486027574,0.3465260760872256,0.5841439568327517,0.2598945570654192,0.0272270488354248,56.5531632747984,0,0.0,AGRICULTURAL,232.0,30.08977,75.794405
2,7.48,7.66,337.425,340.55,2,3.0,0.3508960371951948,0.6666666666666666,0.6,0.6666666666666666,0.7402494140676106,54.8395686850236,40.0,1.0,0.0,0.0,94.18083710799236,2.93804608796812,1.04947897329274,1.2326427563674167,0.1014826365684017,0.4975124378109453,51.93125819769405,0,0.0,AGRICULTURAL,233.0,30.111245,75.73335
2,14.145,14.58,347.55,354.73,1,1.0,0.1978578847571285,1.0,0.2,2.0,0.8348235735850708,59.87058933962677,40.0,1.0,0.0,0.0,98.56439197049578,1.227692383851885,0.0420781663820202,0.0371277938664884,0.1287096854038266,0.0,33.345133300987,0,0.0,AGRICULTURAL,234.0,30.16861,75.4941
2,9.99,12.53,336.285,340.57,1,1.0,0.5373600644452721,1.0,0.2,2.0,0.6504657061980021,55.26164265495006,40.0,1.0,0.0,0.0,95.78475780302468,3.472686319645553,0.5791935843172199,0.1311848716615925,0.0321774213509566,0.0,50.15872088087004,0,0.0,AGRICULTURAL,235.0,30.186605,76.28247
3,4.636666666666667,6.82,338.31,341.71,2,3.0,0.9003170314848922,0.6666666666666666,0.6,1.0,0.526227983768902,50.15569959422255,10.0,0.0,1.0,0.0,96.61394519937625,1.7400559392094257,1.0197767381995495,0.4108809187891389,0.0519789114130838,0.1633622930125492,52.373975191036486,0,0.0,AGRICULTURAL,236.0,30.19365666666667,75.70467333333333
2,7.545,8.77,341.67,342.57,1,1.0,0.1853080970439748,1.0,0.2,2.0,0.8436625063929687,60.09156265982421,40.0,1.0,0.0,0.0,97.06937947080516,2.089057201554417,0.5544417217395609,0.262369743323185,0.0024751862577658,0.022276676319893,39.26040265849514,0,0.0,AGRICULTURAL,237.0,30.196675,74.69915
3,3.1733333333333333,3.95,333.43,333.89,2,3.0,0.540045921284729,0.6666666666666666,0.6,1.0,0.6493312869305775,53.23328217326444,40.0,1.0,0.0,0.0,89.54233806093909,1.6905522140541074,7.692878889136408,0.4603846439444568,0.5395906041929655,0.0742555877329769,63.51864650542728,0,0.0,AGRICULTURAL,238.0,30.20237333333333,75.82308666666667
2,5.345,6.51,336.62,336.72,1,1.0,0.4122293354080399,1.0,0.2,2.0,0.7081002886199548,56.70250721549888,40.0,1.0,0.0,0.0,91.10418058958936,3.066755773371946,3.383579614365981,1.7153040766317666,0.3638523798915868,0.3663275661493527,71.65731553895715,0,0.0,AGRICULTURAL,239.0,30.210295,75.94934
3,9.253333333333332,11.62,338.7666666666667,349.16,2,2.0,0.8490818878621458,1.0,0.4,1.5,0.540808931483381,56.52022328708453,60.0,0.0,0.0,0.0,97.0966065196406,0.8960174253112546,0.3168238409940348,1.076706022128165,0.3935546149847776,0.2202915769411648,27.32489074400759,0,0.0,AGRICULTURAL,240.0,30.212676666666667,75.44362
2,4.91,6.36,338.115,340.98,2,3.0,0.3336763821786218,0.6666666666666666,0.6,0.6666666666666666,0.749807084659064,55.078510449809926,40.0,1.0,0.0,0.0,88.56711467537932,2.8687408727506742,7.358728744338011,0.7277047597831737,0.2351426944877602,0.2425682532610579,54.82243181213939,0,0.0,AGRICULTURAL,241.0,30.214955,75.733655
3,4.1000000000000005,5.98,339.04,341.87,2,4.0,1.3905334869285038,0.5,0.8,0.75,0.4183166667474121,46.9579166686853,40.0,1.0,0.0,0.0,95.87138932204648,0.8588896314447663,2.128660181678671,0.5098883690997748,0.5123635553575406,0.118808940372763,57.37109924131619,0,0.0,AGRICULTURAL,242.0,30.21768,76.12901333333333
3,4.373333333333334,4.86,337.65000000000003,341.06,2,2.0,0.3145689845378914,1.0,0.4,1.5,0.7607056090339211,62.017640225848034,40.0,1.0,0.0,0.0,95.49021063835052,1.6955025865696396,2.371228434939729,0.3985049875003094,0.0,0.0445533526397861,72.45910337948116,0,0.0,AGRICULTURAL,243.0,30.23528333333333,75.91959333333334
3,3.1733333333333333,3.77,337.59666666666664,341.42,3,4.0,1.0508947183923707,0.75,0.8,0.75,0.4875920694670603,56.1898017366765,40.0,1.0,0.0,0.0,98.3960793049677,0.4455335263978615,0.3391005173139279,0.4158312913046706,0.2277171357144625,0.1757382243013787,55.02706150700488,0,0.0,AGRICULTURAL,244.0,30.2456,76.13351333333333
2,6.24,7.51,347.24,354.53,1,1.0,0.1721677056165061,1.0,0.2,2.0,0.8531202448322411,60.32800612080603,40.0,1.0,0.0,0.0,87.87158733694712,9.333927378035195,1.772233360560382,0.5989950743793471,0.3688027524071186,0.0544540976708497,82.91843342699828,0,0.0,AGRICULTURAL,245.0,30.24951,74.183285
2,3.065,3.23,331.045,332.02,1,1.0,0.3292887150180658,1.0,0.2,2.0,0.7522820202279453,57.80705050569863,40.0,1.0,0.0,0.0,69.50075493180861,10.727457241157396,12.041781144031088,1.5643177149080467,0.3440508898294597,0.2895967921586099,1.827530465444907,1,920.0,AGRICULTURAL,246.0,30.25245,75.15633
2,6.88,10.37,337.55499999999995,340.71,2,2.0,0.116659408182028,1.0,0.4,1.0,0.8955282091144023,64.38820522786006,40.0,1.0,0.0,0.0,56.23128140392565,7.418133214524393,28.415138239152498,6.341427192396227,1.215316452563055,0.3787034974381822,62.73147424930692,0,0.0,AGRICULTURAL,247.0,30.25369,75.81908
2,4.050000000000001,5.61,340.20500000000004,341.3,1,1.0,0.2636497138421033,1.0,0.2,2.0,0.7913585458422008,58.78396364605503,40.0,1.0,0.0,0.0,91.61159377243138,1.1361104923145466,4.405831538823297,2.3588525036509,0.1287096854038266,0.358902007376055,20.67136389144428,0,0.0,AGRICULTURAL,248.0,30.27387,75.38118
3,6.476666666666667,8.92,342.11,345.25,3,3.0,1.0719285752082737,1.0,0.6,1.0,0.4826421199869201,59.066052999673005,40.0,1.0,0.0,0.0,98.17331254176877,0.7747332986807257,0.576718398059454,0.1534615479814856,0.3168238409940348,0.0049503725155317,62.0597285839554,0,0.0,AGRICULTURAL,249.0,30.281503333333333,76.01602000000001
3,4.14,5.78,335.5366666666667,340.35,2,2.0,1.1597064119891516,1.0,0.4,1.5,0.4630258976167836,54.5756474404196,40.0,1.0,0.0,0.0,96.52731368035444,1.2697705502339052,1.3885794906066682,0.5024628103264771,0.2821712333853122,0.0297022350931907,52.73546428109036,0,0.0,AGRICULTURAL,250.0,30.282930000000004,75.71492666666667
3,13.903333333333334,20.95,342.56666666666666,353.31,2,4.0,1.0529032570835686,0.5,0.8,0.75,0.4871150145772761,48.6778753644319,40.0,1.0,0.0,0.0,99.15596148610184,0.3465260760872256,0.2549441845498874,0.2277171357144625,0.0123759312888294,0.0024751862577658,59.00595180874304,0,0.0,AGRICULTURAL,251.0,30.30371,76.03802999999999
3,6.353333333333333,8.78,345.3866666666667,356.44,1,1.0,0.4808076029506367,1.0,0.2,3.0,0.6753071756299831,57.88267939074958,40.0,1.0,0.0,0.0,95.70802702903394,1.898467859706443,1.6435236751565556,0.5569169079973268,0.0272270488354248,0.165837479270315,28.204877834671727,0,0.0,AGRICULTURAL,252.0,30.33028333333333,74.88174
6,3.696666666666667,6.21,322.7516666666666,341.46,2,2.0,1.6331086196739524,1.0,0.4,3.0,0.3797792436393399,55.49448109098351,10.0,0.0,1.0,0.0,74.67884458305487,15.3288284943442,6.546867651790797,2.264795425855796,0.5470161629662632,0.6336476819880696,33.864641378380924,0,0.0,AGRICULTURAL,253.0,30.352251666666664,76.31813666666667
2,4.38,4.38,333.175,333.48,1,1.0,0.5374687210844676,1.0,0.2,2.0,0.6504197362107248,55.26049340526812,40.0,1.0,0.0,0.0,91.7700056929284,4.046929531447241,2.470235885250365,1.1187841885101852,0.2301923219722284,0.2252419494566966,53.76871092752059,0,0.0,AGRICULTURAL,254.0,30.351375,75.717525
3,6.426666666666667,11.98,339.9833333333333,345.3,3,3.0,1.0455512796309618,1.0,0.6,1.0,0.4888657693198531,59.221644232996326,40.0,1.0,0.0,0.0,98.22034108066632,0.6460236132768991,1.079181208385931,0.0519789114130838,0.0024751862577658,0.0,56.74577844658791,0,0.0,AGRICULTURAL,255.0,30.373410000000003,75.74418333333334
2,6.300000000000001,6.44,339.8,346.68,2,3.0,1.0383967985349585,0.6666666666666666,0.6,0.6666666666666666,0.490581618220124,48.59787378883643,40.0,1.0,0.0,0.0,89.89381450954184,2.3811291799707925,5.564218707457736,1.512338803494963,0.0420781663820202,0.6064206331526447,66.71591003819452,0,0.0,AGRICULTURAL,256.0,30.392695,75.908685
2,5.154999999999999,6.17,341.01,342.04,1,1.0,0.2368069433190947,1.0,0.2,2.0,0.8085336239432812,59.21334059858203,40.0,1.0,0.0,0.0,90.33687284968194,3.039528724536521,5.415707531991783,0.7079032697210466,0.3564268211182891,0.143560802950422,55.19534641348296,0,0.0,AGRICULTURAL,257.0,30.402475000000003,75.71924
2,15.87,17.79,343.945,347.53,1,1.0,0.3201458727086274,1.0,0.2,2.0,0.7574920474115759,57.9373011852894,40.0,1.0,0.0,0.0,83.16378307467637,10.947748818098562,3.391005173139279,1.1237345610257172,0.1014826365684017,1.00740080691072,68.5200747608217,0,0.0,AGRICULTURAL,258.0,30.405845,75.861595
2,5.805,5.97,342.35,344.13,1,1.0,0.3086249754361566,1.0,0.2,2.0,0.7641608702040141,58.10402175510036,40.0,1.0,0.0,0.0,94.60161877181258,4.299398529739363,0.7400806910720031,0.311873468478503,0.0,0.047028538897552,30.91722620247281,0,0.0,AGRICULTURAL,259.0,30.43543,74.91013000000001
3,4.46,7.11,336.78666666666663,341.17,2,2.0,0.3616667987554217,1.0,0.4,1.5,0.7343940536069551,61.35985134017387,40.0,1.0,0.0,0.0,94.34172421474716,5.165713719957426,0.0024751862577658,0.1534615479814856,0.0990074503106358,0.2277171357144625,76.0750616728297,0,0.0,AGRICULTURAL,260.0,30.46650333333333,74.40777
2,7.695,12.26,342.13,348.94,2,3.0,0.4515213751099013,0.6666666666666666,0.6,0.6666666666666666,0.6889323279337071,53.55664153167601,40.0,1.0,0.0,0.0,99.492586817158,0.3638523798915868,0.0767307739907428,0.047028538897552,0.0198014900621271,0.0,60.52509667926168,0,0.0,AGRICULTURAL,261.0,30.48584,75.74356
2,4.715,5.78,340.415,342.75,2,4.0,0.1911675953110788,0.5,0.8,0.5,0.839512427920645,56.987810698016126,40.0,1.0,0.0,0.0,70.01559367342392,13.613524417712432,8.002277171357145,5.163238533699661,2.086582015296651,1.1187841885101852,67.83195971733306,0,0.0,AGRICULTURAL,262.0,30.499785000000003,75.872725
2,2.525,2.77,331.285,332.22,2,3.0,0.5998971029975452,0.6666666666666666,0.6,0.6666666666666666,0.6250401967266607,51.95933825149984,40.0,1.0,0.0,0.0,95.61149476498106,1.227692383851885,2.546966659241108,0.5989950743793471,0.0,0.0148511175465953,26.40549790250008,0,0.0,AGRICULTURAL,263.0,30.50126,75.20798500000001
2,3.485,3.67,333.07500000000005,334.6,1,1.0,0.3196780814681124,1.0,0.2,2.0,0.7577605584594709,57.944013961486775,40.0,1.0,0.0,0.0,86.646370139353,3.653374916462464,6.163213781837083,2.2152917007004778,0.0816811465062746,1.2400683151407144,70.30261476302464,0,0.0,AGRICULTURAL,264.0,30.526455,75.834305
4,5.0475,5.28,336.0625,343.15,3,3.0,1.2223777204833806,1.0,0.6,1.3333333333333333,0.4499685138053373,58.91587951180009,40.0,1.0,0.0,0.0,93.84668696319396,1.1212593747679511,3.925645404816712,0.6311724957303037,0.3811786836959481,0.094057077795104,51.07743498726491,0,0.0,AGRICULTURAL,265.0,30.6050125,75.5262975
2,7.08,7.43,338.325,340.31,1,1.0,0.4554149397459806,1.0,0.2,2.0,0.6870892779034782,56.17723194758696,40.0,1.0,0.0,0.0,96.39612880869284,1.992524937501547,0.0891067052795722,1.1633375411499716,0.3514764486027574,0.0024751862577658,80.83373424745166,0,0.0,AGRICULTURAL,266.0,30.610975,74.423565
2,6.85,7.53,342.66,345.72,1,1.0,0.463131108175885,1.0,0.2,2.0,0.6834657498648362,56.08664374662092,40.0,1.0,0.0,0.0,97.4233311056657,1.4232320982153903,0.5989950743793471,0.4455335263978615,0.0297022350931907,0.0792059602485087,73.85570919573135,0,0.0,AGRICULTURAL,267.0,30.66738,74.551625
3,1.99,2.53,334.00333333333333,339.09,2,2.0,1.6885586399938357,1.0,0.4,1.5,0.3719465088558726,52.298662721396816,40.0,1.0,0.0,0.0,94.1511348728992,1.606395881290067,3.920695032301181,0.2772208608697804,0.0148511175465953,0.0297022350931907,102.1365872375658,0,0.0,AGRICULTURAL,268.0,30.706526666666665,74.23042333333335
2,4.36,5.66,338.31,340.47,1,1.0,0.2286933309318634,1.0,0.2,2.0,0.8138727335986936,59.34681833996734,40.0,1.0,0.0,0.0,90.97299571792776,0.8564144451870003,6.88844335536249,1.245018687656246,0.0297022350931907,0.0074255587732976,57.00525413900018,0,0.0,AGRICULTURAL,269.0,30.777585,75.213525
4,6.8100000000000005,9.11,342.27500000000003,353.78,1,1.0,0.7286143089965712,1.0,0.2,4.0,0.5784980459756124,57.462451149390304,40.0,1.0,0.0,0.0,91.83931090814583,1.7202544491472984,5.165713719957426,0.9083933566000842,0.0594044701863815,0.3069230959629712,60.95255662124935,0,0.0,AGRICULTURAL,270.0,30.788785000000004,75.35950499999998
5,19.604000000000003,27.96,345.994,351.9,1,1.0,0.9609255495217218,1.0,0.2,5.0,0.509963267215272,57.7490816803818,40.0,1.0,0.0,0.0,88.4161283136556,0.5643424667706245,0.0,3.98752506126086,5.933021459864855,1.0841315809014629,101.48853636922102,0,0.0,AGRICULTURAL,271.0,30.797694,74.30436
4,11.2575,19.49,340.6125,341.85,1,1.0,2.5314598194506663,1.0,0.2,4.0,0.2831690154004228,50.079225385010574,40.0,1.0,0.0,0.0,92.19821291552188,1.2573946189450755,1.1955149625009285,1.413331353184327,0.3886042424692458,2.462810326477068,84.11438699826911,0,0.0,AGRICULTURAL,272.0,30.807475000000004,74.55213
2,11.47,20.67,338.11,342.6,2,3.0,0.9415178074215966,0.6666666666666666,0.6,0.6666666666666666,0.5150609467383844,49.20985700179294,40.0,1.0,0.0,0.0,94.23281601940546,4.386030048761169,0.1633622930125492,0.962847454270934,0.2549441845498874,0.0,68.19184225205636,0,0.0,AGRICULTURAL,273.0,30.81752,74.853395
2,14.885,15.26,342.755,344.36,1,1.0,0.3102160163240888,1.0,0.2,2.0,0.7632329230759798,58.0808230768995,40.0,1.0,0.0,0.0,97.821836093166,0.2425682532610579,1.5519417836192173,0.3638523798915868,0.0,0.0198014900621271,81.6090855888971,0,0.0,AGRICULTURAL,274.0,30.82693,74.588615
2,25.105,29.49,343.74,346.93,1,1.0,0.1786701409995882,1.0,0.2,2.0,0.8484137887398552,60.21034471849638,40.0,1.0,0.0,0.0,90.00767307739908,1.0618549045815695,7.14833791242791,1.0593797183238038,0.0396029801242543,0.623746936957006,74.57714411499184,0,0.0,AGRICULTURAL,275.0,30.83328,74.699645
3,4.1433333333333335,7.25,339.29,346.68,2,2.0,0.7712908681555259,1.0,0.4,1.5,0.5645600155107875,57.11400038776969,40.0,1.0,0.0,0.0,97.22284101878668,0.841563327640405,1.220266825078587,0.7079032697210466,0.0049503725155317,0.0024751862577658,70.44672307390513,0,0.0,AGRICULTURAL,276.0,30.843100000000003,74.76149
2,6.779999999999999,10.2,340.77,340.98,2,2.0,0.4271277749240696,1.0,0.4,1.0,0.7007081058689402,59.51770264672352,40.0,1.0,0.0,0.0,90.95814460038116,0.5816687705749858,3.40833147694364,1.1658127274077374,0.4727605752332863,2.0445038489146308,82.01731362614481,0,0.0,AGRICULTURAL,277.0,30.84803,74.554765
5,10.656,17.95,337.852,341.32,3,3.0,1.4640464983735066,1.0,0.6,1.6666666666666667,0.4058364972658147,58.47924576497869,40.0,1.0,0.0,0.0,93.48035939704464,0.408405732531373,5.217692631370511,0.6757258483700899,0.0618796564441474,0.143560802950422,83.87727355991703,0,0.0,AGRICULTURAL,278.0,30.860708,74.51200800000001
3,3.203333333333333,3.43,333.56,335.09,2,3.0,0.5894568457069391,0.6666666666666666,0.6,1.0,0.6291457378669707,52.72864344667427,40.0,1.0,0.0,0.0,98.25994406079056,1.2722457364916708,0.2895967921586099,0.1707878517858468,0.0,0.0074255587732976,92.43493113559876,0,0.0,AGRICULTURAL,279.0,30.87541333333333,74.37845
2,13.585,22.11,346.88,351.77,2,3.0,0.8583471370433646,0.6666666666666666,0.6,0.6666666666666666,0.5381125948249921,49.78614820395813,40.0,1.0,0.0,0.0,95.950595282295,0.9232444741466797,2.9058686666171627,0.2202915769411648,0.0,0.0,90.21974985796534,0,0.0,AGRICULTURAL,280.0,30.88911,74.395445
2,4.29,6.02,339.775,341.65,1,1.0,0.2620142007555708,1.0,0.2,2.0,0.7923841105760123,58.8096027644003,40.0,1.0,0.0,0.0,97.04710279448528,0.1608871067547833,1.9974753100170783,0.4702853889755204,0.0693052152174451,0.2549441845498874,56.97627641694655,0,0.0,AGRICULTURAL,281.0,30.90757,75.36645
2,5.85,8.66,335.78,341.19,2,4.0,0.7235765470530761,0.5,0.8,0.5,0.5801889110813051,50.50472277703263,40.0,1.0,0.0,0.0,99.83416252072968,0.0396029801242543,0.0,0.1237593128882948,0.0024751862577658,0.0,58.97142203135612,0,0.0,AGRICULTURAL,282.0,30.910845,74.866915
2,5.495,7.7,339.0,343.47,2,2.0,1.068875138133356,1.0,0.4,1.0,0.483354447819529,54.08386119548823,50.0,0.0,0.0,1.0,92.64622162817751,0.3217742135095666,4.85631543773669,1.462835078339645,0.3960298012425435,0.2079156456523353,58.548549023167126,0,0.0,AGRICULTURAL,283.0,30.9085,74.882605
2,10.94,13.22,341.41,341.63,1,1.0,0.4820528282853625,1.0,0.2,2.0,0.6747397804685101,55.868494511712754,40.0,1.0,0.0,0.0,94.95309522041534,0.2054404593945694,4.381079676245638,0.4405831538823296,0.0,0.0198014900621271,61.001495043725775,0,0.0,AGRICULTURAL,284.0,30.9269,74.79227
2,9.07,9.07,344.16,347.38,1,1.0,0.4673319503330201,1.0,0.2,2.0,0.6815090476105585,56.03772619026397,40.0,1.0,0.0,0.0,90.19578723298928,7.702779634167471,1.3489765104824138,0.1584119204970174,0.0792059602485087,0.5024628103264771,73.83168774550404,0,0.0,AGRICULTURAL,285.0,30.953145,74.556195
3,5.853333333333333,8.78,336.99,341.91,2,3.0,0.9048448608146994,0.6666666666666666,0.6,1.0,0.5249771362337096,50.124428405842735,40.0,1.0,0.0,0.0,93.09423034083316,5.160763347441895,1.2623449914606073,0.2252419494566966,0.2574193708076533,0.0,29.84880015789552,0,0.0,AGRICULTURAL,286.0,30.980130000000003,76.27967666666667
3,9.35,10.92,339.8966666666667,341.29,1,1.0,1.0988790437213731,1.0,0.2,3.0,0.4764447970412678,52.91111992603169,40.0,1.0,0.0,0.0,95.00754931808618,1.3143239028736913,2.985074626865672,0.5668176530283904,0.0024751862577658,0.1237593128882948,54.918992995141394,0,0.0,AGRICULTURAL,287.0,31.005336666666665,74.77600333333332
3,4.493333333333333,6.36,340.17333333333335,345.51,2,2.0,1.2071309138233774,1.0,0.4,1.5,0.4530768853523582,54.32692213380896,40.0,1.0,0.0,0.0,79.40645033538773,5.007301799460409,0.2673201158387168,5.843914754585282,4.368703744956808,1.8093611544268704,45.438092388370414,0,0.0,AGRICULTURAL,288.0,31.005260000000003,75.32545333333333
2,3.945,5.02,336.275,340.45,2,4.0,0.6573555618651789,0.5,0.8,0.5,0.6033708294161124,51.0842707354028,40.0,1.0,0.0,0.0,94.82191034875376,1.413331353184327,3.668226034009059,0.094057077795104,0.0024751862577658,0.0,43.75478289352976,0,0.0,AGRICULTURAL,289.0,31.027520000000003,74.95205000000001
3,10.016666666666667,12.2,341.03,341.82,2,2.0,0.4738424813344852,1.0,0.4,1.5,0.6784985591503331,59.96246397875833,40.0,1.0,0.0,0.0,91.5670404197916,2.5667681493032357,1.6534244201876194,0.4826613202643499,0.1237593128882948,0.118808940372763,64.49488154214359,0,0.0,AGRICULTURAL,290.0,31.029156666666665,74.6102
2,23.97,23.97,347.29,352.89,1,1.0,0.5139829698659669,1.0,0.2,2.0,0.6605094112046254,55.51273528011564,40.0,1.0,0.0,0.0,91.82445979059924,3.873666493403628,3.2523947427043884,0.4158312913046706,0.6286973094725378,0.0,44.07651440094403,0,0.0,AGRICULTURAL,291.0,31.0407,75.377925
2,2.21,2.29,333.71500000000003,335.88,2,2.0,0.3782743574669569,1.0,0.4,1.0,0.725544950163505,60.138623754087625,40.0,1.0,0.0,0.0,95.21546496373853,1.5420410385881538,2.9207197841637584,0.3217742135095666,0.0,0.0,50.87266076541813,0,0.0,AGRICULTURAL,292.0,31.07442,74.75271000000001
2,4.215,5.21,335.935,339.0,2,3.0,0.6689331520775877,0.6666666666666666,0.6,0.6666666666666666,0.5991851733277275,51.31296266652651,40.0,1.0,0.0,0.0,91.02744981559864,4.207816638202025,3.648424543946932,0.9034429840845524,0.190589341847974,0.022276676319893,48.025374364774144,0,0.0,AGRICULTURAL,293.0,31.083865000000003,74.783435
3,3.37,4.09,336.1,342.12,2,3.0,0.828994594886798,0.6666666666666666,0.6,1.0,0.5467484719723259,50.66871179930814,40.0,1.0,0.0,0.0,96.36890175985742,0.886116680280191,0.4752357614910522,2.2425187495359027,0.0024751862577658,0.0247518625776589,52.325901481179,0,0.0,AGRICULTURAL,294.0,31.10186,74.70612333333334
2,3.25,3.78,339.665,340.07,1,1.0,0.1323772462521227,1.0,0.2,2.0,0.8830979281063291,61.07744820265823,40.0,1.0,0.0,0.0,86.90873988267617,2.061830152718992,6.450335387737928,3.7078290141333134,0.2227667631989307,0.6460236132768991,56.07292876832353,0,0.0,AGRICULTURAL,295.0,31.146585,74.62611
3,3.96,3.99,339.3966666666667,341.91,1,1.0,0.921005992207424,1.0,0.2,3.0,0.5205605833904257,54.01401458476064,40.0,1.0,0.0,0.0,98.18321328679984,0.3886042424692458,0.8390881413826391,0.5470161629662632,0.0420781663820202,0.0,39.41184641881847,0,0.0,AGRICULTURAL,296.0,31.16119,74.82412666666666
4,8.03,15.02,340.2525,349.02,1,1.0,0.7006209641596824,1.0,0.2,4.0,0.5880205060826849,57.700512652067125,40.0,1.0,0.0,0.0,89.7081755402094,1.079181208385931,5.9676740674735775,2.3563773173931337,0.4579094576866909,0.4306824088512661,28.803104693633276,0,0.0,AGRICULTURAL,297.0,31.189937500000003,74.94591750000001
2,3.3200000000000003,4.73,333.21500000000003,336.37,2,4.0,0.1651684626930448,0.5,0.8,0.5,0.8582449937657151,57.45612484414288,40.0,1.0,0.0,0.0,95.61396995123884,2.31677433726888,1.8044107819113389,0.2425682532610579,0.0173263038043612,0.0049503725155317,36.10460960204826,0,0.0,AGRICULTURAL,298.0,31.248215,74.80134
2,2.145,2.15,330.105,330.18,1,1.0,0.6004792215480145,1.0,0.2,2.0,0.6248128601337171,54.62032150334293,40.0,1.0,0.0,0.0,86.76270389346799,5.168188906215192,5.039479220811366,1.8068859681691047,0.2004900868790376,0.9950248756218906,64.96927031242417,0,0.0,AGRICULTURAL,299.0,31.254685,74.479555
2,5.99,6.06,340.515,342.37,1,1.0,0.4038023528512767,1.0,0.2,2.0,0.7123509929790972,56.80877482447744,40.0,1.0,0.0,0.0,99.00497512437812,0.5890943293482834,0.3267245860250984,0.0767307739907428,0.0,0.0024751862577658,16.675367852611217,0,0.0,AGRICULTURAL,300.0,31.28962,75.01019
2,3.495,4.42,338.545,340.32,1,1.0,0.276276890989278,1.0,0.2,2.0,0.7835290343813025,58.58822585953256,40.0,1.0,0.0,0.0,92.56949085418678,3.569218583698423,3.519714858543105,0.2821712333853122,0.022276676319893,0.0371277938664884,12.402268371686729,0,0.0,AGRICULTURAL,301.0,31.308675,75.24267
2,6.57,7.63,340.695,340.77,2,4.0,0.7413613331318698,0.5,0.8,0.5,0.574263354177896,50.3565838544474,40.0,1.0,0.0,0.0,95.2402168263162,3.3811044281082148,0.8489888864137027,0.4999876240687112,0.0,0.0297022350931907,27.025436587800463,0,0.0,AGRICULTURAL,302.0,31.40295,74.86263
2,6.13,6.13,337.96500000000003,340.25,1,1.0,0.5217678958169008,1.0,0.2,2.0,0.6571304354289782,55.428260885724455,40.0,1.0,0.0,0.0,94.6065691443281,3.9578228261676696,1.3811539318333703,0.0519789114130838,0.0,0.0024751862577658,12.379199468214734,0,0.0,AGRICULTURAL,303.0,31.444315,75.256255
2,10.14,11.24,339.085,340.46,1,1.0,0.5151292200945661,1.0,0.2,2.0,0.6600097118697146,55.50024279674286,40.0,1.0,0.0,0.0,97.27729511645752,1.2524442464295438,1.3638276280290091,0.0816811465062746,0.0247518625776589,0.0,7.818904248485901,1,540.0,AGRICULTURAL,304.0,31.450725,75.17299
3,7.16,7.16,335.7,340.66,1,1.0,0.7524037040148408,1.0,0.2,3.0,0.5706447650783618,55.26611912695905,40.0,1.0,0.0,0.0,92.76255538229252,5.049379965842429,2.1162842503898416,0.0668300289596792,0.0,0.0049503725155317,41.72838433290086,0,0.0,AGRICULTURAL,305.0,31.50117333333333,75.56442666666668
3,1.6033333333333333,2.4,321.41,332.19,2,2.0,1.153915481622536,1.0,0.4,1.5,0.4642707703863588,54.606769259658975,40.0,1.0,0.0,0.0,95.56941659859903,2.69052746219153,1.2549194326873097,0.4405831538823296,0.0024751862577658,0.0420781663820202,105.65065098364006,0,0.0,AGRICULTURAL,306.0,31.519996666666668,74.04416333333334
2,10.39,12.09,340.13,340.74,1,1.0,0.5206861526825105,1.0,0.2,2.0,0.65759788647775,55.43994716194375,40.0,1.0,0.0,0.0,93.52491274968442,1.6435236751565556,2.673201158387169,2.0049008687903767,0.143560802950422,0.0099007450310635,41.34499960556173,0,0.0,AGRICULTURAL,307.0,31.5982,75.50304
7,10.575714285714286,22.96,340.92285714285714,352.67,2,2.0,1.220938884509082,1.0,0.4,3.5,0.4502600260524686,58.25650065131172,40.0,1.0,0.0,0.0,78.52775921388084,3.777134229350759,4.158312913046707,7.596346625083537,3.405856290685874,2.5123140516323854,95.24624632736894,0,0.0,AGRICULTURAL,308.0,31.684915714285715,74.20551142857143
3,2.16,3.25,324.59,337.0,2,3.0,1.561776099513596,0.6666666666666666,0.6,1.0,0.3903541766159306,46.75885441539827,40.0,1.0,0.0,0.0,81.5648127521596,8.190391326947353,1.9430212123462287,3.5840697012450184,0.480186134006584,3.881092052176927,101.33820235455,0,0.0,AGRICULTURAL,309.0,31.681563333333333,74.1358
3,5.326666666666667,8.55,332.86,334.99,3,3.0,0.6842517680072894,1.0,0.6,1.0,0.5937354610487616,61.84338652621904,40.0,1.0,0.0,0.0,98.70300240093069,0.3514764486027574,0.7970099750006189,0.1336600579193584,0.0,0.0148511175465953,60.912596972780086,0,0.0,AGRICULTURAL,310.0,31.73830333333333,74.65603666666667
2,2.8200000000000003,3.42,334.20000000000005,337.67,1,1.0,0.4630040649921633,1.0,0.2,2.0,0.6835251001201809,56.08812750300453,40.0,1.0,0.0,0.0,98.98022326180045,0.5148387416153066,0.4381079676245637,0.0668300289596792,0.0,0.0,61.65077443553257,0,0.0,AGRICULTURAL,311.0,31.79236,74.706065
2,1.54,1.64,308.145,313.69,1,1.0,0.4884185627618223,1.0,0.2,2.0,0.6718540234706953,55.79635058676738,40.0,1.0,0.0,0.0,80.2727655256058,4.653350164599886,12.707606247370116,1.215316452563055,0.527214672904136,0.623746936957006,46.62907666204981,0,0.0,AGRICULTURAL,312.0,30.748825,76.142955
3,1.5033333333333332,2.43,314.3066666666667,332.48,2,4.0,0.5476131043996803,0.5,0.8,0.75,0.6461563275453787,52.65390818863447,50.0,0.0,0.0,1.0,20.336130293804608,11.16556520878196,48.68196331773967,10.029454716467416,0.695527338432217,9.081458379743076,66.01105171157026,0,0.0,AGRICULTURAL,313.0,30.929546666666667,75.90452333333333
2,0.625,0.64,303.58,303.83,2,3.0,0.0427410416540446,0.6666666666666666,0.6,0.6666666666666666,0.959010876193914,60.30860523818118,50.0,0.0,0.0,1.0,31.68733447191901,24.949877478280243,27.890398752506123,7.626048860176728,0.7747332986807257,7.017153040766318,77.79176801127825,0,0.0,AGRICULTURAL,314.0,31.617055,74.372795
2,4.83,4.83,332.67999999999995,333.02,1,1.0,0.6081360635972621,1.0,0.2,2.0,0.6218379294119466,54.54594823529867,40.0,1.0,0.0,0.0,93.37145120170293,4.455335263978615,2.042028662656865,0.1089081953416994,0.0074255587732976,0.0148511175465953,21.845831223095463,0,0.0,AGRICULTURAL,315.0,29.51815,75.96826
2,3.75,5.32,337.175,342.06,1,1.0,0.4083015319947901,1.0,0.2,2.0,0.7100752056866323,56.75188014216581,40.0,1.0,0.0,0.0,91.83931090814583,0.2252419494566966,1.826687458231232,3.18556471374471,1.8440137620355928,1.079181208385931,60.8330889687309,0,0.0,AGRICULTURAL,316.0,29.554365,74.47840500000001
2,5.380000000000001,8.05,334.57,334.95,2,2.0,0.3645070527010053,1.0,0.4,1.0,0.7328653948842013,60.32163487210504,40.0,1.0,0.0,0.0,99.725254325388,0.0148511175465953,0.0198014900621271,0.2103908319101012,0.0297022350931907,0.0,58.45014407633098,0,0.0,AGRICULTURAL,317.0,29.59553,74.48655
2,3.02,3.48,335.64,335.66,1,1.0,0.3997936137271914,1.0,0.2,2.0,0.714391028929849,56.85977572324623,10.0,0.0,1.0,0.0,88.72552659587633,6.965174129353234,3.692977896586718,0.4232568500779683,0.0816811465062746,0.1113833815994653,41.35479959623081,0,0.0,AGRICULTURAL,318.0,29.7596,75.85361
2,4.17,5.62,334.97,335.93,1,1.0,0.920859423057678,1.0,0.2,2.0,0.5206003042160013,52.01500760540003,10.0,0.0,1.0,0.0,88.26761713818965,1.650949233929853,9.388381475706046,0.6262221232147719,0.0247518625776589,0.0420781663820202,45.21657184499911,0,0.0,AGRICULTURAL,319.0,29.803025,75.84611000000001
3,10.776666666666666,13.95,338.08,340.96,2,3.0,1.1056039721293949,0.6666666666666666,0.6,1.0,0.474923116234769,48.87307790586922,40.0,1.0,0.0,0.0,86.19588624043959,0.168312665528081,10.66557758471325,0.623746936957006,2.34647657236207,0.0,36.9159205190564,0,0.0,AGRICULTURAL,320.0,29.81614,75.60078333333333
3,4.336666666666667,6.73,333.00333333333333,334.57,1,1.0,0.4464558516176934,1.0,0.2,3.0,0.6913449856638318,58.2836246415958,40.0,1.0,0.0,0.0,95.57684215737234,0.5420657904507314,1.3489765104824138,1.5544169698769832,0.9776985718175292,0.0,40.054052708852765,0,0.0,AGRICULTURAL,321.0,29.872133333333338,75.65001666666667
2,3.875,4.44,332.51,334.74,2,3.0,0.7083146391854662,0.6666666666666666,0.6,0.6666666666666666,0.5853722593378966,50.96763981678074,40.0,1.0,0.0,0.0,98.7822083611792,0.7772084849384916,0.2351426944877602,0.1559367342392515,0.0420781663820202,0.0074255587732976,26.07335593771458,0,0.0,AGRICULTURAL,322.0,29.89902,75.507835
2,6.82,6.82,332.365,333.06,1,1.0,0.3881012112440539,1.0,0.2,2.0,0.7204085637990135,57.01021409497534,40.0,1.0,0.0,0.0,84.40632657607485,7.462686567164178,3.744956807999802,1.873715997128784,1.1435360510878445,1.2796712952649687,2.295528764614447,1,165.0,AGRICULTURAL,323.0,29.917105,74.98117500000001
2,6.779999999999999,7.67,337.97,339.85,2,2.0,0.5327155162864918,1.0,0.4,1.0,0.652436795591937,58.31091988979843,40.0,1.0,0.0,0.0,96.04960273260563,1.636098116383258,1.2549194326873097,0.3539516348605233,0.6683002895967922,0.0371277938664884,72.20167143186649,0,0.0,AGRICULTURAL,324.0,29.9528,76.126425
2,4.915,5.5,339.245,340.16,2,3.0,0.8849567814579695,0.6666666666666666,0.6,0.6666666666666666,0.5305161422462554,49.59623688948972,40.0,1.0,0.0,0.0,98.6633994208064,0.4999876240687112,0.383653869953714,0.4381079676245637,0.0123759312888294,0.0024751862577658,20.688074037529177,0,0.0,AGRICULTURAL,325.0,29.955440000000003,75.45066
3,6.676666666666666,10.77,332.04,332.84,1,1.0,0.583454818876595,1.0,0.2,3.0,0.631530491479046,56.78826228697616,40.0,1.0,0.0,0.0,95.19318828741862,1.5222395485260265,2.933095715452588,0.1014826365684017,0.2252419494566966,0.0198014900621271,4.701586830937128,1,1980.0,AGRICULTURAL,326.0,29.96647333333333,75.24553333333334
2,5.115,5.26,335.815,337.84,1,1.0,0.2755330394162587,1.0,0.2,2.0,0.7839859643758385,58.59964910939597,40.0,1.0,0.0,0.0,99.58977044601554,0.1891129149573768,0.0,0.1280148962788397,0.093101742748247,0.0,8.293142409510024,1,165.0,AGRICULTURAL,327.0,29.994105,74.92822000000001
3,17.12666666666667,24.17,344.6033333333333,351.17,2,2.0,1.2301895062773736,1.0,0.4,1.5,0.4483923887119339,54.20980971779835,40.0,1.0,0.0,0.0,98.60151976436228,1.3341253929358186,0.022276676319893,0.0420781663820202,0.0,0.0,52.32391830215309,0,0.0,AGRICULTURAL,328.0,30.03337,75.76745333333334
4,5.9625,15.4,337.88,344.94,2,2.0,1.9189788803184185,1.0,0.4,2.0,0.342585555086618,52.56463887716546,40.0,1.0,0.0,0.0,97.28224548897305,2.158362416771862,0.2475186257765897,0.2747456746120145,0.0272270488354248,0.0099007450310635,61.23963971875268,0,0.0,AGRICULTURAL,329.0,30.033495,75.86218
2,4.16,5.02,342.685,345.37,2,2.0,0.8964648058241097,1.0,0.4,1.0,0.5272968931081479,55.1824223277037,40.0,1.0,0.0,0.0,97.89114130838344,0.4876116927798817,0.4851365065221158,0.960372268013168,0.0272270488354248,0.1485111754659538,60.37831108162685,0,0.0,AGRICULTURAL,330.0,30.04638,75.84986
2,3.86,5.28,335.46000000000004,337.72,2,2.0,0.9296008137038234,1.0,0.4,1.0,0.5182419041794056,54.95604760448515,40.0,1.0,0.0,0.0,96.13623425162744,3.861290562114799,0.0024751862577658,0.0,0.0,0.0,38.37592294799663,0,0.0,AGRICULTURAL,331.0,30.09212,75.587365
3,4.8500000000000005,6.7,339.8366666666667,344.6,2,3.0,0.8970987200064463,0.6666666666666666,0.6,1.0,0.527120697227924,50.1780174306981,40.0,1.0,0.0,0.0,93.74025395411005,2.0519294076879286,2.113809064132076,1.0197767381995495,0.955421895497636,0.118808940372763,56.28329434311057,0,0.0,AGRICULTURAL,332.0,30.101910000000004,75.78643333333333
11,10.545454545454549,25.39,338.1881818181818,344.85,3,3.0,2.5006553418288364,1.0,0.6,3.6666666666666665,0.2856607984371215,59.474853294261365,40.0,1.0,0.0,0.0,87.70822504393455,8.041880151481399,3.428132967005768,0.5024628103264771,0.1287096854038266,0.1881141555902081,53.182959220341125,0,0.0,AGRICULTURAL,333.0,30.10170909090909,75.75200545454547
2,5.275,6.77,335.435,335.61,1,1.0,0.5841604208127301,1.0,0.2,2.0,0.631249201067001,54.78123002667503,40.0,1.0,0.0,0.0,83.0746763693968,3.2499195564466223,11.74475879309918,1.0890819534169949,0.4876116927798817,0.3539516348605233,17.253522905552554,0,0.0,AGRICULTURAL,334.0,30.112215,75.18458
3,13.75,19.34,327.44,338.59,2,3.0,0.6577086235705946,0.6666666666666666,0.6,1.0,0.6032423224330379,52.081058060825946,40.0,1.0,0.0,0.0,88.28246825573625,4.831563575159031,4.02960322764288,1.8118363406846365,0.8687903764758299,0.1757382243013787,13.04722967220744,0,0.0,AGRICULTURAL,335.0,30.15406,75.12749666666666
2,6.22,9.94,337.81,343.4,2,2.0,0.621171407192866,1.0,0.4,1.0,0.6168379207548119,57.4209480188703,40.0,1.0,0.0,0.0,89.43590505185514,4.9231454666963685,4.742456869879459,0.4331575951090319,0.3242493997673324,0.1064330090839335,41.12547649374599,0,0.0,AGRICULTURAL,336.0,30.156785,75.574795
2,10.35,12.13,337.86,341.95,1,1.0,0.2424517235727088,1.0,0.2,2.0,0.8048602460983101,59.12150615245775,40.0,1.0,0.0,0.0,81.68114650627459,11.163090022524196,2.398455483775154,0.2821712333853122,4.235043687037449,0.1534615479814856,43.29972938909316,0,0.0,AGRICULTURAL,337.0,30.188105,76.43996
5,6.194,12.96,341.934,353.54,3,3.0,1.903999015924539,1.0,0.6,1.6666666666666667,0.3443527337703427,56.9421516775919,40.0,1.0,0.0,0.0,95.11150714091237,4.700378703497439,0.1039578228261676,0.0816811465062746,0.0024751862577658,0.0,72.81073195730451,0,0.0,AGRICULTURAL,338.0,30.194470000000003,75.928234
2,3.75,4.69,332.32500000000005,333.8,2,2.0,0.1255188790303977,1.0,0.4,1.0,0.8884790994012213,64.21197748503053,40.0,1.0,0.0,0.0,87.72307616148115,2.616271874458553,4.7152298210440335,2.784584539986634,0.3316749585406301,1.8291626444889977,35.968647535326056,0,0.0,AGRICULTURAL,339.0,30.21443,75.53563
2,6.11,8.71,338.275,343.13,1,1.0,0.3998928295577239,1.0,0.2,2.0,0.7143403972687935,56.85850993171984,40.0,1.0,0.0,0.0,82.247964159303,12.89077003044479,1.754907056756021,0.7153288284943442,2.158362416771862,0.1212841266305289,52.58010959928679,0,0.0,AGRICULTURAL,340.0,30.21594,75.710305
2,3.19,3.19,332.415,334.43,1,1.0,0.4078578175309451,1.0,0.2,2.0,0.7102990000465865,56.75747500116466,40.0,1.0,0.0,0.0,88.72305140961856,0.767307739907428,8.212668003267245,0.5296898591619019,0.8712655627335957,0.8960174253112546,68.59634647046988,0,0.0,AGRICULTURAL,341.0,30.230445,74.339905
5,25.47600000000001,35.12,340.31,353.25,1,1.0,0.6215328088382844,1.0,0.2,5.0,0.6167004420443583,60.41751105110895,40.0,1.0,0.0,0.0,82.4212271973466,4.492463057845103,9.46511224969679,1.727680007920596,1.445508774535284,0.4480087126556273,58.722056399250015,0,0.0,AGRICULTURAL,342.0,30.250498,76.080592
2,3.455,3.84,335.96500000000003,336.94,1,1.0,0.1404914575158189,1.0,0.2,2.0,0.8768149848120451,60.92037462030113,40.0,1.0,0.0,0.0,87.74535283780105,2.7177545110269548,8.853741244028614,0.2673201158387168,0.361377193633821,0.0272270488354248,15.144299021204189,0,0.0,AGRICULTURAL,343.0,30.262235,75.32370499999999
2,7.15,7.15,343.62,344.34,1,1.0,0.4022269602181185,1.0,0.2,2.0,0.7131513145664012,56.82878286416003,40.0,1.0,0.0,0.0,61.31036360486127,2.638548550778446,31.43734065988465,3.9033687284968193,0.4975124378109453,0.2128660181678671,63.92268069039139,0,0.0,AGRICULTURAL,344.0,30.26389,75.83168
4,5.0825,5.56,341.05,350.75,3,3.0,1.4261508586945402,1.0,0.6,1.3333333333333333,0.4121755233877248,57.97105475135979,40.0,1.0,0.0,0.0,95.68575035271404,1.895992673448677,1.898467859706443,0.361377193633821,0.0247518625776589,0.1336600579193584,69.33766932663212,0,0.0,AGRICULTURAL,345.0,30.2770675,75.9325975
2,3.815,4.9,338.51,343.5,1,1.0,0.2995592296589855,1.0,0.2,2.0,0.769491668542424,58.2372917135606,40.0,1.0,0.0,0.0,99.24011781886588,0.2475186257765897,0.2079156456523353,0.1237593128882948,0.1806885968169105,0.0,34.479259671361795,0,0.0,AGRICULTURAL,346.0,30.306475,74.809995
2,3.87,4.53,333.675,334.61,1,1.0,0.1900909702980074,1.0,0.2,2.0,0.8402718993402604,60.00679748350651,40.0,1.0,0.0,0.0,90.09677978267864,7.012202668250786,2.373703621197495,0.2326675082299943,0.1831637830746763,0.1014826365684017,48.3267198291409,0,0.0,AGRICULTURAL,347.0,30.3098,75.66691499999999
2,17.39,20.27,344.97,345.11,2,2.0,0.6752235164339732,1.0,0.4,1.0,0.5969352687506961,56.92338171876741,40.0,1.0,0.0,0.0,99.12130887849312,0.4876116927798817,0.1881141555902081,0.1534615479814856,0.0024751862577658,0.047028538897552,63.06915603155889,0,0.0,AGRICULTURAL,348.0,30.33204,75.818635
3,3.206666666666667,4.13,339.38000000000005,342.67,3,3.0,1.1313618420364535,1.0,0.6,1.0,0.4691835897017511,58.72958974254377,40.0,1.0,0.0,0.0,98.34905076607016,1.5494665973614514,0.0693052152174451,0.0321774213509566,0.0,0.0,58.712663111359966,0,0.0,AGRICULTURAL,349.0,30.342966666666666,75.77124666666667
3,12.563333333333334,32.81,333.97,337.22,2,3.0,0.8129806487438562,0.6666666666666666,0.6,1.0,0.55157786747082,50.7894466867705,40.0,1.0,0.0,0.0,82.89151258632212,8.794336773842232,3.603871191307146,3.0593302145986487,1.2895720402960322,0.361377193633821,37.41726231635818,0,0.0,AGRICULTURAL,350.0,30.379563333333333,76.24728666666667
3,4.096666666666667,5.61,335.6333333333334,337.61,1,1.0,0.6150777159549495,1.0,0.2,3.0,0.6191652513815588,56.479131284538965,40.0,1.0,0.0,0.0,90.97299571792776,3.4182322219747032,4.851365065221158,0.4603846439444568,0.0693052152174451,0.2277171357144625,64.36599114520085,0,0.0,AGRICULTURAL,351.0,30.387766666666668,75.93600333333335
2,3.83,4.29,331.97,333.45,2,2.0,0.9147432877853942,1.0,0.4,1.0,0.5222632226362872,55.05658056590719,40.0,1.0,0.0,0.0,96.67087448330489,2.900918294101631,0.3291997722828643,0.0841563327640405,0.0,0.0148511175465953,17.327277326891114,0,0.0,AGRICULTURAL,352.0,30.420715,75.19244499999999
4,2.91,3.8,336.88,340.57,2,2.0,1.5565425423831556,1.0,0.4,2.0,0.3911532796429903,53.77883199107476,40.0,1.0,0.0,0.0,94.18083710799236,5.804311774461028,0.0,0.0123759312888294,0.0024751862577658,0.0,53.78827528757847,0,0.0,AGRICULTURAL,353.0,30.4816175,75.66832500000001
7,3.654285714285714,10.16,334.5885714285714,337.76,3,3.0,2.516991761972586,1.0,0.6,2.333333333333333,0.2843339045636908,56.77501428075893,40.0,1.0,0.0,0.0,98.51241305908268,0.2301923219722284,0.742555877329769,0.4752357614910522,0.0,0.0396029801242543,29.973399546593697,0,0.0,AGRICULTURAL,354.0,30.50465571428572,75.01960571428572
3,5.493333333333333,7.98,340.09,344.32,2,2.0,0.6579580372719529,1.0,0.4,1.5,0.6031515741166923,58.07878935291731,40.0,1.0,0.0,0.0,97.71787827033984,0.5197891141308384,1.2821464815227346,0.477710947748818,0.0,0.0024751862577658,32.888688067063065,0,0.0,AGRICULTURAL,355.0,30.53929,75.29879333333334
2,2.74,3.29,337.17499999999995,340.71,1,1.0,0.2669241320187391,1.0,0.2,2.0,0.7893132467266075,58.73283116816519,40.0,1.0,0.0,0.0,99.48763644464246,0.2227667631989307,0.1980149006212717,0.0915818915373381,0.0,0.0,41.29503862706998,0,0.0,AGRICULTURAL,356.0,30.595445,75.36614
2,3.855,5.05,334.6,335.73,1,1.0,0.2376411212985775,1.0,0.2,2.0,0.8079886671434803,59.19971667858701,40.0,1.0,0.0,0.0,91.62149451746244,3.819212395732779,2.012326427563674,0.9752233855597634,0.9083933566000842,0.5494913492240291,24.466355219079137,0,0.0,AGRICULTURAL,357.0,30.601755,76.32689500000001
2,2.235,3.03,331.535,331.85,1,1.0,0.3228773369987526,1.0,0.2,2.0,0.7559279851817001,57.8981996295425,40.0,1.0,0.0,0.0,91.64872156629788,2.452909581446004,5.032053662038068,0.6856265934011534,0.0594044701863815,0.1212841266305289,72.7365148353964,0,0.0,AGRICULTURAL,358.0,30.64985,75.781035
2,4.26,4.26,332.6,333.88,1,1.0,0.4153932203364108,1.0,0.2,2.0,0.7065174437972226,56.66293609493056,40.0,1.0,0.0,0.0,89.86658746070641,1.012351179426252,4.863740996509987,3.730105690453207,0.2673201158387168,0.2499938120343556,77.76812986511457,0,0.0,AGRICULTURAL,359.0,30.65667,74.492665
2,3.495,4.14,336.70500000000004,341.3,2,3.0,0.7838659154922771,0.6666666666666666,0.6,0.6666666666666666,0.5605802495105352,50.34783957109671,40.0,1.0,0.0,0.0,96.9010668052771,0.5890943293482834,0.6633499170812603,1.5494665973614514,0.0346526076087225,0.262369743323185,53.86137912398204,0,0.0,AGRICULTURAL,360.0,30.74098,75.27953
3,13.82,22.12,338.8566666666666,344.32,1,1.0,0.3911820208741586,1.0,0.2,3.0,0.7188131998511907,58.970329996279766,40.0,1.0,0.0,0.0,92.65859755946634,0.8217618375782778,5.3414519442588055,0.8069107200316825,0.2722704883542486,0.0990074503106358,57.13104330363069,0,0.0,AGRICULTURAL,361.0,30.763386666666666,75.01412666666666
2,7.04,11.89,337.605,343.78,1,1.0,0.9283369655616356,1.0,0.2,2.0,0.5185815642489361,51.964539106223405,40.0,1.0,0.0,0.0,99.00992549689364,0.6806762208856216,0.0841563327640405,0.1881141555902081,0.0346526076087225,0.0024751862577658,75.20508735370183,0,0.0,AGRICULTURAL,362.0,30.78621,74.663555
2,3.48,3.92,338.03,339.43,2,3.0,0.91855133773176,0.6666666666666666,0.6,0.6666666666666666,0.5212266048519019,49.36399845463088,40.0,1.0,0.0,0.0,93.77490656171878,0.6336476819880696,5.237494121432638,0.3465260760872256,0.0,0.0074255587732976,87.91464456712377,0,0.0,AGRICULTURAL,363.0,30.782545,74.470665
2,3.84,4.66,334.61,335.92,1,1.0,0.3957018642200756,1.0,0.2,2.0,0.7164853939339004,56.91213484834752,40.0,1.0,0.0,0.0,97.7723323680107,0.5544417217395609,1.418281725699859,0.2351426944877602,0.0198014900621271,0.0,44.50323101315497,0,0.0,AGRICULTURAL,364.0,30.98795,75.212785
2,2.405,2.46,331.755,332.93,1,1.0,0.4251446875436597,1.0,0.2,2.0,0.7016831404841936,56.54207851210485,40.0,1.0,0.0,0.0,96.14118462414297,0.841563327640405,2.9207197841637584,0.0965322640528699,0.0,0.0,56.44686721517998,0,0.0,AGRICULTURAL,365.0,31.02365,74.728635
2,2.665,2.71,333.165,333.76,2,2.0,0.3526931599421506,1.0,0.4,1.0,0.7392659544776334,60.48164886194084,40.0,1.0,0.0,0.0,97.36887700799484,0.5668176530283904,1.8341130170045297,0.2277171357144625,0.0024751862577658,0.0,52.01802092652295,0,0.0,AGRICULTURAL,366.0,31.057375,74.75504000000001
4,4.25,8.48,335.325,343.2,3,3.0,0.9240610156879524,1.0,0.6,1.3333333333333333,0.5197340374584991,60.660017603129134,40.0,1.0,0.0,0.0,97.93321947476548,0.4752357614910522,1.3489765104824138,0.2277171357144625,0.0,0.0148511175465953,44.0425164817731,0,0.0,AGRICULTURAL,367.0,31.11658,74.80488500000001
2,6.715,6.85,337.41,340.17,1,1.0,0.1572638679299735,1.0,0.2,2.0,0.8641071649361391,60.60267912340348,40.0,1.0,0.0,0.0,84.9681938565877,6.650825474616965,7.024578599539616,0.4108809187891389,0.8935422390534887,0.0346526076087225,62.97577902464591,0,0.0,AGRICULTURAL,368.0,31.135845,74.55102500000001
2,2.8600000000000003,3.02,333.015,333.29,2,2.0,0.0661103075706898,1.0,0.4,1.0,0.9379892426691444,65.44973106672862,40.0,1.0,0.0,0.0,49.40719289126507,38.88517610950224,0.0,0.0,5.7003539516348605,0.1509863617237197,26.771135660453183,0,0.0,AGRICULTURAL,369.0,31.16427,75.031735
2,4.285,5.62,336.565,342.39,1,1.0,0.4271408317419669,1.0,0.2,2.0,0.7007016951364224,56.51754237841055,30.0,0.0,0.0,0.0,98.36390188361676,0.3737531249226504,0.8786911215068934,0.3688027524071186,0.0024751862577658,0.0123759312888294,47.28666966649092,0,0.0,AGRICULTURAL,370.0,31.174395,74.71365
3,5.663333333333334,7.15,340.0433333333333,345.67,2,2.0,0.6550109222557379,1.0,0.4,1.5,0.6042256196333892,58.10564049083473,40.0,1.0,0.0,0.0,99.50991312096237,0.3910794287270117,0.0272270488354248,0.071780401475211,0.0,0.0,58.99751939745547,0,0.0,AGRICULTURAL,371.0,31.288713333333337,74.53544000000001
2,8.985,15.37,339.235,345.09,2,2.0,0.260666177918785,1.0,0.4,1.0,0.7932314021868065,61.830785054670166,40.0,1.0,0.0,0.0,99.32427415162992,0.4331575951090319,0.2425682532610579,0.0,0.0,0.0,27.10886260117909,0,0.0,AGRICULTURAL,372.0,31.498895,75.39862
2,3.97,4.16,333.42,333.65,1,1.0,0.4360075797041052,1.0,0.2,2.0,0.6963751543749189,56.40937885937297,40.0,1.0,0.0,0.0,91.75267938912404,2.1385609267097347,5.569169079973268,0.4059305462736071,0.1237593128882948,0.0074255587732976,26.775986859648267,0,0.0,AGRICULTURAL,373.0,31.53699,74.928365
2,4.77,5.04,335.31,338.7,2,2.0,0.6153852931422598,1.0,0.4,1.0,0.6190473593174743,57.47618398293686,40.0,1.0,0.0,0.0,94.52488799782184,2.92567015667929,1.2301675701096506,0.8465137001559366,0.3910794287270117,0.0767307739907428,50.521204614562855,0,0.0,AGRICULTURAL,374.0,31.55643,74.653585
3,3.0066666666666664,3.78,334.51666666666665,343.09,1,1.0,0.4255194951673436,1.0,0.2,3.0,0.701498649011888,58.5374662252972,40.0,1.0,0.0,0.0,97.20303952872452,2.529640355436747,0.0792059602485087,0.1361352441771243,0.0495037251553179,0.0,56.33394874984518,0,0.0,AGRICULTURAL,375.0,31.57681666666667,74.59708333333334
2,7.17,12.02,337.135,343.7,2,2.0,0.6821971918620301,1.0,0.4,1.0,0.5944606285384987,56.86151571346248,40.0,1.0,0.0,0.0,84.95086755278335,1.5247147347837924,0.0049503725155317,0.3019727234474394,0.3737531249226504,0.767307739907428,35.49567924543031,0,0.0,AGRICULTURAL,376.0,31.609430000000003,75.411735
2,2.755,2.87,331.81,332.31,1,1.0,0.2613077027932897,1.0,0.2,2.0,0.792827949742479,58.82069874356197,40.0,1.0,0.0,0.0,92.44078116878296,2.50983886537462,4.8662161827677535,0.071780401475211,0.1113833815994653,0.0,28.773690831668578,0,0.0,AGRICULTURAL,377.0,31.63385,75.0669
2,1.62,1.64,331.595,332.41,2,2.0,0.6955973726456933,1.0,0.4,1.0,0.5897626501034671,56.74406625258668,40.0,1.0,0.0,0.0,93.08680478205986,4.1830647756243655,2.6335981782629143,0.0915818915373381,0.0049503725155317,0.0,41.0046183189463,0,0.0,AGRICULTURAL,378.0,31.67406,75.41386
2,9.455,13.96,340.175,345.13,1,1.0,0.4139491189853188,1.0,0.2,2.0,0.7072390276091562,56.680975690228905,40.0,1.0,0.0,0.0,82.36924828593352,5.32660082671221,3.1038835672384346,3.272196232766516,1.1435360510878445,2.5543922180144056,101.31134745210932,0,0.0,AGRICULTURAL,379.0,31.695475,74.14180999999999
2,5.44,6.27,331.79999999999995,333.14,1,1.0,0.4156521208093558,1.0,0.2,2.0,0.7063882328861137,56.65970582215285,40.0,1.0,0.0,0.0,93.73777876785228,0.8712655627335957,4.192965520655429,0.9875993168485928,0.0173263038043612,0.1930645281057399,96.44732342966056,0,0.0,AGRICULTURAL,380.0,31.733305,74.2147
2,2.09,2.2,333.135,333.72,1,1.0,0.3101530541129714,1.0,0.2,2.0,0.7632696018688,58.08174004672,40.0,1.0,0.0,0.0,97.07928021583623,1.9801490062127176,0.0396029801242543,0.2301923219722284,0.6534491720501968,0.0173263038043612,53.733694249018,0,0.0,AGRICULTURAL,381.0,29.518145,74.416775
2,25.36,25.36,319.46,335.02,1,1.0,0.4047187000118092,1.0,0.2,2.0,0.7118863015005019,56.79715753751256,40.0,1.0,0.0,0.0,93.65857280760378,1.4356080295042202,2.50983886537462,1.5593673423925152,0.6113710056681766,0.2252419494566966,23.597697412459368,0,0.0,AGRICULTURAL,382.0,29.841185,75.464
2,14.155,24.19,339.845,340.07,1,1.0,0.3741954831647688,1.0,0.2,2.0,0.7276985059629234,57.192462649073086,40.0,1.0,0.0,0.0,98.25004331575953,0.6930521521744512,0.8192866513205119,0.2128660181678671,0.022276676319893,0.0024751862577658,62.77612346867655,0,0.0,AGRICULTURAL,383.0,29.849735,76.15292
2,5.970000000000001,9.48,334.425,334.43,2,2.0,0.7883847646523813,1.0,0.4,1.0,0.5591637883329742,55.97909470832436,40.0,1.0,0.0,0.0,94.6511224969679,0.8786911215068934,2.985074626865672,0.816811465062746,0.3514764486027574,0.3168238409940348,57.9968604084404,0,0.0,AGRICULTURAL,384.0,29.878755,75.959225
2,3.47,3.47,332.32,332.55,1,1.0,0.3910983168124181,1.0,0.2,2.0,0.7188564517074637,56.97141129268659,40.0,1.0,0.0,0.0,80.14900621271751,19.20992054652113,0.022276676319893,0.2425682532610579,0.3737531249226504,0.0024751862577658,52.37371798430329,0,0.0,AGRICULTURAL,385.0,29.963565,74.417215
2,4.5600000000000005,5.33,335.385,335.57,1,1.0,0.377808267681356,1.0,0.2,2.0,0.7257903900394279,57.1447597509857,40.0,1.0,0.0,0.0,96.68524845651262,0.6503626446082839,0.9260924294191692,1.1508721452976085,0.2097944014865431,0.3776299226757777,49.20003957018714,0,0.0,AGRICULTURAL,386.0,29.99456,75.74321
4,15.935,31.82,332.215,341.96,2,2.0,1.3807655457804628,1.0,0.4,2.0,0.4200329603107474,54.50082400776869,40.0,1.0,0.0,0.0,99.30674496370608,0.4975124378109453,0.1264170948536008,0.0652475328276649,0.0,0.004077970801729,60.47132536840153,0,0.0,AGRICULTURAL,387.0,29.998217500000003,75.86086750000001
2,5.23,5.23,331.70500000000004,333.23,1,1.0,0.4017674428586145,1.0,0.2,2.0,0.7133850947206386,56.834627368015965,40.0,1.0,0.0,0.0,83.1395171382352,3.8366449958794986,9.638921954643958,1.8343863504563072,0.6775936269572383,0.6592802856881238,40.61325305248035,0,0.0,AGRICULTURAL,388.0,30.005195,75.65012999999999
2,2.965,3.28,333.0,333.12,2,2.0,0.5683253088484309,1.0,0.4,1.0,0.6376228161071166,57.94057040267791,40.0,1.0,0.0,0.0,98.50251231405164,0.6559243583079627,0.5420657904507314,0.1881141555902081,0.0049503725155317,0.1064330090839335,9.481557238735434,1,1980.0,AGRICULTURAL,389.0,30.00974,75.24392
2,2.5,2.5,330.76,331.14,1,1.0,0.3754300405350737,1.0,0.2,2.0,0.727045338933398,57.17613347333494,40.0,1.0,0.0,0.0,97.62877156506026,0.4430583401400955,0.3935546149847776,0.957897081755402,0.2029652731368035,0.3737531249226504,63.93433544091029,0,0.0,AGRICULTURAL,390.0,30.11992,75.863505
3,6.13,6.16,332.7766666666667,334.6,1,1.0,0.5675246669049248,1.0,0.2,3.0,0.6379484936428456,56.948712341071136,40.0,1.0,0.0,0.0,80.14653102645974,7.212692755129824,8.086433504121185,2.02717754511027,2.3489517586198363,0.165837479270315,26.042022120794304,0,0.0,AGRICULTURAL,391.0,30.144473333333337,74.86629666666666
2,10.545,19.72,341.04999999999995,349.45,2,2.0,0.0110859323863117,1.0,0.4,1.0,0.9890356180110752,66.72589045027688,40.0,1.0,0.0,0.0,94.06450335387738,1.5890695774857058,3.08903244969184,0.8811663077646593,0.1732630380436128,0.1955397143635058,57.26921523811591,0,0.0,AGRICULTURAL,392.0,30.192485,75.755995
2,24.26,24.26,344.855,347.27,1,1.0,0.3766875778482352,1.0,0.2,2.0,0.7263812182884671,57.15953045721168,40.0,1.0,0.0,0.0,95.77980743050917,2.393505111259622,0.5569169079973268,1.150961609861142,0.0519789114130838,0.0668300289596792,43.80774991507201,0,0.0,AGRICULTURAL,393.0,30.209395,75.61729
2,3.19,3.62,336.56,341.9,1,1.0,0.3322434273764882,1.0,0.2,2.0,0.7506135736539106,57.76533934134777,40.0,1.0,0.0,0.0,90.7749808173065,4.871166555283285,2.457859953961536,1.126209747283483,0.4009801737580752,0.3688027524071186,42.008215924341926,0,0.0,AGRICULTURAL,394.0,30.221065,74.688575
2,3.97,6.19,333.025,333.74,1,1.0,0.8591166830950028,1.0,0.2,2.0,0.5378898533335893,52.44724633333973,40.0,1.0,0.0,0.0,98.1782629142843,0.7351303185564714,0.2796960471275463,0.1410856166926561,0.6658251033390262,0.0,17.932107719152075,0,0.0,AGRICULTURAL,395.0,30.238005,75.34984
2,2.27,2.52,334.64,335.91,2,2.0,0.4085897694479355,1.0,0.4,1.0,0.7099299041423018,59.74824760355754,40.0,1.0,0.0,0.0,94.46053315511992,2.143511299225267,2.8167619613375905,0.477710947748818,0.0891067052795722,0.0123759312888294,70.99550945616122,0,0.0,AGRICULTURAL,396.0,30.248655,75.93062
2,3.68,4.0,340.42499999999995,341.89,1,1.0,0.3741455654346035,1.0,0.2,2.0,0.7277249406133536,57.193123515333845,40.0,1.0,0.0,0.0,77.95599118833692,5.480062374693696,12.19771787827034,2.284596915917923,1.6682755377342144,0.4133561050469048,59.906959432179846,0,0.0,AGRICULTURAL,397.0,30.257225,76.06007
2,2.55,2.8,333.895,335.6,1,1.0,0.8001448947388204,1.0,0.2,2.0,0.5555108385567419,52.88777096391855,40.0,1.0,0.0,0.0,97.26739437142643,0.5395906041929655,0.9281948466622114,1.1212593747679511,0.0544540976708497,0.0891067052795722,41.54626255834484,0,0.0,AGRICULTURAL,398.0,30.31664,75.59490500000001
3,6.286666666666666,6.68,339.20666666666665,341.43,2,2.0,0.9969182052246914,1.0,0.4,1.5,0.5007716377083562,55.519290942708906,40.0,1.0,0.0,0.0,93.14373406598848,0.7574069948763644,3.947922081136605,1.1707630999232692,0.7871092299695552,0.1930645281057399,12.590195319496294,0,0.0,AGRICULTURAL,399.0,30.353513333333336,75.08210000000001
2,2.5,2.5,333.375,333.82,1,1.0,0.376658117971095,1.0,0.2,2.0,0.7263967625264797,57.15991906316199,40.0,1.0,0.0,0.0,81.36432266528057,3.683077151555654,9.732432365535509,4.074156580282666,0.5890943293482834,0.5569169079973268,56.17736176570729,0,0.0,AGRICULTURAL,400.0,30.437005,75.71723
2,2.93,2.93,332.59000000000003,332.79,1,1.0,0.4280401059814989,1.0,0.2,2.0,0.7002604449352599,56.5065111233815,40.0,1.0,0.0,0.0,85.7528279002995,10.343803371203682,2.418256973837281,0.7054280834632806,0.3688027524071186,0.4009801737580752,75.74434911878716,0,0.0,AGRICULTURAL,401.0,30.454805,74.40738999999999
2,3.21,3.21,336.78,339.14,1,1.0,0.3802871517932019,1.0,0.2,2.0,0.7244869291877771,57.11217322969443,40.0,1.0,0.0,0.0,98.46785970644292,0.4381079676245637,0.5866191430905175,0.4381079676245637,0.0,0.0693052152174451,22.836326428519516,0,0.0,AGRICULTURAL,402.0,30.46529,75.22612000000001
2,2.22,2.38,330.49,330.83,2,2.0,0.7623495381825699,1.0,0.4,1.0,0.5674243266357104,56.185608165892766,40.0,1.0,0.0,0.0,86.95329323531595,3.1187346847850304,7.111210118561422,1.2796712952649687,0.4158312913046706,1.1212593747679511,56.2232190786889,0,0.0,AGRICULTURAL,403.0,30.47183,75.70167000000001
6,8.975,23.34,339.7066666666667,352.47,2,2.0,1.1276778509005747,1.0,0.4,3.0,0.4699959627707425,57.749899069268565,40.0,1.0,0.0,0.0,98.6856760971263,0.3712779386648845,0.1930645281057399,0.7475062498453008,0.0024751862577658,0.0,35.69420551293906,0,0.0,AGRICULTURAL,404.0,30.47353166666667,75.45049
3,8.29,12.23,337.58666666666664,340.32,2,2.0,1.2870433945745872,1.0,0.4,1.5,0.4372457481009056,53.93114370252265,10.0,0.0,1.0,0.0,82.90141333135318,5.150862602410832,4.232568500779683,1.054429345808272,0.4653350164599886,2.306873592237816,58.33262911331393,0,0.0,AGRICULTURAL,405.0,30.581086666666668,74.67920333333335
2,4.64,4.64,334.525,336.59,1,1.0,0.4036838673190961,1.0,0.2,2.0,0.7124111228192042,56.8102780704801,40.0,1.0,0.0,0.0,94.77735699611397,2.569243335561001,1.735105566693894,0.8390881413826391,0.0445533526397861,0.0346526076087225,37.26236639275052,0,0.0,AGRICULTURAL,406.0,30.579055,75.30642
2,6.75,10.13,341.52,343.89,2,2.0,0.5430736192365684,1.0,0.4,1.0,0.6480572200403163,58.20143050100791,40.0,1.0,0.0,0.0,93.15115962476176,4.883542486572114,0.2648449295809509,0.8514640726714685,0.0519789114130838,0.7574069948763644,43.26967075685944,0,0.0,AGRICULTURAL,407.0,30.65356,75.21325
2,3.32,3.32,332.225,332.32,1,1.0,0.4010804673578683,1.0,0.2,2.0,0.71373488054243,56.84337201356075,40.0,1.0,0.0,0.0,90.84923640503948,1.5544169698769832,6.306774584787505,0.4034553600158412,0.7499814361030668,0.1311848716615925,55.66731268430311,0,0.0,AGRICULTURAL,408.0,30.707230000000003,75.44177
2,5.19,8.38,338.8,345.79,1,1.0,0.893500465162456,1.0,0.2,2.0,0.528122394685656,52.2030598671414,40.0,1.0,0.0,0.0,99.00992549689364,0.0445533526397861,0.0173263038043612,0.4529590851711591,0.0420781663820202,0.4331575951090319,54.02746548871813,0,0.0,AGRICULTURAL,409.0,30.75015,75.22073499999999
2,1.875,2.1,333.63,333.72,1,1.0,0.3809771871725576,1.0,0.2,2.0,0.7241249234879987,57.10312308719997,40.0,1.0,0.0,0.0,97.33917477290166,1.58659439122794,0.0816811465062746,0.91086854285785,0.0767307739907428,0.0,57.26767418016342,0,0.0,AGRICULTURAL,410.0,30.75382,74.9725
2,5.760000000000001,9.05,332.295,333.62,1,1.0,0.3865971556106123,1.0,0.2,2.0,0.7211899980853721,57.0297499521343,50.0,0.0,0.0,1.0,81.57471349719067,10.781911338828246,5.826588450780921,1.5940199500012378,0.1237593128882948,0.0990074503106358,82.43359552840354,0,0.0,AGRICULTURAL,411.0,30.879865,74.51165499999999
2,5.495,5.71,341.19,342.37,1,1.0,0.2818211707944881,1.0,0.2,2.0,0.7801400248212377,58.50350062053094,40.0,1.0,0.0,0.0,85.35184772654142,0.5470161629662632,0.0445533526397861,10.046781020271776,0.6509739857924308,3.358827751788322,113.38305882903926,0,0.0,AGRICULTURAL,412.0,30.985175,74.04961
2,9.68,17.72,337.17999999999995,341.15,1,1.0,0.5383111776735847,1.0,0.2,2.0,0.65006353364234,55.2515883410585,40.0,1.0,0.0,0.0,91.23784064750872,3.784559788124056,4.551867528031484,0.1806885968169105,0.240093067003292,0.0049503725155317,40.40636108572572,0,0.0,AGRICULTURAL,413.0,31.177145,76.19060999999999
2,2.855,2.86,335.54,336.1,1,1.0,0.3781809919207228,1.0,0.2,2.0,0.7255941025614747,57.13985256403687,40.0,1.0,0.0,0.0,95.76000594044704,0.8267122100938097,2.848939382688547,0.2722704883542486,0.0990074503106358,0.1930645281057399,21.75158300398293,0,0.0,AGRICULTURAL,414.0,31.1908,75.181325
2,1.77,1.77,333.24,334.74,1,1.0,0.3718300876532356,1.0,0.2,2.0,0.728953249385776,57.22383123464441,40.0,1.0,0.0,0.0,50.51855152100195,46.325586000346526,2.440533650157174,0.262369743323185,0.1782134105591445,0.0272270488354248,31.964325451481542,0,0.0,AGRICULTURAL,415.0,31.281375,76.39883
2,3.43,3.43,333.3,334.16,1,1.0,0.3843506041072212,1.0,0.2,2.0,0.7223603594588727,57.05900898647182,40.0,1.0,0.0,0.0,91.15120912848693,2.900918294101631,0.4504838989133932,4.655825350857652,0.2425682532610579,0.52473948664637,51.25393646656296,0,0.0,AGRICULTURAL,416.0,31.303215,74.615185
3,2.7466666666666666,3.0,334.8933333333334,336.91,1,1.0,0.547415356836011,1.0,0.2,3.0,0.646238901263519,57.15597253158797,40.0,1.0,0.0,0.0,95.19318828741862,1.2672953639761393,3.3439766342417263,0.1311848716615925,0.0049503725155317,0.0594044701863815,18.20521577228224,0,0.0,AGRICULTURAL,417.0,31.434206666666668,75.32914666666666
2,13.79,13.79,341.485,349.22,1,1.0,0.4129093468483096,1.0,0.2,2.0,0.7077594908906497,56.69398727226624,40.0,1.0,0.0,0.0,93.5125368183956,5.185515210019554,0.504937996584243,0.3688027524071186,0.4282072225935001,0.0,49.494691042600415,0,0.0,AGRICULTURAL,418.0,31.44502,74.629835
3,10.106666666666667,16.98,345.07,349.18,1,1.0,0.39032641983835,1.0,0.2,3.0,0.7192555544735082,58.9813888618377,40.0,1.0,0.0,0.0,92.98284695923368,3.742481621742036,0.8192866513205119,1.920744536026336,0.0915818915373381,0.4381079676245637,106.69630322271124,0,0.0,AGRICULTURAL,419.0,31.528593333333333,74.03446333333333
2,21.465,25.05,346.675,353.86,1,1.0,0.3843139627362167,1.0,0.2,2.0,0.7223794795968201,57.05948698992051,40.0,1.0,0.0,0.0,93.62887057251058,3.2053662038068365,1.68312665528081,1.2351179426251826,0.0297022350931907,0.2178163906833989,57.57397593642551,0,0.0,AGRICULTURAL,420.0,31.538255,74.567005
2,1.605,1.73,313.31,313.89,1,1.0,0.1619301641395262,1.0,0.2,2.0,0.8606369219621348,60.51592304905338,40.0,1.0,0.0,0.0,98.86636469394324,1.056904532066038,0.0742555877329769,0.0024751862577658,0.0,0.0,62.5755567131084,0,0.0,AGRICULTURAL,421.0,31.000165,75.62744
2,4.03,4.03,335.095,335.95,1,1.0,0.4192799232467372,1.0,0.2,2.0,0.7045826433677758,56.6145660841944,40.0,1.0,0.0,0.0,96.00504937996584,3.881092052176927,0.0816811465062746,0.0321774213509566,0.0,0.0,40.42321180889861,0,0.0,AGRICULTURAL,422.0,30.0177,75.64457999999999
2,13.96,13.96,339.685,340.13,1,1.0,0.4223149328488077,1.0,0.2,2.0,0.7030791682662452,56.57697920665613,10.0,0.0,1.0,0.0,92.71800202965274,5.437984208311676,0.4108809187891389,0.7153288284943442,0.6361228682458354,0.0816811465062746,36.33103577575648,0,0.0,AGRICULTURAL,423.0,30.025405,75.59770499999999
2,4.03,4.03,340.39,340.5,1,1.0,0.4632681499204187,1.0,0.2,2.0,0.6834017401761844,56.08504350440461,40.0,1.0,0.0,0.0,88.73790252716518,2.673201158387169,7.507239919803965,0.4851365065221158,0.4950372515531794,0.1014826365684017,43.19166071781474,0,0.0,AGRICULTURAL,424.0,30.033430000000003,75.66938999999999
2,3.8,3.8,332.08,332.26,1,1.0,0.4884769896845528,1.0,0.2,2.0,0.67182765130412,55.795691282603,50.0,0.0,0.0,1.0,94.121432637806,2.024702358852504,1.4529343333085811,1.319274275389223,0.7004777109477488,0.3811786836959481,47.77866194182119,0,0.0,AGRICULTURAL,425.0,30.03268,74.478855
2,4.56,7.21,337.19,340.94,1,1.0,0.1388380622593001,1.0,0.2,2.0,0.878087968026056,60.9521992006514,50.0,0.0,0.0,1.0,93.21551446746368,1.893517487190911,3.6608004752357615,0.8217618375782778,0.2970223509319076,0.1113833815994653,71.25767565003767,0,0.0,AGRICULTURAL,426.0,30.236825,75.935315
2,3.425,3.69,337.89,338.07,1,1.0,0.2995796385830189,1.0,0.2,2.0,0.7694795842525957,58.23698960631489,40.0,1.0,0.0,0.0,94.11153189277492,2.277171357144625,1.846488948293359,0.6608747308234945,0.2252419494566966,0.8786911215068934,31.02027214510504,0,0.0,AGRICULTURAL,427.0,30.240195,74.844585
2,3.325,3.87,337.875,339.0,1,1.0,0.4562514591886746,1.0,0.2,2.0,0.6866945908896344,56.16736477224086,40.0,1.0,0.0,0.0,93.77985693423427,4.593945694413504,1.0742308358703994,0.1386104304348902,0.1386104304348902,0.240093067003292,66.5206484686932,0,0.0,AGRICULTURAL,428.0,30.39371,75.84336
2,3.91,3.91,338.86,340.03,1,1.0,0.4048660216107549,1.0,0.2,2.0,0.711811649379523,56.79529123448808,40.0,1.0,0.0,0.0,89.80470780426228,3.8860424246924574,4.55434271428925,1.1410608648300786,0.4529590851711591,0.1608871067547833,60.085508081079865,0,0.0,AGRICULTURAL,429.0,30.4579,75.751775
2,7.970000000000001,8.71,338.325,339.95,1,1.0,0.3933822344623083,1.0,0.2,2.0,0.717678161287803,56.94195403219508,40.0,1.0,0.0,0.0,96.66592411078932,2.2053909556694142,0.6583995445657286,0.2450434395188238,0.0198014900621271,0.0990074503106358,58.13200040882917,0,0.0,AGRICULTURAL,430.0,30.51085,75.97319999999999
2,3.345,3.73,339.94500000000005,340.16,1,1.0,0.3093554414495548,1.0,0.2,2.0,0.7637345585037818,58.09336396259455,40.0,1.0,0.0,0.0,98.26489443330613,0.6831514071433875,0.7252295735254077,0.2945471646741417,0.0024751862577658,0.0297022350931907,32.78063187178557,0,0.0,AGRICULTURAL,431.0,30.545385,75.277085
2,8.58,15.14,338.25,344.94,1,1.0,1.0152431030252025,1.0,0.2,2.0,0.4962180485812555,51.40545121453139,40.0,1.0,0.0,0.0,93.8664884532561,1.5247147347837924,2.754882304893443,1.4479839607930498,0.1262344991460607,0.2796960471275463,49.634623573621845,0,0.0,AGRICULTURAL,432.0,30.635255,75.457975
2,4.02,4.35,334.475,337.07,1,1.0,0.454239680725145,1.0,0.2,2.0,0.6876445562958081,56.191113907395206,40.0,1.0,0.0,0.0,97.22531620504444,1.4752110096284743,0.7994851612583848,0.4950372515531794,0.0,0.0024751862577658,65.24808715177532,0,0.0,AGRICULTURAL,433.0,30.74478,74.77143000000001
2,6.625,6.9,339.4,340.21,1,1.0,0.4560737647738736,1.0,0.2,2.0,0.6867783928208464,56.16945982052116,40.0,1.0,0.0,0.0,97.43323185069676,2.4232073463528128,0.047028538897552,0.0965322640528699,0.0,0.0,69.22104672727126,0,0.0,AGRICULTURAL,434.0,30.75013,74.71107
2,5.52,7.24,333.66,334.9,1,1.0,0.4697208567187823,1.0,0.2,2.0,0.680401312554375,56.010032813859375,40.0,1.0,0.0,0.0,97.58174302616273,0.8019603475161505,1.076706022128165,0.3192990272518007,0.0371277938664884,0.0569292839286156,84.03754338269229,0,0.0,AGRICULTURAL,435.0,30.75144,74.49321499999999
2,3.34,4.47,337.505,343.45,1,1.0,0.275447080281855,1.0,0.2,2.0,0.7840388013425181,58.60097003356295,40.0,1.0,0.0,0.0,89.69084923640503,2.408356228806218,2.4355832776416424,1.7771837330759142,0.1584119204970174,2.1063835053587785,82.7988162930485,0,0.0,AGRICULTURAL,436.0,30.83076,74.56458
2,3.935,3.97,340.355,340.66,1,1.0,0.3075277591402627,1.0,0.2,2.0,0.7648021183561937,58.12005295890484,40.0,1.0,0.0,0.0,94.977847082993,0.7871092299695552,3.509814113512042,0.6633499170812603,0.0024751862577658,0.0123759312888294,56.93138403335908,0,0.0,AGRICULTURAL,437.0,30.98969,74.76494
2,6.36,8.91,336.36,337.94,1,1.0,0.4448453909043824,1.0,0.2,2.0,0.6921155760299467,56.30288940074867,40.0,1.0,0.0,0.0,76.64166728546323,3.3736788693349173,0.5098883690997748,2.089057201554417,1.999950496274845,6.838939630207173,44.703067246458026,0,0.0,AGRICULTURAL,438.0,30.99785,76.1182
2,5.28,5.28,333.695,334.78,1,1.0,0.4424478159252453,1.0,0.2,2.0,0.6932659808968957,56.3316495224224,40.0,1.0,0.0,0.0,89.60421771738322,6.918145590455682,1.603920695032301,1.344026137966882,0.455434271428925,0.0668300289596792,39.12013704255713,0,0.0,AGRICULTURAL,439.0,31.07402,76.175535
2,4.615,4.79,340.505,340.56,1,1.0,0.2196961852798357,1.0,0.2,2.0,0.8198763036801409,59.49690759200352,40.0,1.0,0.0,0.0,94.07192891265068,1.0866067671592288,2.306873592237816,1.9850993787282496,0.3539516348605233,0.118808940372763,24.45912910846556,0,0.0,AGRICULTURAL,440.0,31.34243,74.89357
2,3.37,3.44,313.025,315.69,1,1.0,0.2531605089556094,1.0,0.2,2.0,0.7979823756442862,58.94955939110715,50.0,0.0,0.0,1.0,38.90745278582213,10.74478354496176,39.71188831959605,1.8836167421598475,1.3539268829979456,7.338927254275884,1.797995044245185,1,165.0,AGRICULTURAL,441.0,29.910655,74.949115
2,4.44,4.49,339.71500000000003,341.93,1,1.0,0.1930920408082042,1.0,0.2,2.0,0.8381583027933008,59.953957569832525,40.0,1.0,0.0,0.0,99.36635231801192,0.0445533526397861,0.408405732531373,0.118808940372763,0.0618796564441474,0.0,26.13590555955106,0,0.0,AGRICULTURAL,0.0,28.376385,76.62333000000001
3,6.713333333333334,8.32,344.99,352.16,2,2.0,1.253292437478188,1.0,0.4,1.5,0.4437950367060068,54.09487591765018,40.0,1.0,0.0,0.0,55.00606420633153,11.17299076755526,1.9900497512437807,11.984851860102474,19.68515630801218,0.1608871067547833,19.58408163414359,0,0.0,AGRICULTURAL,1.0,29.207443333333337,75.73433333333334
4,7.3575,14.13,350.1375,367.0,1,1.0,0.7290195287787158,1.0,0.2,4.0,0.5783624669099863,57.459061672749655,40.0,1.0,0.0,0.0,91.60664339991584,4.84393950644786,3.262295487735452,0.1633622930125492,0.1237593128882948,0.0,25.61283671211219,0,0.0,AGRICULTURAL,25.0,30.276945,77.1462225
5,6.304,9.17,345.28799999999995,353.56,2,3.0,1.0999885367621651,0.6666666666666666,0.6,1.6666666666666667,0.4761930755783241,50.23816022279144,40.0,1.0,0.0,0.0,91.79970792802158,5.799361401945497,0.0569292839286156,0.4331575951090319,1.539565852330388,0.3391005173139279,14.183276599558,0,0.0,AGRICULTURAL,37.0,30.602108,76.71702
2,9.945,17.52,353.065,367.0,2,4.0,0.5261480938086122,0.5,0.8,0.5,0.6552444052165529,52.38111013041382,40.0,1.0,0.0,0.0,98.74755575357044,0.7623573673918962,0.1485111754659538,0.3168238409940348,0.0173263038043612,0.0074255587732976,18.30484341509852,0,0.0,AGRICULTURAL,43.0,29.338415,76.04613
3,6.626666666666666,8.23,345.4533333333333,353.08,1,1.0,0.7094237173872874,1.0,0.2,3.0,0.5849924684141022,55.62481171035255,40.0,1.0,0.0,0.0,99.08418108462662,0.7004777109477488,0.0173263038043612,0.0742555877329769,0.1237593128882948,0.0,44.82464021002702,0,0.0,AGRICULTURAL,44.0,29.43228,76.41034
2,4.43,4.67,338.98,344.48,1,1.0,0.7024101509107508,1.0,0.2,2.0,0.5874025125290887,53.685062813227226,40.0,1.0,0.0,0.0,91.81455904556816,2.7623078636667406,5.126110739833172,0.2326675082299943,0.0643548427019133,0.0,41.72190523921783,0,0.0,AGRICULTURAL,61.0,30.18375,76.57865
3,7.383333333333334,7.78,342.2333333333333,353.88,1,1.0,0.5995752049477115,1.0,0.2,3.0,0.6251659796343799,56.6291494908595,40.0,1.0,0.0,0.0,92.9457191653672,3.846439444568204,0.5841439568327517,0.9059181703423184,0.5890943293482834,1.0742308358703994,20.609294542226163,0,0.0,AGRICULTURAL,74.0,30.401373333333336,76.69079666666666
2,4.785,5.74,341.415,341.67,1,1.0,0.1177171441158069,1.0,0.2,2.0,0.8946807385611594,61.36701846402899,40.0,1.0,0.0,0.0,90.56954035791192,5.3563030618054,2.893492735328333,0.168312665528081,0.8836414940224252,0.0495037251553179,10.003423834319172,0,0.0,AGRICULTURAL,81.0,30.490165,76.5103
2,6.215,7.1,343.24,344.08,1,1.0,0.0413093447695652,1.0,0.2,2.0,0.960329420861284,63.00823552153211,40.0,1.0,0.0,0.0,88.95819410410634,6.012227420113363,3.564268211182892,0.2128660181678671,1.215316452563055,0.0371277938664884,17.866847633229913,0,0.0,AGRICULTURAL,86.0,30.7169,76.611955
9,6.874444444444444,10.67,340.4977777777778,367.0,2,2.0,1.076752301054667,1.0,0.4,4.5,0.4815210747531883,61.03802686882971,40.0,1.0,0.0,0.0,90.85171159129725,0.9306700329199772,0.6831514071433875,1.6682755377342144,4.0890076978292615,1.772233360560382,32.203689556646545,0,0.0,AGRICULTURAL,88.0,29.60736888888889,76.58408333333334
2,0.62,0.74,302.77,302.82,1,1.0,0.0692422173700197,1.0,0.2,2.0,0.935241785027594,62.38104462568985,50.0,0.0,0.0,1.0,8.601272245736492,3.2499195564466223,68.79780203460311,13.128387911190318,2.9925001856389697,2.886067176555036,18.40513586883684,0,0.0,AGRICULTURAL,89.0,28.20163,76.87305
3,0.6966666666666667,0.78,301.5933333333333,303.63,2,3.0,0.2576168992718453,0.6666666666666666,0.6,1.0,0.7951547093387467,56.87886773346867,40.0,1.0,0.0,0.0,57.59510903195465,2.960322764288013,1.2078908937897577,8.977500556916908,7.022103413281849,21.992029900249992,15.093081573583127,0,0.0,AGRICULTURAL,90.0,28.745663333333336,76.92729999999999
2,0.8200000000000001,0.86,301.06,301.27,1,1.0,0.1605362343972845,1.0,0.2,2.0,0.8616706401410571,60.54176600352643,10.0,0.0,1.0,0.0,18.509442835573378,16.25702334100641,57.90945768669092,0.8093859062894483,0.0594044701863815,2.0494542214301625,3.669435282840926,1,1400.0,AGRICULTURAL,91.0,30.107190000000003,77.28862000000001
2,7.285,7.95,335.1,339.17,1,1.0,0.6135643906653444,1.0,0.2,2.0,0.619745952368009,54.493648809200224,30.0,0.0,0.0,0.0,76.5055320412861,7.1433875399123785,4.480087126556273,8.34880324744437,0.0866315190218064,3.435558525779065,23.88484194133045,0,0.0,AGRICULTURAL,41.0,28.846125,77.30974
2,2.59,2.71,341.27,343.38,1,1.0,0.1097882757196605,1.0,0.2,2.0,0.9010727738599812,61.52681934649953,40.0,1.0,0.0,0.0,92.4878097076805,2.3415261998465384,3.631098240142571,1.225217197594119,0.0173263038043612,0.2425682532610579,39.5929432380451,0,0.0,AGRICULTURAL,66.0,28.006045,77.47722999999999
6,7.975000000000001,19.91,325.2133333333333,341.67,2,2.0,0.8248024032500485,1.0,0.4,3.0,0.5480045391319952,59.70011347829989,60.0,0.0,0.0,0.0,53.79322294002624,4.225142942006386,18.15549120071285,11.422984579589611,9.71263087547338,2.685577089675998,17.34750705448668,0,0.0,AGRICULTURAL,94.0,28.66549833333333,76.93081666666667
2,0.435,0.47,303.925,307.0,2,2.0,0.2139166599351755,1.0,0.4,1.0,0.8237797807745723,62.59449451936431,40.0,1.0,0.0,0.0,74.6837949555704,1.2895720402960322,15.754560530679932,6.950323011806639,0.0519789114130838,1.247493873914012,11.755696698494024,0,0.0,AGRICULTURAL,71.0,28.27248,77.273285
6,5.625000000000001,9.89,333.5083333333334,352.05,3,3.0,0.4819820970198498,1.0,0.6,2.0,0.6747719840954367,65.86929960238592,40.0,1.0,0.0,0.0,26.86567164179105,4.804336526323605,61.16680280191085,3.8563401895992673,1.3885794906066682,1.848964134551125,6.256053954622039,2,1608.0,AGRICULTURAL,73.0,28.805765,77.13427333333334
2,1.075,1.19,309.54,310.34,1,1.0,0.349452242764698,1.0,0.2,2.0,0.7410414154051457,57.52603538512864,50.0,0.0,0.0,1.0,27.009232444741464,10.46013712531868,52.19425261750946,3.603871191307146,2.9627979505457787,2.6806267171604663,25.7592668021077,0,0.0,AGRICULTURAL,134.0,29.12581,75.77856
2,2.225,2.23,316.95,318.2,1,1.0,0.2176948557378773,1.0,0.2,2.0,0.8212238027350766,59.53059506837691,40.0,1.0,0.0,0.0,84.89393826885473,6.205291948219103,5.269671542783595,1.4925373134328357,1.6459988614143213,0.2821712333853122,45.81760987791572,0,0.0,AGRICULTURAL,135.0,29.344275,76.407455
2,5.34,7.26,341.8,346.66,1,1.0,0.394410829778128,1.0,0.2,2.0,0.7171487617886008,56.92871904471502,40.0,1.0,0.0,0.0,80.39404965223633,0.0148511175465953,0.1707878517858468,10.885869161654414,8.353753619959901,0.1806885968169105,58.53608255407317,0,0.0,AGRICULTURAL,137.0,28.203425,75.84942000000001
2,2.725,2.85,332.07,333.44,1,1.0,0.3743739543762001,1.0,0.2,2.0,0.7276040096771764,57.19010024192941,40.0,1.0,0.0,0.0,98.83666245885004,0.7772084849384916,0.2648449295809509,0.0990074503106358,0.022276676319893,0.0,26.476808725795006,0,0.0,AGRICULTURAL,138.0,29.162815,76.030535
2,5.565,5.66,334.96500000000003,336.89,1,1.0,0.4513580583994529,1.0,0.2,2.0,0.6890098512994048,56.22524628248512,40.0,1.0,0.0,0.0,97.06690428454742,2.170738348060691,0.3663275661493527,0.2004900868790376,0.0297022350931907,0.165837479270315,17.617468003881477,0,0.0,AGRICULTURAL,139.0,29.480765,75.95497499999999
4,3.5175,4.39,332.6175,335.02,1,1.0,1.1887412183607138,1.0,0.2,4.0,0.4568836149341415,54.42209037335354,40.0,1.0,0.0,0.0,91.2601173238286,2.9157694116482267,3.165763223682582,0.792059602485087,1.1113586297368878,0.7549318086185985,37.66152017205104,0,0.0,AGRICULTURAL,167.0,30.5722825,76.97064499999999
2,2.36,2.36,334.615,334.9,1,1.0,0.3717703077242681,1.0,0.2,2.0,0.7289850162006892,57.22462540501723,40.0,1.0,0.0,0.0,94.33429865597384,3.08903244969184,2.3563773173931337,0.1287096854038266,0.0891067052795722,0.0024751862577658,19.38366784250194,0,0.0,AGRICULTURAL,181.0,30.384815,76.586615
3,3.11,4.19,322.28,331.54,1,1.0,0.4167393888867942,1.0,0.2,3.0,0.7058461195080854,58.64615298770212,50.0,0.0,0.0,1.0,5.653325412737308,27.89287393876389,45.02611321501943,4.314249647285958,7.230019058934185,7.497339174772902,0.8256382843788117,3,1058.4,AGRICULTURAL,184.0,29.457273333333333,76.86624333333333
2,1.09,1.57,310.325,315.39,2,2.0,0.3202830946851518,1.0,0.4,1.0,0.7574133184205242,60.93533296051311,40.0,1.0,0.0,0.0,83.51278433702136,2.4776614440236626,5.885992920967302,5.158288161184129,2.59399519813866,0.3712779386648845,11.83531306909508,0,0.0,AGRICULTURAL,132.0,28.358495,77.23882499999999
2,4.26,4.98,336.925,339.19,1,1.0,0.1524625456724334,1.0,0.2,2.0,0.8677071578204953,60.69267894551238,40.0,1.0,0.0,0.0,84.6934481819757,3.4776366921610853,6.583995445657285,1.920744536026336,3.0172520482166285,0.2499938120343556,47.44719383419526,0,0.0,AGRICULTURAL,186.0,29.21554,76.32296
18,9.052777777777775,22.73,344.2077777777778,367.0,3,5.0,2.202209100843618,0.6,1.0,3.6,0.3122844163226415,58.00711040806604,40.0,1.0,0.0,0.0,98.51241305908268,0.0321774213509566,0.0,1.4554095195663477,0.0,0.0,40.7735356857608,0,0.0,AGRICULTURAL,0.0,25.049828333333338,77.00849722222225
2,3.635,3.97,331.56,332.11,1,1.0,0.32658772187946,1.0,0.2,2.0,0.7538137007504013,57.84534251876004,40.0,1.0,0.0,0.0,83.69594812009605,0.0,0.0024751862577658,16.222370733397685,0.0792059602485087,0.0,55.959454944103626,0,0.0,AGRICULTURAL,1.0,25.103745,77.191875
2,3.52,3.56,332.96500000000003,334.39,1,1.0,0.2057016264319048,1.0,0.2,2.0,0.8293925943845258,59.73481485961315,40.0,1.0,0.0,0.0,88.63641989059676,0.0519789114130838,0.0,10.90567065171654,0.4059305462736071,0.0,93.27189112255664,0,0.0,AGRICULTURAL,2.0,25.14065,77.761205
2,2.975,3.81,331.005,331.86,1,1.0,0.2169648874654549,1.0,0.2,2.0,0.8217163948605595,59.542909871513984,40.0,1.0,0.0,0.0,67.99089131457143,1.0395782282616768,0.2920719784163758,28.506720130689832,0.0915818915373381,1.962822702408356,100.68606599590032,0,0.0,AGRICULTURAL,3.0,25.338395,77.64484999999999
4,3.21,3.57,339.5175,344.25,3,4.0,0.7649197287813374,0.75,0.8,1.0,0.5665980065226489,58.66495016306622,40.0,1.0,0.0,0.0,99.39357936684736,0.6064206331526447,0.0,0.0,0.0,0.0,69.12539551344655,0,0.0,AGRICULTURAL,4.0,25.60283,79.43986749999999
3,3.83,6.21,332.68,335.25,3,5.0,1.0393849615002322,0.6,1.0,0.6,0.4903439119529302,56.45859779882325,40.0,1.0,0.0,0.0,96.01742531125468,0.8885918665379571,2.0346031038835672,1.0445286007772083,0.0,0.0148511175465953,15.23107362516892,0,0.0,AGRICULTURAL,5.0,25.62087333333333,78.66353666666667
2,3.1950000000000003,3.4,337.065,338.49,2,5.0,0.7291655316563502,0.4,1.0,0.4,0.5783136326122058,52.25784081530514,40.0,1.0,0.0,0.0,81.48065641939556,8.239895052102671,5.348877503032103,4.623647929506696,0.0,0.3069230959629712,54.98769338182348,0,0.0,AGRICULTURAL,6.0,25.84897,80.78233
3,4.246666666666667,4.44,338.9066666666667,343.01,1,1.0,0.4089421175556255,1.0,0.2,3.0,0.7097523649409393,58.74380912352349,40.0,1.0,0.0,0.0,97.71787827033984,0.7970099750006189,1.0272022969728472,0.4133561050469048,0.0,0.0445533526397861,44.7574670804612,0,0.0,AGRICULTURAL,7.0,25.86357666666667,78.53733666666666
3,3.4566666666666666,4.85,334.56,336.2,2,4.0,1.0898460367392486,0.5,0.8,0.75,0.4785041493105794,48.462603732764485,40.0,1.0,0.0,0.0,98.5767679017846,0.3886042424692458,0.4826613202643499,0.52473948664637,0.0,0.0272270488354248,72.09393626033368,0,0.0,AGRICULTURAL,8.0,25.88412,78.16748
3,4.303333333333334,4.86,338.7933333333333,345.97,2,3.0,0.7363286157928001,0.6666666666666666,0.6,1.0,0.5759278462063497,51.39819615515875,50.0,0.0,0.0,1.0,98.54459048043364,0.2450434395188238,0.6410732407613673,0.5643424667706245,0.0,0.0049503725155317,51.62765024527967,0,0.0,AGRICULTURAL,9.0,25.916726666666666,78.5023
2,4.02,6.09,332.23,332.3,2,4.0,0.7561497552834604,0.5,0.8,0.5,0.5694275200571319,50.2356880014283,40.0,1.0,0.0,0.0,97.81193534813497,0.0742555877329769,0.4009801737580752,1.68312665528081,0.0,0.0297022350931907,60.78336103583794,0,0.0,AGRICULTURAL,10.0,25.922025,78.35468499999999
2,1.815,2.01,337.275,339.41,2,3.0,0.754242529859663,0.6666666666666666,0.6,0.6666666666666666,0.5700466058589965,50.58449847980824,40.0,1.0,0.0,0.0,97.72777901537091,0.1980149006212717,1.4950124996906016,0.5791935843172199,0.0,0.0,70.44500404950332,0,0.0,AGRICULTURAL,11.0,25.963765,79.48433
6,3.4166666666666665,3.98,336.31666666666666,347.06,3,5.0,2.138296098045123,0.6,1.0,1.2,0.3186442479480856,53.36610619870215,40.0,1.0,0.0,0.0,95.7253533328383,1.8563896933244228,1.62867255760996,0.6435484270191332,0.0049503725155317,0.1410856166926561,50.09408744020069,0,0.0,AGRICULTURAL,12.0,25.963965,78.76911666666666
4,5.215,7.4,338.6375,347.44,1,1.0,0.7044456324246746,1.0,0.2,4.0,0.5867010252344869,57.66752563086217,40.0,1.0,0.0,0.0,98.52726417662927,0.3514764486027574,0.1163337541149971,1.0049256206529542,0.0,0.0,55.0011121006279,0,0.0,AGRICULTURAL,13.0,26.0067,78.80077
2,1.58,1.64,332.53,333.28,1,1.0,0.2890057626252797,1.0,0.2,2.0,0.7757917218021816,58.39479304505454,40.0,1.0,0.0,0.0,85.83450904680578,6.683002895967921,2.046979035172397,5.38105492438306,0.0,0.0544540976708497,59.91725148057107,0,0.0,AGRICULTURAL,14.0,26.04974,78.817525
2,5.735,7.73,346.175,354.74,2,4.0,0.8288314310192323,0.5,0.8,0.5,0.5467972515338314,49.66993128834578,40.0,1.0,0.0,0.0,99.61387094378853,0.2029652731368035,0.0792059602485087,0.1039578228261676,0.0,0.0,61.24983384726058,0,0.0,AGRICULTURAL,15.0,26.06412,78.77756
13,7.164615384615384,18.06,338.15076923076924,367.0,4,5.0,3.252728589984528,0.8,1.0,2.6,0.2351431507656213,60.078578769140535,40.0,1.0,0.0,0.0,97.7352045741442,0.673250662112324,1.0272022969728472,0.5148387416153066,0.0,0.0495037251553179,61.851093537725625,0,0.0,AGRICULTURAL,16.0,26.06789307692308,78.70665692307692
2,2.28,2.41,333.385,335.02,2,3.0,1.0503583194486632,0.6666666666666666,0.6,0.6666666666666666,0.4877196295469456,48.52632407200697,40.0,1.0,0.0,0.0,96.80453454122424,1.2648201777183734,1.7598574292715528,0.1707878517858468,0.0,0.0,67.61383809910627,0,0.0,AGRICULTURAL,17.0,26.114615,78.860275
2,3.775,5.14,343.34000000000003,354.32,2,3.0,0.0791749143864904,0.6666666666666666,0.6,0.6666666666666666,0.9266338446798486,59.49917945032954,40.0,1.0,0.0,0.0,97.54214004603844,0.9331452191777432,1.3118487166159254,0.2128660181678671,0.0,0.0,71.82413303954294,0,0.0,AGRICULTURAL,18.0,26.228375,78.96208
3,3.03,6.16,344.3033333333333,367.0,2,2.0,1.1325031713910283,1.0,0.4,1.5,0.4689324796397379,54.72331199099345,40.0,1.0,0.0,0.0,86.05727581000471,11.559119823766736,1.2623449914606073,1.0841315809014629,0.0,0.0371277938664884,27.57745382253187,0,0.0,AGRICULTURAL,19.0,26.271106666666668,80.08601
2,5.18,5.71,341.20000000000005,352.18,1,1.0,0.3558684291182161,1.0,0.2,2.0,0.7375346888564595,57.43836722141149,40.0,1.0,0.0,0.0,95.04220192569493,1.0742308358703994,2.947946832999183,0.695527338432217,0.0,0.240093067003292,37.60952425442004,0,0.0,AGRICULTURAL,20.0,26.317825,79.37844000000001
4,2.88,6.0,333.7625,337.59,3,5.0,1.5107111143670149,0.6,1.0,0.8,0.3982935329667004,54.55733832416752,40.0,1.0,0.0,0.0,94.74022920224748,1.9083686047375064,1.2697705502339052,1.962822702408356,0.0,0.118808940372763,59.71078336559429,0,0.0,AGRICULTURAL,21.0,26.448145,78.37713
2,4.4,4.63,336.51,338.78,2,5.0,0.9385796043281956,0.4,1.0,0.4,0.5158415975115681,50.69603993778921,40.0,1.0,0.0,0.0,96.458008465137,1.1163090022524196,1.512338803494963,0.8762159352491274,0.0074255587732976,0.0297022350931907,53.02038595065645,0,0.0,AGRICULTURAL,22.0,26.451880000000003,78.301965
5,8.406,18.5,350.254,367.0,3,4.0,1.3769949793466087,0.75,0.8,1.25,0.4206992478692071,55.51748119673018,40.0,1.0,0.0,0.0,98.42083116754536,0.3935546149847776,0.7079032697210466,0.3688027524071186,0.0,0.1089081953416994,60.70747244630198,0,0.0,AGRICULTURAL,23.0,26.502492,78.41637
2,1.53,1.57,331.06,331.36,2,4.0,0.5031863597191885,0.5,0.8,0.5,0.6652535086779332,52.63133771694832,40.0,1.0,0.0,0.0,92.25266701319276,3.423182594490235,3.391005173139279,0.9232444741466797,0.0049503725155317,0.0049503725155317,27.51414126599778,0,0.0,AGRICULTURAL,24.0,26.66916,79.25557
2,2.895,3.02,336.905,337.78,1,1.0,0.1620317362809292,1.0,0.2,2.0,0.860561694468423,60.51404236171057,40.0,1.0,0.0,0.0,86.6315190218064,6.039454468948788,4.74740724239499,1.663325165218683,0.0,0.8737407489913616,34.713742420373705,0,0.0,AGRICULTURAL,25.0,26.802390000000003,79.238565
2,5.98,6.82,339.875,342.78,1,1.0,0.2859818045015615,1.0,0.2,2.0,0.7776159790904614,58.440399477261536,40.0,1.0,0.0,0.0,78.24063760798,16.808989876488205,3.58902007376055,0.1757382243013787,0.0049503725155317,1.1781886586965669,47.06446287695458,0,0.0,AGRICULTURAL,26.0,27.13324,81.262605
2,2.315,2.53,335.495,338.45,1,1.0,0.3175180787697812,1.0,0.2,2.0,0.7590028676750604,57.97507169187652,40.0,1.0,0.0,0.0,98.98764882057375,0.071780401475211,0.0,0.0767307739907428,0.0,0.0594044701863815,79.81860455156377,0,0.0,AGRICULTURAL,27.0,27.572815,77.43860000000001
2,4.02,5.02,335.535,339.29,1,1.0,0.430448613706085,1.0,0.2,2.0,0.6990813863695144,56.47703465923786,40.0,1.0,0.0,0.0,86.80725724610777,1.3588772555134774,1.1163090022524196,3.410806663201406,0.0,0.2945471646741417,69.09750700685663,0,0.0,AGRICULTURAL,28.0,27.680235,77.45909
2,3.59,4.93,338.625,341.48,2,3.0,0.9335258301160856,0.6666666666666666,0.6,0.6666666666666666,0.5171898841092605,49.26308043606484,40.0,1.0,0.0,0.0,94.99022301428182,3.4949629959654462,0.0099007450310635,1.5024380584638994,0.0,0.0024751862577658,71.46677724003236,0,0.0,AGRICULTURAL,29.0,27.696735,77.402155
2,3.715,3.91,337.77,338.89,1,1.0,0.2384124968498787,1.0,0.2,2.0,0.8074853916152146,59.18713479038037,40.0,1.0,0.0,0.0,85.51273483329621,10.53934308556719,2.017276800079206,1.9083686047375064,0.022276676319893,0.0,22.97161698019461,0,0.0,AGRICULTURAL,30.0,29.248425,77.51602
2,4.205,4.67,332.555,334.2,2,3.0,0.4519903184984721,0.6666666666666666,0.6,0.6666666666666666,0.6887098262708232,53.5510789901039,40.0,1.0,0.0,0.0,98.93071953664511,0.0618796564441474,0.1113833815994653,0.8960174253112546,0.0,0.0,40.35284451223856,0,0.0,AGRICULTURAL,31.0,25.828555,78.55795
2,6.55,7.1,333.125,334.99,1,1.0,0.2462500737398539,1.0,0.2,2.0,0.802407174187051,59.06017935467628,40.0,1.0,0.0,0.0,97.33422440038612,1.10393307096359,1.4826365684017722,0.0792059602485087,0.0,0.0,47.25653891352415,0,0.0,AGRICULTURAL,32.0,25.933795,78.68748
9,4.292222222222223,7.2,333.9044444444445,337.59,5,5.0,2.0268060448010914,1.0,1.0,1.8,0.3303812616991505,66.85953154247876,40.0,1.0,0.0,0.0,99.19803965248384,0.2499938120343556,0.0,0.551966535481795,0.0,0.0,57.0638242815269,0,0.0,AGRICULTURAL,33.0,26.023026666666667,78.82651444444444
3,10.17,10.41,340.4466666666667,347.92,2,3.0,0.5678716102787285,0.6666666666666666,0.6,1.0,0.6378073264699429,52.94518316174857,40.0,1.0,0.0,0.0,85.61174228360684,2.5519170317566395,9.44036038711913,2.3885547387440904,0.0024751862577658,0.0024751862577658,60.66850570451724,0,0.0,AGRICULTURAL,34.0,26.057976666666665,78.71776333333334
2,3.475,4.57,332.975,335.15,2,3.0,0.091469229506788,0.6666666666666666,0.6,0.6666666666666666,0.916196236197954,59.238239238282176,40.0,1.0,0.0,0.0,95.02487562189054,2.740031187346848,1.128684933541249,1.0866067671592288,0.0,0.0198014900621271,49.41705907691846,0,0.0,AGRICULTURAL,35.0,26.298495,77.63942
2,12.09,12.71,367.0,367.0,1,1.0,0.1858508014393822,1.0,0.2,2.0,0.8432764044061891,60.08191011015474,40.0,1.0,0.0,0.0,98.97774807554268,0.2277171357144625,0.3514764486027574,0.4381079676245637,0.0024751862577658,0.0,69.12904350239229,0,0.0,AGRICULTURAL,36.0,26.49863,78.50503
2,3.96,4.18,334.94,335.39,2,5.0,0.6114643913991072,0.4,1.0,0.4,0.6205535817839444,53.31383954459861,40.0,1.0,0.0,0.0,97.38372812554144,2.428157718868345,0.0569292839286156,0.0965322640528699,0.0,0.0346526076087225,75.97157437458988,0,0.0,AGRICULTURAL,37.0,27.53951,77.57822
5,1.8340000000000003,2.68,308.81,320.77,3,4.0,1.0755137825222938,0.75,0.8,1.25,0.4818084121728825,57.04521030432207,40.0,1.0,0.0,0.0,45.939456944135046,15.210019553971437,25.496893641246505,9.569070072522958,0.0594044701863815,3.722680131679909,5.379894182001302,1,663.0,AGRICULTURAL,38.0,26.64425,79.47753800000001
2,0.99,1.1,312.495,313.73,1,1.0,0.2638435876004338,1.0,0.2,2.0,0.791237151346098,58.780928783652456,40.0,1.0,0.0,0.0,96.54711517041656,1.0321526694883791,1.868765624613252,0.5494913492240291,0.0024751862577658,0.0,94.76039725934147,0,0.0,AGRICULTURAL,39.0,27.522935,77.027535
5,1.08,1.92,303.098,307.98,3,3.0,1.0867204877608807,1.0,0.6,1.6666666666666667,0.4792208663619499,60.31385499238208,40.0,1.0,0.0,0.0,95.88871562585084,2.465285512734833,0.9925496893641248,0.5074131828420089,0.0,0.0346526076087225,19.653042330983396,0,0.0,AGRICULTURAL,40.0,27.978772,80.02373200000001
3,3.786666666666666,7.72,335.2333333333333,337.85,1,1.0,0.6182688604629921,1.0,0.2,3.0,0.6179442887592218,56.44860721898054,40.0,1.0,0.0,0.0,67.40179698522314,4.591470508155739,0.0,17.660453949159674,10.343803371203682,0.0024751862577658,44.20961874805454,0,0.0,AGRICULTURAL,42.0,25.005326666666665,77.14728666666666
2,5.265000000000001,5.79,334.47,338.06,1,1.0,0.5474540799267558,1.0,0.2,2.0,0.6462227299483627,55.155568248709066,40.0,1.0,0.0,0.0,98.16588698299546,1.7870844781069777,0.0321774213509566,0.0148511175465953,0.0,0.0,81.60945864913492,0,0.0,AGRICULTURAL,43.0,25.06336,77.893285
3,9.62,13.38,338.29,341.75,1,1.0,0.6397471415780133,1.0,0.2,3.0,0.6098501254514452,56.24625313628613,40.0,1.0,0.0,0.0,90.63389520061384,5.079082200935621,2.264795425855796,1.9380708398306976,0.0668300289596792,0.0173263038043612,84.99991079396369,0,0.0,AGRICULTURAL,44.0,25.08097,77.86476
5,4.212000000000001,6.59,341.7900000000001,352.44,3,3.0,1.038025249154213,1.0,0.6,1.6666666666666667,0.4906710554322147,60.60010971913869,40.0,1.0,0.0,0.0,96.1238583203386,2.5568674042721717,0.0198014900621271,1.1955149625009285,0.0,0.1039578228261676,63.46540476645226,0,0.0,AGRICULTURAL,45.0,25.418208,79.381212
2,2.31,2.9,332.84000000000003,334.19,2,2.0,0.3960012359909886,1.0,0.4,1.0,0.7163317439974353,59.90829359993588,40.0,1.0,0.0,0.0,96.47780995519912,2.019751986336972,1.4776861958862404,0.0247518625776589,0.0,0.0,3.880485949686076,1,920.0,AGRICULTURAL,46.0,25.54079,78.733715
3,3.31,5.1,333.8666666666667,334.31,2,2.0,1.0518319727742351,1.0,0.4,1.5,0.4873693427478482,55.18423356869621,40.0,1.0,0.0,0.0,93.8664884532561,0.2920719784163758,0.0,5.668176530283904,0.0,0.1732630380436128,35.801246430319,0,0.0,AGRICULTURAL,47.0,25.81123,78.62175666666667
3,2.8866666666666667,3.41,335.7733333333333,338.33,2,3.0,0.8393466036606297,0.6666666666666666,0.6,1.0,0.5436713222020366,50.59178305505092,40.0,1.0,0.0,0.0,93.58679240612857,1.5321402935570902,2.881116804039504,1.9529219573772925,0.0,0.047028538897552,73.64660956427421,0,0.0,AGRICULTURAL,48.0,25.84453,78.12134333333334
2,1.66,1.95,332.405,333.81,2,3.0,0.5929761573824658,0.6666666666666666,0.6,0.6666666666666666,0.627755786152614,52.02722798714867,40.0,1.0,0.0,0.0,97.82678646568156,0.0544540976708497,0.2054404593945694,1.7846092918492116,0.0,0.0173263038043612,59.9501426163656,0,0.0,AGRICULTURAL,49.0,25.93,78.377815
2,3.365,3.68,343.13,343.27,1,1.0,0.1937915581736184,1.0,0.2,2.0,0.8376671732625584,59.94167933156396,40.0,1.0,0.0,0.0,98.38370337367888,0.4133561050469048,0.527214672904136,0.673250662112324,0.0,0.0024751862577658,65.49377906746992,0,0.0,AGRICULTURAL,50.0,25.94173,79.534855
4,2.1475,2.93,332.28,335.6,2,3.0,1.0794603329541272,0.6666666666666666,0.6,1.3333333333333333,0.4808940012716558,49.68901669845806,40.0,1.0,0.0,0.0,99.11635850597756,0.1039578228261676,0.2722704883542486,0.4876116927798817,0.0,0.0198014900621271,77.08483685023006,0,0.0,AGRICULTURAL,51.0,25.94396,78.1546475
3,5.093333333333334,7.54,340.00666666666666,344.08,2,3.0,1.388612806755424,0.6666666666666666,0.6,1.0,0.4186530345863596,47.46632586465898,40.0,1.0,0.0,0.0,98.4109304225143,0.1881141555902081,0.0,1.1187841885101852,0.0,0.2821712333853122,48.96586667776773,0,0.0,AGRICULTURAL,52.0,25.95388,78.75043333333333
2,2.27,2.62,334.545,338.42,2,4.0,0.7183167099389707,0.5,0.8,0.5,0.5819648928604768,50.54912232151192,40.0,1.0,0.0,0.0,96.9802727655256,2.6484492958095096,0.0173263038043612,0.2994975371896735,0.0,0.0123759312888294,62.88727449616744,0,0.0,AGRICULTURAL,53.0,25.97759,79.116885
2,3.585,4.48,335.16,338.59,2,4.0,0.7994451993558143,0.5,0.8,0.5,0.5557268431169736,49.893171077924336,40.0,1.0,0.0,0.0,95.77238187173585,2.985074626865672,0.2128660181678671,1.009875993168486,0.0,0.0198014900621271,65.32267100463714,0,0.0,AGRICULTURAL,54.0,25.999235,79.12489500000001
2,5.125,6.24,350.065,367.0,2,4.0,0.6320811027650218,0.5,0.8,0.5,0.6127146489876212,51.31786622469052,40.0,1.0,0.0,0.0,96.3565258285686,1.534615479814856,1.7969852231380412,0.3019727234474394,0.0024751862577658,0.0074255587732976,56.136450612627925,0,0.0,AGRICULTURAL,55.0,26.018355,78.76679
2,3.855,3.89,340.45000000000005,340.72,1,1.0,0.3082145495364219,1.0,0.2,2.0,0.7644006102472712,58.11001525618178,40.0,1.0,0.0,0.0,99.66337466894385,0.2970223509319076,0.0,0.0396029801242543,0.0,0.0,67.25620802592857,0,0.0,AGRICULTURAL,56.0,26.11339,78.844395
4,3.2550000000000003,3.76,342.91,348.66,1,1.0,0.6194916646301459,1.0,0.2,4.0,0.6174777072584542,58.43694268146136,40.0,1.0,0.0,0.0,94.02242518749536,1.9058934184797407,3.1434865473626887,0.9207692878889135,0.0,0.0074255587732976,60.91617902075562,0,0.0,AGRICULTURAL,57.0,26.143655,79.2432625
2,2.225,2.43,332.58500000000004,334.81,2,3.0,0.5271504722668537,0.6666666666666666,0.6,0.6666666666666666,0.6548143212866455,52.70369136549946,40.0,1.0,0.0,0.0,80.67869607187941,3.876141679661395,2.425682532610579,12.187817133239276,0.0,0.8316625826093413,26.77284074677096,0,0.0,AGRICULTURAL,58.0,26.236305,80.25793999999999
2,4.385,5.95,339.69500000000005,342.04,2,2.0,0.4579568300758614,1.0,0.4,1.0,0.685891364799853,59.14728411999632,40.0,1.0,0.0,0.0,89.30472018019357,1.2549194326873097,6.596371376946116,2.8217123338531223,0.0049503725155317,0.0148511175465953,71.40165333428001,0,0.0,AGRICULTURAL,59.0,26.242405,78.95534
3,5.8566666666666665,8.49,343.08666666666664,355.32,2,2.0,0.4861523849962981,1.0,0.4,1.5,0.6728785083519486,59.82196270879872,40.0,1.0,0.0,0.0,87.50525977079775,2.460335140219301,5.277097101556892,4.225142942006386,0.0,0.5321650454196678,54.943716349795615,0,0.0,AGRICULTURAL,60.0,26.28388666666667,78.14243333333333
3,6.296666666666667,8.94,340.73999999999995,346.9,1,1.0,0.4825899171254987,1.0,0.2,3.0,0.6744953465883794,57.86238366470948,40.0,1.0,0.0,0.0,98.18321328679984,1.1633375411499716,0.6435484270191332,0.0099007450310635,0.0,0.0,42.69790277644957,0,0.0,AGRICULTURAL,61.0,26.337523333333337,77.71232333333334
3,3.25,3.56,339.51666666666665,341.83,2,3.0,0.346084328138716,0.6666666666666666,0.6,1.0,0.7428955074328363,55.572387685820914,40.0,1.0,0.0,0.0,86.94375345494748,0.2591210613598673,3.434217799889442,8.195135433941404,0.0,1.0813985627418463,42.23004636904352,0,0.0,AGRICULTURAL,62.0,27.003626666666666,79.46432333333333
2,3.21,3.21,344.20500000000004,353.43,1,1.0,0.5639656002256712,1.0,0.2,2.0,0.6394002527010222,54.98500631752555,40.0,1.0,0.0,0.0,83.68604737506497,7.606247370114601,2.6311229920051487,4.59642088067127,0.0272270488354248,1.2672953639761393,85.02132671115746,0,0.0,AGRICULTURAL,63.0,27.425075,77.569295
2,3.3,3.73,337.485,337.91,1,1.0,0.3230983130969778,1.0,0.2,2.0,0.7558017345357344,57.89504336339336,40.0,1.0,0.0,0.0,99.6237716888196,0.0519789114130838,0.0,0.0742555877329769,0.0,0.0,51.27701369884213,0,0.0,AGRICULTURAL,64.0,27.8906,77.48299499999999
2,2.6,2.6,335.435,338.94,1,1.0,0.562836701778472,1.0,0.2,2.0,0.6398621166638991,54.99655291659749,40.0,1.0,0.0,0.0,80.68364644439494,13.512041781144031,1.346501324224648,4.192965520655429,0.0,0.262369743323185,48.944015098288894,0,0.0,AGRICULTURAL,65.0,27.91617,77.463815
3,3.986666666666667,4.49,334.53,336.74,2,3.0,1.3077359175958203,0.6666666666666666,0.6,1.0,0.4333251445173118,47.8331286129328,40.0,1.0,0.0,0.0,82.58211430410138,13.328877998069355,2.2722209846290933,1.5717432736813444,0.0074255587732976,0.2351426944877602,19.22476655734568,0,0.0,AGRICULTURAL,67.0,28.897696666666665,79.46147666666667
2,3.09,3.68,333.265,335.35,2,2.0,0.7266140847405124,1.0,0.4,1.0,0.5791682164751291,56.47920541187823,40.0,1.0,0.0,0.0,90.50766070146778,9.180465830053713,0.2128660181678671,0.0866315190218064,0.0099007450310635,0.0024751862577658,19.02379667505028,0,0.0,AGRICULTURAL,68.0,28.91424,79.42381499999999
2,4.07,4.92,334.80499999999995,337.34,1,1.0,0.2122361781128518,1.0,0.2,2.0,0.824921758692889,59.62304396732223,40.0,1.0,0.0,0.0,85.39145070666567,11.7868369594812,2.267270612113561,0.527214672904136,0.0272270488354248,0.0,37.12845027943671,0,0.0,AGRICULTURAL,69.0,28.912935,79.86302
2,2.62,3.09,333.76,334.67,2,2.0,0.8704197740105656,1.0,0.4,1.0,0.5346393434751783,55.365983586879466,40.0,1.0,0.0,0.0,71.73584812257123,14.925373134328357,7.586445880052474,4.970174005593921,0.4653350164599886,0.3168238409940348,15.68121213986372,0,0.0,AGRICULTURAL,70.0,28.94971,79.42468
2,0.765,0.8,300.65,301.35,1,1.0,0.1386865286161339,1.0,0.2,2.0,0.8782048218444438,60.9551205461111,30.0,0.0,0.0,0.0,52.54077869359669,5.316700081681146,26.32608103759808,11.16556520878196,0.0,2.1954902106383503,8.227112593333484,2,2649.8,AGRICULTURAL,72.0,28.669295,77.57037
2,5.04,6.24,337.52,340.86,1,1.0,0.2479145380747634,1.0,0.2,2.0,0.8013369261189658,59.03342315297415,40.0,1.0,0.0,0.0,91.41852924432564,4.386030048761169,3.5048637409965098,0.6683002895967922,0.0024751862577658,0.0198014900621271,47.137003742578514,0,0.0,AGRICULTURAL,74.0,25.784715,78.39644
3,4.113333333333333,4.88,338.7333333333333,340.82,1,1.0,0.5045003619028093,1.0,0.2,3.0,0.6646724888355993,57.616812220889976,40.0,1.0,0.0,0.0,79.98811910596272,4.586520135640207,0.0,14.566471126952305,0.0,0.8588896314447663,47.93058048858218,0,0.0,AGRICULTURAL,75.0,25.847543333333338,80.85382333333332
3,3.463333333333334,3.88,332.9666666666667,335.7,3,3.0,1.063056027997041,1.0,0.6,1.0,0.4847178100979012,59.117945252447534,40.0,1.0,0.0,0.0,92.1833617979753,3.262295487735452,0.0,4.519690106680527,0.0,0.0346526076087225,39.90840987306264,0,0.0,AGRICULTURAL,76.0,25.872186666666664,78.74193000000001
2,12.38,12.38,343.05999999999995,344.34,1,1.0,0.4371361548826448,1.0,0.2,2.0,0.6958282947670043,56.39570736917511,40.0,1.0,0.0,0.0,95.97534714487264,0.8242370238360436,0.9331452191777432,2.2499443083092,0.0099007450310635,0.0074255587732976,49.362281026562975,0,0.0,AGRICULTURAL,77.0,25.89517,78.506175
3,3.6633333333333336,5.03,333.12333333333333,334.77,2,2.0,1.1165988695263491,1.0,0.4,1.5,0.4724560777185802,54.81140194296451,40.0,1.0,0.0,0.0,98.287171109626,0.408405732531373,0.8613648177025321,0.4430583401400955,0.0,0.0,78.60585591592013,0,0.0,AGRICULTURAL,78.0,25.922690000000003,78.11802333333334
2,4.415,5.69,335.91,336.67,1,1.0,0.2552646045102967,1.0,0.2,2.0,0.7966447842207098,58.91611960551775,40.0,1.0,0.0,0.0,82.15143189525011,12.158114898146083,4.769683918714883,0.8613648177025321,0.0,0.0544540976708497,49.82226332929597,0,0.0,AGRICULTURAL,79.0,25.93817,80.685545
2,3.245,4.09,333.105,333.12,2,3.0,0.794969763852889,0.6666666666666666,0.6,0.6666666666666666,0.5571124484311689,50.26114454411255,40.0,1.0,0.0,0.0,92.88383950892305,5.692928392861562,0.5173139278730724,0.6930521521744512,0.0,0.0618796564441474,53.87810811487892,0,0.0,AGRICULTURAL,80.0,25.944715,80.72676
3,4.076666666666666,4.56,332.7333333333333,334.97,2,2.0,0.9933878455351935,1.0,0.4,1.5,0.5016585218174217,55.54146304543555,40.0,1.0,0.0,0.0,97.74758050543304,0.9504715229821044,1.0247271107150813,0.2772208608697804,0.0,0.0,53.31462590703206,0,0.0,AGRICULTURAL,81.0,25.99226,78.72754666666667
4,4.3675,5.62,334.31,335.55,3,3.0,1.6056871058590596,1.0,0.6,1.3333333333333333,0.3837759329396971,57.26106499015909,40.0,1.0,0.0,0.0,98.38617855993664,0.7772084849384916,0.311873468478503,0.5222643003886043,0.0,0.0024751862577658,55.12484586182043,0,0.0,AGRICULTURAL,82.0,26.004995,78.830475
5,15.536,25.86,343.646,351.58,2,3.0,1.0963113583747257,0.6666666666666666,0.6,1.6666666666666667,0.4770283746281383,50.25904269903678,40.0,1.0,0.0,0.0,99.53714016979778,0.168312665528081,0.0148511175465953,0.2796960471275463,0.0,0.0,59.03014373215488,0,0.0,AGRICULTURAL,83.0,26.042494,78.707462
3,2.5966666666666667,3.37,336.7033333333333,341.81,1,1.0,0.4691356072928198,1.0,0.2,3.0,0.6806723593356387,58.016808983390966,40.0,1.0,0.0,0.0,90.55963961288089,5.178089651246257,3.2400188114155597,1.0222519244573154,0.0,0.0,55.544579864126575,0,0.0,AGRICULTURAL,84.0,26.045546666666667,79.63865
9,4.375555555555556,7.92,335.3811111111111,345.68,3,3.0,4.031774072026951,1.0,0.6,3.0,0.1987370628501151,55.96842657125288,40.0,1.0,0.0,0.0,98.94309546793396,0.962847454270934,0.0074255587732976,0.0866315190218064,0.0,0.0,60.681335860593954,0,0.0,AGRICULTURAL,85.0,26.058118888888888,78.79762555555556
2,4.58,5.09,339.765,343.32,1,1.0,0.6400316876408064,1.0,0.2,2.0,0.6097443162445872,54.24360790611469,40.0,1.0,0.0,0.0,99.2227915150615,0.7772084849384916,0.0,0.0,0.0,0.0,66.67917274158368,0,0.0,AGRICULTURAL,86.0,26.282255,77.36925
2,2.43,2.44,334.75,337.65,1,1.0,0.1497935148326467,1.0,0.2,2.0,0.8697213778819675,60.74303444704918,40.0,1.0,0.0,0.0,99.01487586940917,0.6905769659166852,0.0,0.2945471646741417,0.0,0.0,69.88168754131054,0,0.0,AGRICULTURAL,87.0,26.28794,78.9384
2,6.845,8.02,341.08,341.51,1,1.0,0.3181288630992931,1.0,0.2,2.0,0.7586511668128696,57.96627917032174,40.0,1.0,0.0,0.0,78.7851785846885,3.787034974381822,13.182842008861169,4.034553600158412,0.0,0.0396029801242543,30.52642685112016,0,0.0,AGRICULTURAL,88.0,26.36659,79.6216
2,3.03,3.35,333.515,333.72,1,1.0,0.3782055721067176,1.0,0.2,2.0,0.7255811616487701,57.13952904121925,40.0,1.0,0.0,0.0,96.69562634588252,1.4356080295042202,1.4776861958862404,0.3712779386648845,0.0,0.0198014900621271,57.75913821713653,0,0.0,AGRICULTURAL,89.0,26.436195,78.347015
2,5.6,6.16,341.765,342.01,1,1.0,0.1781416157615917,1.0,0.2,2.0,0.8487943950214892,60.21985987553723,40.0,1.0,0.0,0.0,90.09430459642088,4.237518873295215,2.836563451399718,2.700428207222594,0.0024751862577658,0.1287096854038266,10.18207088039114,0,0.0,AGRICULTURAL,90.0,26.65896,79.432105
2,3.375,4.28,338.675,339.37,1,1.0,0.1680009573523059,1.0,0.2,2.0,0.8561636818062713,60.40409204515679,40.0,1.0,0.0,0.0,95.00259894557064,2.16578797554516,1.054429345808272,1.5469914111036855,0.0024751862577658,0.2277171357144625,53.90882851737739,0,0.0,AGRICULTURAL,91.0,26.94855,80.116805
2,2.92,3.81,337.075,338.34,2,2.0,0.4065918620333207,1.0,0.4,1.0,0.7109382806711497,59.77345701677874,40.0,1.0,0.0,0.0,91.77743125170169,2.7573574911512093,3.4306081532635333,1.895992673448677,0.0,0.1386104304348902,40.72417634333368,0,0.0,AGRICULTURAL,92.0,27.277165,79.85628
2,3.695,4.37,330.34000000000003,330.71,1,1.0,0.394250632832909,1.0,0.2,2.0,0.7172311609198622,56.93077902299656,10.0,0.0,1.0,0.0,72.61453924407812,23.190020049008687,3.6409989851736335,0.5346402316774337,0.0,0.0173263038043612,10.970046881214264,0,0.0,AGRICULTURAL,93.0,27.5802,81.02067
2,3.295,3.39,334.13,336.26,1,1.0,0.2580118369027959,1.0,0.2,2.0,0.7949050801159258,58.87262700289815,10.0,0.0,1.0,0.0,71.19625751837826,24.952352664538008,3.289522536570877,0.0519789114130838,0.1138585678572312,0.0495037251553179,6.880432549841563,1,43.0,AGRICULTURAL,94.0,29.01929,79.470865
3,0.82,1.07,301.81333333333333,303.16,2,3.0,0.6027862955017887,0.6666666666666666,0.6,1.0,0.6239134953964197,52.5978373849105,40.0,1.0,0.0,0.0,90.33687284968194,5.972624439989109,0.8069107200316825,2.331625454815475,0.0049503725155317,0.504937996584243,19.25744088037651,0,0.0,AGRICULTURAL,95.0,28.770183333333332,77.55627333333332
2,3.71,4.73,336.22,336.68,1,1.0,0.3758321709913831,1.0,0.2,2.0,0.7268328369436442,57.1708209235911,30.0,0.0,0.0,0.0,17.655503576644143,8.769584911264573,0.0,65.71124477116904,7.381005420657905,0.2252419494566966,62.45376906692642,0,0.0,AGRICULTURAL,96.0,25.245465,77.08071
2,3.87,4.38,331.485,332.41,1,1.0,0.4495612593529677,1.0,0.2,2.0,0.6898639112681338,56.24659778170334,40.0,1.0,0.0,0.0,71.03784559788124,17.18521818766862,9.752233855597634,1.6880770277963415,0.0,0.3019727234474394,28.74082026741736,0,0.0,AGRICULTURAL,97.0,25.41787,81.511225
4,6.9025,7.96,340.89750000000004,349.75,1,1.0,0.87843158759896,1.0,0.2,4.0,0.5323590204731465,56.30897551182866,40.0,1.0,0.0,0.0,76.27533971931388,1.445508774535284,0.0297022350931907,20.336130293804608,1.9083686047375064,0.0049503725155317,82.29944990276302,0,0.0,AGRICULTURAL,98.0,25.447085,77.0866025
2,3.11,3.63,337.25,337.91,1,1.0,0.2747999996087851,1.0,0.2,2.0,0.7844367746367142,58.61091936591786,40.0,1.0,0.0,0.0,88.27751788322071,1.2227420113363532,3.363778124303854,6.081532635330809,0.6658251033390262,0.3886042424692458,80.2168630352114,0,0.0,AGRICULTURAL,99.0,25.484175,77.042385
2,2.185,2.22,335.48,338.09,2,2.0,0.8014431466733077,1.0,0.4,1.0,0.555110496740728,55.87776241851821,40.0,1.0,0.0,0.0,94.16846117670354,2.801910843790995,3.00982648944333,0.0198014900621271,0.0,0.0,8.450780512870022,1,920.0,AGRICULTURAL,100.0,25.58122,78.71952999999999
2,2.975,3.2,336.44,336.62,1,1.0,0.5358127295855893,1.0,0.2,2.0,0.6511210518940233,55.27802629735058,40.0,1.0,0.0,0.0,86.96814435286255,4.311774461028192,0.4628598302022227,8.187916140689588,0.0594044701863815,0.0099007450310635,25.663955451671125,0,0.0,AGRICULTURAL,101.0,25.58451,78.51448500000001
3,2.5966666666666662,2.94,337.0266666666667,340.36,2,2.0,0.985086081010303,1.0,0.4,1.5,0.5037564917542786,55.593912293856974,40.0,1.0,0.0,0.0,77.61936585728077,0.3440508898294597,0.1064330090839335,19.764362268260687,1.5940199500012378,0.1014826365684017,90.7972076309717,0,0.0,AGRICULTURAL,102.0,25.600986666666667,77.09308333333333
2,1.61,1.61,332.22,332.33,1,1.0,0.3850526612508356,1.0,0.2,2.0,0.7219942085789749,57.04985521447438,40.0,1.0,0.0,0.0,97.06195391203188,0.1386104304348902,1.4950124996906016,1.3044231578426275,0.0,0.0,12.196896756278024,0,0.0,AGRICULTURAL,103.0,25.62322,78.76121499999999
2,3.83,3.83,337.245,339.58,1,1.0,0.3897922574921321,1.0,0.2,2.0,0.7195319981163883,56.988299952909706,40.0,1.0,0.0,0.0,98.9703225167694,0.0742555877329769,0.0792059602485087,0.7895844162273211,0.0,0.0396029801242543,42.43954767135303,0,0.0,AGRICULTURAL,104.0,25.6886,79.13401
2,2.98,3.53,334.275,337.15,1,1.0,0.8363590104413452,1.0,0.2,2.0,0.5445558272179376,52.61389568044845,40.0,1.0,0.0,0.0,93.65857280760378,5.160763347441895,0.6138461919259425,0.5470161629662632,0.0074255587732976,0.0123759312888294,50.5943730111321,0,0.0,AGRICULTURAL,105.0,25.721765,78.30923
3,5.9366666666666665,8.37,340.6666666666667,346.57,2,2.0,0.5101105846946502,1.0,0.4,1.5,0.6622031592488994,59.555078981222486,40.0,1.0,0.0,0.0,60.99353976386723,19.754461523229622,0.0742555877329769,16.687705749857678,1.175713472438801,1.3143239028736913,54.539163218206376,0,0.0,AGRICULTURAL,106.0,25.85990333333333,78.37251666666667
2,3.61,3.61,333.135,333.43,1,1.0,0.3883688462181031,1.0,0.2,2.0,0.7202696911011695,57.00674227752924,40.0,1.0,0.0,0.0,97.96292170985866,0.4257320363357342,1.2524442464295438,0.358902007376055,0.0,0.0,41.09692045564111,0,0.0,AGRICULTURAL,107.0,25.881045,78.714055
2,3.49,3.49,334.03,334.12,1,1.0,0.3873751150796233,1.0,0.2,2.0,0.7207855965779008,57.01963991444752,40.0,1.0,0.0,0.0,95.2748694339249,0.6633499170812603,1.2846216677805005,2.5667681493032357,0.0,0.2103908319101012,66.27844393297234,0,0.0,AGRICULTURAL,108.0,25.9406,78.29631
2,3.29,4.31,333.505,334.38,2,2.0,0.538164505126395,1.0,0.4,1.0,0.6501255208186119,58.2531380204653,40.0,1.0,0.0,0.0,96.28474542709338,1.5940199500012378,0.7376055048142373,1.3836291180911362,0.0,0.0,85.20565603551472,0,0.0,AGRICULTURAL,109.0,25.93893,77.767915
2,2.6100000000000003,3.95,333.225,335.46,2,2.0,0.5012922592230074,1.0,0.4,1.0,0.6660928236035462,58.65232059008866,40.0,1.0,0.0,0.0,95.08428009207694,1.5271899210415585,2.373703621197495,1.0148263656840175,0.0,0.0,72.21443233566062,0,0.0,AGRICULTURAL,110.0,25.970895,79.26984
2,5.67,7.24,343.83500000000004,344.38,1,1.0,0.8368853709553524,1.0,0.2,2.0,0.5443997844459431,52.60999461114858,40.0,1.0,0.0,0.0,99.00002475186258,0.1336600579193584,0.358902007376055,0.5074131828420089,0.0,0.0,68.52774158109648,0,0.0,AGRICULTURAL,111.0,25.97584,78.30543
2,2.615,2.96,332.665,333.56,2,2.0,0.3820906545298031,1.0,0.4,1.0,0.7235415395672485,60.08853848918122,40.0,1.0,0.0,0.0,86.29489369075023,2.779634167471102,2.232618004504839,8.150788346823099,0.0049503725155317,0.5371154179351997,66.85243083346981,0,0.0,AGRICULTURAL,112.0,26.000235,78.365955
3,5.913333333333333,10.1,333.58666666666664,334.44,1,1.0,0.8851606574259112,1.0,0.2,3.0,0.5304587680953664,54.26146920238416,40.0,1.0,0.0,0.0,98.55944159798024,0.5346402316774337,0.4504838989133932,0.3440508898294597,0.0,0.094057077795104,42.1167298341614,0,0.0,AGRICULTURAL,113.0,26.01428,79.76977666666666
2,3.455,3.91,335.75,338.06,2,2.0,0.1719849937760698,1.0,0.4,1.0,0.8532532458270273,63.33133114567568,40.0,1.0,0.0,0.0,90.84181084626618,2.6261726194896164,5.447884953342739,0.8960174253112546,0.0,0.1237593128882948,55.96850155692871,0,0.0,AGRICULTURAL,114.0,26.01454,78.70376999999999
2,2.5700000000000003,3.29,333.45,334.52,2,2.0,0.3383397528904127,1.0,0.4,1.0,0.74719442341924,60.679860585481,40.0,1.0,0.0,0.0,84.53998663399422,3.895943169723522,4.935521397985198,6.58152025939952,0.0024751862577658,0.0445533526397861,62.24332723980724,0,0.0,AGRICULTURAL,115.0,26.06726,78.84929
2,3.26,3.26,336.735,337.89,1,1.0,0.3735481492216919,1.0,0.2,2.0,0.7280414600439312,57.20103650109828,40.0,1.0,0.0,0.0,87.68594836761466,8.200292071978417,2.8241875201108884,1.1930397762431624,0.0,0.0099007450310635,70.16801909556379,0,0.0,AGRICULTURAL,116.0,26.251985,77.35354
3,4.78,5.34,341.4266666666667,343.18,1,1.0,0.5404910190389058,1.0,0.2,3.0,0.6491436740889851,57.22859185222462,40.0,1.0,0.0,0.0,91.0002227667632,4.8860176728298805,1.1410608648300786,1.6955025865696396,0.0,0.2178163906833989,67.91216002131213,0,0.0,AGRICULTURAL,117.0,26.259686666666667,77.37722000000001
2,3.815,4.64,339.505,344.98,1,1.0,0.3868636696220892,1.0,0.2,2.0,0.7210514067849892,57.026285169624735,40.0,1.0,0.0,0.0,97.92084354347664,0.7524566223608327,0.4059305462736071,0.9207692878889135,0.0,0.0,29.280918672104043,0,0.0,AGRICULTURAL,118.0,26.461135,77.967345
2,3.29,3.29,335.99,336.39,1,1.0,0.3708296053381044,1.0,0.2,2.0,0.7294852665173932,57.23713166293483,40.0,1.0,0.0,0.0,99.09408182965768,0.4504838989133932,0.4133561050469048,0.0420781663820202,0.0,0.0,62.398450349222855,0,0.0,AGRICULTURAL,119.0,26.542605,78.449845
2,3.95,4.16,336.415,338.41,1,1.0,0.38730276961366,1.0,0.2,2.0,0.7208231843136036,57.02057960784009,40.0,1.0,0.0,0.0,99.97029776490682,0.0272270488354248,0.0,0.0024751862577658,0.0,0.0,64.7502574449534,0,0.0,AGRICULTURAL,120.0,26.56948,78.48233
2,4.01,4.01,335.39,335.53,1,1.0,0.3835200440727819,1.0,0.2,2.0,0.7227940095874705,57.06985023968676,40.0,1.0,0.0,0.0,89.4111531892775,7.004777109477487,2.220242073216009,1.2425435013984802,0.0,0.1212841266305289,35.5041389415978,0,0.0,AGRICULTURAL,121.0,26.793595,80.19819000000001
2,3.42,3.54,336.32,339.31,2,2.0,0.7479025111647697,1.0,0.4,1.0,0.5721142876175734,56.30285719043934,40.0,1.0,0.0,0.0,90.17103537041164,4.376129303730106,3.22764288012673,2.1930150243805846,0.0148511175465953,0.0173263038043612,60.37159579037909,0,0.0,AGRICULTURAL,122.0,26.97312,78.98602
2,2.43,2.51,331.96000000000004,332.31,1,1.0,0.910608963126896,1.0,0.2,2.0,0.5233933365220916,52.08483341305229,40.0,1.0,0.0,0.0,92.3863270711121,2.368753248681964,2.3959802975173883,2.7276552560580183,0.0,0.1212841266305289,58.84543287417465,0,0.0,AGRICULTURAL,123.0,26.988325,80.089945
2,4.475,5.0,337.12,337.82,1,1.0,0.5618493769390013,1.0,0.2,2.0,0.6402666062202843,55.00666515550711,40.0,1.0,0.0,0.0,89.04482562312815,2.6608252270983392,2.277171357144625,5.720155441696988,0.0024751862577658,0.2821712333853122,38.81895249202032,0,0.0,AGRICULTURAL,124.0,27.22879,79.95641
2,4.05,4.47,333.66,334.04,1,1.0,0.3586800997206298,1.0,0.2,2.0,0.7360084247981691,57.40021061995423,40.0,1.0,0.0,0.0,83.07220118313903,12.799188138907452,3.982574688745328,0.118808940372763,0.0099007450310635,0.0,39.52970156128108,0,0.0,AGRICULTURAL,125.0,27.567865,81.810585
2,2.365,2.76,328.935,329.89,1,1.0,0.0905666187767709,1.0,0.2,2.0,0.9169545287583122,61.923863218957806,10.0,0.0,1.0,0.0,88.20821266800327,8.247320610875969,3.2400188114155597,0.1732630380436128,0.1311848716615925,0.0,42.05193353347784,0,0.0,AGRICULTURAL,126.0,28.609245,80.627375
4,6.0325,7.02,341.12,348.42,1,1.0,1.4058569006557489,1.0,0.2,4.0,0.4156523190250577,53.39130797562645,40.0,1.0,0.0,0.0,91.40367812677904,4.826613202643499,2.6038959431697237,0.7895844162273211,0.0396029801242543,0.336625331056162,17.56278479943337,0,0.0,AGRICULTURAL,127.0,28.918075,79.4482475
2,4.324999999999999,4.43,336.96000000000004,337.49,1,1.0,0.1129167193857801,1.0,0.2,2.0,0.898539830142817,61.46349575357043,40.0,1.0,0.0,0.0,82.79993069478479,10.378455978812404,6.413207593871439,0.1336600579193584,0.0519789114130838,0.0272270488354248,25.813654368680577,0,0.0,AGRICULTURAL,128.0,28.92568,79.73618
3,4.743333333333333,4.86,341.92,352.12,1,1.0,0.7638332028967405,1.0,0.2,3.0,0.5669470323824847,55.17367580956212,40.0,1.0,0.0,0.0,95.32437315908022,3.4924878097076806,0.722754387267642,0.1509863617237197,0.2524689982921215,0.0148511175465953,8.584560806435867,1,43.0,AGRICULTURAL,129.0,28.992506666666667,79.48410666666668
2,0.72,0.72,305.21000000000004,307.1,1,1.0,0.3949525466720391,1.0,0.2,2.0,0.7168702637130676,56.92175659282669,40.0,1.0,0.0,0.0,98.16588698299546,1.0197767381995495,0.673250662112324,0.1410856166926561,0.0,0.0,29.93356276961625,0,0.0,AGRICULTURAL,130.0,25.73296,78.930935
2,0.3299999999999999,0.42,302.9,305.44,1,1.0,0.3913410273004182,1.0,0.2,2.0,0.7187310518257867,56.96827629564467,40.0,1.0,0.0,0.0,90.2081631642781,0.358902007376055,0.0297022350931907,8.437909952723942,0.0,0.9653226405286998,45.9685412723789,0,0.0,AGRICULTURAL,131.0,27.09677,77.710905
2,4.425000000000001,5.23,335.325,338.52,1,1.0,0.2275605473854069,1.0,0.2,2.0,0.8146237691736751,59.36559422934188,40.0,1.0,0.0,0.0,87.03249919556445,0.0816811465062746,0.1559367342392515,12.719982178658944,0.0049503725155317,0.0049503725155317,55.46035442686488,0,0.0,AGRICULTURAL,133.0,25.10631,77.1619
4,4.925,6.84,347.6825,352.87,1,1.0,1.1268609766253617,1.0,0.2,4.0,0.470176476502322,54.754411912558055,30.0,0.0,0.0,0.0,64.9513625900349,0.0346526076087225,0.0123759312888294,34.73428875522883,0.0,0.2673201158387168,46.17126552331492,0,0.0,AGRICULTURAL,134.0,25.271975,81.20718
2,2.705,2.79,334.57,335.24,1,1.0,0.2778345193338647,1.0,0.2,2.0,0.7825739443330268,58.56434860832567,40.0,1.0,0.0,0.0,97.03225167693869,1.245018687656246,1.0470037870349744,0.6559243583079627,0.0,0.0198014900621271,13.789255317639132,0,0.0,AGRICULTURAL,135.0,25.634635,78.787705
3,6.246666666666667,6.5,342.53666666666663,345.04,1,1.0,0.4134666785346104,1.0,0.2,3.0,0.7074804204346257,58.68701051086565,40.0,1.0,0.0,0.0,99.92574441226702,0.0,0.0,0.0742555877329769,0.0,0.0,60.16436947193158,0,0.0,AGRICULTURAL,136.0,25.914226666666664,79.16152666666666
2,3.91,4.78,337.13,339.41,1,1.0,0.4216882389143935,1.0,0.2,2.0,0.7033890923678201,56.5847273091955,40.0,1.0,0.0,0.0,98.83418727259226,0.9479963367243384,0.0049503725155317,0.2128660181678671,0.0,0.0,51.84562117412894,0,0.0,AGRICULTURAL,137.0,25.97755,78.70679
2,3.25,5.32,334.875,338.45,1,1.0,0.9777054296717148,1.0,0.2,2.0,0.5056364739646758,51.6409118491169,40.0,1.0,0.0,0.0,95.24516719883172,2.9652731368035443,1.6856018415385758,0.0965322640528699,0.0,0.0074255587732976,52.73809555813551,0,0.0,AGRICULTURAL,138.0,25.983195,78.83156
2,2.38,2.86,333.365,334.11,1,1.0,0.251242028258531,1.0,0.2,2.0,0.7992058909592353,58.98014727398089,40.0,1.0,0.0,0.0,97.1832380386624,1.202940521274226,1.2598698052028414,0.1485111754659538,0.0,0.1485111754659538,63.83727168221324,0,0.0,AGRICULTURAL,139.0,26.012605,79.073075
2,3.835,4.04,337.015,342.67,1,1.0,0.6585564121806888,1.0,0.2,2.0,0.6029339687549058,54.07334921887264,40.0,1.0,0.0,0.0,96.89611643276156,0.5717680255439223,2.012326427563674,0.5123635553575406,0.0,0.0074255587732976,62.40217246617913,0,0.0,AGRICULTURAL,140.0,26.07044,78.680665
2,1.945,1.96,332.75,333.1,1,1.0,0.2491058402535509,1.0,0.2,2.0,0.800572671885846,59.01431679714615,40.0,1.0,0.0,0.0,95.58921808866116,0.4628598302022227,2.324199896042177,0.7871092299695552,0.0,0.3415757035716937,57.33070245627433,0,0.0,AGRICULTURAL,141.0,26.4266,78.335365
2,5.77,6.57,340.07500000000005,340.23,1,1.0,0.1436833119330411,1.0,0.2,2.0,0.8743679212297072,60.85919803074268,40.0,1.0,0.0,0.0,84.76770376970867,9.739857924308804,1.7425311254671914,3.069230959629712,0.0,0.6806762208856216,49.98297613035684,0,0.0,AGRICULTURAL,142.0,27.08177,80.183945
3,2.74,3.76,338.18333333333334,341.44,1,1.0,0.9195787472674344,1.0,0.2,3.0,0.5209476305275434,54.02369076318858,40.0,1.0,0.0,0.0,87.33199673275413,8.41563327640405,0.7499814361030668,3.499913368480978,0.0024751862577658,0.0,37.134552240113166,0,0.0,AGRICULTURAL,143.0,28.221823333333333,80.17033333333335
20,11.862000000000002,36.75,330.1455,352.96,4,5.0,3.4682936098411066,0.8,1.0,4.0,0.2237990802120902,62.59497700530227,30.0,0.0,0.0,0.0,1.0346278557461448,90.62894482809833,0.1336600579193584,8.18544095443182,0.0074255587732976,0.0099007450310635,33.34074290978848,0,0.0,WILDFIRE,17.0,29.3155705,79.70564100000001
26,3.656538461538462,9.72,319.19076923076926,353.63,4,4.0,4.396017437237337,1.0,0.8,6.5,0.1853218622125101,67.63304655531276,10.0,0.0,1.0,0.0,0.0816811465062746,98.43073191257642,0.0074255587732976,1.4801613821440065,0.0,0.0,53.856497874622,0,0.0,WILDFIRE,1.0,29.317108846153847,79.9935323076923
3,4.373333333333334,5.66,333.68333333333334,343.62,2,2.0,0.837917315784368,1.0,0.4,1.5,0.5440941175165054,56.60235293791264,10.0,0.0,1.0,0.0,0.0024751862577658,96.03227642880128,0.0,1.9083686047375064,0.0618796564441474,1.9900497512437807,32.14959864863362,0,0.0,WILDFIRE,19.0,29.33741333333333,79.41951333333333
29,6.241379310344828,44.05,319.07448275862066,367.0,4,5.0,3.0313368698160987,0.8,1.0,5.8,0.2480566701054724,66.80141675263681,10.0,0.0,1.0,0.0,0.0,99.46040939580703,0.0,0.5395906041929655,0.0,0.0,40.28870330485386,0,0.0,WILDFIRE,20.0,29.344711724137937,79.78181275862067
47,3.5025531914893606,11.98,319.88085106382977,350.99,4,4.0,5.856343324784849,1.0,0.8,11.75,0.145850339259576,73.6462584814894,10.0,0.0,1.0,0.0,1.7375807529516598,89.30472018019357,0.311873468478503,8.645825598376277,0.0,0.0,39.93339319450879,0,0.0,WILDFIRE,21.0,29.42054425531915,79.49153446808509
3,3.293333333333333,4.8,327.75666666666666,342.73,2,4.0,1.5050268835110825,0.5,0.8,0.75,0.3991973126445594,46.47993281611399,10.0,0.0,1.0,0.0,1.6757010965075123,89.27749313135813,0.0618796564441474,8.888393851637336,0.0,0.0965322640528699,45.822047099183415,0,0.0,WILDFIRE,22.0,29.46816,79.28084
9,4.318888888888889,10.41,314.6433333333334,338.94,2,2.0,1.8485614357014992,1.0,0.4,4.5,0.3510543909872654,57.77635977468164,10.0,0.0,1.0,0.0,0.8663151902180638,96.3639513873419,0.2524689982921215,2.4454840226727064,0.0,0.071780401475211,53.00984738720814,0,0.0,WILDFIRE,23.0,29.469257777777777,79.80644555555554
4,4.9475,7.72,341.63,348.0,2,3.0,0.9819488157676396,0.6666666666666666,0.6,1.3333333333333333,0.5045538976810986,50.28051410869413,10.0,0.0,1.0,0.0,3.331600702952897,70.8225043934556,0.383653869953714,25.417687680998,0.022276676319893,0.022276676319893,49.8156133219122,0,0.0,WILDFIRE,24.0,29.5102075,79.5359375
34,3.332647058823529,19.47,318.9288235294118,349.81,3,5.0,3.705129438871759,0.6,1.0,6.8,0.2125340042164259,61.91335010541065,10.0,0.0,1.0,0.0,0.0049503725155317,93.58679240612857,0.0,6.408257221355907,0.0,0.0,51.5336726549026,0,0.0,WILDFIRE,25.0,29.536297647058824,79.27578852941176
2,6.425,8.68,345.025,350.11,1,1.0,0.4071823936291255,1.0,0.2,2.0,0.7106399316303259,56.76599829075815,30.0,0.0,0.0,0.0,0.3861290562114799,84.42365287987921,1.3514516967401795,13.769461151951685,0.0693052152174451,0.0,51.30823454411959,0,0.0,WILDFIRE,26.0,29.557725,79.231865
7,1.6542857142857144,4.4,317.11857142857144,347.64,2,2.0,1.2542955418836614,1.0,0.4,3.5,0.4435975591578433,58.08993897894609,10.0,0.0,1.0,0.0,0.1212841266305289,94.5496398603995,0.1584119204970174,5.165713719957426,0.0049503725155317,0.0,50.51643234473008,0,0.0,WILDFIRE,27.0,29.561717142857137,79.20563428571428
2,2.505,4.49,316.99,331.37,1,1.0,0.2925881528740046,1.0,0.2,2.0,0.7736416257386781,58.34104064346696,10.0,0.0,1.0,0.0,5.390955669414123,68.26563698918343,1.5890695774857058,24.496918393109084,0.0,0.2574193708076533,85.54408053717532,0,0.0,WILDFIRE,11.0,29.566805,80.187835
2,2.665,2.92,333.885,334.26,1,1.0,0.4874495934350654,1.0,0.2,2.0,0.6722916893544164,55.80729223386041,10.0,0.0,1.0,0.0,2.8241875201108884,87.09437885200862,0.695527338432217,9.38590628944828,0.0,0.0,58.47976139841491,0,0.0,WILDFIRE,29.0,29.5792,79.330315
2,2.385,4.42,315.235,335.2,1,1.0,0.4307122405183077,1.0,0.2,2.0,0.6989525717888089,56.47381429472023,10.0,0.0,1.0,0.0,3.111309126011732,73.65906784485533,0.9776985718175292,22.25192445731541,0.0,0.0,60.56577557529789,0,0.0,WILDFIRE,30.0,29.595585,79.341095
5,4.412000000000001,10.1,320.886,350.07,2,4.0,1.3100109912855356,0.5,0.8,1.25,0.4328983731127157,48.32245932781789,10.0,0.0,1.0,0.0,0.891067052795723,88.36909977475806,0.1881141555902081,10.450236380287617,0.0,0.1014826365684017,72.80996668891775,0,0.0,WILDFIRE,31.0,29.644456,79.86574399999999
4,3.1900000000000004,4.4,329.0575,335.52,3,5.0,1.4765903894844858,0.6,1.0,0.8,0.4037809418327569,54.69452354581892,10.0,0.0,1.0,0.0,0.0049503725155317,95.2030890324497,0.1311848716615925,4.537016410484889,0.0,0.1237593128882948,73.14881785868839,0,0.0,WILDFIRE,32.0,29.6559325,79.8471
3,5.293333333333333,5.6,338.00666666666666,341.24,1,1.0,0.6464035924994965,1.0,0.2,3.0,0.607384486134317,56.184612153357925,30.0,0.0,0.0,0.0,3.5048637409965098,52.97641147496349,0.8192866513205119,42.55835251602683,0.0,0.118808940372763,69.52021122590118,0,0.0,WILDFIRE,33.0,29.677916666666665,79.64736333333333
6,5.413333333333334,6.92,340.045,347.47,1,1.0,0.9993707927744372,1.0,0.2,6.0,0.5001573513096812,59.50393378274202,10.0,0.0,1.0,0.0,8.861166802801911,71.23586049850252,0.5989950743793471,19.30397762431623,0.0,0.0,85.37322833491751,0,0.0,WILDFIRE,17.0,29.688955,80.03085666666665
3,1.6933333333333334,4.22,310.2366666666667,334.18,1,1.0,0.70030954498845,1.0,0.2,3.0,0.588128204624525,55.70320511561312,10.0,0.0,1.0,0.0,3.0024009306700328,80.76780277715898,0.6559243583079627,15.435261503428134,0.0,0.1386104304348902,79.61222276382394,0,0.0,WILDFIRE,18.0,29.70947,79.87331666666667
45,3.398222222222222,11.35,322.87066666666664,367.0,5,5.0,4.7968755291157406,1.0,1.0,9.0,0.1725067227987454,77.31266806996865,10.0,0.0,1.0,0.0,0.0,99.650998737655,0.0,0.3490012623449914,0.0,0.0,73.80219689003006,0,0.0,WILDFIRE,19.0,29.72419355555555,79.57931488888889
3,1.9333333333333336,3.88,313.5933333333333,337.63,1,1.0,1.058715820027164,1.0,0.2,3.0,0.4857396976659,53.1434924416475,10.0,0.0,1.0,0.0,0.7277047597831737,79.76040197024827,0.1806885968169105,19.326254300636123,0.0,0.0049503725155317,89.00279577051727,0,0.0,WILDFIRE,20.0,29.764966666666663,79.96187333333334
2,2.885,5.09,317.625,334.8,2,5.0,0.4876096985157752,0.4,1.0,0.4,0.6722193334701465,54.60548333675366,10.0,0.0,1.0,0.0,0.6806762208856216,95.9654463998416,0.1138585678572312,3.2400188114155597,0.0,0.0,100.49473726121732,0,0.0,WILDFIRE,21.0,29.77657,80.157495
24,3.974583333333334,13.16,325.5416666666667,367.0,3,5.0,4.743010035057035,0.6,1.0,4.8,0.1741247175080147,56.95311793770037,10.0,0.0,1.0,0.0,0.0,94.09420558897057,0.0,5.90579441102943,0.0,0.0,81.76126959276736,0,0.0,WILDFIRE,22.0,29.78109333333333,79.69992708333334
2,7.845,11.67,337.565,338.15,1,1.0,0.626809752568433,1.0,0.2,2.0,0.6147000277206257,54.36750069301565,30.0,0.0,0.0,0.0,4.836513947674562,56.91443281106904,0.9900745031063588,37.112942748941855,0.0,0.0420781663820202,73.99910130893865,0,0.0,WILDFIRE,23.0,29.78366,79.22387
22,6.776818181818183,26.32,333.9627272727273,367.0,5,5.0,4.3573008221470735,1.0,1.0,4.4,0.1866611626261496,68.46652906565376,10.0,0.0,1.0,0.0,0.3663275661493527,80.1069280463355,0.2029652731368035,19.32377911437836,0.0,0.0,80.40635721876966,0,0.0,WILDFIRE,24.0,29.783255454545458,79.45644863636365
27,4.44925925925926,17.55,323.2648148148148,348.72,4,5.0,4.738159326321869,0.8,1.0,5.4,0.1742719124951511,64.15679781237877,10.0,0.0,1.0,0.0,0.2004900868790376,71.03537041162348,0.0049503725155317,28.741862825177595,0.0,0.0173263038043612,82.60664506627681,0,0.0,WILDFIRE,25.0,29.803985185185187,79.57195111111112
2,8.649999999999999,8.7,341.32,342.86,1,1.0,0.2007994728538655,1.0,0.2,2.0,0.8327785134876534,59.81946283719134,10.0,0.0,1.0,0.0,0.0445533526397861,91.0571520506918,0.190589341847974,8.707705254820425,0.0,0.0,101.45647876842894,0,0.0,WILDFIRE,26.0,29.812585,80.117985
2,5.805,7.36,340.45000000000005,342.16,1,1.0,0.7768911072344945,1.0,0.2,2.0,0.5627806880953853,53.06951720238463,30.0,0.0,0.0,0.0,15.269424024157818,41.91727927526546,3.039528724536521,38.09064132075939,0.0,0.5123635553575406,79.9566221235368,0,0.0,WILDFIRE,27.0,29.82231,79.28097
2,4.42,5.12,332.79,334.29,1,1.0,0.4292763339459203,1.0,0.2,2.0,0.699654766716257,56.49136916790643,30.0,0.0,0.0,0.0,1.1831390312120988,74.56993638771317,0.6361228682458354,23.61080171282889,0.0,0.0,99.74733817281717,0,0.0,WILDFIRE,28.0,29.83326,80.048465
40,4.77325,12.17,327.63525,367.0,4,5.0,5.744746594714928,0.8,1.0,8.0,0.1482635390310413,68.70658847577603,10.0,0.0,1.0,0.0,0.0099007450310635,89.4260043068241,0.0123759312888294,10.55171901685602,0.0,0.0,87.39439266751847,0,0.0,WILDFIRE,29.0,29.847746500000007,79.55657475000001
7,13.861428571428572,30.25,344.2314285714286,354.03,1,1.0,1.7368131618218976,1.0,0.2,7.0,0.3653884795461519,58.1347119886538,10.0,0.0,1.0,0.0,0.6534491720501968,88.42107868617114,0.0891067052795722,10.628449790846762,0.0,0.2079156456523353,96.39102576103356,0,0.0,WILDFIRE,30.0,29.860284285714283,79.91081142857145
3,2.0466666666666664,5.36,312.92,346.95,1,1.0,0.7013582438935115,1.0,0.2,3.0,0.5877656887308622,55.69414221827156,10.0,0.0,1.0,0.0,0.0272270488354248,99.2450681913814,0.0,0.7277047597831737,0.0,0.0,89.31744898715323,0,0.0,WILDFIRE,31.0,29.86046333333333,79.4172
2,7.370000000000001,8.05,341.375,342.16,1,1.0,0.4926525515162224,1.0,0.2,2.0,0.6699482736181367,55.74870684045342,10.0,0.0,1.0,0.0,1.1088834434791217,86.81468280488107,0.0247518625776589,12.051681889062152,0.0,0.0,86.80514768925863,0,0.0,WILDFIRE,32.0,29.858185,79.36295000000001
3,4.946666666666666,7.18,323.3766666666667,341.05,1,1.0,0.6031306479210782,1.0,0.2,3.0,0.6237794787946875,56.594486969867184,10.0,0.0,1.0,0.0,0.2524689982921215,96.74265488478008,0.022276676319893,2.9825994406079057,0.0,0.0,89.02418928804738,0,0.0,WILDFIRE,33.0,29.862350000000003,79.48485
11,5.992727272727274,17.53,327.57363636363635,353.38,4,5.0,4.60010824845118,0.8,1.0,2.2,0.1785679768380494,57.86419942095124,10.0,0.0,1.0,0.0,14.021930150243806,73.95361500952947,0.480186134006584,11.056657013440262,0.0,0.4381079676245637,90.7791991553958,0,0.0,WILDFIRE,34.0,29.88423,79.39520545454546
3,4.926666666666667,7.0,335.21,337.11,1,1.0,0.4186731843162337,1.0,0.2,3.0,0.7048839796615849,58.62209949153963,10.0,0.0,1.0,0.0,9.232444741466797,69.57748570579936,1.0915571396747603,19.445063241008885,0.0,0.6534491720501968,91.50057066248544,0,0.0,WILDFIRE,35.0,29.87140666666667,79.69437666666667
5,2.354,5.72,322.68600000000004,343.45,1,1.0,0.9386554246672412,1.0,0.2,5.0,0.5158214230729755,57.89553557682439,10.0,0.0,1.0,0.0,2.2722209846290933,64.59741095517437,0.4999876240687112,32.625430063612285,0.0,0.0049503725155317,98.3651258703601,0,0.0,WILDFIRE,36.0,29.890662,79.878494
47,3.021489361702128,36.4,319.4972340425532,367.0,4,5.0,6.614792161397061,0.8,1.0,9.4,0.1313233478740847,71.08308369685213,10.0,0.0,1.0,0.0,0.0,97.51491299720304,0.0,2.4850870027969605,0.0,0.0,94.30943965325235,0,0.0,WILDFIRE,37.0,29.908291489361705,79.45102468085108
14,3.415,7.48,324.9357142857143,343.9,4,5.0,2.746904077986029,0.8,1.0,2.8,0.2668870030261097,61.27217507565275,10.0,0.0,1.0,0.0,0.2376178807455261,81.62421722234599,0.1485111754659538,17.98965372144254,0.0,0.0,94.612668821625,0,0.0,WILDFIRE,38.0,29.91159928571428,79.58252357142858
4,2.6975,2.7,335.27000000000004,337.21,1,1.0,0.6607568720423036,1.0,0.2,4.0,0.6021350968551208,58.053377421378016,10.0,0.0,1.0,0.0,3.2350684389000275,57.273334818445086,0.4034553600158412,39.07824063760798,0.0,0.0099007450310635,88.79017073339033,0,0.0,WILDFIRE,39.0,29.9224625,79.22635
4,5.315,9.23,338.16,353.83,2,2.0,0.8410706567470183,1.0,0.4,2.0,0.5431622063690357,57.5790551592259,30.0,0.0,0.0,0.0,2.6088463156852555,53.55560505928071,0.240093067003292,43.54842701913319,0.0,0.047028538897552,90.0010721536288,0,0.0,WILDFIRE,40.0,29.9258475,79.25673
3,3.66,6.79,330.1133333333333,342.65,2,2.0,0.954432671283318,1.0,0.4,1.5,0.5116574311784201,55.79143577946051,10.0,0.0,1.0,0.0,0.0099007450310635,79.17378282715775,0.0024751862577658,20.79156456523353,0.0,0.0198014900621271,103.90224867940752,0,0.0,WILDFIRE,41.0,29.96656,79.79259333333333
15,2.2613333333333334,9.44,312.61333333333334,345.47,3,5.0,2.946096849963688,0.6,1.0,3.0,0.2534149662366249,55.335374155915616,10.0,0.0,1.0,0.0,0.0544540976708497,81.74055097646098,0.3069230959629712,17.898071829905202,0.0,0.0,109.71985233544208,0,0.0,WILDFIRE,42.0,29.969148,79.96881933333333
3,3.2366666666666664,7.12,322.5133333333333,335.5,2,2.0,0.7992161461227891,1.0,0.4,1.5,0.5557975911648773,56.894939779121934,10.0,0.0,1.0,0.0,0.0,92.2774188757704,0.0173263038043612,7.705254820425236,0.0,0.0,108.57734163156236,0,0.0,WILDFIRE,43.0,29.98326,79.89485333333333
4,5.5625,6.77,338.72,345.16,2,2.0,1.296454216195475,1.0,0.4,2.0,0.4354539241181543,54.88634810295386,30.0,0.0,0.0,0.0,0.0472636815920398,70.85572139303483,0.0,29.09701492537313,0.0,0.0,105.44093563765192,0,0.0,WILDFIRE,44.0,29.9916725,79.738495
4,1.4375000000000002,1.57,313.08,329.11,1,1.0,0.8657365402463444,1.0,0.2,4.0,0.535981355581943,56.39953388954857,10.0,0.0,1.0,0.0,2.7103289522536573,82.66627063686542,0.3465260760872256,14.113512041781142,0.0,0.1633622930125492,54.69486797266557,0,0.0,WILDFIRE,47.0,29.302305000000004,80.0134875
7,1.8942857142857144,5.31,312.3042857142857,335.85,2,2.0,1.2306961094395767,1.0,0.4,3.5,0.4482905563731101,58.20726390932776,10.0,0.0,1.0,0.0,0.0,96.5025618177768,0.0,3.4974381822232123,0.0,0.0,39.5981137119328,0,0.0,WILDFIRE,38.0,29.31830142857143,79.80531428571429
27,2.823703703703704,10.4,314.517037037037,355.22,5,5.0,3.939800176558675,1.0,1.0,5.4,0.2024373384059945,70.86093346014987,10.0,0.0,1.0,0.0,0.8514640726714685,97.12878394099155,0.0445533526397861,1.9727234474394195,0.0,0.0024751862577658,37.2087467855996,0,0.0,WILDFIRE,39.0,29.35358518518519,79.71051629629629
4,0.955,1.31,303.2325,309.61,2,2.0,1.1059356082271663,1.0,0.4,2.0,0.4748483268402623,55.87120817100657,10.0,0.0,1.0,0.0,0.4356327813667978,87.97802034603104,0.1460359892081879,11.366055295661,0.0,0.0742555877329769,51.65617895568217,0,0.0,WILDFIRE,50.0,29.355305,79.93475000000001
3,1.0533333333333337,2.14,310.21,332.5,2,2.0,0.5710351754787772,1.0,0.4,1.5,0.6365229853591581,58.91307463397896,10.0,0.0,1.0,0.0,0.982648944333061,81.61184129105715,0.0420781663820202,17.153040766317666,0.0,0.2103908319101012,49.49505469473143,0,0.0,WILDFIRE,51.0,29.355616666666663,79.90532333333333
3,2.41,3.54,326.0133333333333,342.1,3,4.0,0.4847380126502074,0.75,0.8,0.75,0.6735194973657566,60.83798743414391,10.0,0.0,1.0,0.0,0.2227667631989307,88.43345461745996,0.0396029801242543,11.30417563921685,0.0,0.0,50.89142429956589,0,0.0,WILDFIRE,53.0,29.38671666666666,79.89167333333334
7,1.3814285714285717,2.26,305.3771428571429,310.99,3,4.0,2.2137174544523126,0.75,0.8,1.75,0.311166122776161,53.77915306940402,10.0,0.0,1.0,0.0,0.3564268211182891,96.6832504145937,0.0099007450310635,2.950422019256949,0.0,0.0,44.828145447636025,0,0.0,WILDFIRE,43.0,29.44423142857143,79.3734657142857
5,4.414,8.94,327.092,342.17,3,4.0,0.8659574863552872,0.75,0.8,1.25,0.5359178905802762,58.39794726450691,10.0,0.0,1.0,0.0,2.942996460483651,76.81740550976461,0.477710947748818,19.751986336971857,0.0,0.0099007450310635,51.25353226152553,0,0.0,WILDFIRE,44.0,29.52158,79.567436
12,4.324166666666666,12.08,325.96833333333336,354.5,3,4.0,2.418514095801364,0.75,0.8,3.0,0.2925247554860766,55.81311888715192,10.0,0.0,1.0,0.0,0.0396029801242543,83.611791787332,0.165837479270315,16.14811514566471,0.0,0.0346526076087225,57.29769085440934,0,0.0,WILDFIRE,45.0,29.55325,79.701415
5,4.3660000000000005,9.57,327.896,367.0,3,4.0,1.490576816571973,0.75,0.8,1.25,0.4015134138188915,55.03783534547229,10.0,0.0,1.0,0.0,1.8588648795821887,75.41892527412688,0.3787034974381822,22.343506348852756,0.0,0.0,81.33871839916522,0,0.0,WILDFIRE,54.0,29.615788,80.070406
5,2.134,4.76,319.074,341.25,2,2.0,0.4545437951144886,1.0,0.4,2.5,0.6875007843413123,62.18751960853282,10.0,0.0,1.0,0.0,1.4479839607930498,90.695774857058,0.3267245860250984,7.529516596123859,0.0,0.0,76.72274177654432,0,0.0,WILDFIRE,55.0,29.608232,80.00579
22,5.006818181818182,28.91,329.5672727272727,367.0,4,4.0,4.188801268987521,1.0,0.8,5.5,0.1927227404095836,65.81806851023958,10.0,0.0,1.0,0.0,0.0,99.98267369619565,0.0,0.0173263038043612,0.0,0.0,64.09977996357729,0,0.0,WILDFIRE,47.0,29.637513181818186,79.47679545454545
8,1.85125,4.48,318.54875000000004,341.31,2,2.0,1.375498490790943,1.0,0.4,4.0,0.4209642750255089,58.52410687563773,10.0,0.0,1.0,0.0,0.0,97.19313878369348,0.0371277938664884,2.740031187346848,0.0,0.0297022350931907,66.7941975211676,0,0.0,WILDFIRE,49.0,29.66304125,79.51461375
7,3.008571428571429,5.69,319.0728571428572,347.02,3,4.0,1.492129460913162,0.75,0.8,1.75,0.4012632632791001,56.0315815819775,10.0,0.0,1.0,0.0,0.2425682532610579,94.37885200861363,0.0346526076087225,5.343927130516572,0.0,0.0,72.75459361790267,0,0.0,WILDFIRE,50.0,29.661201428571424,79.82418428571428
2,2.8,4.31,322.755,334.93,2,2.0,0.2769070775936979,1.0,0.4,1.0,0.7831423425770943,61.57855856442736,10.0,0.0,1.0,0.0,0.7252295735254077,84.38404989975496,0.0099007450310635,14.813989752728892,0.0,0.0668300289596792,74.35717430997995,0,0.0,WILDFIRE,51.0,29.672535,79.83566
4,1.1025,2.13,304.94,317.3,2,4.0,1.7504282569447829,0.5,0.8,1.0,0.363579743436324,46.089493585908095,10.0,0.0,1.0,0.0,0.0024751862577658,95.25506794386278,0.3712779386648845,4.371178931214574,0.0,0.0,87.53269529807551,0,0.0,WILDFIRE,60.0,29.6942925,80.06038
2,6.97,13.74,319.86,343.83,2,2.0,0.0811952844759663,1.0,0.4,1.0,0.9249022950416216,65.12255737604053,10.0,0.0,1.0,0.0,4.267221108388406,90.17103537041164,0.6410732407613673,4.900868790376476,0.0,0.0198014900621271,88.40689942099479,0,0.0,WILDFIRE,61.0,29.688445,80.08404
4,1.9325,2.56,318.5575,327.64,1,1.0,1.0652490959864496,1.0,0.2,4.0,0.4842030929554084,55.10507732388521,10.0,0.0,1.0,0.0,1.126209747283483,77.6960966312715,0.5940447018638152,20.5836489195812,0.0,0.0,85.75102319424876,0,0.0,WILDFIRE,62.0,29.7025475,80.01514250000001
3,1.22,2.47,312.2266666666667,341.04,2,2.0,1.0250591575755734,1.0,0.4,1.5,0.4938127344374535,55.345318360936346,10.0,0.0,1.0,0.0,8.385931041310858,67.19388133957081,0.7524566223608327,23.62070245785996,0.0099007450310635,0.0371277938664884,77.78927952125505,0,0.0,WILDFIRE,63.0,29.71118,79.82195666666667
7,2.885714285714286,5.68,329.5757142857143,342.47,2,2.0,1.8703680818687776,1.0,0.4,3.5,0.3483873745380214,55.70968436345054,10.0,0.0,1.0,0.0,0.0297022350931907,92.42840523749412,0.0396029801242543,7.489913615999604,0.0,0.0123759312888294,76.83204310279775,0,0.0,WILDFIRE,64.0,29.74873571428571,79.61312428571429
3,1.14,1.57,312.4666666666667,334.16,2,2.0,0.930693001505862,1.0,0.4,1.5,0.5179487361377706,55.94871840344426,10.0,0.0,1.0,0.0,0.361377193633821,86.13648177025321,0.720279201009876,12.754634786267664,0.0,0.0272270488354248,81.3209365734524,0,0.0,WILDFIRE,65.0,29.761243333333336,79.76905000000001
23,2.621304347826088,10.9,313.36782608695654,367.0,4,5.0,3.298007136070909,0.8,1.0,4.6,0.2326659701440527,64.01664925360132,10.0,0.0,1.0,0.0,0.0024751862577658,97.98767357243634,0.0,2.0098512413059084,0.0,0.0,78.73612773841126,0,0.0,WILDFIRE,66.0,29.769757826086952,79.55808521739131
2,0.74,0.81,298.32500000000005,301.23,1,1.0,0.3880032590714828,1.0,0.2,2.0,0.7204594034375387,57.01148508593848,10.0,0.0,1.0,0.0,0.1782134105591445,94.5644909779461,1.1930397762431624,4.064255835251602,0.0,0.0,102.64671778008665,0,0.0,WILDFIRE,67.0,29.781065,80.18680499999999
3,2.273333333333333,3.56,323.5333333333333,336.76,2,2.0,0.4807893146272533,1.0,0.4,1.5,0.6753155159359869,59.88288789839969,10.0,0.0,1.0,0.0,5.400856414445187,60.5826588450781,0.720279201009876,33.29620553946685,0.0,0.0,82.57145223230866,0,0.0,WILDFIRE,68.0,29.79480666666667,79.66217666666667
5,3.3280000000000003,9.6,325.18,347.79,3,4.0,1.3105653883854604,0.75,0.8,1.25,0.4327945034694577,55.81986258673645,10.0,0.0,1.0,0.0,0.0569292839286156,94.2649934407564,0.0618796564441474,5.613722432613054,0.0,0.0024751862577658,96.79980845882444,0,0.0,WILDFIRE,69.0,29.808637999999995,80.036374
5,3.948,7.51,334.49799999999993,344.4,2,2.0,0.8342924590661658,1.0,0.4,2.5,0.5451693349429664,58.629233373574166,10.0,0.0,1.0,0.0,0.673250662112324,94.64864731071012,0.1089081953416994,4.569193831835846,0.0,0.0,84.60059153136632,0,0.0,WILDFIRE,70.0,29.820008,79.398096
7,4.511428571428571,9.06,326.40714285714284,350.8,2,2.0,1.072544604259274,1.0,0.4,3.5,0.4824986627283707,59.06246656820928,10.0,0.0,1.0,0.0,0.7029528972055148,79.90891314571421,0.1138585678572312,18.77676295141209,0.0,0.4975124378109453,97.02012593138892,0,0.0,WILDFIRE,71.0,29.838265714285715,79.98001142857143
17,1.3205882352941176,1.99,307.9423529411765,320.84,3,5.0,3.807109237851516,0.6,1.0,3.4,0.2080252289933271,55.00063072483318,10.0,0.0,1.0,0.0,0.0,96.68077522833592,0.0,3.319224771664068,0.0,0.0,88.93894633303208,0,0.0,WILDFIRE,72.0,29.852236470588235,79.66638470588235
4,0.945,1.26,301.595,305.97,2,2.0,1.4417154042484366,1.0,0.4,2.0,0.4095481390910917,54.2387034772773,10.0,0.0,1.0,0.0,0.1089081953416994,86.921115813965,0.1212841266305289,12.84869186406277,0.0,0.0,94.82188747095064,0,0.0,WILDFIRE,73.0,29.830505,79.946975
6,2.8633333333333333,4.82,320.76,343.72,2,2.0,1.135938762177289,1.0,0.4,3.0,0.468178216392609,57.704455409815225,10.0,0.0,1.0,0.0,0.0891067052795722,88.14138263904358,0.0445533526397861,11.707630999232691,0.0,0.0173263038043612,87.78121815154108,0,0.0,WILDFIRE,74.0,29.84714166666667,79.62015000000001
3,5.4433333333333325,14.02,319.9166666666667,340.23,2,2.0,0.8533062010798148,1.0,0.4,1.5,0.5395762445608597,56.4894061140215,10.0,0.0,1.0,0.0,0.0,91.8987153783322,0.0,8.10128462166778,0.0,0.0,88.16411357628989,0,0.0,WILDFIRE,75.0,29.85302,79.45330666666666
2,0.8049999999999999,1.13,307.73,313.76,1,1.0,0.3716353000573147,1.0,0.2,2.0,0.7290567689226242,57.226419223065605,10.0,0.0,1.0,0.0,2.7524071186356776,74.31251701690552,0.1237593128882948,21.957377292641272,0.0,0.8489888864137027,92.67637169969824,0,0.0,WILDFIRE,76.0,29.8575,79.80864
3,0.8566666666666666,1.17,305.1366666666667,306.31,1,1.0,0.8258059101703477,1.0,0.2,3.0,0.5477033426333361,54.6925835658334,10.0,0.0,1.0,0.0,7.940397514912997,82.92121482141532,0.4356327813667978,8.366129551248731,0.0,0.336625331056162,97.76598126904932,0,0.0,WILDFIRE,77.0,29.865663333333337,79.93222999999999
6,1.4083333333333332,6.27,304.80333333333334,342.75,2,2.0,0.8353828136487639,1.0,0.4,3.0,0.5448454636076642,59.6211365901916,10.0,0.0,1.0,0.0,0.1485111754659538,87.11170515581298,0.0,12.739783668721072,0.0,0.0,90.1521465385896,0,0.0,WILDFIRE,78.0,29.871996666666664,79.472315
6,1.9566666666666663,2.57,315.02,337.34,2,2.0,1.2655068858548366,1.0,0.4,3.0,0.4414023220338494,57.03505805084623,10.0,0.0,1.0,0.0,0.0767307739907428,92.32692260092573,0.0544540976708497,7.541892527412688,0.0,0.0,86.39134045493212,0,0.0,WILDFIRE,79.0,29.877486666666663,79.30156666666666
11,3.1554545454545457,9.92,317.73636363636365,351.62,5,5.0,2.8639072449734635,1.0,1.0,2.2,0.2588053844462479,65.8701346111562,10.0,0.0,1.0,0.0,0.4306824088512661,90.64627113190268,0.0346526076087225,8.888393851637336,0.0,0.0,96.74867668630708,0,0.0,WILDFIRE,80.0,29.88880363636364,79.83427363636363
4,3.305,7.39,317.115,341.51,4,4.0,2.020673823994502,1.0,0.8,1.0,0.3310519633257232,60.27629908314308,10.0,0.0,1.0,0.0,0.0123759312888294,93.423430113116,0.0,6.564193955595159,0.0,0.0,91.54326830961946,0,0.0,WILDFIRE,81.0,29.88561,79.5305525
2,0.915,1.36,305.5,313.48,2,2.0,0.5201505888491605,1.0,0.4,1.0,0.6578295646071854,58.44573911517964,10.0,0.0,1.0,0.0,2.3959802975173883,81.81480656419396,0.2499938120343556,14.828840870275489,0.0,0.7103784559788124,97.7800435385726,0,0.0,WILDFIRE,82.0,29.89057,79.86119500000001
2,0.37,0.38,298.13,300.02,2,4.0,0.9666922750731928,0.5,0.8,0.5,0.5084679553962166,48.71169888490542,30.0,0.0,0.0,0.0,1.1410608648300786,67.97108982450929,0.4282072225935001,30.118066384495435,0.0,0.3415757035716937,99.57962760467328,0,0.0,WILDFIRE,83.0,29.89204,79.90892500000001
2,0.625,0.79,300.85,300.91,1,1.0,0.3869631820662387,1.0,0.2,2.0,0.7209996724716532,57.02499181179133,10.0,0.0,1.0,0.0,7.529516596123859,78.25053835301107,0.3762283111804163,13.415509517091165,0.0,0.3886042424692458,89.69742683190786,0,0.0,WILDFIRE,84.0,29.89631,79.338835
2,0.495,0.67,295.96000000000004,296.29,1,1.0,0.8520167615466268,1.0,0.2,2.0,0.5399519166148885,52.49879791537222,10.0,0.0,1.0,0.0,0.0,99.84406326576077,0.0,0.1559367342392515,0.0,0.0,97.73209595190426,0,0.0,WILDFIRE,85.0,29.917485,79.755145
4,4.720000000000001,6.76,338.1925,354.22,3,5.0,1.0343504017506266,0.6,1.0,0.8,0.4915574028640624,56.888935071601566,10.0,0.0,1.0,0.0,0.0272270488354248,83.50040840573253,0.0346526076087225,16.40800970273013,0.0,0.0297022350931907,102.14991370935726,0,0.0,WILDFIRE,86.0,29.936005,79.8480675
4,1.905,4.82,314.355,345.85,3,4.0,0.8781808319742228,0.75,0.8,1.0,0.532430095641464,57.8107523910366,30.0,0.0,0.0,0.0,7.710205192940769,63.22863295462984,3.8291131407638415,22.31875448627509,0.0,1.0321526694883791,104.24072905126316,0,0.0,WILDFIRE,87.0,29.938965000000003,79.9034725
3,0.5633333333333334,0.67,299.98,303.83,1,1.0,0.5482638840597647,1.0,0.2,3.0,0.6458847295319322,57.1471182382983,30.0,0.0,0.0,0.0,0.2079156456523353,79.68862156877306,0.047028538897552,20.056434246677064,0.0,0.0,98.35334833819287,0,0.0,WILDFIRE,88.0,29.94362333333333,79.43438333333334
9,2.8966666666666665,8.35,322.80333333333334,347.84,2,2.0,2.313190479187063,1.0,0.4,4.5,0.3018238783075834,56.54559695768959,10.0,0.0,1.0,0.0,0.0,79.80495532288805,0.0,20.195044677111955,0.0,0.0,102.03486367710458,0,0.0,WILDFIRE,89.0,29.95542222222222,79.76406333333333
8,3.50125,5.97,328.11125,341.45,2,2.0,1.1266802772212476,1.0,0.4,4.0,0.470216426376331,59.75541065940829,10.0,0.0,1.0,0.0,0.2178163906833989,60.28811168040396,0.0693052152174451,39.38268854731318,0.0,0.0371277938664884,111.24778438898868,0,0.0,WILDFIRE,90.0,29.94830125,80.05579875
2,0.935,1.2,304.575,307.88,2,2.0,0.9262843666641628,1.0,0.4,1.0,0.5191341513775285,54.97835378443822,30.0,0.0,0.0,0.0,0.5544417217395609,85.6587708225044,0.0371277938664884,13.749659661889558,0.0,0.0,105.07437139095605,0,0.0,WILDFIRE,91.0,29.955170000000003,79.87744
3,7.566666666666666,10.95,328.6,348.57,2,2.0,0.661838666854264,1.0,0.4,1.5,0.6017431294296004,58.043578235740014,10.0,0.0,1.0,0.0,0.408405732531373,51.50367565159279,0.2648449295809509,47.82307368629489,0.0,0.0,101.720292273303,0,0.0,WILDFIRE,92.0,29.97670666666667,79.55513666666667
2,2.305,3.45,327.15,345.2,1,1.0,0.5294232759378542,1.0,0.2,2.0,0.653841232661241,55.34603081653102,10.0,0.0,1.0,0.0,0.0742555877329769,97.08423058835176,0.383653869953714,2.264795425855796,0.1930645281057399,0.0,27.986777246810604,0,0.0,WILDFIRE,53.0,29.31185,79.55986
3,4.760000000000001,8.54,330.57,347.78,1,1.0,0.8719050040001264,1.0,0.2,3.0,0.5342151433235511,54.35537858308878,10.0,0.0,1.0,0.0,0.5593920942550926,73.45115219920298,0.0,24.09346303309324,0.0049503725155317,1.8910423009331447,32.557085664017,0,0.0,WILDFIRE,54.0,29.329923333333337,79.65791333333333
5,7.564,11.56,342.85,367.0,1,1.0,1.1398913831237252,1.0,0.2,5.0,0.467313438376597,56.68283595941492,10.0,0.0,1.0,0.0,0.0198014900621271,98.75993168485928,0.0,1.220266825078587,0.0,0.0,42.48543944726927,0,0.0,WILDFIRE,67.0,29.351876,79.807334
3,1.63,3.19,310.7766666666667,333.65,1,1.0,0.8758474379909953,1.0,0.2,3.0,0.5330923932017548,54.327309830043866,10.0,0.0,1.0,0.0,0.3910794287270117,91.3417984703349,0.1584119204970174,8.106234994183312,0.0,0.0024751862577658,56.80851886842974,0,0.0,WILDFIRE,69.0,29.3984,79.96265333333334
40,3.809,11.66,322.50575,352.67,3,4.0,3.850691611776558,0.75,0.8,10.0,0.2061561690650854,67.65390422662713,10.0,0.0,1.0,0.0,0.0,97.74758050543304,0.0148511175465953,2.2375683770203705,0.0,0.0,43.80340157890269,0,0.0,WILDFIRE,57.0,29.4507465,79.44603275
16,2.301875,8.53,316.09125,367.0,3,4.0,3.5178883987680405,0.75,0.8,4.0,0.2213423422040891,56.03355855510223,10.0,0.0,1.0,0.0,0.0247518625776589,94.28231974456078,0.0,5.692928392861562,0.0,0.0,51.2618769099303,0,0.0,WILDFIRE,58.0,29.513944375,79.305471875
2,7.789999999999999,10.04,341.22,342.04,1,1.0,0.5348031494588589,1.0,0.2,2.0,0.6515493536435472,55.28873384108868,10.0,0.0,1.0,0.0,3.7499071805153337,80.95096656023367,0.1856389693324422,15.113487289918568,0.0,0.0,71.31824805073589,0,0.0,WILDFIRE,99.0,29.53055,80.024345
2,7.225,7.84,345.58,346.65,1,1.0,0.5355191018776084,1.0,0.2,2.0,0.6512455616978101,55.28113904244525,10.0,0.0,1.0,0.0,1.4281824707309223,67.21120764337516,0.118808940372763,31.23685057300562,0.0049503725155317,0.0,75.04918371132293,0,0.0,WILDFIRE,100.0,29.56123,80.04303999999999
5,2.224,4.48,325.922,347.28,2,3.0,2.2692157386475382,0.6666666666666666,0.6,1.6666666666666667,0.3058837592693396,45.98042731506682,10.0,0.0,1.0,0.0,1.6658003514764486,73.68877007994851,1.0247271107150813,23.541496497611444,0.0,0.0792059602485087,59.28601537262967,0,0.0,WILDFIRE,59.0,29.580582,79.66554199999999
4,1.7399999999999998,3.07,315.98,338.49,1,1.0,0.9688494533432004,1.0,0.2,4.0,0.507910850320197,55.69777125800493,10.0,0.0,1.0,0.0,1.3068983441003936,90.2749931932378,0.1757382243013787,5.106309249771045,0.0,1.5940199500012378,74.88664023046381,0,0.0,WILDFIRE,60.0,29.60293,79.9824475
2,3.53,3.53,340.68,344.04,1,1.0,0.3699297290878228,1.0,0.2,2.0,0.7299644491005074,57.249111227512685,10.0,0.0,1.0,0.0,2.2474691220514345,65.40927204772159,0.5395906041929655,31.73436301081656,0.0024751862577658,0.0668300289596792,78.66499333304299,0,0.0,WILDFIRE,103.0,29.61341,80.03062
2,3.455,5.01,333.61,334.43,2,2.0,0.1816870479081342,1.0,0.4,1.0,0.8462477453486832,63.15619363371708,10.0,0.0,1.0,0.0,5.299373777876785,71.56753545704314,1.150961609861142,21.982129155218928,0.0,0.0,62.4161859940312,0,0.0,WILDFIRE,61.0,29.65571,79.264635
2,2.21,2.31,326.025,336.87,1,1.0,0.5905929487687429,1.0,0.2,2.0,0.6286963618027396,54.717409045068486,10.0,0.0,1.0,0.0,1.5494665973614514,85.03997425806293,0.0693052152174451,13.333828370584886,0.0,0.0074255587732976,76.40676225216663,0,0.0,WILDFIRE,62.0,29.68803,79.84770499999999
2,5.095,7.12,343.92499999999995,347.33,1,1.0,0.3712910931415356,1.0,0.2,2.0,0.7292397690041633,57.23099422510408,10.0,0.0,1.0,0.0,5.314224895423381,66.01816786713201,0.9207692878889135,27.746837949555704,0.0,0.0,70.77093200931951,0,0.0,WILDFIRE,63.0,29.69331,79.42562
4,37.5975,51.16,340.63,348.25,2,4.0,1.3521672594240055,0.5,0.8,1.0,0.4251398347602534,47.628495869006336,10.0,0.0,1.0,0.0,0.4727605752332863,96.01247493873916,0.0445533526397861,3.470211133387788,0.0,0.0,90.86115818763498,0,0.0,WILDFIRE,107.0,29.6998375,80.10835750000001
2,2.17,2.36,333.065,335.49,1,1.0,0.83996498617161,1.0,0.2,2.0,0.5434886030525431,52.587215076313576,10.0,0.0,1.0,0.0,0.527214672904136,91.52743743966734,0.0668300289596792,7.87851785846885,0.0,0.0,88.69039413153597,0,0.0,WILDFIRE,108.0,29.852310000000003,79.64847499999999
2,2.325,3.85,318.79,339.06,2,3.0,0.6277954551712566,0.6666666666666666,0.6,0.6666666666666666,0.6143277994929605,51.69152832065734,30.0,0.0,0.0,0.0,3.549417093636296,37.14016979777728,0.6088958194104106,58.70151728917601,0.0,0.0,90.77585234852891,0,0.0,WILDFIRE,109.0,29.936555,79.24407500000001
3,1.7633333333333334,3.07,313.57666666666665,336.38,1,1.0,1.3875557894071209,1.0,0.2,3.0,0.4188383804209746,51.47095951052436,30.0,0.0,0.0,0.0,0.0049503725155317,95.16101086606768,0.1509863617237197,3.0494294695675848,0.0,0.8786911215068934,109.51414239355388,0,0.0,WILDFIRE,110.0,29.982966666666663,79.92391666666667
2,3.1300000000000003,5.4,335.285,367.0,2,3.0,0.6922773515077809,0.6666666666666666,0.6,0.6666666666666666,0.5909196853039619,51.10632546593238,10.0,0.0,1.0,0.0,2.183114279349521,78.24558798049553,0.4009801737580752,19.17031756639687,0.0,0.0,82.37705250459685,0,0.0,WILDFIRE,111.0,29.613390000000003,80.08972
2,0.54,0.54,299.09000000000003,300.77,1,1.0,0.5145029570970313,1.0,0.2,2.0,0.6602826328690569,55.50706582172642,10.0,0.0,1.0,0.0,0.3663275661493527,78.01292047226553,0.022276676319893,21.59600009900745,0.0,0.0024751862577658,80.47432993350851,0,0.0,WILDFIRE,112.0,29.623875,80.045485
5,1.012,1.18,304.692,310.18,1,1.0,1.6126157224144333,1.0,0.2,5.0,0.3827581650912887,54.56895412728221,30.0,0.0,0.0,0.0,3.3291255166951315,80.32226925076112,0.3737531249226504,15.974852107621098,0.0,0.0,85.24856877250626,0,0.0,WILDFIRE,113.0,29.672054,80.05503000000002
2,0.54,0.7,301.39,303.32,1,1.0,0.2592613136775325,1.0,0.2,2.0,0.7941163514978565,58.85290878744641,10.0,0.0,1.0,0.0,0.3192990272518007,95.02982599440608,0.2821712333853122,4.368703744956808,0.0,0.0,87.57352289118491,0,0.0,WILDFIRE,114.0,29.70165,80.049565
34,4.4467647058823525,16.23,322.3270588235294,354.4,4,4.0,3.893866090831046,1.0,0.8,8.5,0.2043374259613601,72.108435649034,10.0,0.0,1.0,0.0,0.0,99.0990322021732,0.0,0.9009677978267864,0.0,0.0,77.17294505229663,0,0.0,WILDFIRE,115.0,29.726806764705884,79.75183558823528
2,1.175,1.25,303.32000000000005,303.85,1,1.0,0.1903321133037229,1.0,0.2,2.0,0.8401016731578692,60.00254182894673,10.0,0.0,1.0,0.0,1.2796712952649687,80.40147521100963,1.6459988614143213,16.665429073537783,0.0,0.0074255587732976,81.39015716870398,0,0.0,WILDFIRE,116.0,29.78883,79.41876500000001
2,1.035,1.29,305.385,307.97,1,1.0,0.4178634378313925,1.0,0.2,2.0,0.7052865412267698,56.632163530669246,30.0,0.0,0.0,0.0,1.8068859681691047,71.12942748941859,0.4257320363357342,26.637954506076586,0.0,0.0,90.4033690467943,0,0.0,WILDFIRE,117.0,29.833995,79.8158
2,0.6599999999999999,0.85,301.09000000000003,301.55,2,3.0,0.5362477153535786,0.6666666666666666,0.6,0.6666666666666666,0.6509366881433198,52.60675053691632,10.0,0.0,1.0,0.0,12.734833296205538,75.48575530308655,3.4479344570678943,7.715155565456301,0.0,0.1460359892081879,90.666083925217,0,0.0,WILDFIRE,118.0,29.842925,79.792435
7,2.255714285714286,6.35,314.07714285714286,339.83,2,4.0,1.7812212215201777,0.5,0.8,1.75,0.3595542822204605,47.48885705551151,10.0,0.0,1.0,0.0,0.1163337541149971,74.57983713274425,0.0049503725155317,25.296403554367465,0.0,0.0024751862577658,90.16897779969614,0,0.0,WILDFIRE,119.0,29.85280571428572,79.72965428571429
2,0.75,0.83,299.505,301.32,1,1.0,0.4224872747673551,1.0,0.2,2.0,0.7029939864759408,56.57484966189852,10.0,0.0,1.0,0.0,6.8587411202693005,56.27583475656544,0.7103784559788124,36.15504566718646,0.0,0.0,91.13580207424964,0,0.0,WILDFIRE,120.0,29.881275,79.560755
5,2.548,7.62,307.2,334.44,2,3.0,0.8550407983653063,0.6666666666666666,0.6,1.6666666666666667,0.5390717017551404,51.810125877211846,10.0,0.0,1.0,0.0,0.0,97.74510531917528,0.0569292839286156,2.1979653968961164,0.0,0.0,97.36505754401048,0,0.0,WILDFIRE,121.0,29.922484,79.710222
3,11.163333333333334,28.51,333.8333333333333,367.0,2,2.0,1.387949585909274,1.0,0.4,1.5,0.4187693098299745,53.46923274574937,10.0,0.0,1.0,0.0,0.0767307739907428,95.30457166901807,0.0371277938664884,4.581569763124676,0.0,0.0,38.036911455975016,0,0.0,WILDFIRE,66.0,29.322503333333337,79.77613000000001
6,1.7300000000000002,3.84,311.75666666666666,333.53,2,4.0,1.740174481664818,0.5,0.8,1.5,0.364940264458065,47.12350661145162,30.0,0.0,0.0,0.0,1.9504467711195268,93.52243756342664,0.0569292839286156,4.45781045023638,0.0123759312888294,0.0,35.79984999894147,0,0.0,WILDFIRE,67.0,29.365816666666664,79.398365
4,4.43,12.14,316.9725,349.76,2,4.0,1.7837837847045082,0.5,0.8,1.0,0.3592233008520622,45.98058252130156,10.0,0.0,1.0,0.0,3.4677359471300213,91.80960867305264,0.0123759312888294,4.710279448528501,0.0,0.0,43.53465203279785,0,0.0,WILDFIRE,68.0,29.37258,79.795355
2,8.07,8.07,324.125,349.6,1,1.0,0.506795731163066,1.0,0.2,2.0,0.6636599635360791,55.59149908840197,10.0,0.0,1.0,0.0,2.428157718868345,77.76292666023117,4.014752110096285,14.259548030989333,0.0,0.2574193708076533,35.87254139695477,0,0.0,WILDFIRE,69.0,29.375555,79.43293
2,1.15,1.15,305.265,309.46,1,1.0,0.453164572103301,1.0,0.2,2.0,0.6881533029343032,56.20383257335758,10.0,0.0,1.0,0.0,2.650924482067276,80.65146902304399,0.0965322640528699,16.484740476720873,0.0,0.1163337541149971,45.86077553870783,0,0.0,WILDFIRE,70.0,29.39486,79.801315
2,3.93,4.81,328.755,332.13,2,2.0,0.3607401943495189,1.0,0.4,1.0,0.734894143755366,60.37235359388416,10.0,0.0,1.0,0.0,7.819113388282468,79.98564391970497,1.0618549045815695,7.4082324694933295,0.0,1.366302814286775,75.16971111154318,0,0.0,WILDFIRE,127.0,29.514845,80.09755
2,0.61,0.61,300.095,301.55,1,1.0,0.423414095309394,1.0,0.2,2.0,0.7025362494971216,56.56340623742804,10.0,0.0,1.0,0.0,12.519492091779908,72.63929110665578,1.2697705502339052,13.358580233162543,0.0,0.2128660181678671,52.52029876249525,0,0.0,WILDFIRE,71.0,29.533265,79.47941
2,0.88,0.88,303.87,307.06,1,1.0,0.5119341524466603,1.0,0.2,2.0,0.6614044655197239,55.5351116379931,10.0,0.0,1.0,0.0,0.5915695156060494,90.61656889680948,0.4653350164599886,8.31167545357788,0.0148511175465953,0.0,61.55762824155247,0,0.0,WILDFIRE,72.0,29.53174,79.85827
2,1.47,1.47,308.87,314.01,1,1.0,0.4193479978281012,1.0,0.2,2.0,0.7045488502680166,56.61372125670041,10.0,0.0,1.0,0.0,1.00740080691072,47.3651642286082,0.7128536422365783,50.8997302046979,0.0,0.0148511175465953,56.67324686564447,0,0.0,WILDFIRE,73.0,29.558175,79.65713
3,3.393333333333333,3.86,325.62,332.48,2,2.0,0.6732328181807686,1.0,0.4,1.5,0.5976454616084182,57.94113654021046,30.0,0.0,0.0,0.0,1.4702606371129427,51.110121036608,0.1262344991460607,47.27853270958639,0.0,0.0148511175465953,64.82870961569623,0,0.0,WILDFIRE,74.0,29.60452,79.76766333333335
3,2.8433333333333337,4.23,319.9633333333333,332.02,2,4.0,0.7260821184167573,0.5,0.8,0.75,0.5793467120308543,50.98366780077136,30.0,0.0,0.0,0.0,4.804336526323605,63.76327318630727,0.0965322640528699,31.32843246454296,0.0,0.0074255587732976,70.21280874846946,0,0.0,WILDFIRE,75.0,29.61350333333333,79.87518666666666
4,2.8225,4.3,332.6575,334.58,2,3.0,1.2157499547848114,0.6666666666666666,0.6,1.3333333333333333,0.4513144625550123,48.94952823054197,10.0,0.0,1.0,0.0,2.2746961708868594,75.06992401178188,0.0173263038043612,22.63310314101136,0.0,0.0049503725155317,53.46048931884274,0,0.0,WILDFIRE,77.0,29.5140975,79.7104125
2,4.85,4.85,337.735,340.95,1,1.0,0.4378829549797204,1.0,0.2,2.0,0.6954668991219135,56.38667247804784,10.0,0.0,1.0,0.0,0.9900745031063588,57.80054949134923,0.0074255587732976,41.19452488799782,0.0,0.0074255587732976,64.8374920318294,0,0.0,WILDFIRE,78.0,29.610125,79.751015
2,5.02,5.14,337.02,337.43,1,1.0,0.2775149026509572,1.0,0.2,2.0,0.7827697335858165,58.56924333964542,10.0,0.0,1.0,0.0,6.695378827256751,77.05254820425237,0.071780401475211,16.180292567015666,0.0,0.0,61.81209239731064,0,0.0,WILDFIRE,79.0,29.641315,79.28253
2,4.24,4.76,340.25,347.75,2,2.0,0.8366883263180873,1.0,0.4,1.0,0.5444581890519484,55.61145472629872,10.0,0.0,1.0,0.0,2.2623202395980297,76.60206430533898,0.2475186257765897,20.84849384916215,0.0,0.0396029801242543,80.62795578092671,0,0.0,WILDFIRE,136.0,29.83737,79.25491
2,2.085,2.14,318.81,331.08,2,2.0,0.0534524047909079,1.0,0.4,1.0,0.9492597818868548,65.73149454717138,10.0,0.0,1.0,0.0,11.556644637508972,69.77302542016287,0.9257196604044454,17.744610281923716,0.0,0.0,53.858939749455416,0,0.0,WILDFIRE,80.0,29.54456,79.468985
3,5.16,6.54,345.42,367.0,1,1.0,0.6149566395733529,1.0,0.2,3.0,0.6192116713822019,56.48029178455505,10.0,0.0,1.0,0.0,7.687928516620876,78.34954580332169,1.00740080691072,8.229994307071607,0.0,3.598920818791614,55.37400423287097,0,0.0,WILDFIRE,84.0,29.54723333333333,79.32564333333333
5,1.4820000000000002,3.85,313.938,334.74,1,1.0,1.5020819740148208,1.0,0.2,5.0,0.3996671613422033,54.99167903355507,10.0,0.0,1.0,0.0,6.695378827256751,60.45642434593204,0.8044355337739164,32.0437612930373,0.0,0.0,54.38032318089387,0,0.0,WILDFIRE,85.0,29.551030000000004,79.49892599999998
2,4.595,5.25,332.845,333.64,1,1.0,0.3842720682353772,1.0,0.2,2.0,0.7224013421543395,57.06003355385849,10.0,0.0,1.0,0.0,4.428108215143189,50.09776985718175,0.118808940372763,45.35531298730229,0.0,0.0,61.26351662715892,0,0.0,WILDFIRE,86.0,29.56645,79.77673
43,6.749534883720928,26.5,326.7213953488372,367.0,2,2.0,4.069529624147082,1.0,0.4,21.5,0.1972569595484401,64.93142398871102,10.0,0.0,1.0,0.0,0.0643548427019133,95.85653820449988,0.0148511175465953,4.064255835251602,0.0,0.0,57.18965449917719,0,0.0,WILDFIRE,87.0,29.57421674418604,79.57952093023255
26,2.5265384615384616,8.66,311.98807692307696,352.66,2,2.0,3.391303386648541,1.0,0.4,13.0,0.2277228221216579,65.69307055304145,10.0,0.0,1.0,0.0,0.0173263038043612,97.10155689215614,0.2128660181678671,2.665775599613871,0.0,0.0024751862577658,58.97462606325066,0,0.0,WILDFIRE,88.0,29.592585384615383,79.53679615384615
2,3.4250000000000003,5.82,327.975,354.99,1,1.0,0.39445330978125,1.0,0.2,2.0,0.7171269148888689,56.92817287222173,10.0,0.0,1.0,0.0,2.2796465434023907,75.16398108957699,0.7598821811341303,21.6504541966783,0.0,0.1460359892081879,67.02298579868366,0,0.0,WILDFIRE,89.0,29.665,79.536035
10,5.694,11.55,336.729,367.0,2,2.0,2.849002586236284,1.0,0.4,5.0,0.259807567699725,56.49518919249312,10.0,0.0,1.0,0.0,0.0544540976708497,94.73775401598972,0.0495037251553179,5.158288161184129,0.0,0.0,76.37096358662906,0,0.0,WILDFIRE,90.0,29.666612999999995,79.896334
4,8.625,16.26,334.57,367.0,1,1.0,1.0797814472629377,1.0,0.2,4.0,0.4808197521504164,55.02049380376041,10.0,0.0,1.0,0.0,0.3811786836959481,94.26251825449864,0.0519789114130838,5.301848964134551,0.0024751862577658,0.0,78.4939452504036,0,0.0,WILDFIRE,91.0,29.6839325,79.90567
2,2.57,2.57,340.88,346.87,1,1.0,0.6432498719347173,1.0,0.2,2.0,0.6085501767437398,54.213754418593496,10.0,0.0,1.0,0.0,0.8984926115690206,84.44840474245687,0.0346526076087225,14.395683275166457,0.2227667631989307,0.0,79.0211742857953,0,0.0,WILDFIRE,146.0,29.717055,79.838955
2,2.785,4.27,338.20500000000004,345.8,1,1.0,0.6402861281037441,1.0,0.2,2.0,0.6096497329743633,54.24124332435909,40.0,1.0,0.0,0.0,4.1830647756243655,81.76530283903864,0.3737531249226504,13.630850721516794,0.0,0.047028538897552,89.04156458933082,0,0.0,WILDFIRE,147.0,29.748345,79.9959
2,3.115,3.16,333.205,335.77,1,1.0,0.0922100459250041,1.0,0.2,2.0,0.9155748051677088,61.88937012919272,30.0,0.0,0.0,0.0,2.7029033934803595,40.13514516967402,0.9875993168485928,56.17187693373926,0.0,0.0024751862577658,79.03507027313552,0,0.0,WILDFIRE,148.0,29.786335,79.34847500000001
2,3.39,3.89,341.195,343.02,1,1.0,0.0961457585769353,1.0,0.2,2.0,0.9122874327390949,61.80718581847737,30.0,0.0,0.0,0.0,0.8316625826093413,54.7981485606792,0.1534615479814856,44.16227321105913,0.0,0.0544540976708497,80.54935128847106,0,0.0,WILDFIRE,149.0,29.79879,79.354885
2,2.65,4.51,318.01,337.9,1,1.0,0.84428654398512,1.0,0.2,2.0,0.5422150930186845,52.55537732546711,10.0,0.0,1.0,0.0,0.0148511175465953,94.5991435855548,0.0,5.386005296898592,0.0,0.0,93.68270997256634,0,0.0,WILDFIRE,150.0,29.904855,79.513245
5,2.43,4.56,319.84600000000006,350.93,1,1.0,1.8832786157662045,1.0,0.2,5.0,0.3468273910581684,53.6706847764542,10.0,0.0,1.0,0.0,0.071780401475211,83.54743694463008,0.0024751862577658,16.31147743867726,0.0,0.0668300289596792,99.3516833955205,0,0.0,WILDFIRE,151.0,29.95425,79.45988
14,2.610714285714286,6.97,316.1878571428571,342.26,2,2.0,2.771154945026108,1.0,0.4,7.0,0.2651707539407604,60.62926884851901,10.0,0.0,1.0,0.0,2.749931932377911,79.38417365906784,0.4257320363357342,17.103537041162348,0.336625331056162,0.0,34.64980050177285,0,0.0,WILDFIRE,93.0,29.367305,79.59522357142859
5,11.812,25.64,346.688,367.0,2,2.0,1.6006547147719004,1.0,0.4,2.5,0.3845185577000784,54.61296394250195,10.0,0.0,1.0,0.0,0.3192990272518007,94.53231355659514,0.0173263038043612,5.131061112348704,0.0,0.0,36.764180139372975,0,0.0,WILDFIRE,94.0,29.3863,79.597578
2,30.08,30.86,367.0,367.0,1,1.0,0.2705988136608707,1.0,0.2,2.0,0.7870304845624585,58.67576211406147,10.0,0.0,1.0,0.0,3.1583376649092845,70.18885671146754,0.0346526076087225,26.605777084725624,0.0,0.0123759312888294,39.150168120624365,0,0.0,WILDFIRE,95.0,29.403975,79.61941
11,5.162727272727272,15.45,320.2490909090909,367.0,2,2.0,2.374804676801465,1.0,0.4,5.5,0.2963134450043991,58.40783612510998,10.0,0.0,1.0,0.0,1.584119204970174,91.3913021954902,0.0767307739907428,6.93052152174451,0.0,0.0173263038043612,45.48833446152141,0,0.0,WILDFIRE,96.0,29.442976363636365,79.69357363636362
2,7.73,9.46,335.17999999999995,335.77,1,1.0,0.2234187656894704,1.0,0.2,2.0,0.8173816096702093,59.43454024175523,10.0,0.0,1.0,0.0,3.7350560629687375,79.9460409395807,0.3514764486027574,15.967426548847802,0.0,0.0,46.13485711873808,0,0.0,WILDFIRE,97.0,29.47275,79.45158
6,3.293333333333333,7.19,318.31166666666667,338.61,1,1.0,1.1870977427084075,1.0,0.2,6.0,0.4572269361686795,58.43067340421698,10.0,0.0,1.0,0.0,2.69052746219153,89.99034677359471,1.2672953639761393,6.017177792628895,0.0,0.0346526076087225,64.75054275262774,0,0.0,WILDFIRE,157.0,29.699413333333336,79.21045
44,6.241363636363636,20.21,329.7013636363636,367.0,2,2.0,5.4842164609774615,1.0,0.4,22.0,0.1542206380706259,63.85551595176566,10.0,0.0,1.0,0.0,0.0,77.90153709066607,0.0123759312888294,22.086086978045092,0.0,0.0,82.1374512570249,0,0.0,WILDFIRE,158.0,29.801014318181817,79.51245363636362
5,2.1540000000000004,3.18,315.98,334.86,2,2.0,0.752833244488068,1.0,0.4,2.5,0.5705049257506865,59.26262314376716,10.0,0.0,1.0,0.0,0.0569292839286156,99.73020469790352,0.0,0.2128660181678671,0.0,0.0,26.907800042635955,0,0.0,WILDFIRE,159.0,29.302178000000005,79.484476
2,3.42,3.65,329.96500000000003,334.76,2,2.0,0.5985656029327387,1.0,0.4,1.0,0.6255608141232325,57.63902035308082,10.0,0.0,1.0,0.0,0.6905769659166852,87.05725105814213,0.4257320363357342,11.816539194574393,0.0049503725155317,0.0049503725155317,36.27411611309614,0,0.0,WILDFIRE,100.0,29.330285,79.73488499999999
2,1.16,1.3,302.295,302.39,1,1.0,0.3528930607302595,1.0,0.2,2.0,0.7391567220104033,57.47891805026008,10.0,0.0,1.0,0.0,3.6558501027202297,67.94633796193163,0.7351303185564714,27.47704264745922,0.0,0.1856389693324422,67.89198227062425,0,0.0,WILDFIRE,80.0,29.42633,80.08350999999999
2,1.215,1.51,302.37,303.14,1,1.0,0.1708245773730752,1.0,0.2,2.0,0.854098913983898,60.35247284959745,10.0,0.0,1.0,0.0,6.6136976807504775,79.12675428826019,0.769782926165194,12.997203039528724,0.0,0.4925620652954134,66.06625735772633,0,0.0,WILDFIRE,81.0,29.4777,80.008725
2,1.255,1.57,306.68,307.41,1,1.0,0.1658185128486215,1.0,0.2,2.0,0.8577664439009018,60.44416109752255,10.0,0.0,1.0,0.0,1.0965075121902923,78.10202717754511,0.9950248756218906,19.80644043464271,0.0,0.0,49.73472054891752,0,0.0,WILDFIRE,101.0,29.50719,79.57540499999999
2,0.565,0.64,298.155,298.62,1,1.0,0.4912400130221928,1.0,0.2,2.0,0.6705828647753149,55.76457161938288,10.0,0.0,1.0,0.0,0.0024751862577658,96.12633350659635,0.0049503725155317,3.866240934630331,0.0,0.0,51.99208445735573,0,0.0,WILDFIRE,102.0,29.50994,79.32279500000001
3,1.32,1.83,304.22333333333336,306.93,1,1.0,0.3004691442713616,1.0,0.2,3.0,0.768953269214464,60.2238317303616,10.0,0.0,1.0,0.0,3.544466721120764,73.78282715774363,0.1757382243013787,22.42766268161679,0.0123759312888294,0.0569292839286156,51.636526566609575,0,0.0,WILDFIRE,103.0,29.52631333333333,79.54491666666667
3,1.0033333333333334,1.07,300.09666666666664,300.91,1,1.0,0.7990037996332683,1.0,0.2,3.0,0.5558631950659874,54.89657987664969,10.0,0.0,1.0,0.0,6.247370114601123,74.28033959555457,0.3019727234474394,18.890621519269324,0.0,0.2796960471275463,57.12946611410211,0,0.0,WILDFIRE,104.0,29.528846666666663,79.76859
5,1.342,1.82,302.97799999999995,306.31,1,1.0,1.4295141448827602,1.0,0.2,5.0,0.4116049301899646,55.29012325474911,10.0,0.0,1.0,0.0,0.8663151902180638,85.05730056186728,0.9380955916932748,12.925422638053512,0.0,0.2128660181678671,81.87475385252512,0,0.0,WILDFIRE,167.0,29.541536,80.16277399999998
4,0.8725,1.16,306.1675,315.76,2,2.0,0.9509189478778738,1.0,0.4,2.0,0.5125789572589663,56.81447393147416,10.0,0.0,1.0,0.0,1.076706022128165,81.58213905596396,0.8489888864137027,16.44513749659662,0.0,0.047028538897552,52.44107043507115,0,0.0,WILDFIRE,107.0,29.5809725,79.205605
2,2.155,2.34,305.37,308.28,1,1.0,0.4977126017092879,1.0,0.2,2.0,0.6676848407756831,55.69212101939208,10.0,0.0,1.0,0.0,7.569119576248112,81.34947154773397,0.3787034974381822,6.4577609465112245,0.0,1.321749461646989,76.96399563963726,0,0.0,WILDFIRE,108.0,29.629725,79.97650999999999
2,0.94,1.07,305.67499999999995,309.77,1,1.0,0.6322559914036756,1.0,0.2,2.0,0.6126489994624186,54.31622498656047,10.0,0.0,1.0,0.0,0.2376178807455261,91.4061533130368,0.0742555877329769,8.28197321848469,0.0,0.0,80.88101063003283,0,0.0,WILDFIRE,170.0,29.651535,80.011105
2,1.375,2.02,305.41,310.4,1,1.0,0.4740660717347248,1.0,0.2,2.0,0.6783956426208021,55.95989106552005,10.0,0.0,1.0,0.0,0.5989950743793471,87.63149426994381,0.2252419494566966,11.544268706220144,0.0,0.0,65.5980399111349,0,0.0,WILDFIRE,109.0,29.66251,79.318745
16,2.02125,8.12,309.118125,334.64,2,2.0,1.2837720755158604,1.0,0.4,8.0,0.4378720673227074,66.94680168306769,10.0,0.0,1.0,0.0,0.6088958194104106,86.04489987871588,0.0,13.346204301873716,0.0,0.0,77.84850342131377,0,0.0,WILDFIRE,110.0,29.6680575,79.924581875
2,1.12,1.34,301.38,304.19,1,1.0,0.3412654139400712,1.0,0.2,2.0,0.7455645911739589,57.63911477934898,10.0,0.0,1.0,0.0,1.2994727853270958,78.97081755402094,0.4702853889755204,19.133189772530383,0.0,0.1262344991460607,69.31476767501918,0,0.0,WILDFIRE,111.0,29.68101,79.60962
5,2.66,3.05,318.09800000000007,334.73,1,1.0,0.5526154154480928,1.0,0.2,5.0,0.6440745016765114,61.10186254191278,10.0,0.0,1.0,0.0,1.3068983441003936,89.29976980767803,0.1311848716615925,9.234919927724562,0.0,0.0272270488354248,77.3709591284544,0,0.0,WILDFIRE,112.0,29.684828000000003,79.87853000000001
2,1.585,1.71,303.14,303.55,1,1.0,0.1060016149909506,1.0,0.2,2.0,0.9041578117480256,61.60394529370063,10.0,0.0,1.0,0.0,0.9034429840845524,83.89148783445954,0.0123759312888294,14.18281725699859,0.0,0.3811786836959481,85.02667184481035,0,0.0,WILDFIRE,175.0,29.789215,79.79437
3,0.5733333333333334,0.58,296.57666666666665,297.21,1,1.0,0.5873267119094353,1.0,0.2,3.0,0.6299900282009837,56.74975070502459,10.0,0.0,1.0,0.0,0.0,95.10160639588128,0.0,4.89839360411871,0.0,0.0,85.21327356786615,0,0.0,WILDFIRE,176.0,29.82869333333333,79.52891666666666
4,1.36,1.58,303.565,306.76,1,1.0,0.8052720393125521,1.0,0.2,4.0,0.5539331348536258,56.84832837134064,10.0,0.0,1.0,0.0,0.0,93.77490656171878,0.0,6.22509343828123,0.0,0.0,89.89433384780824,0,0.0,WILDFIRE,177.0,29.8707025,79.5373
5,1.974,2.65,308.524,318.85,1,1.0,0.7925525894299422,1.0,0.2,5.0,0.5578636888516696,58.94659222129174,10.0,0.0,1.0,0.0,0.0,94.09668077522834,0.0,5.903319224771664,0.0,0.0,108.6777285865999,0,0.0,WILDFIRE,178.0,29.887684,80.12306199999999
2,1.4,1.52,299.365,299.53,1,1.0,0.1640457412805429,1.0,0.2,2.0,0.8590727705424362,60.47681926356091,10.0,0.0,1.0,0.0,4.049404717705007,81.61431647731492,0.1113833815994653,14.076384247914657,0.0,0.1485111754659538,92.5269233088458,0,0.0,WILDFIRE,179.0,29.88798,79.641015
2,2.1950000000000003,2.52,310.65,311.88,1,1.0,0.406192144399238,1.0,0.2,2.0,0.7111403686778709,56.77850921694677,10.0,0.0,1.0,0.0,0.0,94.91101705403332,0.0,5.088982945966683,0.0,0.0,91.99688605333763,0,0.0,WILDFIRE,180.0,29.903825,79.377675
2,1.7000000000000002,1.85,299.13,299.8,1,1.0,0.1282227069190607,1.0,0.2,2.0,0.8863498260292864,61.15874565073216,10.0,0.0,1.0,0.0,0.0,94.84171183881588,0.0024751862577658,5.155812974926363,0.0,0.0,97.39758549611652,0,0.0,WILDFIRE,181.0,29.924665,79.698505
4,8.06,15.35,329.445,367.0,2,2.0,1.6071409407933914,1.0,0.4,2.0,0.3835619257682652,53.58904814420664,10.0,0.0,1.0,0.0,0.0,97.23769213633324,0.0,2.7623078636667406,0.0,0.0,98.980587759432,0,0.0,WILDFIRE,182.0,29.9519175,79.4836675
13,3.886153846153845,10.58,317.4830769230769,348.06,2,2.0,2.6608235942878817,1.0,0.4,6.5,0.2731625750993128,59.82906437748282,10.0,0.0,1.0,0.0,0.8341377688671072,53.110071532882856,0.3886042424692458,45.38749040865325,0.0,0.2796960471275463,102.2110432420059,0,0.0,WILDFIRE,183.0,29.98965923076923,79.41609230769231
2,1.18,1.18,303.17499999999995,307.34,1,1.0,0.6684564784858391,1.0,0.2,2.0,0.5993563589429207,53.983908973573016,10.0,0.0,1.0,0.0,1.8860919284176136,88.83690997747581,0.047028538897552,9.22996955520903,0.0,0.0,67.97154620993284,0,0.0,WILDFIRE,84.0,29.33051,80.15095
5,3.694,8.85,323.074,367.0,2,2.0,1.2305489343712626,1.0,0.4,2.5,0.448320135277317,56.208003381932926,10.0,0.0,1.0,0.0,1.220266825078587,93.6263953862528,0.0346526076087225,4.838989133932328,0.0,0.2796960471275463,43.98186006895252,0,0.0,WILDFIRE,113.0,29.390646000000004,79.77451
6,1.72,3.5,308.87666666666667,319.78,1,1.0,1.531268157576828,1.0,0.2,6.0,0.3950588944939345,56.876472362348366,30.0,0.0,0.0,0.0,0.3886042424692458,79.92623944951858,0.311873468478503,19.368332467018146,0.0,0.0049503725155317,53.58377636904647,0,0.0,WILDFIRE,85.0,29.400916666666664,79.91465166666667
6,0.8016666666666667,1.98,302.8666666666667,308.72,1,1.0,0.8016809760083411,1.0,0.2,6.0,0.5550372198609319,60.87593049652329,10.0,0.0,1.0,0.0,2.643498923293978,87.31962080146532,0.2376178807455261,9.762134600628697,0.0,0.0371277938664884,41.28105415731845,0,0.0,WILDFIRE,116.0,29.431085,79.47195
9,2.134444444444444,2.79,311.01,332.85,2,2.0,2.073327464308468,1.0,0.4,4.5,0.3253802309104119,57.1345057727603,10.0,0.0,1.0,0.0,0.8192866513205119,94.24519195069428,0.0544540976708497,4.881067300314348,0.0,0.0,47.26505996868794,0,0.0,WILDFIRE,117.0,29.44611444444444,79.73121777777779
8,2.87875,6.4,325.5325,338.81,2,2.0,1.417651639410214,1.0,0.4,4.0,0.413624520463978,58.34061301159945,10.0,0.0,1.0,0.0,0.0024751862577658,84.90136382762803,0.0,15.059033192247718,0.0371277938664884,0.0,47.65278040022238,0,0.0,WILDFIRE,118.0,29.47680875,79.29824500000001
9,1.41,3.34,312.1533333333333,340.62,2,2.0,1.1637189121008955,1.0,0.4,4.5,0.4621672410438169,60.55418102609544,10.0,0.0,1.0,0.0,0.0742555877329769,77.90401227692384,0.0,17.039182198460434,0.0,4.970174005593921,50.030146193174346,0,0.0,WILDFIRE,119.0,29.483786666666667,79.34093111111112
7,1.7057142857142855,3.11,312.5828571428571,335.94,2,2.0,1.064955744757541,1.0,0.4,3.5,0.4842718796946498,59.10679699236625,10.0,0.0,1.0,0.0,0.841563327640405,90.61904408306724,0.1485111754659538,8.361179178733199,0.0,0.0297022350931907,53.5595721823477,0,0.0,WILDFIRE,120.0,29.523562857142856,79.36229571428571
3,2.18,3.34,317.2933333333333,322.37,2,2.0,0.5347935827465099,1.0,0.4,1.5,0.6515534148966808,59.28883537241703,10.0,0.0,1.0,0.0,1.6781762827652782,81.06977550060643,1.913318977253038,14.77933714512017,0.0,0.5593920942550926,80.69103754537808,0,0.0,WILDFIRE,192.0,29.52273666666667,80.16486333333332
2,0.95,0.95,302.285,306.13,1,1.0,0.320796227489769,1.0,0.2,2.0,0.7571190613563031,57.927976533907575,10.0,0.0,1.0,0.0,0.7004777109477488,64.67166654290736,1.3118487166159254,33.31600702952897,0.0,0.0,57.617477789962976,0,0.0,WILDFIRE,121.0,29.562515,79.677055
3,12.643333333333336,19.94,342.2033333333333,367.0,2,2.0,0.8902585621366988,1.0,0.4,1.5,0.5290281552115422,56.22570388028856,10.0,0.0,1.0,0.0,2.037078290141333,89.11413083834559,0.5544417217395609,7.99980198509938,0.0,0.2945471646741417,62.36587807061274,0,0.0,WILDFIRE,122.0,29.610776666666663,79.38673999999999
10,2.904,5.56,321.167,338.81,2,2.0,1.5915336196069894,1.0,0.4,5.0,0.3858718993395315,59.64679748348829,10.0,0.0,1.0,0.0,1.9875745649860157,75.08725031558625,0.8044355337739164,22.11578921313829,0.0,0.0049503725155317,68.92080409285451,0,0.0,WILDFIRE,123.0,29.625191,79.819531
2,2.385,3.95,315.9,333.1,2,2.0,0.5654465997138046,1.0,0.4,1.0,0.6387953445252111,57.96988361313028,10.0,0.0,1.0,0.0,0.4653350164599886,81.36679785153834,0.0742555877329769,17.873319967327543,0.0,0.2202915769411648,72.98442077689919,0,0.0,WILDFIRE,124.0,29.62423,79.91092499999999
5,4.203999999999999,13.28,324.282,350.63,2,2.0,1.0343442001583003,1.0,0.4,2.5,0.4915589013512,57.28897253378,10.0,0.0,1.0,0.0,1.0395782282616768,76.87433479369322,0.0544540976708497,21.761837578277763,0.0,0.2697953020964827,72.62297251142913,0,0.0,WILDFIRE,125.0,29.633716,79.88469
4,0.75,1.14,300.12,300.89,2,2.0,1.0793055401643468,1.0,0.4,2.0,0.4809298011685963,56.02324502921492,10.0,0.0,1.0,0.0,0.0074255587732976,98.82181134130344,0.0,1.1707630999232692,0.0,0.0,72.74461489650082,0,0.0,WILDFIRE,126.0,29.681782500000004,79.76325750000001
2,1.155,1.23,310.94,310.96,1,1.0,0.2629330806949996,1.0,0.2,2.0,0.7918075908263437,58.7951897706586,10.0,0.0,1.0,0.0,3.5914952600183168,80.70592312071483,0.3415757035716937,15.361005915695156,0.0,0.0,66.09727842755147,0,0.0,WILDFIRE,199.0,29.71442,79.20390499999999
2,0.525,0.72,302.39,303.11,1,1.0,0.2772052001978166,1.0,0.2,2.0,0.7829595431063995,58.57398857765999,10.0,0.0,1.0,0.0,3.824162768248311,74.66399346550828,1.4677854508551769,19.77673819954952,0.0,0.2673201158387168,67.27212045136663,0,0.0,WILDFIRE,200.0,29.726625,79.20062999999999
3,2.606666666666667,4.18,316.74666666666667,330.28,2,2.0,1.2360078796792868,1.0,0.4,1.5,0.4472256153871118,54.1806403846778,10.0,0.0,1.0,0.0,1.5964951362590036,83.41625207296849,0.1410856166926561,14.83379124279102,0.0,0.0123759312888294,96.93469218525031,0,0.0,WILDFIRE,201.0,29.774303333333336,80.09925333333332
2,0.865,1.22,302.315,304.04,1,1.0,0.3429967876397335,1.0,0.2,2.0,0.7446034191619046,57.615085479047615,30.0,0.0,0.0,0.0,4.361278186183511,53.0778941115319,0.3688027524071186,41.19947526051335,0.0,0.5395906041929655,76.35891858200131,0,0.0,WILDFIRE,202.0,29.78953,79.27486
4,2.5225,8.26,313.365,351.92,2,2.0,0.9797693740494096,1.0,0.4,2.0,0.5051093390512479,56.62773347628121,10.0,0.0,1.0,0.0,0.8019603475161505,81.99549516101087,0.0346526076087225,17.16789188386426,0.0,0.0,86.24357802956787,0,0.0,WILDFIRE,203.0,29.8363925,79.46461
5,2.076,3.95,313.132,334.29,2,2.0,1.3740512392717517,1.0,0.4,2.5,0.4212209001465164,55.53052250366292,10.0,0.0,1.0,0.0,0.0,95.7822826167669,0.0,4.217717383233088,0.0,0.0,86.48963909854974,0,0.0,WILDFIRE,204.0,29.832752000000006,79.64496
3,1.0,1.25,302.8433333333333,306.52,2,2.0,1.4248575036682154,1.0,0.4,1.5,0.412395366938983,53.30988417347457,10.0,0.0,1.0,0.0,1.0445286007772083,86.74290240340585,0.1212841266305289,12.07643375163981,0.0,0.0148511175465953,94.42613691872909,0,0.0,WILDFIRE,205.0,29.944006666666667,79.33418333333333
3,1.0433333333333334,1.1,302.44666666666666,306.12,2,2.0,0.511431367987765,1.0,0.4,1.5,0.661624484697141,59.54061211742852,10.0,0.0,1.0,0.0,0.5123635553575406,89.3022449939358,0.190589341847974,9.994802108858693,0.0,0.0,100.16702189851418,0,0.0,WILDFIRE,206.0,29.95233,79.68199
2,1.185,1.21,305.135,309.09,1,1.0,0.3566695584430573,1.0,0.2,2.0,0.7370991659513767,57.42747914878442,10.0,0.0,1.0,0.0,3.690502710328953,66.9042845474122,1.225217197594119,27.08843840498997,0.0,0.6460236132768991,105.90948387184604,0,0.0,WILDFIRE,207.0,29.95227,79.91181
2,0.7849999999999999,0.88,300.115,300.58,2,2.0,0.7091736895283703,1.0,0.4,1.0,0.5850780445116378,56.62695111279095,10.0,0.0,1.0,0.0,0.0049503725155317,80.87918615875844,0.0,19.113388282468257,0.0,0.0024751862577658,100.67972483679368,0,0.0,WILDFIRE,208.0,29.965485,79.447105
3,6.8500000000000005,9.41,342.31333333333333,346.92,1,1.0,0.625249023806273,1.0,0.2,3.0,0.6152903249608094,56.38225812402023,10.0,0.0,1.0,0.0,6.856265934011535,62.30291329422539,0.0,30.02153412044256,0.0,0.8192866513205119,60.56111620065757,0,0.0,WILDFIRE,88.0,29.48508,79.91539
4,5.335000000000001,8.42,327.11,338.39,1,1.0,0.6816994249338099,1.0,0.2,4.0,0.5946365831928372,57.86591457982093,10.0,0.0,1.0,0.0,13.504616222370732,57.37976782752903,0.9380955916932748,28.10821514318953,0.0,0.0693052152174451,78.41098278501033,0,0.0,WILDFIRE,210.0,29.7669525,79.488485
2,4.2,4.2,341.05,349.75,1,1.0,0.2403411886791674,1.0,0.2,2.0,0.8062297770381184,59.15574442595296,10.0,0.0,1.0,0.0,0.6039454468948788,84.7800797009975,0.1460359892081879,11.346253805598872,1.0742308358703994,1.824212271973466,30.012880232614197,0,0.0,WILDFIRE,131.0,29.30374,79.660045
2,8.825,9.68,352.84000000000003,367.0,1,1.0,0.3093667511226762,1.0,0.2,2.0,0.7637279617361451,58.09319904340363,30.0,0.0,0.0,0.0,8.408207717630752,66.24588500284646,0.0891067052795722,24.44246429543823,0.0,0.8093859062894483,43.74339334213967,0,0.0,WILDFIRE,91.0,29.318455,79.86374
4,5.2475000000000005,7.85,347.9625,367.0,1,1.0,1.94261970317057,1.0,0.2,4.0,0.3398332441404286,51.49583110351072,30.0,0.0,0.0,0.0,1.754907056756021,73.27293878864384,0.6980025246899829,24.251874953590256,0.0,0.022276676319893,45.656155592199255,0,0.0,WILDFIRE,134.0,29.44689,79.3048425
3,3.28,3.48,333.88666666666666,337.59,1,1.0,0.7792908764381103,1.0,0.2,3.0,0.5620216532565261,55.05054133141315,10.0,0.0,1.0,0.0,1.5469914111036855,95.52733843221702,0.504937996584243,2.415781787579516,0.0,0.0049503725155317,49.82111203828376,0,0.0,WILDFIRE,135.0,29.4785,79.71208666666668
2,4.745,5.44,341.9,343.59,1,1.0,0.1106113991242526,1.0,0.2,2.0,0.900404948831362,61.51012372078405,30.0,0.0,0.0,0.0,6.477562436573352,46.57805499863865,2.175688720576223,44.763743471696245,0.0,0.0049503725155317,61.71891947411154,0,0.0,WILDFIRE,136.0,29.504605,79.906245
2,4.64,4.89,338.55499999999995,340.27,1,1.0,0.2670944809536555,1.0,0.2,2.0,0.7892071309847142,58.73017827461786,10.0,0.0,1.0,0.0,1.0395782282616768,84.42117769362144,0.2574193708076533,13.430360634637756,0.0,0.8514640726714685,49.05917778659053,0,0.0,WILDFIRE,137.0,29.526945,79.245755
2,1.6800000000000002,2.14,337.435,338.19,1,1.0,0.0896851358220113,1.0,0.2,2.0,0.917696284115726,61.94240710289315,10.0,0.0,1.0,0.0,0.0,99.35645157298086,0.0,0.6435484270191332,0.0,0.0,54.66951388380903,0,0.0,WILDFIRE,138.0,29.575965,79.26494
2,2.595,2.96,336.425,342.35,1,1.0,0.1840090898617403,1.0,0.2,2.0,0.8445881104821352,60.11470276205338,10.0,0.0,1.0,0.0,4.883542486572114,38.67231009133437,0.3044479097052053,55.91198237667384,0.0,0.2277171357144625,62.69800608617574,0,0.0,WILDFIRE,139.0,29.597185,79.72658
2,4.15,5.63,335.155,339.18,1,1.0,0.3825121260713341,1.0,0.2,2.0,0.7233209612719177,57.08302403179795,10.0,0.0,1.0,0.0,5.153337788668598,47.35031311106161,0.6187965644414742,45.88995321897973,0.0,0.8341377688671072,76.50100907084068,0,0.0,WILDFIRE,219.0,29.797225,79.256615
2,4.585,5.31,332.065,332.28,1,1.0,0.3514308728108197,1.0,0.2,2.0,0.7399564566111442,57.498911415278606,10.0,0.0,1.0,0.0,0.0024751862577658,93.2204648399792,0.0,6.777059973763026,0.0,0.0,95.32352050247847,0,0.0,WILDFIRE,220.0,29.80659,80.010235
2,2.69,2.69,333.02,334.87,1,1.0,0.4309143171592721,1.0,0.2,2.0,0.6988538642797659,56.47134660699415,10.0,0.0,1.0,0.0,11.45516200094057,58.67924061285612,1.2326427563674167,28.632954629835893,0.0,0.0,93.1582555185457,0,0.0,WILDFIRE,221.0,29.808465,79.95927499999999
4,3.5250000000000004,3.64,339.2825,341.41,1,1.0,0.5330545637309305,1.0,0.2,4.0,0.6522925039056288,59.30731259764072,10.0,0.0,1.0,0.0,2.997450558154501,67.08992351674463,0.1930645281057399,29.712135838221823,0.0,0.0074255587732976,86.6367942541985,0,0.0,WILDFIRE,222.0,29.8237975,79.7114125
6,2.7633333333333336,4.5,320.5566666666667,343.53,1,1.0,0.7861628788002644,1.0,0.2,6.0,0.5598593565395801,60.9964839134895,10.0,0.0,1.0,0.0,0.0,98.2302418256974,0.0,1.7697581743026165,0.0,0.0,86.66701472334888,0,0.0,WILDFIRE,223.0,29.84159666666667,79.50156166666667
3,4.716666666666666,5.05,339.59,343.28,1,1.0,0.77864501208238,1.0,0.2,3.0,0.5622257354373554,55.05564338593389,10.0,0.0,1.0,0.0,0.2301923219722284,94.88626519145564,0.165837479270315,4.7177050073018,0.0,0.0,93.37368159818512,0,0.0,WILDFIRE,224.0,29.912786666666666,79.38920333333333
4,15.645,27.55,350.39,367.0,1,1.0,0.8642328832887443,1.0,0.2,4.0,0.5364136685733558,56.4103417143339,10.0,0.0,1.0,0.0,0.143560802950422,84.63651889804707,0.0074255587732976,15.195168436424842,0.0,0.0173263038043612,96.89561102014122,0,0.0,WILDFIRE,225.0,29.9322825,79.46296749999999
7,7.018571428571429,15.35,325.5828571428571,367.0,1,1.0,0.8437185380692521,1.0,0.2,7.0,0.5423821366178826,62.55955341544707,10.0,0.0,1.0,0.0,0.0123759312888294,63.39942080641568,0.2326675082299943,36.1154426870622,0.0,0.2252419494566966,116.92046943583264,0,0.0,WILDFIRE,226.0,29.987365714285712,80.09632857142857
2,1.26,1.54,302.94,305.02,1,1.0,0.4851131162928371,1.0,0.2,2.0,0.6733493826357252,55.83373456589313,10.0,0.0,1.0,0.0,0.1856389693324422,97.7574812504641,0.0123759312888294,2.0445038489146308,0.0,0.0,46.1883357004804,0,0.0,WILDFIRE,97.0,29.339425,79.876215
2,1.56,1.69,306.355,308.19,1,1.0,0.3063605646949773,1.0,0.2,2.0,0.7654854463809465,58.13713615952366,10.0,0.0,1.0,0.0,0.9801737580752952,85.70579936140194,0.0247518625776589,13.2892750179451,0.0,0.0,51.12022288067892,0,0.0,WILDFIRE,98.0,29.371365,79.9117
2,1.735,1.75,309.37,311.6,1,1.0,0.2749716240671856,1.0,0.2,2.0,0.7843311812775717,58.6082795319393,10.0,0.0,1.0,0.0,17.870844781069774,80.96334249152248,0.7598821811341303,0.118808940372763,0.2846464196430781,0.0024751862577658,39.45230923235164,0,0.0,WILDFIRE,142.0,29.375995000000003,79.33155
2,1.165,1.49,301.495,303.45,1,1.0,0.3827826614265719,1.0,0.2,2.0,0.7231794467022985,57.07948616755747,10.0,0.0,1.0,0.0,0.2376178807455261,96.23029132942251,0.118808940372763,3.326650330437366,0.0,0.0866315190218064,48.52618297690696,0,0.0,WILDFIRE,99.0,29.389855,79.8522
7,1.5914285714285712,1.95,308.21857142857147,339.77,1,1.0,1.0834844369279706,1.0,0.2,7.0,0.4799651882566818,60.99912970641704,30.0,0.0,0.0,0.0,0.7054280834632806,91.50268557708966,0.0321774213509566,7.759708918096086,0.0,0.0,55.42906331274164,0,0.0,WILDFIRE,144.0,29.52091857142857,79.74584714285713
5,1.366,2.0,305.4,310.5,1,1.0,0.6591688108762769,1.0,0.2,5.0,0.6027114260132806,60.06778565033202,10.0,0.0,1.0,0.0,1.1460112373456102,86.96071879408926,0.2945471646741417,11.47991386351823,0.0,0.118808940372763,68.37549024323431,0,0.0,WILDFIRE,145.0,29.594438000000004,79.87526
2,0.915,1.11,307.35,313.93,1,1.0,0.4685725611857666,1.0,0.2,2.0,0.6809333269801608,56.02333317450402,10.0,0.0,1.0,0.0,1.3762035593178388,69.0378951016064,1.5197643622682606,27.95227840895028,0.0,0.1138585678572312,61.39099073519069,0,0.0,WILDFIRE,146.0,29.605225,79.406185
2,0.815,1.05,302.435,303.04,1,1.0,0.4807065176341646,1.0,0.2,2.0,0.6753532777027109,55.883831942567774,10.0,0.0,1.0,0.0,4.3538526274102125,58.65943912279399,0.7277047597831737,36.259003490012624,0.0,0.0,73.6248131266435,0,0.0,WILDFIRE,234.0,29.717125,79.40854
2,0.73,0.73,303.895,306.19,1,1.0,0.4644707363129544,1.0,0.2,2.0,0.6828405479222236,56.0710136980556,10.0,0.0,1.0,0.0,7.660701467785451,73.79025271651692,0.9207692878889135,17.628276527808715,0.0,0.0,68.03756505326514,0,0.0,WILDFIRE,235.0,29.72159,79.23850999999999
2,0.78,0.88,300.96,301.71,1,1.0,0.7297656609293504,1.0,0.2,2.0,0.5781129910179454,53.45282477544864,10.0,0.0,1.0,0.0,0.0,90.21806390930918,0.0866315190218064,9.695304571669018,0.0,0.0,75.62913643621825,0,0.0,WILDFIRE,236.0,29.72931,79.674815
2,1.0550000000000002,1.36,300.395,301.18,1,1.0,0.6886434968828197,1.0,0.2,2.0,0.5921913073102565,53.80478268275641,10.0,0.0,1.0,0.0,0.2796960471275463,94.1140070790327,0.1311848716615925,5.475112002178164,0.0,0.0,94.28724548552783,0,0.0,WILDFIRE,237.0,29.80151,79.99881500000001
2,1.16,1.24,307.265,309.22,1,1.0,0.4217853219749509,1.0,0.2,2.0,0.7033410631999885,56.58352657999971,10.0,0.0,1.0,0.0,0.0,91.19328729486894,0.0,8.806712705131062,0.0,0.0,84.14143800495528,0,0.0,WILDFIRE,238.0,29.818575,79.553405
4,1.3325,2.16,306.425,317.06,1,1.0,1.056009240171197,1.0,0.2,4.0,0.4863791370493712,55.15947842623427,10.0,0.0,1.0,0.0,0.0074255587732976,94.88379000519788,0.0,5.108784436028811,0.0,0.0,85.55592619799118,0,0.0,WILDFIRE,239.0,29.82648,79.6253925
3,1.09,1.09,304.99333333333334,306.65,1,1.0,0.6029799795693098,1.0,0.2,3.0,0.6238381094869825,56.59595273717456,10.0,0.0,1.0,0.0,4.044454345189476,51.88237914903097,0.8588896314447663,43.21427687433479,0.0,0.0,91.68986841864223,0,0.0,WILDFIRE,240.0,29.88536666666667,79.58060333333334
2,0.825,0.83,302.525,303.8,1,1.0,0.4151937634294698,1.0,0.2,2.0,0.706617020115096,56.6654255028774,10.0,0.0,1.0,0.0,0.071780401475211,88.27504269696294,0.0099007450310635,11.64327615653078,0.0,0.0,97.94844448617364,0,0.0,WILDFIRE,241.0,29.931225,79.688315
2,1.8,2.18,307.035,310.51,1,1.0,0.9489431363768938,1.0,0.2,2.0,0.5130986026914109,51.82746506728528,10.0,0.0,1.0,0.0,0.7970099750006189,94.22539046063216,0.0594044701863815,4.081582139055964,0.0,0.7252295735254077,99.73928624729872,0,0.0,WILDFIRE,242.0,29.94423,79.71013
2,1.385,1.45,302.26,304.89,1,1.0,0.748836479598633,1.0,0.2,2.0,0.5718087492259454,53.29521873064864,10.0,0.0,1.0,0.0,0.3762283111804163,79.7579267839905,0.1881141555902081,19.66783000420782,0.0,0.0049503725155317,111.7239953738582,0,0.0,WILDFIRE,243.0,29.9705,80.01574
11,9.201818181818185,45.51,340.8118181818182,367.0,1,1.0,1.8973842576179336,1.0,0.2,11.0,0.3451388946325482,63.62847236581371,10.0,0.0,1.0,0.0,0.5989950743793471,99.39852973936289,0.0,0.0,0.0024751862577658,0.0,10.639938221791596,0,0.0,WILDFIRE,0.0,29.12053727272727,79.60861454545453
2,8.105,11.04,342.91,345.11,1,1.0,0.2517325003868065,1.0,0.2,2.0,0.7988927344228763,58.972318360571904,10.0,0.0,1.0,0.0,0.0,99.84901363827628,0.0,0.1509863617237197,0.0,0.0,34.80068915221342,0,0.0,WILDFIRE,15.0,29.140825,79.868415
31,3.537741935483872,10.74,327.20741935483863,367.0,2,2.0,3.709914256362024,1.0,0.4,15.5,0.2123180902177204,65.30795225544303,10.0,0.0,1.0,0.0,0.0,100.0,0.0,0.0,0.0,0.0,30.24867002666787,0,0.0,WILDFIRE,2.0,29.16131709677419,79.81170451612903
65,3.1058461538461537,11.83,326.9787692307692,367.0,2,2.0,5.205591062795459,1.0,0.4,32.5,0.161145004542005,64.02862511355013,10.0,0.0,1.0,0.0,0.0,99.56189203237544,0.0,0.4381079676245637,0.0,0.0,35.53508683644276,0,0.0,WILDFIRE,17.0,29.168265846153847,79.86679384615385
7,4.0600000000000005,8.86,326.1242857142857,354.48,2,2.0,1.021230619715045,1.0,0.4,3.5,0.4947480956631169,59.36870239157792,10.0,0.0,1.0,0.0,0.1732630380436128,96.61642038563402,0.0,3.202891017549071,0.0,0.0074255587732976,44.46106666832816,0,0.0,WILDFIRE,21.0,29.185191428571425,79.95725285714286
37,2.7397297297297296,10.74,319.6664864864865,355.85,5,5.0,4.269237239288376,1.0,1.0,7.4,0.1897807888670908,74.54451972167729,10.0,0.0,1.0,0.0,0.0,99.09655701591544,0.0,0.9034429840845524,0.0,0.0,22.39584269976259,0,0.0,WILDFIRE,5.0,29.192764054054056,79.69739621621623
49,7.33734693877551,40.62,328.24244897959187,355.09,2,2.0,5.759996370663738,1.0,0.4,24.5,0.1479290735036021,63.69822683759006,10.0,0.0,1.0,0.0,0.2970223509319076,96.36890175985742,0.0123759312888294,3.3216999579218336,0.0,0.0,48.549365489745625,0,0.0,WILDFIRE,25.0,29.24916836734694,79.9735593877551
4,22.2375,35.98,351.0575,355.35,1,1.0,0.6445724292593739,1.0,0.2,4.0,0.608060783586373,58.20151958965932,10.0,0.0,1.0,0.0,0.4207816638202025,97.50501225217198,0.0420781663820202,2.032127917625801,0.0,0.0,22.77463967432316,0,0.0,WILDFIRE,7.0,29.22671,79.6616325
2,6.46,6.46,342.36,350.39,1,1.0,0.4319678539375351,1.0,0.2,2.0,0.6983396989326701,56.45849247331676,10.0,0.0,1.0,0.0,2.8192371475953566,79.4312021979654,0.1287096854038266,17.42778644092968,0.1930645281057399,0.0,42.01734371674005,0,0.0,WILDFIRE,27.0,29.230075,79.909375
8,3.5250000000000004,8.57,327.10625000000005,340.18,2,4.0,1.6413606607505888,0.5,0.8,2.0,0.3785927514025413,48.464818785063535,30.0,0.0,0.0,0.0,0.0,86.97804509789361,0.0618796564441474,12.908096334249151,0.0519789114130838,0.0,33.502231483908105,0,0.0,WILDFIRE,28.0,29.23416375,79.80507374999999
22,9.45818181818182,20.42,340.41818181818184,355.86,1,1.0,3.674135667156309,1.0,0.2,22.0,0.2139432980147939,60.34858245036986,10.0,0.0,1.0,0.0,0.0,93.1264077621841,0.0,6.863691492784832,0.0099007450310635,0.0,30.66370033399422,0,0.0,WILDFIRE,10.0,29.242490909090908,79.76077
18,6.060555555555556,15.75,326.1383333333333,354.37,3,4.0,3.675358696536228,0.75,0.8,4.5,0.2138873324822878,56.84718331205719,10.0,0.0,1.0,0.0,3.1608128511670506,82.40142570728447,0.1534615479814856,14.28429989356699,0.0,0.0,41.05631265979272,0,0.0,WILDFIRE,29.0,29.248981111111117,79.88649
4,2.3575,6.66,315.9375,338.98,1,1.0,1.1798660454232814,1.0,0.2,4.0,0.4587437847841802,54.4685946196045,30.0,0.0,0.0,0.0,0.4356327813667978,67.07259721294028,0.0099007450310635,17.610950224004355,0.6683002895967922,13.903121209871042,26.54124845211928,0,0.0,WILDFIRE,12.0,29.2649525,79.66623
27,4.822592592592593,15.06,329.3403703703704,367.0,4,5.0,3.2678868828530545,0.8,1.0,5.4,0.2343079906868353,65.65769976717088,10.0,0.0,1.0,0.0,0.0,89.73540258904482,0.0,10.036880275240712,0.2202915769411648,0.0074255587732976,28.628414856022463,0,0.0,WILDFIRE,13.0,29.26817111111111,79.69883518518519
4,8.96,19.0,343.985,351.23,1,1.0,1.190927763537422,1.0,0.2,4.0,0.4564276452389387,54.41069113097347,10.0,0.0,1.0,0.0,6.019652978886661,64.57513427885448,0.2301923219722284,29.09581446003812,0.0,0.0792059602485087,32.59520175010432,0,0.0,WILDFIRE,14.0,29.2834425,79.742135
2,5.96,5.96,343.83500000000004,350.85,1,1.0,0.4515362926194728,1.0,0.2,2.0,0.6889252477424309,56.223131193560775,10.0,0.0,1.0,0.0,0.0321774213509566,99.75990693299671,0.0,0.2079156456523353,0.0,0.0,25.5766079057114,0,0.0,WILDFIRE,15.0,29.291865,79.503805
7,2.628571428571429,4.45,322.91,342.47,3,5.0,1.0644439300638096,0.6,1.0,1.4,0.4843919398523413,57.909798496308525,10.0,0.0,1.0,0.0,0.0371277938664884,99.7896091680899,0.0,0.1732630380436128,0.0,0.0,26.73234442439228,0,0.0,WILDFIRE,16.0,29.30066285714285,79.48513142857142
25,4.2592,17.85,323.1948,367.0,4,5.0,5.608620749703851,0.8,1.0,5.0,0.1513175044951418,62.78293761237854,10.0,0.0,1.0,0.0,0.0,99.43070716071384,0.0,0.5692928392861563,0.0,0.0,53.44349317909022,0,0.0,WILDFIRE,18.0,29.3133368,79.99118680000001
11,2.74,10.19,317.90727272727275,351.31,1,1.0,1.2174109925398562,1.0,0.2,11.0,0.4509763879426722,66.2744096985668,10.0,0.0,1.0,0.0,0.0965322640528699,98.84903839013886,0.0198014900621271,1.0346278557461448,0.0,0.0,48.9541360949086,0,0.0,WILDFIRE,28.0,29.579532727272728,79.10665636363636
2,1.87,3.11,319.735,338.12,2,2.0,0.2551377625312626,1.0,0.4,1.0,0.7967252917187984,61.918132292969965,10.0,0.0,1.0,0.0,1.7846092918492116,86.41370263112299,0.1138585678572312,10.35865448875028,0.3762283111804163,0.0123759312888294,27.158573232737726,0,0.0,WILDFIRE,34.0,29.19924,79.75325000000001
6,1.413333333333333,3.55,315.10166666666663,336.96,2,2.0,1.270841006020702,1.0,0.4,3.0,0.4403654845709984,57.00913711427496,10.0,0.0,1.0,0.0,0.9801737580752952,98.95299621296503,0.0,0.0643548427019133,0.0,0.0,38.45314861408841,0,0.0,WILDFIRE,42.0,29.203398333333336,79.88314999999999
27,3.8803703703703696,8.26,326.7937037037037,355.97,4,5.0,3.389369242832301,0.8,1.0,5.4,0.2278231665365059,65.49557916341264,10.0,0.0,1.0,0.0,0.7475062498453008,98.88121581148982,0.0643548427019133,0.3069230959629712,0.0,0.0,22.985434585294108,0,0.0,WILDFIRE,36.0,29.25324296296296,79.61255703703704
5,0.946,1.33,310.072,321.98,1,1.0,1.1592042626811965,1.0,0.2,5.0,0.4631335799412732,56.57833949853183,10.0,0.0,1.0,0.0,3.230118066384496,96.71295264968688,0.0,0.0569292839286156,0.0,0.0,27.56347726523193,0,0.0,WILDFIRE,37.0,29.297222,79.430788
2,0.41,0.41,300.78,301.32,1,1.0,0.3705939877036798,1.0,0.2,2.0,0.7296106717025804,57.24026679256451,10.0,0.0,1.0,0.0,0.601470260637113,88.46563203881091,0.2697953020964827,10.66062721219772,0.0,0.0024751862577658,54.5372556604224,0,0.0,WILDFIRE,46.0,29.63122,79.10740999999999
2,0.585,0.86,302.95,308.25,1,1.0,0.3704213694066794,1.0,0.2,2.0,0.7297025734741335,57.24256433685334,10.0,0.0,1.0,0.0,1.487586940917304,76.75800103957823,2.3489517586198363,19.296552065542933,0.0049503725155317,0.1039578228261676,58.37844933090557,0,0.0,WILDFIRE,48.0,29.6528,79.16456500000001
2,3.255,3.4,337.36,339.46,1,1.0,0.3702809798843024,1.0,0.2,2.0,0.7297773337585358,57.244433343963394,10.0,0.0,1.0,0.0,0.0247518625776589,76.00306923095962,0.0024751862577658,23.180119303977627,0.7895844162273211,0.0,25.772865165048145,0,0.0,WILDFIRE,52.0,29.265175,79.650185
5,1.4440000000000002,1.98,304.81000000000006,308.54,1,1.0,1.2953621129699393,1.0,0.2,5.0,0.4356611073910744,55.89152768477685,10.0,0.0,1.0,0.0,0.5173139278730724,96.06940422266776,0.0,3.413281849459172,0.0,0.0,39.29955663935149,0,0.0,WILDFIRE,74.0,29.278734,79.841722
2,1.545,2.14,306.27,311.65,1,1.0,0.4211727486112037,1.0,0.2,2.0,0.7036442269085293,56.59110567271324,10.0,0.0,1.0,0.0,0.0099007450310635,80.3816737209475,0.4430583401400955,17.061458874780328,2.1039083191010124,0.0,26.967372662508307,0,0.0,WILDFIRE,65.0,29.288555,79.62191
6,4.633333333333334,8.42,342.71333333333337,367.0,2,2.0,1.6082687109681828,1.0,0.4,3.0,0.3833960802408286,55.58490200602072,40.0,1.0,0.0,0.0,86.88151283384074,10.190341823222198,2.7276552560580183,0.1311848716615925,0.0173263038043612,0.0049503725155317,18.30008057571185,0,0.0,WILDFIRE,76.0,29.12947833333333,79.16022833333334
4,5.14,6.6,344.58500000000004,349.27,1,1.0,0.5998957145287435,1.0,0.2,4.0,0.6250407391675242,58.6260184791881,40.0,1.0,0.0,0.0,87.70822504393455,9.50719041607881,2.5519170317566395,0.0519789114130838,0.0074255587732976,0.022276676319893,26.918194217578296,0,0.0,WILDFIRE,81.0,29.1125375,79.2469325
2,1.42,1.72,332.96500000000003,333.01,1,1.0,0.0611681295283109,1.0,0.2,2.0,0.9423577397151004,62.55894349287752,10.0,0.0,1.0,0.0,27.588426029058688,69.50075493180861,2.7425063736046136,0.1039578228261676,0.0,0.0643548427019133,26.587147921859717,0,0.0,WILDFIRE,82.0,29.252830000000003,79.35612
4,6.860000000000001,6.99,358.74249999999995,367.0,1,1.0,0.3321005865594325,1.0,0.2,4.0,0.7506940617621178,61.76735154405295,10.0,0.0,1.0,0.0,0.0,99.8910918046583,0.0,0.1089081953416994,0.0,0.0,45.45304669426558,0,0.0,WILDFIRE,83.0,29.52422,79.174575
2,11.145,11.82,346.41,346.8,1,1.0,0.6568828951456063,1.0,0.2,2.0,0.6035429558297905,54.088573895744766,10.0,0.0,1.0,0.0,31.22447464171679,29.83094477859459,35.99663374668944,2.749931932377911,0.0792059602485087,0.118808940372763,16.333659552590095,0,0.0,WILDFIRE,92.0,29.16509,79.14182
4,3.9175,7.19,322.55,338.61,1,1.0,0.620340659083557,1.0,0.2,4.0,0.6171541733486998,58.428854333717496,10.0,0.0,1.0,0.0,2.420732160095047,90.16856018415386,1.2227420113363532,6.145887478032722,0.0,0.0420781663820202,64.5413827686226,0,0.0,WILDFIRE,98.0,29.6974375,79.21034
2,2.0700000000000003,2.14,305.87,305.98,1,1.0,0.4409226641954956,1.0,0.2,2.0,0.6939997717076134,56.34999429269034,10.0,0.0,1.0,0.0,0.0,97.96539689611645,0.0,0.7945347887428529,0.0,1.2400683151407144,45.122322027591366,0,0.0,WILDFIRE,79.0,29.119865,79.98135500000001
6,1.68,3.82,309.0116666666667,312.95,2,2.0,2.5714249409750733,1.0,0.4,3.0,0.2800002846278436,53.00000711569609,10.0,0.0,1.0,0.0,2.6781515309027,92.64869681443528,0.0099007450310635,3.07665651840301,0.0,1.4702606371129427,46.80607723654834,0,0.0,WILDFIRE,105.0,29.54465,79.15594666666668
10,5.638000000000001,9.95,338.516,367.0,2,2.0,1.868350176770096,1.0,0.4,5.0,0.3486324675762042,58.71581168940511,10.0,0.0,1.0,0.0,2.019751986336972,92.059602485087,0.7648325536496622,3.4677359471300213,0.0024751862577658,1.6856018415385758,46.09898580923306,0,0.0,WILDFIRE,106.0,29.553196,79.105308
3,1.5833333333333333,2.07,311.37999999999994,316.69,1,1.0,0.7489953293521885,1.0,0.2,3.0,0.5717568155944651,55.293920389861626,10.0,0.0,1.0,0.0,11.531892774931316,77.3322442513799,0.0990074503106358,7.73990742803396,0.0594044701863815,3.1137843122694986,33.76148780398898,0,0.0,WILDFIRE,115.0,29.42706,79.12794333333333
2,7.62,8.48,343.48,344.03,1,1.0,0.0953878907054605,1.0,0.2,2.0,0.912918618587222,61.82296546468056,10.0,0.0,1.0,0.0,69.27798816860968,21.192544738991607,3.564268211182892,5.86371624464741,0.0544540976708497,0.047028538897552,20.164030332542808,0,0.0,WILDFIRE,127.0,29.174515,79.180455
2,6.47,6.56,350.405,350.92,1,1.0,0.0429344651638928,1.0,0.2,2.0,0.9588330172240056,62.970825430600144,10.0,0.0,1.0,0.0,15.487240414841215,77.62431622979629,0.0,0.4727605752332863,6.415682780129204,0.0,30.13194203103432,0,0.0,WILDFIRE,129.0,29.25042,79.29823
2,5.300000000000001,5.87,338.6,340.03,1,1.0,0.3346889356526235,1.0,0.2,2.0,0.7492382481698101,57.73095620424525,10.0,0.0,1.0,0.0,0.4207816638202025,64.47612682854384,0.0693052152174451,29.09828964629588,0.7004777109477488,4.95284770178956,28.57685225939329,0,0.0,WILDFIRE,130.0,29.284185,79.67032499999999
2,7.3,8.2,345.04,345.13,1,1.0,0.279135215749643,1.0,0.2,2.0,0.7817781792630465,58.54445448157617,40.0,1.0,0.0,0.0,64.48602757357492,6.14093710551719,0.1831637830746763,11.710106185490458,8.507215167941387,8.828989381450954,26.7124707280098,0,0.0,WILDFIRE,133.0,29.353585,79.128505
10,9.345,14.1,347.766,354.24,2,3.0,1.9616122149058604,0.6666666666666666,0.6,3.333333333333333,0.3376539288185596,50.10801488713066,40.0,1.0,0.0,0.0,74.07489913616,23.51179426251825,2.368753248681964,0.0297022350931907,0.0148511175465953,0.0,41.62915417220113,0,0.0,WILDFIRE,0.0,28.88939,79.91979699999999
5,2.75,10.6,311.51800000000003,343.55,1,1.0,2.4586363228420027,1.0,0.2,5.0,0.2891312953014638,52.2282823825366,40.0,1.0,0.0,0.0,86.16865919160416,9.143338036187224,4.611271998217866,0.022276676319893,0.0074255587732976,0.0173263038043612,40.7357631798546,0,0.0,WILDFIRE,1.0,28.915858,79.905524
3,3.753333333333333,7.61,331.2633333333334,346.26,2,2.0,1.1005612524155748,1.0,0.4,1.5,0.4760632420740094,54.90158105185024,10.0,0.0,1.0,0.0,1.6880770277963415,96.6040444543452,0.0,0.4133561050469048,0.1757382243013787,1.1187841885101852,57.21217838186526,0,0.0,WILDFIRE,2.0,28.94205666666667,80.48003999999999
56,2.91875,8.15,322.1517857142857,344.96,4,5.0,6.664799247314248,0.8,1.0,11.2,0.1304665611888531,72.26166402972133,10.0,0.0,1.0,0.0,0.0297022350931907,98.77478280240588,0.0,0.7178040147521101,0.0,0.477710947748818,60.22965440861375,0,0.0,WILDFIRE,3.0,29.000146607142856,80.44371125
23,3.50695652173913,11.47,331.24478260869563,347.21,2,2.0,2.800647492966052,1.0,0.4,11.5,0.2631130621428911,66.57782655357228,10.0,0.0,1.0,0.0,0.0,100.0,0.0,0.0,0.0,0.0,56.147952625275884,0,0.0,WILDFIRE,4.0,28.992575217391305,80.3773504347826
3,22.91,29.95,347.84666666666664,349.0,1,1.0,0.6633726075155557,1.0,0.2,3.0,0.6011882097142496,56.029705242856245,10.0,0.0,1.0,0.0,3.0172520482166285,88.61414321427688,2.658350040840573,4.700378703497439,0.3440508898294597,0.1163337541149971,52.91834999021791,0,0.0,WILDFIRE,5.0,29.02574333333333,80.08579666666667
39,3.0587179487179488,12.74,321.2323076923077,346.88,2,2.0,4.032070467533007,1.0,0.4,19.5,0.198725356978209,64.96813392445524,10.0,0.0,1.0,0.0,0.0445533526397861,99.05200366327566,0.0,0.6088958194104106,0.0,0.2772208608697804,54.88240575061631,0,0.0,WILDFIRE,6.0,29.03345025641026,80.21345769230768
2,3.1300000000000003,5.65,322.61,336.72,1,1.0,0.304124211378304,1.0,0.2,2.0,0.7667981249601363,58.16995312400341,10.0,0.0,1.0,0.0,0.3811786836959481,96.56196628796316,0.7846340437117892,2.118759436647608,0.0,0.1410856166926561,59.859998450945454,0,0.0,WILDFIRE,7.0,29.0469,80.33634
13,3.3146153846153847,14.8,321.4915384615384,356.26,2,2.0,2.7604378752964167,1.0,0.4,6.5,0.2659264780225029,59.648161950562574,10.0,0.0,1.0,0.0,3.272196232766516,96.35900101482636,0.0297022350931907,0.2994975371896735,0.0074255587732976,0.0321774213509566,57.70360755114202,0,0.0,WILDFIRE,8.0,29.05462230769231,80.23815461538462
31,2.5064516129032257,7.96,320.5483870967741,345.56,2,2.0,4.341409242687361,1.0,0.4,15.5,0.1872165105808072,64.68041276452018,10.0,0.0,1.0,0.0,0.3688027524071186,99.54704091482884,0.0,0.0841563327640405,0.0,0.0,60.26927391886775,0,0.0,WILDFIRE,9.0,29.06596838709677,80.28944870967742
2,1.915,2.36,333.315,333.81,1,1.0,0.2753638950524176,1.0,0.2,2.0,0.7840899400393485,58.60224850098371,40.0,1.0,0.0,0.0,4.091482884087028,90.7452785822133,0.0049503725155317,5.148387416153065,0.0,0.0099007450310635,58.80003289675403,0,0.0,WILDFIRE,10.0,29.06991,80.210205
18,4.361111111111111,13.56,325.8316666666667,367.0,4,5.0,3.326189672931784,0.8,1.0,3.6,0.2311502905794505,61.97875726448626,10.0,0.0,1.0,0.0,0.0,99.88861661840052,0.0,0.0990074503106358,0.0,0.0,62.46644125687183,0,0.0,WILDFIRE,11.0,29.10314111111111,80.21198555555554
5,10.95,15.53,344.15599999999995,351.01,1,1.0,1.396635130217741,1.0,0.2,5.0,0.4172516656338702,55.43129164084674,10.0,0.0,1.0,0.0,0.2202915769411648,97.09413133338283,0.0,0.8366129551248731,0.0,1.846488948293359,53.95528440335608,0,0.0,WILDFIRE,12.0,29.109982,80.07423800000001
4,2.1825,2.99,321.515,337.06,1,1.0,0.8485609190628134,1.0,0.2,4.0,0.5409613444099974,56.52403361024994,10.0,0.0,1.0,0.0,1.0346278557461448,95.57189178485682,0.0,2.673201158387169,0.0,0.7178040147521101,64.28481459309342,0,0.0,WILDFIRE,13.0,29.10925,80.26726
7,5.885714285714285,8.82,337.9042857142857,349.94,1,1.0,1.3168982844014674,1.0,0.2,7.0,0.4316115242229261,59.790288105573154,10.0,0.0,1.0,0.0,0.0,100.0,0.0,0.0,0.0,0.0,52.36142427355795,0,0.0,WILDFIRE,14.0,29.12410285714285,80.05590142857143
25,3.738000000000001,10.74,328.98720000000003,367.0,2,2.0,3.333743596012895,1.0,0.4,12.5,0.2307473845291664,65.76868461322917,10.0,0.0,1.0,0.0,0.0,100.0,0.0,0.0,0.0,0.0,30.543353073109508,0,0.0,WILDFIRE,16.0,29.1603732,79.815372
6,1.9983333333333333,2.67,325.31166666666667,336.77,2,2.0,0.7784929291839155,1.0,0.4,3.0,0.5622738126144043,60.05684531536011,10.0,0.0,1.0,0.0,4.106334001633623,95.67584960768298,0.0074255587732976,0.2103908319101012,0.0,0.0,71.29703642764544,0,0.0,WILDFIRE,18.0,29.16222833333333,80.31754
12,3.4075,14.4,320.6675,346.68,2,2.0,1.973066037869068,1.0,0.4,6.0,0.3363531072847428,60.40882768211857,10.0,0.0,1.0,0.0,0.9776985718175292,95.66347367639416,0.0,3.358827751788322,0.0,0.0,62.77631135561742,0,0.0,WILDFIRE,19.0,29.173055833333336,80.1553525
2,4.64,4.89,338.23,338.48,1,1.0,0.3625533461594153,1.0,0.2,2.0,0.7339162190006486,57.34790547501621,10.0,0.0,1.0,0.0,1.2821464815227346,91.59921784114256,0.0074255587732976,7.10625974604589,0.0049503725155317,0.0,73.78159102517274,0,0.0,WILDFIRE,20.0,29.181965,80.33092500000001
5,6.492,7.62,336.146,345.59,2,5.0,1.2655729871167318,0.4,1.0,1.0,0.4413894435034927,50.03473608758732,10.0,0.0,1.0,0.0,2.5543922180144056,93.01007400806913,0.0198014900621271,4.3909804212767005,0.0049503725155317,0.0198014900621271,75.04819895562619,0,0.0,WILDFIRE,22.0,29.18417,80.363756
4,5.5975,8.28,338.8475,347.24,1,1.0,0.6151563157508186,1.0,0.2,4.0,0.6191351203893487,58.47837800973373,10.0,0.0,1.0,0.0,1.368778000544541,88.99037152545729,0.0,9.581446003811788,0.0594044701863815,0.0,75.78981229851354,0,0.0,WILDFIRE,23.0,29.1957325,80.34914749999999
33,2.7706060606060605,6.27,323.2866666666667,350.61,3,4.0,3.8730836887675326,0.75,0.8,8.25,0.2052088705771669,64.13022176442918,10.0,0.0,1.0,0.0,1.413331353184327,91.66604787010225,0.047028538897552,6.851315561496002,0.0123759312888294,0.0099007450310635,79.46401577927183,0,0.0,WILDFIRE,24.0,29.210200606060603,80.41243060606058
3,3.996666666666666,6.01,331.38,348.36,2,2.0,0.7807183077581769,1.0,0.4,1.5,0.5615711343244082,57.03927835811021,10.0,0.0,1.0,0.0,0.4603846439444568,98.82676171381895,0.0123759312888294,0.7004777109477488,0.0,0.0,79.32037395597287,0,0.0,WILDFIRE,26.0,29.23166333333333,80.34011666666667
40,3.0015,6.73,321.44575,351.12,3,3.0,4.713526104134678,1.0,0.6,13.333333333333334,0.1750232661536866,69.37558165384216,10.0,0.0,1.0,0.0,0.3242493997673324,94.64617212445236,0.0,5.029578475780302,0.0,0.0,65.95864475055197,0,0.0,WILDFIRE,30.0,29.26085575,80.161789
2,3.785,4.89,335.52,336.4,1,1.0,0.3207287020634272,1.0,0.2,2.0,0.757157770886375,57.92894427215938,10.0,0.0,1.0,0.0,0.071780401475211,99.7821836093166,0.0,0.1460359892081879,0.0,0.0,53.41497285140515,0,0.0,WILDFIRE,31.0,29.266575,80.0196
11,2.4445454545454544,6.09,319.83181818181816,344.59,2,2.0,2.9642176243663467,1.0,0.4,5.5,0.2522565849698636,57.30641462424659,10.0,0.0,1.0,0.0,3.319224771664068,89.25521645503824,0.0074255587732976,7.4082324694933295,0.0,0.0024751862577658,90.811090510543,0,0.0,WILDFIRE,32.0,29.291608181818184,80.49077636363637
32,4.3578125,17.85,323.5709375,367.0,5,5.0,5.941089000082291,1.0,1.0,6.4,0.14406961212976,71.40174030324401,10.0,0.0,1.0,0.0,0.0,99.77970842305884,0.0,0.2202915769411648,0.0,0.0,53.640260616440834,0,0.0,WILDFIRE,33.0,29.3123703125,79.9942321875
21,3.4180952380952383,6.32,328.60380952380945,350.16,2,2.0,3.100747507290518,1.0,0.4,10.5,0.2438579791177459,66.09644947794365,40.0,1.0,0.0,0.0,2.9355709017103537,89.94579342095493,0.0,6.158263409321552,0.0,0.8786911215068934,96.05809599671738,0,0.0,WILDFIRE,34.0,29.393257142857145,80.43607666666666
2,3.015,5.27,318.865,333.3,1,1.0,0.4878216687767832,1.0,0.2,2.0,0.6721235622426126,55.80308905606531,30.0,0.0,0.0,0.0,13.180366822603402,62.8177520358407,0.9281948466622114,22.704883542486577,0.0,0.3688027524071186,77.90095287942101,0,0.0,WILDFIRE,35.0,29.42828,80.20637500000001
5,8.2,37.84,314.898,352.37,1,1.0,1.197216947038778,1.0,0.2,5.0,0.4551211938118877,56.37802984529719,10.0,0.0,1.0,0.0,0.2301923219722284,91.8838642607856,0.0,7.885943417242148,0.0,0.0,95.44592911558976,0,0.0,WILDFIRE,36.0,29.46663,80.38966
3,2.08,2.97,326.5466666666667,342.72,2,2.0,0.4327102403055569,1.0,0.4,1.5,0.6979778407856763,60.449446019641904,10.0,0.0,1.0,0.0,4.764733546199351,91.85911239820796,0.071780401475211,3.2226925076111974,0.0,0.0816811465062746,66.20289721676974,0,0.0,WILDFIRE,37.0,29.03232,80.49829666666666
2,0.42,0.42,302.67,306.41,1,1.0,0.3757838699948577,1.0,0.2,2.0,0.726858354578425,57.17145886446063,10.0,0.0,1.0,0.0,5.309274522907849,86.55478824781565,0.0148511175465953,5.202841513823915,0.0074255587732976,2.908343852874929,66.53231178336266,0,0.0,WILDFIRE,38.0,29.049255,80.47632999999999
2,3.25,3.25,329.18499999999995,344.84,1,1.0,0.392285501275926,1.0,0.2,2.0,0.7182434917864005,56.956087294660016,10.0,0.0,1.0,0.0,1.3366005791935844,85.62659340115344,0.1386104304348902,2.6063711294274894,0.0,3.774659043092993,65.00693340367518,0,0.0,WILDFIRE,39.0,29.140455,80.184755
9,2.192222222222222,4.32,324.1722222222222,340.12,3,4.0,1.7085093484781078,0.75,0.8,2.25,0.3692067744059635,56.23016936014909,10.0,0.0,1.0,0.0,4.408306725081062,90.60666815177842,0.0569292839286156,4.928095839211901,0.0,0.0,77.6628792835248,0,0.0,WILDFIRE,40.0,29.16991555555556,80.4673788888889
4,3.285,7.27,326.57,345.18,2,2.0,0.93150751549583,1.0,0.4,2.0,0.5177303178876287,56.94325794719073,10.0,0.0,1.0,0.0,0.4034553600158412,97.39610405683028,0.0,1.5469914111036855,0.0,0.6336476819880696,49.19679957858785,0,0.0,WILDFIRE,41.0,29.1925925,80.0057175
2,1.095,1.3,309.64,310.32,2,2.0,0.3789976091718314,1.0,0.4,1.0,0.7251644189583174,60.12911047395794,10.0,0.0,1.0,0.0,0.1039578228261676,98.28964629588376,0.0,1.606395881290067,0.0,0.0,79.99666154966512,0,0.0,WILDFIRE,43.0,29.203755,80.44294500000001
13,2.184615384615385,4.65,318.6,348.93,3,5.0,2.8876716902847805,0.6,1.0,2.6,0.2572233664943934,54.63058416235983,10.0,0.0,1.0,0.0,0.6361228682458354,97.99509913120964,0.0099007450310635,1.29699759906933,0.0618796564441474,0.0,81.81932591086526,0,0.0,WILDFIRE,44.0,29.23921,80.3943676923077
4,0.935,1.12,301.96750000000003,305.84,3,4.0,0.6984390193520078,0.75,0.8,1.0,0.5887759222474306,59.21939805618577,10.0,0.0,1.0,0.0,0.0,100.0,0.0,0.0,0.0,0.0,86.57307984205525,0,0.0,WILDFIRE,45.0,29.256555,80.47357249999999
16,2.039375,7.9,308.118125,342.97,3,3.0,2.325275670049625,1.0,0.6,5.333333333333333,0.3007269469436428,63.18484034025773,10.0,0.0,1.0,0.0,0.1831637830746763,99.09160664339991,0.0,0.7252295735254077,0.0,0.0,86.92326412938914,0,0.0,WILDFIRE,46.0,29.270084375,80.44756062500001
6,2.035,5.31,313.33666666666664,335.85,2,2.0,0.9414681236207572,1.0,0.4,3.0,0.5150741275808545,58.87685318952136,10.0,0.0,1.0,0.0,0.0,96.60651964060295,0.0,3.393480359397045,0.0,0.0,39.6522504670492,0,0.0,WILDFIRE,48.0,29.31807,79.80638833333333
3,2.053333333333333,3.61,319.53,345.67,2,2.0,0.4010131686548809,1.0,0.4,1.5,0.7137691653249087,60.84422913312273,10.0,0.0,1.0,0.0,0.287121605900844,96.76740674735774,0.0,2.9454716467414173,0.0,0.0,75.27369128158642,0,0.0,WILDFIRE,49.0,29.32945,80.23423333333334
3,1.9833333333333327,2.51,330.20666666666665,342.92,2,2.0,0.7198966411292967,1.0,0.4,1.5,0.5814302883593009,57.53575720898253,10.0,0.0,1.0,0.0,4.232568500779683,80.4039503972674,0.1113833815994653,14.729833419964852,0.0074255587732976,0.5148387416153066,90.04163132569798,0,0.0,WILDFIRE,52.0,29.36405666666667,80.38264333333332
4,2.3825000000000003,4.05,321.34,343.68,2,2.0,1.0608800573959267,1.0,0.4,2.0,0.4852295971380175,56.130739928450446,10.0,0.0,1.0,0.0,0.1262344991460607,93.63877131754164,0.0,6.1755897131259125,0.0,0.0594044701863815,99.09134527123877,0,0.0,WILDFIRE,54.0,29.417545,80.45832999999999
5,2.218,3.99,322.738,339.01,2,2.0,1.2393727081079344,1.0,0.4,2.5,0.4465536247625831,56.16384061906457,30.0,0.0,0.0,0.0,2.222717259473776,88.47800797009975,0.0099007450310635,9.284423652879878,0.0,0.0049503725155317,90.59096034855216,0,0.0,WILDFIRE,55.0,29.438676,80.349862
4,3.0925,5.39,334.4325,348.77,2,2.0,0.8629625137280078,1.0,0.4,2.0,0.5367794534946826,57.41948633736706,10.0,0.0,1.0,0.0,0.9281948466622114,66.99834162520729,0.0,32.03633573426401,0.0,0.0371277938664884,90.79405951938872,0,0.0,WILDFIRE,56.0,29.4646125,80.33619999999999
7,4.875714285714285,10.41,313.26000000000005,335.02,2,2.0,1.5824660055374036,1.0,0.4,3.5,0.38722678163266,56.68066954081651,10.0,0.0,1.0,0.0,1.1138338159946537,95.40357911932873,0.2549441845498874,3.155862478651519,0.0,0.071780401475211,53.1451926844601,0,0.0,WILDFIRE,57.0,29.469414285714286,79.80882285714286
2,0.635,0.82,296.855,298.38,1,1.0,0.5567607551957092,1.0,0.2,2.0,0.642359461248292,55.058986531207296,10.0,0.0,1.0,0.0,2.801910843790995,78.61686591916042,0.118808940372763,18.093611544268708,0.0049503725155317,0.3638523798915868,85.65945169193812,0,0.0,WILDFIRE,58.0,29.49196,80.254765
2,0.915,1.03,306.45,308.44,1,1.0,0.3755844949201909,1.0,0.2,2.0,0.7269637042964913,57.17409260741229,10.0,0.0,1.0,0.0,38.33815994653597,58.048068117125815,0.5197891141308384,2.940521274225885,0.0049503725155317,0.0495037251553179,43.75258289432196,0,0.0,WILDFIRE,59.0,28.875770000000003,80.351615
3,4.17,7.37,327.75333333333333,345.93,2,4.0,0.9851422566117252,0.5,0.8,0.75,0.5037422364414412,49.09355591103603,40.0,1.0,0.0,0.0,93.98034702111336,3.834063513279375,2.089057201554417,0.0099007450310635,0.0024751862577658,0.0,39.45009941439274,0,0.0,WILDFIRE,60.0,28.872966666666667,79.86455
2,11.19,11.19,345.3,347.56,1,1.0,0.3868081306117366,1.0,0.2,2.0,0.7210802835132563,57.02700708783141,40.0,1.0,0.0,0.0,83.05239969307691,14.672904136036236,2.2177668869582434,0.0173263038043612,0.0123759312888294,0.0024751862577658,39.98228518704944,0,0.0,WILDFIRE,61.0,28.848965,79.87224499999999
2,7.16,10.96,339.485,343.31,2,3.0,0.913857827443083,0.6666666666666666,0.6,0.6666666666666666,0.5225048515416642,49.395954621874935,40.0,1.0,0.0,0.0,95.89366599836636,2.700428207222594,1.2078908937897577,0.0792059602485087,0.118808940372763,0.0,31.64866631597992,0,0.0,WILDFIRE,62.0,28.91939,79.803015
3,3.49,5.51,330.6233333333333,350.2,1,1.0,0.4267540177241404,1.0,0.2,3.0,0.700891665681188,58.5222916420297,10.0,0.0,1.0,0.0,1.9405460260884635,92.80463354867454,0.0123759312888294,3.566743397440657,0.0,1.5618425286502808,61.32875167046907,0,0.0,WILDFIRE,63.0,29.037513333333333,80.39432666666666
5,9.964,13.62,340.066,353.95,1,1.0,0.8344597979305504,1.0,0.2,5.0,0.5451196047621745,58.62799011905435,10.0,0.0,1.0,0.0,4.895918417860944,94.79468329991832,0.0618796564441474,0.2475186257765897,0.0,0.0,74.1519366052221,0,0.0,WILDFIRE,64.0,29.161918,80.40265600000001
2,3.405,5.52,320.32,340.96,1,1.0,0.4802372318525438,1.0,0.2,2.0,0.6755673877682983,55.88918469420746,10.0,0.0,1.0,0.0,0.6831514071433875,95.56694141234128,0.0099007450310635,3.74000643548427,0.0,0.0,81.73082965428469,0,0.0,WILDFIRE,65.0,29.24948,80.357925
3,2.5766666666666667,3.53,329.05,341.54,1,1.0,0.8494668259132393,1.0,0.2,3.0,0.5406963704289288,54.51740926072321,10.0,0.0,1.0,0.0,12.578896561966287,73.81005420657904,0.1138585678572312,13.497190663597436,0.0,0.0,89.20284653006638,0,0.0,WILDFIRE,66.0,29.32249,80.39095666666667
2,5.13,6.17,340.99,343.8,1,1.0,0.7402342140595077,1.0,0.2,2.0,0.5746352944453744,53.36588236113437,30.0,0.0,0.0,0.0,3.737531249226504,67.11962575183783,0.0643548427019133,21.803915744659783,0.0,1.893517487190911,81.86141359085723,0,0.0,WILDFIRE,68.0,29.3816,80.28179
2,1.56,1.69,307.03,307.77,1,1.0,0.4569588048348374,1.0,0.2,2.0,0.6863612043673131,56.15903010918283,10.0,0.0,1.0,0.0,0.0,97.17333729363136,1.418281725699859,1.1237345610257172,0.0,0.2178163906833989,58.55302076479324,0,0.0,WILDFIRE,70.0,29.03782,80.326265
2,1.48,1.48,310.44,315.82,1,1.0,0.4608930040246597,1.0,0.2,2.0,0.6845128269113951,56.11282067278488,10.0,0.0,1.0,0.0,6.7250810623499415,92.43335561000964,0.0123759312888294,0.7846340437117892,0.0,0.0445533526397861,71.56919926365077,0,0.0,WILDFIRE,71.0,29.09281,80.494775
5,1.478,3.4,306.78000000000003,314.91,2,2.0,1.5098596246653937,1.0,0.4,2.5,0.3984286571936535,54.96071642984134,10.0,0.0,1.0,0.0,0.6435484270191332,91.75267938912404,0.0544540976708497,7.393381351946735,0.0,0.1559367342392515,60.19721322186239,0,0.0,WILDFIRE,72.0,29.223490000000005,80.11340999999999
3,0.68,0.73,299.1933333333333,300.71,1,1.0,0.6213074349112109,1.0,0.2,3.0,0.6167861680439182,56.41965420109795,10.0,0.0,1.0,0.0,0.0495037251553179,99.17081260364844,0.0,0.7796836711962576,0.0,0.0,86.27464498721329,0,0.0,WILDFIRE,73.0,29.27169333333333,80.42544666666667
2,1.665,2.16,310.69,319.94,1,1.0,0.6216043696584506,1.0,0.2,2.0,0.6166732272746801,54.416830681867,10.0,0.0,1.0,0.0,1.8192618994579344,87.30972005643424,0.1089081953416994,10.76210984876612,0.0,0.0,87.0879123305758,0,0.0,WILDFIRE,75.0,29.285705,80.40685500000001
3,1.4766666666666666,1.91,313.2366666666667,323.51,1,1.0,0.657560034252513,1.0,0.2,3.0,0.6032963991261748,56.08240997815437,10.0,0.0,1.0,0.0,6.980025246899829,76.98819336155046,0.0792059602485087,13.799163387044874,0.0,0.6806762208856216,82.26744523404336,0,0.0,WILDFIRE,76.0,29.29683,80.32537666666667
4,4.8525,6.73,342.5325,348.8,2,2.0,0.8550356537443314,1.0,0.4,2.0,0.5390731967773942,57.476829919434856,40.0,1.0,0.0,0.0,88.56711467537932,6.994876364446425,4.3538526274102125,0.0569292839286156,0.0272270488354248,0.0,35.57733835030293,0,0.0,WILDFIRE,77.0,28.87201,79.81559250000001
2,3.705,3.88,337.20500000000004,340.42,2,2.0,0.4065914086403829,1.0,0.4,1.0,0.7109385098310845,59.77346274577712,40.0,1.0,0.0,0.0,59.18665379569813,19.756936709487388,8.90324496918393,3.244969183931091,0.0198014900621271,0.5123635553575406,30.258178614790967,0,0.0,WILDFIRE,78.0,28.950115,79.805095
5,1.332,1.56,310.128,319.02,1,1.0,0.8160715000591064,1.0,0.2,5.0,0.550639113034621,58.76597782586552,10.0,0.0,1.0,0.0,8.81908863641989,83.59199029726987,0.0024751862577658,4.678102027177545,0.0,2.908343852874929,66.75790707184429,0,0.0,WILDFIRE,82.0,29.080594,80.42061399999999
2,0.33,0.33,299.04999999999995,300.2,1,1.0,0.4387867431465969,1.0,0.2,2.0,0.6950300346895195,56.37575086723798,10.0,0.0,1.0,0.0,0.0,99.61387094378853,0.0,0.3861290562114799,0.0,0.0,81.88319464048608,0,0.0,WILDFIRE,83.0,29.246255,80.37391
4,3.025,4.62,334.67499999999995,337.42,1,1.0,0.6725441480044776,1.0,0.2,4.0,0.5978915421713119,57.94728855428279,10.0,0.0,1.0,0.0,0.4207816638202025,96.10653201653425,0.022276676319893,1.9751986336971856,0.0099007450310635,0.7499814361030668,45.77245867895216,0,0.0,WILDFIRE,86.0,28.8379375,80.4353625
2,6.425,7.0,338.935,339.83,1,1.0,0.4071008024720203,1.0,0.2,2.0,0.7106811382973997,56.76702845743499,40.0,1.0,0.0,0.0,80.62671716046633,13.361055419420312,0.8984926115690206,3.628623053884804,1.0742308358703994,0.1410856166926561,35.77388197382971,0,0.0,WILDFIRE,87.0,28.88166,79.825905
2,2.925,3.4,336.9,339.2,1,1.0,0.3852425958247433,1.0,0.2,2.0,0.7218952138882372,57.04738034720593,40.0,1.0,0.0,0.0,82.05489963119724,16.68028019108438,1.076706022128165,0.0148511175465953,0.022276676319893,0.1509863617237197,39.81537596288667,0,0.0,WILDFIRE,89.0,28.83293,79.84982
2,2.535,4.1,322.32,340.89,1,1.0,0.5744118606440313,1.0,0.2,2.0,0.635157816704289,54.87894541760723,10.0,0.0,1.0,0.0,51.3205118685181,47.67951288334447,0.2029652731368035,0.722754387267642,0.0742555877329769,0.0,49.7872953476782,0,0.0,WILDFIRE,90.0,28.97329,80.26650000000001
2,1.71,1.71,310.4,316.26,1,1.0,0.6510410455416621,1.0,0.2,2.0,0.605678461295871,54.14196153239678,10.0,0.0,1.0,0.0,3.747431994257568,85.94341724214746,0.0,5.8909432934828345,0.0,4.418207470112126,66.54372491192558,0,0.0,WILDFIRE,92.0,29.06694,80.444095
7,5.315714285714286,8.71,328.97,346.53,1,1.0,1.4062578024522037,1.0,0.2,7.0,0.4155830680240935,59.38957670060234,10.0,0.0,1.0,0.0,1.227692383851885,95.94069453726392,0.0,2.658350040840573,0.0,0.1732630380436128,58.94396549513967,0,0.0,WILDFIRE,93.0,29.17017,80.11575571428571
2,1.4,1.47,308.44,309.53,1,1.0,0.6227270218507919,1.0,0.2,2.0,0.6162465938722435,54.40616484680609,10.0,0.0,1.0,0.0,2.5246899829212146,82.93359075270415,0.0024751862577658,14.524392960570284,0.0074255587732976,0.0074255587732976,68.92239174966825,0,0.0,WILDFIRE,94.0,29.23357,80.203765
2,1.13,1.13,306.115,308.61,1,1.0,0.4281271702020845,1.0,0.2,2.0,0.7002177543184035,56.50544385796009,10.0,0.0,1.0,0.0,1.68312665528081,94.4110294299646,0.0173263038043612,3.888517610950224,0.0,0.0,88.2280447739717,0,0.0,WILDFIRE,95.0,29.26511,80.49271999999999
4,1.25,2.46,306.915,317.97,1,1.0,0.6556838970467396,1.0,0.2,4.0,0.6039800240756767,58.09950060189192,10.0,0.0,1.0,0.0,18.30895274869434,70.26311229920051,0.1336600579193584,11.294274894185788,0.0,0.0,85.20369619808697,0,0.0,WILDFIRE,96.0,29.2806675,80.3636825
2,1.205,1.35,302.635,303.46,1,1.0,0.4520327927935671,1.0,0.2,2.0,0.6886896804004674,56.21724201001168,10.0,0.0,1.0,0.0,6.282022722209845,57.656988688398805,0.0321774213509566,35.97188188411178,0.0,0.0569292839286156,94.58620699517378,0,0.0,WILDFIRE,100.0,29.43249,80.39946499999999
14,2.7478571428571428,10.19,317.3514285714286,351.31,2,4.0,2.1717320020614848,0.5,0.8,3.5,0.3152851499906185,49.88212874976546,10.0,0.0,1.0,0.0,0.071780401475211,99.39357936684736,0.0024751862577658,0.5321650454196678,0.0,0.0,48.85552383260242,0,0.0,WILDFIRE,0.0,29.579109285714285,79.10455214285714
3,4.483333333333333,5.37,339.58,349.18,2,4.0,1.2508570760872293,0.5,0.8,0.75,0.4442752099295203,47.60688024823801,10.0,0.0,1.0,0.0,1.6658003514764486,91.73782827157744,0.3811786836959481,6.192916016930274,0.022276676319893,0.0,56.50098646212093,0,0.0,WILDFIRE,1.0,29.66226,78.94601
3,4.113333333333333,4.96,338.6533333333333,343.69,1,1.0,0.9488842374432104,1.0,0.2,3.0,0.5131141094926832,53.82785273731707,10.0,0.0,1.0,0.0,3.586544887502784,67.07507239919805,0.2499938120343556,29.073537783718223,0.0,0.0148511175465953,62.137093714411,0,0.0,WILDFIRE,2.0,29.71079333333333,79.03749
2,3.7,3.7,335.21500000000003,339.08,1,1.0,0.4417113578439202,1.0,0.2,2.0,0.6936201165089664,56.34050291272417,10.0,0.0,1.0,0.0,1.9751986336971856,84.21326204796911,0.7945347887428529,13.017004529590851,0.0,0.0,65.48512971366284,0,0.0,WILDFIRE,3.0,29.719255,79.16661500000001
2,5.965,10.76,326.1,347.6,1,1.0,0.5850374830871751,1.0,0.2,2.0,0.6308999065765319,54.7724976644133,10.0,0.0,1.0,0.0,1.4974876859483677,90.45320660379691,0.0346526076087225,8.002277171357145,0.0,0.0123759312888294,65.00783010377437,0,0.0,WILDFIRE,4.0,29.74913,78.93079
38,2.5407894736842107,15.07,316.3010526315789,351.35,4,5.0,6.185622101579408,0.8,1.0,7.6,0.1391667952841826,67.67916988210457,10.0,0.0,1.0,0.0,0.0594044701863815,90.4556817900547,0.0767307739907428,9.408182965768171,0.0,0.0,69.30745615525491,0,0.0,WILDFIRE,5.0,29.77180394736842,79.07486421052631
53,2.8428301886792444,13.22,316.3743396226415,347.76,5,5.0,9.065293616836534,1.0,1.0,10.6,0.0993512994322657,77.48378248580664,10.0,0.0,1.0,0.0,0.3514764486027574,89.72055147149824,0.0099007450310635,9.91807133486795,0.0,0.0,69.05331199251093,0,0.0,WILDFIRE,6.0,29.77503452830188,79.00783339622642
8,7.4725,22.68,333.3875,348.98,2,2.0,1.7499175729961032,1.0,0.4,4.0,0.3636472634015991,57.09118158503998,10.0,0.0,1.0,0.0,1.1633375411499716,91.37892626420138,0.2722704883542486,7.140912353654613,0.0346526076087225,0.0099007450310635,61.12942308978978,0,0.0,WILDFIRE,7.0,29.81049125,78.71732
16,2.6793750000000003,6.55,322.221875,355.63,3,4.0,4.633087401948923,0.75,0.8,4.0,0.1775225429049835,54.938063572624586,30.0,0.0,0.0,0.0,0.287121605900844,74.44122670230935,0.1089081953416994,25.140466820128218,0.0,0.022276676319893,65.66430930032425,0,0.0,WILDFIRE,8.0,29.830558125,78.78762125
17,2.223529411764706,3.74,325.625294117647,343.05,2,5.0,4.491501578450797,0.4,1.0,3.4,0.1820995561440062,48.35248890360016,10.0,0.0,1.0,0.0,0.0420781663820202,78.84458305487489,0.1559367342392515,19.91287344372664,0.0,0.935620405435509,70.27203954160098,0,0.0,WILDFIRE,9.0,29.852740588235296,78.84514235294117
10,2.339,4.42,325.809,367.0,2,5.0,1.9693094291508264,0.4,1.0,2.0,0.3367786429338162,49.41946607334541,10.0,0.0,1.0,0.0,0.2895967921586099,86.06222618252023,6.8018118363406845,6.0246033514021935,0.0,0.8192866513205119,62.95887551149454,0,0.0,WILDFIRE,10.0,29.838372000000003,78.67542399999999
7,3.849999999999999,6.01,332.9814285714286,351.38,2,2.0,1.7505514484344609,1.0,0.4,3.5,0.3635634594543479,56.089086486358696,10.0,0.0,1.0,0.0,0.913343729115616,62.67419123289027,0.6905769659166852,35.18972302665775,0.0,0.4331575951090319,76.56446230923301,0,0.0,WILDFIRE,11.0,29.84251714285714,79.01130142857141
8,2.9025,5.2,326.20125,347.75,1,1.0,1.9690721865121872,1.0,0.2,8.0,0.3368055531094091,59.42013882773522,10.0,0.0,1.0,0.0,1.5692680874235785,69.44877602039553,0.0618796564441474,28.645330561124727,0.0,0.2747456746120145,80.08762133997966,0,0.0,WILDFIRE,12.0,29.87257375,79.04143375000001
5,3.04,3.82,328.878,336.99,1,1.0,1.000268814736891,1.0,0.2,5.0,0.4999328053472337,57.49832013368084,30.0,0.0,0.0,0.0,1.2697705502339052,56.18425286502809,0.4108809187891389,42.12767010717556,0.0,0.0074255587732976,79.16710159329446,0,0.0,WILDFIRE,13.0,29.876348,78.979152
2,4.28,4.28,340.61,343.53,1,1.0,0.401479354956693,1.0,0.2,2.0,0.7135317380618146,56.83829345154536,30.0,0.0,0.0,0.0,0.841563327640405,31.598227766639443,0.4331575951090319,67.11220019306452,0.0,0.0148511175465953,77.70229319422224,0,0.0,WILDFIRE,14.0,29.923845,78.85274000000001
2,4.13,6.46,343.255,349.08,1,1.0,0.3968954111450255,1.0,0.2,2.0,0.715873208560623,56.89683021401557,10.0,0.0,1.0,0.0,0.5791935843172199,81.90143808321577,0.143560802950422,17.190168560184155,0.1039578228261676,0.0816811465062746,71.09294775506206,0,0.0,WILDFIRE,15.0,29.928835,78.521305
7,0.8399999999999999,2.14,305.7614285714285,335.52,1,1.0,1.4687497053042913,1.0,0.2,7.0,0.4050633394918189,59.12658348729547,10.0,0.0,1.0,0.0,0.4851365065221158,89.00274745674612,0.0866315190218064,10.425484517709958,0.0,0.0,72.32312202018666,0,0.0,WILDFIRE,16.0,29.927814285714284,78.65925
6,2.9933333333333336,3.92,330.405,339.07,2,4.0,2.01860249961758,0.5,0.8,1.5,0.3312791267239352,46.281978168098384,10.0,0.0,1.0,0.0,0.4480087126556273,92.70810128462166,0.0247518625776589,6.655775847132498,0.0915818915373381,0.071780401475211,75.67702807645885,0,0.0,WILDFIRE,17.0,29.96098,78.38799666666667
3,3.9033333333333338,4.2,335.01,337.55,2,5.0,0.9923854355705986,0.4,1.0,0.6,0.5019109165057766,50.747772912644415,10.0,0.0,1.0,0.0,3.6558501027202297,79.41387589416104,0.5074131828420089,16.39810895769907,0.0247518625776589,0.0,78.05771985639008,0,0.0,WILDFIRE,18.0,29.985936666666664,78.61699
6,5.138333333333333,10.7,336.3633333333333,349.44,3,5.0,1.3307125257782093,0.6,1.0,1.2,0.4290533426751575,56.12633356687894,10.0,0.0,1.0,0.0,0.9742951907131012,78.82721807628525,0.1736111111111111,20.011919568822552,0.0129560530679933,0.0,79.309464227657,0,0.0,WILDFIRE,19.0,29.992373333333337,78.655055
3,3.7033333333333336,5.45,334.2966666666667,347.13,2,2.0,0.8355968049315663,1.0,0.4,1.5,0.5447819462930921,56.6195486573273,10.0,0.0,1.0,0.0,0.5999414691249635,84.9673202614379,0.4097161252560726,14.01814457126134,0.0048775729197151,0.0,79.02729040922566,0,0.0,WILDFIRE,20.0,30.00012333333333,78.50286666666666
8,2.50625,5.19,328.01750000000004,348.72,2,2.0,1.5809839640375505,1.0,0.4,4.0,0.3874491333280718,57.6862283332018,10.0,0.0,1.0,0.0,0.0,99.027251800698,0.118808940372763,0.8539392589292344,0.0,0.0,81.57598888716083,0,0.0,WILDFIRE,21.0,30.0183075,78.61224250000001
9,2.48,3.47,331.03444444444443,343.09,3,4.0,2.316305462410214,0.75,0.8,2.25,0.3015403771862509,54.538509429656266,10.0,0.0,1.0,0.0,1.391054676864434,93.49026014207568,0.0668300289596792,4.571669018093612,0.2970223509319076,0.1584119204970174,82.48103195605898,0,0.0,WILDFIRE,22.0,30.027555555555555,78.43028444444445
29,5.9813793103448285,24.29,321.98068965517234,367.0,4,5.0,7.407929632133591,0.8,1.0,5.8,0.1189353436282554,63.57338359070639,10.0,0.0,1.0,0.0,1.485111754659538,54.97388678498057,0.4455335263978615,43.09546793396203,0.0,0.0,89.488874160377,0,0.0,WILDFIRE,23.0,30.06862517241379,78.74768103448275
3,2.7566666666666664,2.85,338.25333333333333,340.14,2,2.0,1.3368784129007565,1.0,0.4,1.5,0.4279212792927059,53.69803198231765,10.0,0.0,1.0,0.0,0.190589341847974,95.35160020791564,0.168312665528081,2.6756763446449345,0.0,1.3044231578426275,84.91940883197728,0,0.0,WILDFIRE,24.0,30.04795333333333,78.61843666666667
12,2.807500000000001,8.54,322.14,353.47,2,2.0,2.4177906214743388,1.0,0.4,6.0,0.2925866768189059,59.314666920472646,10.0,0.0,1.0,0.0,1.2846216677805005,86.49043340511373,0.165837479270315,12.056632261577684,0.0024751862577658,0.0,92.62342345772753,0,0.0,WILDFIRE,25.0,30.0596375,78.880925
6,8.971666666666668,12.31,352.13500000000005,367.0,2,5.0,1.2490217546818334,0.4,1.0,1.2,0.4446377621373737,50.515944053434346,10.0,0.0,1.0,0.0,0.9455211504665726,86.87656246132521,0.1534615479814856,12.021979653968964,0.0024751862577658,0.0,86.66963125601188,0,0.0,WILDFIRE,26.0,30.060738333333333,78.64539
23,2.030869565217391,6.21,315.67434782608694,348.16,2,2.0,2.7479496396904515,1.0,0.4,11.5,0.2668125498299362,66.67031374574842,10.0,0.0,1.0,0.0,5.168188906215192,65.58748545828074,0.670775475854558,28.57355015964951,0.0,0.0,90.69843468250798,0,0.0,WILDFIRE,27.0,30.067557391304348,78.79740956521738
8,4.991250000000001,9.92,329.88875,354.08,2,2.0,2.410599243633979,1.0,0.4,4.0,0.2932036069223144,55.33009017305787,10.0,0.0,1.0,0.0,0.0816811465062746,85.51025964703844,0.4183064775624365,13.98975272889285,0.0,0.0,93.53128795095746,0,0.0,WILDFIRE,28.0,30.078503750000003,78.85119499999999
2,2.915,5.05,322.015,338.18,1,1.0,0.2740872154464014,1.0,0.2,2.0,0.7848756253704582,58.621890634261455,10.0,0.0,1.0,0.0,1.735105566693894,53.714016979777725,0.5024628103264771,43.929605702829136,0.0,0.118808940372763,89.21863769644693,0,0.0,WILDFIRE,29.0,30.08578,78.62911
2,3.03,4.47,318.85,337.94,2,4.0,0.6112274009300029,0.5,0.8,0.5,0.6206448570963965,51.51612142740992,10.0,0.0,1.0,0.0,1.3762035593178388,71.0700230192322,0.0495037251553179,26.986955768421577,0.0,0.5173139278730724,97.74747717807796,0,0.0,WILDFIRE,30.0,30.09675,78.91620499999999
3,1.663333333333333,2.54,325.52,336.93,2,2.0,0.537657239574368,1.0,0.4,1.5,0.6503399940267608,59.25849985066903,30.0,0.0,0.0,0.0,0.1039578228261676,90.07450310635876,0.0371277938664884,9.77203534565976,0.0123759312888294,0.0,59.10345828436162,0,0.0,WILDFIRE,33.0,29.680206666666667,79.06579333333333
4,3.5250000000000004,11.63,314.9425,345.49,2,2.0,0.8854270673816409,1.0,0.4,2.0,0.5303838145215213,57.25959536303804,10.0,0.0,1.0,0.0,1.1831390312120988,89.72797703027153,0.0891067052795722,8.9997772332368,0.0,0.0,72.06867652688855,0,0.0,WILDFIRE,34.0,29.80285,78.9745825
4,1.3625,2.58,316.9425,335.2,2,2.0,1.633505064124195,1.0,0.4,2.0,0.3797220721626227,53.49305180406557,10.0,0.0,1.0,0.0,0.1806885968169105,85.76767901784609,0.6683002895967922,13.383332095740204,0.0,0.0,69.66641633827481,0,0.0,WILDFIRE,35.0,29.85881,78.8163575
2,0.7949999999999999,1.0,299.625,300.61,2,4.0,0.6337769570101125,0.5,0.8,0.5,0.6120786535207635,51.30196633801909,10.0,0.0,1.0,0.0,0.4826613202643499,76.09465112249697,0.6064206331526447,22.81626692408604,0.0,0.0,81.39540374935844,0,0.0,WILDFIRE,36.0,29.893805,78.990665
2,1.05,1.26,311.08500000000004,311.81,1,1.0,0.3842435743333444,1.0,0.2,2.0,0.7224162123935469,57.06040530983867,10.0,0.0,1.0,0.0,3.824162768248311,82.50043315759511,0.4653350164599886,13.148189401252443,0.0618796564441474,0.0,69.82782593019921,0,0.0,WILDFIRE,37.0,29.90998,78.404335
5,2.35,3.7,321.908,343.91,2,2.0,2.009285143403402,1.0,0.4,2.5,0.3323048339875939,53.307620849689854,10.0,0.0,1.0,0.0,0.0346526076087225,90.9061656889681,0.0,9.059181703423183,0.0,0.0,81.95155654309102,0,0.0,WILDFIRE,38.0,29.931762,78.931404
2,1.7999999999999998,2.44,311.08500000000004,320.57,1,1.0,0.3703875622515991,1.0,0.2,2.0,0.7297205750736396,57.24301437684099,10.0,0.0,1.0,0.0,2.393505111259622,68.99334174896661,0.9677978267864656,27.14784287517636,0.0,0.4306824088512661,88.88591941496227,0,0.0,WILDFIRE,39.0,29.952530000000003,79.03143499999999
3,0.65,0.65,301.78,307.04,1,1.0,0.5424861962562233,1.0,0.2,3.0,0.6483040188152772,57.20760047038193,10.0,0.0,1.0,0.0,0.2648449295809509,86.84686022623202,0.0099007450310635,12.878394099155962,0.0,0.0,89.68686032923992,0,0.0,WILDFIRE,40.0,30.024356666666662,78.89820999999999
3,2.0,4.52,316.3933333333334,343.94,2,2.0,0.4729352962340682,1.0,0.4,1.5,0.6789164483713256,59.97291120928314,10.0,0.0,1.0,0.0,0.0,97.10155689215614,0.1460359892081879,1.6781762827652782,0.0,0.0173263038043612,84.70841871614259,0,0.0,WILDFIRE,41.0,30.04961333333333,78.57392999999999
2,2.95,5.18,321.975,335.43,2,2.0,0.4210229891457929,1.0,0.4,1.0,0.7037183829102732,59.59295957275683,10.0,0.0,1.0,0.0,3.893467983465756,46.46172124452365,1.3935298631222,48.2512809088884,0.0,0.0,89.71667357565953,0,0.0,WILDFIRE,42.0,30.064505,78.773895
2,4.46,4.46,340.65,346.84,1,1.0,0.4108042979454828,1.0,0.2,2.0,0.7088155327115702,56.72038831778925,10.0,0.0,1.0,0.0,1.155911982376674,95.47535952080392,0.0569292839286156,3.165763223682582,0.0,0.1386104304348902,53.517571508876415,0,0.0,WILDFIRE,43.0,29.636005,78.97028
2,5.25,5.25,350.8,367.0,1,1.0,0.3754799659673231,1.0,0.2,2.0,0.7270189495611721,57.1754737390293,10.0,0.0,1.0,0.0,3.9033687284968193,83.95336749090369,0.0099007450310635,12.133363035568427,0.0,0.0,56.01149700168487,0,0.0,WILDFIRE,44.0,29.72134,78.813575
2,2.745,4.72,319.415,336.73,1,1.0,0.5109290389178278,1.0,0.2,2.0,0.6618444508262477,55.5461112706562,10.0,0.0,1.0,0.0,2.5395411004678103,93.23779114378355,0.165837479270315,4.044454345189476,0.0123759312888294,0.0,57.74412993855731,0,0.0,WILDFIRE,45.0,29.766545,78.75143
4,5.5375,7.02,334.9075,337.69,2,3.0,2.071881541212487,0.6666666666666666,0.6,1.3333333333333333,0.3255333861621809,45.80500132072119,30.0,0.0,0.0,0.0,3.3093240266330044,67.12457612435335,0.7945347887428529,28.6255290710626,0.0024751862577658,0.143560802950422,72.6773834149436,0,0.0,WILDFIRE,46.0,29.78171,79.1860775
4,5.2425,8.12,337.64250000000004,339.85,2,4.0,0.8843553371877936,0.5,0.8,1.0,0.5306854711874021,50.26713677968505,10.0,0.0,1.0,0.0,1.6410484888987895,85.58204004851365,0.3341501447983961,12.291774956065444,0.0519789114130838,0.0990074503106358,60.974997001946,0,0.0,WILDFIRE,47.0,29.835075,78.5790725
12,2.745000000000001,9.3,316.0133333333333,345.08,2,3.0,2.7964453023478004,0.6666666666666666,0.6,4.0,0.2634042954290898,49.58510738572725,10.0,0.0,1.0,0.0,0.0099007450310635,98.88369099774758,0.0024751862577658,1.10393307096359,0.0,0.0,60.877850090972025,0,0.0,WILDFIRE,48.0,29.83317083333333,78.44140666666667
3,4.62,6.17,327.12,347.51,3,4.0,0.8239961714826127,0.75,0.8,0.75,0.5482467647874295,57.70616911968573,10.0,0.0,1.0,0.0,0.1559367342392515,77.2827405262246,0.3638523798915868,20.977203534565977,0.0,1.1608623548922057,71.89144356624435,0,0.0,WILDFIRE,49.0,29.88596,78.80250000000001
14,7.977857142857142,15.25,344.62214285714293,367.0,3,4.0,3.037099691172952,0.75,0.8,3.5,0.2477025777159981,55.69256444289995,10.0,0.0,1.0,0.0,0.0074255587732976,81.24798891116556,0.0148511175465953,18.729734412514546,0.0,0.0,89.31992330253867,0,0.0,WILDFIRE,50.0,29.938823571428568,79.17455500000001
2,5.54,7.64,341.605,348.25,1,1.0,0.4236163184962098,1.0,0.2,2.0,0.7024364549686513,56.56091137421628,10.0,0.0,1.0,0.0,0.9891021085050936,63.69047619047619,0.1006870409855484,35.19604359156598,0.0236910684671878,0.0,80.9269334029968,0,0.0,WILDFIRE,51.0,30.00564,78.66486
3,2.703333333333333,3.76,328.8633333333333,345.77,1,1.0,0.6849493681660953,1.0,0.2,3.0,0.5934896436018154,55.83724109004539,10.0,0.0,1.0,0.0,1.505100758832102,70.18945675662094,0.1281471430725162,27.98884366048545,0.1809136137494346,0.0075380672395597,79.92178093314922,0,0.0,WILDFIRE,52.0,30.00812,78.53156000000001
9,2.2766666666666664,4.09,319.2522222222222,350.13,3,4.0,2.192237529563669,0.75,0.8,2.25,0.3132598970906419,54.83149742726605,10.0,0.0,1.0,0.0,0.2252419494566966,71.73584812257123,3.1608128511670506,24.87809707680503,0.0,0.0,86.08242209116086,0,0.0,WILDFIRE,53.0,30.01955666666667,78.81198333333334
2,2.095,2.58,332.49,333.57,2,3.0,0.8424013701133214,0.6666666666666666,0.6,0.6666666666666666,0.5427698959746716,49.90258073270011,10.0,0.0,1.0,0.0,1.0717556496126337,69.97846587955743,0.2598945570654192,28.689883913764515,0.0,0.0,83.03555992411334,0,0.0,WILDFIRE,54.0,30.03042,78.408365
2,2.9450000000000003,5.28,319.775,341.72,2,3.0,0.6947886592813011,0.6666666666666666,0.6,0.6666666666666666,0.590044070995887,51.08443510823051,10.0,0.0,1.0,0.0,0.6658251033390262,65.54293210564094,1.878666369644316,31.83089527486944,0.0074255587732976,0.0742555877329769,87.12693235413977,0,0.0,WILDFIRE,55.0,30.05066,78.729645
2,2.69,4.38,320.005,337.07,2,3.0,0.8413178573431699,0.6666666666666666,0.6,0.6666666666666666,0.5430892857591116,49.91056547731112,10.0,0.0,1.0,0.0,0.7475062498453008,78.3643969208683,0.0693052152174451,20.6999826736962,0.1163337541149971,0.0024751862577658,60.701831856152985,0,0.0,WILDFIRE,56.0,29.755740000000003,78.84193
3,1.66,3.97,311.86999999999995,336.09,2,3.0,1.0707891738860276,0.6666666666666666,0.6,1.0,0.4829076820618138,49.07269205154535,10.0,0.0,1.0,0.0,6.960223756837703,84.33207098834187,0.2227667631989307,8.418108462661815,0.0420781663820202,0.0247518625776589,57.90993009426532,0,0.0,WILDFIRE,57.0,29.794750000000004,78.66077333333332
3,3.63,6.96,328.17333333333335,352.6,2,2.0,0.4096655274504692,1.0,0.4,1.5,0.7093881353604545,60.73470338401137,10.0,0.0,1.0,0.0,0.9677978267864656,83.95336749090369,0.4356327813667978,14.643201900943046,0.0,0.0,74.17375454324174,0,0.0,WILDFIRE,58.0,29.800216666666667,79.16729
2,0.88,1.04,306.34000000000003,307.48,1,1.0,0.3678247924802492,1.0,0.2,2.0,0.7310877866065874,57.277194665164686,10.0,0.0,1.0,0.0,4.376129303730106,94.44320685131557,0.0396029801242543,1.1410608648300786,0.0,0.0,57.75874684426852,0,0.0,WILDFIRE,59.0,29.808925,78.51156
8,2.7675,10.0,311.2225,343.34,3,3.0,1.3466942842998475,1.0,0.6,2.6666666666666665,0.426131348548606,60.98661704704848,10.0,0.0,1.0,0.0,0.0643548427019133,93.2501670750724,0.0,6.685478082225687,0.0,0.0,90.42116879258523,0,0.0,WILDFIRE,60.0,29.9594325,79.10857125000001
5,1.5239999999999998,3.15,318.088,341.12,2,4.0,1.473753990892704,0.5,0.8,1.25,0.4042439157982438,47.60609789495609,10.0,0.0,1.0,0.0,0.2821712333853122,92.75512982351924,0.955421895497636,5.799361401945497,0.0,0.2079156456523353,76.8857113503786,0,0.0,WILDFIRE,61.0,29.961692,78.70202400000001
8,2.07625,2.93,311.81,322.29,1,1.0,1.1274246398313907,1.0,0.2,8.0,0.4700519027923147,62.75129756980786,10.0,0.0,1.0,0.0,1.4974876859483677,87.53001163337541,0.215341204425633,10.757159476250589,0.0,0.0,89.47427163167113,0,0.0,WILDFIRE,62.0,30.0797975,78.6898275
15,2.139333333333333,5.94,314.4573333333334,343.64,3,4.0,2.90002121560187,0.75,0.8,3.75,0.2564088615722248,56.41022153930562,10.0,0.0,1.0,0.0,0.0,98.02232618004506,0.0,1.4009554218954976,0.0049503725155317,0.52473948664637,51.93736375114965,0,0.0,WILDFIRE,63.0,29.612898666666663,79.07821
5,2.124,7.64,313.08000000000004,353.11,3,4.0,1.528811993105066,0.75,0.8,1.25,0.3954426041661265,54.88606510415317,10.0,0.0,1.0,0.0,16.110987351798222,81.90886364198906,0.1930645281057399,1.6707507239919803,0.0445533526397861,0.071780401475211,55.289275915626334,0,0.0,WILDFIRE,64.0,29.667472,78.88671400000001
3,9.546666666666669,10.08,346.6266666666667,367.0,1,1.0,0.6509743537636375,1.0,0.2,3.0,0.6057029279227467,56.14257319806867,30.0,0.0,0.0,0.0,0.5915695156060494,82.20588599292097,0.3787034974381822,16.8238409940348,0.0,0.0,72.43606137117932,0,0.0,WILDFIRE,65.0,29.79014,79.13892333333332
2,3.73,3.73,337.67,341.62,1,1.0,0.4446714568684226,1.0,0.2,2.0,0.6921989046337735,56.30497261584434,10.0,0.0,1.0,0.0,1.5618425286502808,63.09497289671048,0.8069107200316825,34.5115219920299,0.0,0.0247518625776589,84.19188512923708,0,0.0,WILDFIRE,66.0,29.958775,78.9229
3,7.760000000000001,10.62,343.52,352.11,2,2.0,0.9852438683899508,1.0,0.4,1.5,0.5037164531383282,55.59291132845821,10.0,0.0,1.0,0.0,0.0,95.10408158213906,0.0,4.895918417860944,0.0,0.0,101.6875939847078,0,0.0,WILDFIRE,67.0,30.04926333333333,79.19256
15,6.311333333333335,11.89,328.99133333333333,353.25,3,3.0,3.538800175680456,1.0,0.6,5.0,0.2203225436885597,60.50806359221399,10.0,0.0,1.0,0.0,0.0767307739907428,92.70810128462166,0.0,7.215167941387588,0.0,0.0,94.5102998398872,0,0.0,WILDFIRE,68.0,30.06400333333333,78.918548
2,7.959999999999999,8.36,339.565,339.61,1,1.0,0.3077090905623057,1.0,0.2,2.0,0.7646960682746398,58.11740170686599,10.0,0.0,1.0,0.0,5.420657904507315,84.8741367787926,0.0618796564441474,9.643325660255934,0.0,0.0,55.6002309372228,0,0.0,WILDFIRE,70.0,29.70681,78.832085
2,4.9,5.43,332.415,332.99,1,1.0,0.2708181231040164,1.0,0.2,2.0,0.7868946640117676,58.67236660029419,10.0,0.0,1.0,0.0,0.0915818915373381,72.5353332838296,0.3960298012425435,26.942402415781785,0.0,0.0346526076087225,67.30033521697301,0,0.0,WILDFIRE,71.0,29.79102,78.90504999999999
4,4.445,7.09,341.25750000000005,349.72,1,1.0,1.905369419308727,1.0,0.2,4.0,0.344190309622633,51.60475774056582,10.0,0.0,1.0,0.0,0.1955397143635058,94.65607286948344,0.0148511175465953,5.121160367317641,0.0123759312888294,0.0,61.86495385281288,0,0.0,WILDFIRE,72.0,29.84554,78.5374575
5,7.095999999999999,9.36,339.47,348.16,1,1.0,0.5591594671548576,1.0,0.2,5.0,0.6413712138276608,61.03428034569151,10.0,0.0,1.0,0.0,0.0990074503106358,81.36432266528057,0.1534615479814856,18.370832405138486,0.0123759312888294,0.0,69.42535716298437,0,0.0,WILDFIRE,73.0,29.87253,78.77246
2,14.364999999999998,18.11,351.645,367.0,1,1.0,0.6288018281772727,1.0,0.2,2.0,0.6139482303498273,54.34870575874569,10.0,0.0,1.0,0.0,0.8118610925472142,71.8472315041707,0.5544417217395609,26.78399049528477,0.0,0.0024751862577658,82.60232063673173,0,0.0,WILDFIRE,74.0,29.896875,79.011255
2,3.195,3.63,337.8,340.19,1,1.0,0.2489245767411229,1.0,0.2,2.0,0.8006888635415811,59.01722158853953,10.0,0.0,1.0,0.0,21.39551001212841,56.21395510012128,0.9331452191777432,20.578698547065667,0.8786911215068934,0.0,70.94866248072071,0,0.0,WILDFIRE,75.0,29.926195,78.46768
4,2.585,5.16,314.65500000000003,333.49,1,1.0,1.086660602927895,1.0,0.2,4.0,0.479234619466554,54.98086548666385,10.0,0.0,1.0,0.0,0.0,97.03472686319644,0.0,2.9652731368035443,0.0,0.0,83.48347971976307,0,0.0,WILDFIRE,76.0,29.9421775,78.9424325
2,15.865,18.0,352.425,353.18,1,1.0,0.304484662725086,1.0,0.2,2.0,0.7665862455684122,58.1646561392103,30.0,0.0,0.0,0.0,1.2400683151407144,72.04524640479197,0.2574193708076533,26.405286997846588,0.0519789114130838,0.0,75.40246382834968,0,0.0,WILDFIRE,77.0,29.967295,78.4918
3,3.323333333333333,3.46,337.1466666666667,341.07,1,1.0,1.0865285073833284,1.0,0.2,3.0,0.4792649592188313,52.98162398047078,10.0,0.0,1.0,0.0,1.875,62.83893034825871,0.5472636815920399,34.7294776119403,0.0093283582089552,0.0,79.56525441770698,0,0.0,WILDFIRE,78.0,29.99504333333333,78.37841
7,4.332857142857143,7.15,328.87428571428575,351.79,1,1.0,2.1659339347156688,1.0,0.2,7.0,0.3158625608180322,56.8965640204508,10.0,0.0,1.0,0.0,0.168312665528081,79.75545159773273,0.0297022350931907,20.0391079428727,0.0,0.0074255587732976,82.0551838838533,0,0.0,WILDFIRE,79.0,30.02743285714286,78.51186428571428
2,1.3,2.27,313.58500000000004,330.23,1,1.0,1.0992308882105986,1.0,0.2,2.0,0.4763649418537319,50.9091235463433,10.0,0.0,1.0,0.0,2.749931932377911,79.01289572040297,0.0742555877329769,18.16291675948615,0.0,0.0,95.88651132278358,0,0.0,WILDFIRE,80.0,30.05877,78.96408
3,7.536666666666666,9.51,339.29,343.63,1,1.0,0.4794760519134622,1.0,0.2,3.0,0.6759149623994672,57.89787405998668,30.0,0.0,0.0,0.0,0.9851241305908268,70.04282072225935,0.190589341847974,28.78146580530185,0.0,0.0,68.95119588529595,0,0.0,WILDFIRE,81.0,29.78336333333333,78.9466
2,6.23,6.69,339.245,342.87,1,1.0,0.2837210703575399,1.0,0.2,2.0,0.778985422215966,58.47463555539916,30.0,0.0,0.0,0.0,0.5692928392861563,53.45907279522783,0.3242493997673324,45.62263310314101,0.0,0.0247518625776589,64.48604132136862,0,0.0,WILDFIRE,82.0,29.79898,78.83406
4,7.225,7.4,344.27750000000003,349.79,1,1.0,0.5322616557559646,1.0,0.2,4.0,0.6526300493414323,59.315751233535806,10.0,0.0,1.0,0.0,2.1459864854830326,55.49367589911141,0.0915818915373381,42.11281898962897,0.1410856166926561,0.0148511175465953,64.030965878774,0,0.0,WILDFIRE,83.0,29.8607275,78.431925
5,12.448,21.76,331.96400000000006,367.0,1,1.0,1.206282839215978,1.0,0.2,5.0,0.4532510438939727,56.33127609734932,10.0,0.0,1.0,0.0,1.1856142174698647,84.10187866636964,0.2425682532610579,14.467463676641668,0.0,0.0024751862577658,80.22091609833431,0,0.0,WILDFIRE,84.0,29.871036,79.072708
2,8.925,10.6,345.115,352.98,1,1.0,0.547584259460634,1.0,0.2,2.0,0.6461683710510995,55.15420927627749,10.0,0.0,1.0,0.0,0.2004900868790376,97.13620949976486,0.0,2.616271874458553,0.0123759312888294,0.0346526076087225,65.3302611727974,0,0.0,WILDFIRE,85.0,29.86957,78.40829
2,9.635,11.28,340.795,343.61,1,1.0,0.3575688652878035,1.0,0.2,2.0,0.7366108825632214,57.41527206408053,10.0,0.0,1.0,0.0,3.17318878245588,71.68881958367366,0.4059305462736071,24.70235885250365,0.0024751862577658,0.0272270488354248,67.59303864753394,0,0.0,WILDFIRE,86.0,29.88737,78.64193
4,8.2375,12.49,334.93499999999995,342.8,1,1.0,0.8754886919362853,1.0,0.2,4.0,0.5331943638474212,56.32985909618553,10.0,0.0,1.0,0.0,2.4925125615702584,68.31761590059652,0.4950372515531794,26.96220390584391,0.0,1.613821440063365,73.54748459314038,0,0.0,WILDFIRE,87.0,29.896665,78.81733249999999
4,4.3275,6.39,324.6375,334.18,2,2.0,0.8004460707650879,1.0,0.4,2.0,0.5554179135035444,57.88544783758862,10.0,0.0,1.0,0.0,1.5692680874235785,89.77500556916908,1.3316502066780525,6.47261206405782,0.0,0.8514640726714685,74.19305438166167,0,0.0,WILDFIRE,88.0,29.9311025,78.726275
10,2.7190000000000003,9.27,315.46200000000005,349.74,2,2.0,1.9807878402264232,1.0,0.4,5.0,0.3354817764970616,58.38704441242653,10.0,0.0,1.0,0.0,1.1806638449543327,84.40137620355932,0.0767307739907428,14.341229177495606,0.0,0.0,71.7916850403376,0,0.0,WILDFIRE,89.0,29.929486999999995,78.61364
2,4.75,4.9,337.725,337.8,1,1.0,0.261451937854496,1.0,0.2,2.0,0.7927372973882946,58.81843243470737,30.0,0.0,0.0,0.0,2.1682631618029258,74.97339174772901,0.4059305462736071,22.435088240390087,0.0173263038043612,0.0,72.48012880915095,0,0.0,WILDFIRE,90.0,29.939725,78.463025
2,6.595000000000001,6.87,331.32,332.45,1,1.0,0.4619076445415604,1.0,0.2,2.0,0.6840377391374747,56.10094347843687,10.0,0.0,1.0,0.0,0.0099007450310635,96.34414989727978,0.0148511175465953,3.631098240142571,0.0,0.0,75.54142631920402,0,0.0,WILDFIRE,91.0,29.963345,78.614985
2,7.15,7.19,334.26,334.58,1,1.0,0.166152990378412,1.0,0.2,2.0,0.8575204182047366,60.438010455118416,10.0,0.0,1.0,0.0,0.0272270488354248,76.3025667681493,0.0,23.667730996757506,0.0024751862577658,0.0,86.92289138507722,0,0.0,WILDFIRE,92.0,29.971455,78.95521500000001
2,3.995,4.24,330.63,331.15,1,1.0,0.3251550954013305,1.0,0.2,2.0,0.7546286494843417,57.86571623710854,30.0,0.0,0.0,0.0,1.6113462538055987,63.86723100913344,0.2029652731368035,34.261528179995544,0.0445533526397861,0.0123759312888294,77.87804645531165,0,0.0,WILDFIRE,93.0,29.989715,78.53277499999999
2,9.25,14.32,342.945,345.51,1,1.0,0.3368165625789842,1.0,0.2,2.0,0.7480457887735935,57.70114471933984,10.0,0.0,1.0,0.0,1.947971584861761,39.64753347689414,1.2945224128115642,57.10749733917477,0.0,0.0024751862577658,90.3765373686058,0,0.0,WILDFIRE,94.0,30.056325,78.82568
19,4.341052631578948,9.95,331.7057894736842,367.0,2,2.0,2.6577115589249947,1.0,0.4,9.5,0.2733949858785204,65.83487464696302,10.0,0.0,1.0,0.0,2.2499443083092,95.3837776292666,0.7029528972055148,1.0618549045815695,0.0024751862577658,0.5989950743793471,45.74979953838816,0,0.0,WILDFIRE,96.0,29.551213684210527,79.10009947368421
2,6.07,6.61,330.83,332.08,1,1.0,0.1979907407670792,1.0,0.2,2.0,0.8347309924613401,59.8682748115335,10.0,0.0,1.0,0.0,1.3044231578426275,71.73584812257123,0.6286973094725378,25.93005123635553,0.0,0.2722704883542486,84.45677196114626,0,0.0,WILDFIRE,97.0,29.91288,79.02661
5,1.114,1.57,307.012,315.86,1,1.0,1.443300905006402,1.0,0.2,5.0,0.4092823761293453,55.23205940323363,10.0,0.0,1.0,0.0,0.6583995445657286,82.03262295487735,0.0767307739907428,17.22977154030841,0.0024751862577658,0.0,75.92717770796756,0,0.0,WILDFIRE,98.0,29.971524,78.553746
8,2.4375,5.98,317.8375,342.5,2,2.0,1.587316300352387,1.0,0.4,4.0,0.3865008695936411,57.66252173984103,10.0,0.0,1.0,0.0,0.9727481993019976,72.35711987327046,0.745031063587535,25.925100863840004,0.0,0.0,87.14646257150982,0,0.0,WILDFIRE,99.0,30.05610875,78.7030975
3,9.76,18.22,334.0133333333333,353.76,2,2.0,1.0468926702760102,1.0,0.4,1.5,0.4885454008026499,55.213635020066256,10.0,0.0,1.0,0.0,0.2722704883542486,88.90621519269325,0.3415757035716937,10.470037870349744,0.0,0.0099007450310635,61.69122849374286,0,0.0,WILDFIRE,101.0,29.708416666666665,78.93381
2,0.22,0.25,299.345,299.56,1,1.0,0.4985151671449943,1.0,0.2,2.0,0.6673272462802116,55.68318115700529,10.0,0.0,1.0,0.0,1.0395782282616768,55.79564862255884,0.7821588574540234,42.37766391920992,0.0049503725155317,0.0,66.22190963422092,0,0.0,WILDFIRE,102.0,29.793285,78.880675
6,2.578333333333333,3.88,325.29,351.93,2,2.0,1.5521659360442568,1.0,0.4,3.0,0.3918240526123295,55.79560131530824,10.0,0.0,1.0,0.0,0.2326675082299943,94.6733991732878,0.0024751862577658,5.041954407069132,0.0495037251553179,0.0,56.93959490895835,0,0.0,WILDFIRE,103.0,29.798123333333333,78.58377833333333
4,3.435,5.79,325.27750000000003,345.22,2,2.0,1.1247209142950625,1.0,0.4,2.0,0.470650047859005,55.76625119647514,10.0,0.0,1.0,0.0,0.118808940372763,98.07182990520036,0.0915818915373381,1.7177792628895323,0.0,0.0,61.37575261153628,0,0.0,WILDFIRE,104.0,29.835455,78.6089925
9,3.9922222222222215,9.45,328.3833333333334,367.0,2,2.0,1.7723574907474131,1.0,0.4,4.5,0.3607038426095637,58.0175960652391,10.0,0.0,1.0,0.0,0.1955397143635058,85.66867156753545,0.0,14.135788718101036,0.0,0.0,73.4408866777848,0,0.0,WILDFIRE,105.0,29.86754888888889,78.8829788888889
3,0.71,1.13,309.05333333333334,314.68,1,1.0,0.3319080178619556,1.0,0.2,3.0,0.7508025979190736,59.770064947976834,10.0,0.0,1.0,0.0,6.217667879507933,85.16125838469345,0.1014826365684017,8.440385138981709,0.0742555877329769,0.0049503725155317,70.09188385941815,0,0.0,WILDFIRE,106.0,29.91528333333333,78.42847666666667
3,1.7700000000000002,2.91,314.18,320.22,1,1.0,0.5983404754260007,1.0,0.2,3.0,0.6256489248534316,56.64122312133579,10.0,0.0,1.0,0.0,1.081656394643697,93.25264226133017,0.0,5.655800598995074,0.0074255587732976,0.0024751862577658,71.9356191032094,0,0.0,WILDFIRE,107.0,29.92344,78.36722333333333
5,2.116,6.74,310.936,340.98,2,2.0,1.413518987314433,1.0,0.4,2.5,0.4143327669084213,55.35831917271054,10.0,0.0,1.0,0.0,0.8712655627335957,86.53498675775352,0.1064330090839335,12.48731467042895,0.0,0.0,85.26231312941881,0,0.0,WILDFIRE,108.0,29.952022,78.959668
2,0.74,0.75,302.345,304.49,2,2.0,0.70388256792637,1.0,0.4,1.0,0.5868949062710366,56.67237265677591,30.0,0.0,0.0,0.0,0.6336476819880696,80.09207692878888,0.168312665528081,19.10596272369496,0.0,0.0,89.66924947990023,0,0.0,WILDFIRE,109.0,29.98266,78.98974
13,5.576153846153845,16.75,326.5369230769232,367.0,2,2.0,2.333671749048406,1.0,0.4,6.5,0.2999695456775099,60.499238641937744,10.0,0.0,1.0,0.0,0.0280853795538436,81.98523511474883,0.008024394158241,17.97865511153908,0.0,0.0,86.949897769844,0,0.0,WILDFIRE,110.0,30.001980769230777,78.88636615384615
2,0.95,1.08,305.065,305.26,1,1.0,0.2885372619168976,1.0,0.2,2.0,0.776073792784499,58.40184481961248,10.0,0.0,1.0,0.0,1.5296651072993244,81.94846662211332,0.5024628103264771,13.026905274621916,0.0024751862577658,0.7895844162273211,84.9777458352151,0,0.0,WILDFIRE,111.0,30.053705,78.521675
13,6.703846153846154,13.44,338.62538461538463,367.0,2,2.0,1.8383048128918764,1.0,0.4,6.5,0.3523229765379306,61.80807441344827,10.0,0.0,1.0,0.0,0.1064330090839335,81.56976312467513,0.601470260637113,13.48233954605084,0.0,3.997425806291924,87.45654535801123,0,0.0,WILDFIRE,112.0,30.07601461538461,78.51416153846154
2,1.355,1.42,322.415,339.92,2,2.0,0.6335823792920869,1.0,0.4,1.0,0.6121515588539527,57.30378897134882,10.0,0.0,1.0,0.0,1.705403331600703,75.71099725254325,0.8093859062894483,21.7742135095666,0.0,0.0,93.63817566958186,0,0.0,WILDFIRE,113.0,30.09756,78.78846999999999
2,13.385000000000002,14.81,358.28,367.0,1,1.0,0.1936744707887471,1.0,0.2,2.0,0.8377493399345531,59.94373349836383,10.0,0.0,1.0,0.0,0.2202915769411648,64.3127645355313,0.4504838989133932,35.011509616098614,0.0049503725155317,0.0,57.855066095742565,0,0.0,WILDFIRE,114.0,29.67038,79.053655
4,12.0125,24.2,342.545,367.0,1,1.0,0.9652900284995216,1.0,0.2,4.0,0.5088307504228725,55.720768760571815,10.0,0.0,1.0,0.0,0.6831514071433875,85.06967649315611,0.047028538897552,14.20014356080295,0.0,0.0,72.78422602062342,0,0.0,WILDFIRE,115.0,29.801395,79.09042500000001
8,2.16625,9.19,316.97125,342.04,1,1.0,2.3968186878099846,1.0,0.2,8.0,0.2943931048155901,58.35982762038976,10.0,0.0,1.0,0.0,0.1608871067547833,89.839360411871,0.190589341847974,9.809163139526248,0.0,0.0,84.65093228135794,0,0.0,WILDFIRE,116.0,30.0237925,78.7468075
2,2.445,3.42,339.165,345.48,1,1.0,0.6530890176147536,1.0,0.2,2.0,0.6049281008731777,54.12320252182945,10.0,0.0,1.0,0.0,0.0,100.0,0.0,0.0,0.0,0.0,20.84243710924006,0,0.0,WILDFIRE,117.0,29.46631,78.58700999999999
2,3.005,4.53,342.915,352.85,1,1.0,0.2553925392331612,1.0,0.2,2.0,0.7965635996298304,58.914089990745765,10.0,0.0,1.0,0.0,0.8366129551248731,89.71807628524047,0.0148511175465953,9.430459642088069,0.0,0.0,59.11579059763871,0,0.0,WILDFIRE,118.0,29.75695,78.806635
3,2.783333333333333,2.88,336.53,340.2,1,1.0,0.5565281640870892,1.0,0.2,3.0,0.6424554486532562,57.0613862163314,10.0,0.0,1.0,0.0,3.00982648944333,75.54515977327294,0.4257320363357342,20.922749436895128,0.0965322640528699,0.0,59.330250285198325,0,0.0,WILDFIRE,119.0,29.82306,78.51189
3,7.246666666666667,14.17,336.71,367.0,1,1.0,0.5206967568978579,1.0,0.2,3.0,0.657593300876072,57.4398325219018,10.0,0.0,1.0,0.0,0.7054280834632806,59.3920942550927,0.9975000618796565,38.21192544738992,0.0,0.6658251033390262,77.6111763047616,0,0.0,WILDFIRE,120.0,29.850620000000003,79.03582333333334
4,2.58,4.98,322.4375,342.34,1,1.0,0.6218761668437548,1.0,0.2,4.0,0.616569883967187,58.41424709917968,10.0,0.0,1.0,0.0,1.801935595653573,70.87448330486869,0.0198014900621271,26.957253533328384,0.0,0.3465260760872256,71.94395826595412,0,0.0,WILDFIRE,121.0,29.8971525,78.77114750000001
2,1.53,1.53,337.3,339.22,1,1.0,0.266888908990064,1.0,0.2,2.0,0.7893351918260757,58.7333797956519,10.0,0.0,1.0,0.0,0.2079156456523353,88.72552659587633,0.2450434395188238,10.8215143189525,0.0,0.0,78.12480090764474,0,0.0,WILDFIRE,122.0,29.968635,78.72272000000001
2,5.64,5.64,359.87,367.0,1,1.0,0.3635787988612196,1.0,0.2,2.0,0.7333642916970702,57.334107292426765,10.0,0.0,1.0,0.0,1.0420534145194429,64.8647310710131,0.8217618375782778,33.2046236479295,0.0,0.0668300289596792,80.43102414657454,0,0.0,WILDFIRE,123.0,29.981665,78.75726
3,7.286666666666666,8.32,350.53000000000003,367.0,1,1.0,0.6466973098535397,1.0,0.2,3.0,0.6072761484555663,56.18190371138916,30.0,0.0,0.0,0.0,1.6658003514764486,62.86973094725378,0.5148387416153066,34.949629959654466,0.0,0.0,85.13931190461265,0,0.0,WILDFIRE,124.0,30.01709666666667,78.79
3,2.013333333333333,2.07,329.24666666666667,337.22,1,1.0,1.1506694060463476,1.0,0.2,3.0,0.4649715094233547,52.62428773558386,10.0,0.0,1.0,0.0,0.2722704883542486,94.0768792851662,0.0915818915373381,5.546892403653375,0.0123759312888294,0.0,81.90202012934168,0,0.0,WILDFIRE,125.0,30.02471,78.46425666666666
2,3.12,3.12,344.95500000000004,347.85,1,1.0,0.7164644762921044,1.0,0.2,2.0,0.5825928901017478,53.5648222525437,10.0,0.0,1.0,0.0,0.0371277938664884,88.47305759758422,0.1534615479814856,11.326452315536743,0.0099007450310635,0.0,82.21143187442851,0,0.0,WILDFIRE,126.0,30.028555,78.539435
3,2.13,2.37,321.49,335.1,1,1.0,0.6989338933585041,1.0,0.2,3.0,0.5886044206365026,55.71511051591256,10.0,0.0,1.0,0.0,0.6435484270191332,92.6115690205688,0.1064330090839335,6.539442093017501,0.0742555877329769,0.0247518625776589,85.59356041732768,0,0.0,WILDFIRE,127.0,30.04580333333333,78.35066666666667
2,2.48,2.68,328.62,346.41,1,1.0,0.3818738127658484,1.0,0.2,2.0,0.7236550767240315,57.09137691810079,10.0,0.0,1.0,0.0,0.5197891141308384,98.75745649860151,0.4009801737580752,0.3093982822207371,0.0,0.0123759312888294,90.80057365309077,0,0.0,WILDFIRE,128.0,30.096855,78.37463
3,1.0566666666666666,1.44,310.62666666666667,316.25,1,1.0,0.8563482445757894,1.0,0.2,3.0,0.5386920277065357,54.467300692663386,10.0,0.0,1.0,0.0,3.032103165763224,93.43333085814707,0.8613648177025321,2.457859953961536,0.1386104304348902,0.0767307739907428,59.38347859598033,0,0.0,WILDFIRE,129.0,29.815313333333336,78.62299666666667
3,1.7,1.7,315.65333333333336,324.2,1,1.0,0.5967105352282356,1.0,0.2,3.0,0.6262875943616536,56.65718985904134,10.0,0.0,1.0,0.0,0.3514764486027574,65.63203881092052,0.5098883690997748,33.50659637137694,0.0,0.0,73.52225511952489,0,0.0,WILDFIRE,130.0,29.88463333333333,78.84690666666667
5,1.268,1.8,312.724,329.29,1,1.0,1.3110796429077358,1.0,0.2,5.0,0.4326981993324245,55.81745498331061,10.0,0.0,1.0,0.0,0.4504838989133932,82.61429172545233,0.2524689982921215,16.499591594267468,0.0,0.1831637830746763,69.87105747232164,0,0.0,WILDFIRE,131.0,29.89194,78.72102600000001
2,0.98,0.98,307.315,311.71,1,1.0,0.3796466326933747,1.0,0.2,2.0,0.7248232817759859,57.12058204439965,10.0,0.0,1.0,0.0,0.720279201009876,57.71639315858519,1.2549194326873097,40.26137966882008,0.0,0.047028538897552,72.19902717982744,0,0.0,WILDFIRE,132.0,29.909,78.73924
6,2.7216666666666662,4.86,318.37833333333333,350.58,1,1.0,1.3263138306342437,1.0,0.2,6.0,0.4298646153547396,57.746615383868495,10.0,0.0,1.0,0.0,1.8341130170045297,71.33239276255539,0.2524689982921215,26.581025222147968,0.0,0.0,83.51051049278186,0,0.0,WILDFIRE,133.0,29.926279999999995,78.973595
2,1.99,2.78,312.495,326.07,1,1.0,0.3571852136281696,1.0,0.2,2.0,0.7368191091079568,57.42047772769891,10.0,0.0,1.0,0.0,1.5742184599391105,79.0822009356204,0.1163337541149971,18.945075616940173,0.0,0.2178163906833989,87.70995373632871,0,0.0,WILDFIRE,134.0,29.941405000000003,79.04031499999999
2,1.41,1.41,308.92,319.04,1,1.0,0.4607905974237732,1.0,0.2,2.0,0.6845608136878646,56.11402034219661,30.0,0.0,0.0,0.0,0.7722581124229598,68.9289869062647,0.4108809187891389,29.88539887626544,0.0,0.0024751862577658,92.2040487700046,0,0.0,WILDFIRE,135.0,30.04026,78.92077499999999
2,1.13,1.21,305.685,306.66,1,1.0,0.166030310687101,1.0,0.2,2.0,0.8576106391357312,60.440265978393285,10.0,0.0,1.0,0.0,0.0519789114130838,98.46538452018514,0.0618796564441474,1.418281725699859,0.0024751862577658,0.0,87.04171605184881,0,0.0,WILDFIRE,136.0,30.0672,78.61813000000001
3,1.1833333333333331,1.37,309.43666666666667,320.14,1,1.0,0.6488703957893273,1.0,0.2,3.0,0.6064758046197392,56.16189511549348,10.0,0.0,1.0,0.0,1.1014578847058245,77.60451473973417,1.037103042003911,20.00198014900621,0.0396029801242543,0.2128660181678671,97.03761431027124,0,0.0,WILDFIRE,137.0,30.097710000000003,78.89456000000001
328,2.704939024390244,24.57,313.62393292682924,367.0,79,90.0,1.4653789631932634,0.8777777777777778,1.0,3.644444444444445,0.4056171545751967,72.5580195163412,50.0,0.0,0.0,1.0,0.8811663077646593,15.239721789064628,77.87678522808842,0.3415757035716937,0.0,5.60382168758199,2.777482090640419,1,560.0,INDUSTRIAL,0.0,21.189930914634147,81.39767682926829
16,0.814375,1.47,302.718125,310.83,15,80.0,0.1390370203325742,0.1875,1.0,0.2,0.8779345904912043,70.74238361964817,50.0,0.0,0.0,1.0,14.74963491002698,21.94005098883691,52.23385559763373,9.180465830053713,0.0,1.68312665528081,7.380792814101335,1,560.0,INDUSTRIAL,1.0,21.240005625,81.38548374999999
6,1.215,1.85,305.46166666666664,311.34,2,57.0,0.2684593588347654,0.0350877192982456,0.4,0.1052631578947368,0.7883579343989562,44.586948954905615,80.0,0.0,0.0,0.0,18.57132249201753,7.170614588747803,16.841167297839164,35.385262741021265,0.2945471646741417,3.054379842083117,7.483599425708549,1,560.0,INDUSTRIAL,2.0,21.14407833333333,81.36559833333332
3,1.6666666666666667,1.93,339.5933333333333,343.14,1,1.0,0.2442651536082489,1.0,0.2,3.0,0.8036872181946881,68.14748872778753,40.0,1.0,0.0,0.0,62.73359570307666,25.04888492859088,6.499839112893245,2.7177545110269548,0.0,0.2351426944877602,1.68138469602224,1,560.0,INDUSTRIAL,3.0,21.169596666666667,81.41876333333333
226,2.588716814159292,31.24,315.85783185840705,367.0,72,90.0,0.4104889005279251,0.8,1.0,2.511111111111111,0.7089740299450176,82.35896119780071,40.0,0.0,0.0,0.0,0.0,0.0,0.0,0.0,0.0,0.0,1.5280073939958745,2,900.0,INDUSTRIAL,0.0,22.055565840707967,88.12360314159294
8,0.81,1.58,304.91375000000005,315.36,7,61.0,0.2273042927839968,0.1147540983606557,1.0,0.1311475409836065,0.8147938582791204,66.03437728198449,40.0,0.0,0.0,0.0,0.0,0.0,0.0,0.0,0.0,0.0,1.9307729556208104,2,900.0,INDUSTRIAL,1.0,22.09000875,88.11081125000001
502,2.1640239043824705,13.81,310.5159362549801,345.55,74,89.0,0.6376782928519258,0.8314606741573034,1.0,5.640449438202247,0.6106205378460232,79.36864173856003,60.0,0.0,0.0,0.0,0.0024751862577658,3.4949629959654462,89.29729462142026,0.0321774213509566,0.0,7.096359001014826,0.4911658250697929,3,667.5,INDUSTRIAL,0.0,22.79118565737052,86.20249802788844
7,0.7271428571428571,2.57,302.90142857142854,338.33,6,65.0,0.3377522692096781,0.0923076923076923,1.0,0.1076923076923077,0.7475225593082219,62.670133141559646,30.0,0.0,0.0,0.0,47.27110715081309,26.343407341402443,8.700279696047128,16.363456350090345,0.0,0.816811465062746,7.76906855634315,2,630.0,INDUSTRIAL,1.0,22.77756,86.12505714285714
188,1.893563829787234,7.8,312.2153723404256,345.56,63,87.0,0.907113345784502,0.7241379310344828,1.0,2.160919540229885,0.5243526831849862,72.69824525843393,60.0,0.0,0.0,0.0,3.069230959629712,4.710279448528501,1.680651469023044,11.890794782307369,0.0,67.42159847528526,7.972254593613628,3,363.0,INDUSTRIAL,0.0,22.328107819148936,82.59591175531915
38,1.3010526315789472,3.57,305.38473684210527,332.55,25,55.0,0.2208642070066022,0.4545454545454545,1.0,0.6909090909090909,0.8190919139581198,76.40004019468843,60.0,0.0,0.0,0.0,10.435385262741022,3.801886091928418,3.212791762580134,28.271577436202072,0.0074255587732976,50.62250934382813,6.14822265077296,4,7030.0,INDUSTRIAL,1.0,22.31499105263158,82.73825631578947
291,1.8837457044673545,5.52,311.511030927835,340.33,79,90.0,0.4844240576005858,0.8777777777777778,1.0,3.2333333333333334,0.6736619464497187,83.27981119132207,60.0,0.0,0.0,0.0,16.212469988366625,0.5816687705749858,0.8786911215068934,12.380881661345017,0.0,59.67426548847801,7.019809210068541,3,5760.0,INDUSTRIAL,2.0,22.329343505154643,82.65513869415808
65,1.0481538461538462,2.14,305.03,316.65,49,88.0,0.2092520643057497,0.5568181818181818,1.0,0.7386363636363636,0.826957447101085,79.78284333858886,60.0,0.0,0.0,0.0,9.764609786886464,25.761738570827458,4.272171480903938,39.37278780228212,0.0,17.81391549714116,5.95855404843589,5,9690.0,INDUSTRIAL,3.0,22.326838,82.68514507692308
2,2.325,3.07,333.145,335.37,2,33.0,0.4276954153327013,0.0606060606060606,0.4,0.0606060606060606,0.7004295098664067,41.835362212838085,40.0,1.0,0.0,0.0,87.00279696047127,1.6658003514764486,1.68312665528081,7.10625974604589,0.0,0.7029528972055148,6.104845528614515,1,63.0,INDUSTRIAL,4.0,22.29997,82.58411
4,4.0575,6.0,336.90000000000003,340.98,3,24.0,0.3584019671932474,0.125,0.6,0.1666666666666666,0.7361591223739292,51.19636489495717,40.0,1.0,0.0,0.0,63.9934655082795,10.724982054899632,9.123536546125097,15.08626024108314,0.0173263038043612,0.3341501447983961,3.212764699944617,4,7770.0,INDUSTRIAL,5.0,22.4030275,82.65267499999999
3,2.713333333333334,4.26,334.75666666666666,340.69,2,38.0,0.4283714844834767,0.0526315789473684,0.4,0.0789473684210526,0.7000979863173458,41.58286682111488,40.0,1.0,0.0,0.0,67.03051904655825,4.47018638152521,0.0668300289596792,27.70475978317368,0.0272270488354248,0.670775475854558,2.8280379107113807,4,470.0,INDUSTRIAL,6.0,22.47344333333333,82.58508333333333
2,4.385,5.17,333.02,335.89,1,1.0,0.2206255875377945,1.0,0.2,2.0,0.8192520378154343,68.77008151261737,60.0,0.0,0.0,0.0,33.47194376376822,21.677681245513725,0.7549318086185985,26.17014430335883,0.6806762208856216,12.8684933541249,7.485019068537938,2,2510.0,INDUSTRIAL,7.0,22.323855,82.776745
2,3.95,3.95,335.02,337.45,1,1.0,0.2186419338325181,1.0,0.2,2.0,0.8205855815703722,68.82342326281488,40.0,1.0,0.0,0.0,75.10952699190614,7.222593500160887,1.5890695774857058,15.450112620974728,0.0123759312888294,0.576718398059454,6.897453440800292,1,63.0,INDUSTRIAL,8.0,22.285075,82.59201999999999
2,1.77,2.07,332.6,332.66,2,11.0,0.1854500663259577,0.1818181818181818,0.4,0.1818181818181818,0.8435614695263214,51.19700423559831,40.0,1.0,0.0,0.0,80.05494913492241,4.331575951090319,2.546966659241108,10.294299646048364,0.0,2.0791564565233536,6.612349795227725,2,2420.0,INDUSTRIAL,9.0,22.29039,82.68258
3,2.5766666666666667,3.55,333.3866666666667,335.49,1,1.0,0.2521717161871832,1.0,0.2,3.0,0.7986125122239329,67.94450048895732,10.0,0.0,1.0,0.0,15.992178411425458,30.02895967921586,18.209945298383705,34.16499591594268,0.3267245860250984,1.128684933541249,0.9650424608629184,4,7770.0,INDUSTRIAL,10.0,22.38455,82.74559
2,3.185,4.26,334.485,337.83,2,33.0,0.4623946460524338,0.0606060606060606,0.4,0.0606060606060606,0.6838099433004524,41.17057955019992,30.0,0.0,0.0,0.0,35.848122571223485,4.532066037969358,3.00982648944333,48.95670899235167,1.5717432736813444,5.277097101556892,4.887985354744962,4,5430.0,INDUSTRIAL,11.0,22.45067,82.65853
2,5.585,7.12,346.125,347.04,2,29.0,0.5508526716895046,0.0689655172413793,0.4,0.0689655172413793,0.644806575282613,39.8612285285459,30.0,0.0,0.0,0.0,34.85062250934383,24.380584638994087,0.408405732531373,26.0488601767283,0.6757258483700899,9.660651964060296,5.905233980844345,4,5430.0,INDUSTRIAL,12.0,22.464985,82.67317
8,4.577500000000001,8.15,341.22125,350.2,4,13.0,0.903465690455368,0.3076923076923077,0.8,0.6153846153846154,0.5253575123598728,54.24506972516414,30.0,0.0,0.0,0.0,22.07371104675627,34.11301700452959,1.056904532066038,40.23662780624242,2.299448033464518,0.1980149006212717,6.536594790530582,3,7270.0,INDUSTRIAL,13.0,22.4649325,82.71102125
2,4.795,5.48,342.185,348.0,1,1.0,0.1973582741428344,1.0,0.2,2.0,0.8351719126974595,69.40687650789837,10.0,0.0,1.0,0.0,45.59293086804782,16.14811514566471,6.9899259919308925,30.449741343036063,0.7277047597831737,0.0915818915373381,3.2795064163405065,4,7770.0,INDUSTRIAL,14.0,22.41435,82.71403000000001
5,5.177999999999999,6.34,340.272,344.22,2,7.0,0.4500707792437951,0.2857142857142857,0.4,0.7142857142857143,0.6896215097317493,48.15628896069854,30.0,0.0,0.0,0.0,45.79837132744239,8.002277171357145,0.2326675082299943,30.278953491250217,0.0,11.989802232618004,4.628760895840088,6,5730.0,INDUSTRIAL,15.0,22.449124,82.61586
2,4.18,4.46,337.025,339.56,2,6.0,0.4086987206001198,0.3333333333333333,0.4,0.3333333333333333,0.7098749969574686,50.39499987829875,30.0,0.0,0.0,0.0,36.0213856092671,17.459963862280638,0.1732630380436128,33.6625331056162,12.45018687656246,0.2326675082299943,5.011718932459776,4,7770.0,INDUSTRIAL,16.0,22.436625,82.73130499999999
3,2.853333333333333,3.76,340.65333333333336,345.39,2,7.0,0.4955719391807747,0.2857142857142857,0.4,0.4285714285714285,0.6686405205942599,47.31704939519896,30.0,0.0,0.0,0.0,41.5955050617559,3.4306081532635333,8.880968292864038,42.84794930818544,0.695527338432217,2.50983886537462,5.727332952322972,4,5430.0,INDUSTRIAL,17.0,22.45024,82.64422333333333
18,5.181111111111111,7.69,332.4061111111112,344.86,4,4.0,0.4423360652636269,1.0,0.1333333333333333,4.5,0.6933196944064642,74.61639388812928,50.0,0.0,0.0,1.0,0.0,0.0,70.0,10.0,5.0,15.0,0.0,1,100.0,INDUSTRIAL,0.0,51.812597777777775,52.54968777777778
17,3.751176470588235,6.06,323.8105882352941,367.0,4,4.0,0.7097487967918821,1.0,0.1333333333333333,4.25,0.5848812421312231,71.57262484262446,50.0,0.0,0.0,1.0,0.0,0.0,70.0,10.0,5.0,15.0,0.0,1,100.0,INDUSTRIAL,1.0,52.22789705882354,54.12148647058823
6,1.5016666666666667,2.31,309.7166666666667,332.03,3,3.0,0.2332915624224031,1.0,0.1,2.0,0.8108382725296709,68.21676545059341,50.0,0.0,0.0,1.0,0.0,0.0,70.0,10.0,5.0,15.0,0.0,1,100.0,INDUSTRIAL,2.0,53.03716500000001,52.41228
20,4.227500000000001,9.76,326.603,344.14,4,4.0,0.4532658918821614,1.0,0.1333333333333333,5.0,0.6881053257947688,76.26210651589538,50.0,0.0,0.0,1.0,0.0,0.0,70.0,10.0,5.0,15.0,0.0,1,100.0,INDUSTRIAL,3.0,53.18868,50.999434
4,0.6075,0.73,298.4775,302.2,3,3.0,0.2007538782490693,1.0,0.1,1.3333333333333333,0.8328101354610594,66.32286937588785,50.0,0.0,0.0,1.0,0.0,0.0,70.0,10.0,5.0,15.0,0.0,1,100.0,INDUSTRIAL,4.0,53.5400075,52.77308
5,0.736,0.95,301.28000000000003,306.94,3,3.0,0.2974754304368186,1.0,0.1,1.6666666666666667,0.7707275039985396,66.24788341330412,50.0,0.0,0.0,1.0,0.0,0.0,70.0,10.0,5.0,15.0,0.0,1,100.0,INDUSTRIAL,5.0,53.075198,51.23164800000001
6,1.2583333333333333,2.23,300.4066666666667,303.08,3,3.0,0.3668989304319992,1.0,0.1,2.0,0.7315829852057583,66.63165970411517,50.0,0.0,0.0,1.0,0.0,0.0,70.0,10.0,5.0,15.0,0.0,1,100.0,INDUSTRIAL,6.0,53.07504166666666,49.88912833333333
6,1.2666666666666666,2.07,308.32166666666666,321.78,3,3.0,0.2731128893072445,1.0,0.1,2.0,0.7854762986054936,67.70952597210987,50.0,0.0,0.0,1.0,0.0,0.0,70.0,10.0,5.0,15.0,0.0,1,100.0,INDUSTRIAL,7.0,52.39956333333333,53.72173166666666
3,0.8000000000000002,1.08,302.32666666666665,306.65,3,3.0,0.1428625025068164,1.0,0.1,1.0,0.8749958965374627,65.99991793074926,50.0,0.0,0.0,1.0,0.0,0.0,70.0,10.0,5.0,15.0,0.0,1,100.0,INDUSTRIAL,8.0,52.55767,52.38368666666667
5,0.6940000000000001,1.04,298.84000000000003,300.37,4,4.0,0.2120294186302934,1.0,0.1333333333333333,1.25,0.8250624816764707,65.87624963352941,50.0,0.0,0.0,1.0,0.0,0.0,70.0,10.0,5.0,15.0,0.0,1,100.0,INDUSTRIAL,9.0,52.58522000000001,51.98598199999999
10,27.049,93.85,332.938,349.67,2,2.0,1.2359980972543854,1.0,0.0666666666666666,5.0,0.4472275719858235,71.44455143971646,50.0,0.0,0.0,1.0,0.0,0.0,70.0,10.0,5.0,15.0,0.0,1,100.0,INDUSTRIAL,10.0,52.85542499999999,49.950365
6,0.7283333333333334,1.27,299.64166666666665,303.35,3,3.0,0.2422216103148825,1.0,0.1,2.0,0.8050093410840893,68.10018682168179,50.0,0.0,0.0,1.0,0.0,0.0,70.0,10.0,5.0,15.0,0.0,1,100.0,INDUSTRIAL,11.0,52.77352166666666,50.36340333333334
8,0.9425,1.15,306.27875,311.73,4,4.0,0.2578229153425567,1.0,0.1333333333333333,2.0,0.795024472683946,67.90048945367892,50.0,0.0,0.0,1.0,0.0,0.0,70.0,10.0,5.0,15.0,0.0,1,100.0,INDUSTRIAL,12.0,52.55700375,51.669015
2,0.845,0.87,297.825,298.25,2,4.0,0.066978701813001,0.5,0.1333333333333333,0.5,0.9372258305632613,42.994516611265226,50.0,0.0,0.0,1.0,0.0,0.0,70.0,10.0,5.0,15.0,0.0,1,100.0,INDUSTRIAL,13.0,52.0767,53.356260000000006
4,1.1125,1.85,303.06,307.88,4,4.0,0.2340980467544845,1.0,0.1333333333333333,1.0,0.8103083888916836,64.70616777783367,50.0,0.0,0.0,1.0,0.0,0.0,70.0,10.0,5.0,15.0,0.0,1,100.0,INDUSTRIAL,14.0,52.2214575,51.83825
6,1.1683333333333332,1.85,310.39,322.34,4,4.0,0.2478751587143815,1.0,0.1333333333333333,1.5,0.8013622140136567,66.27724428027314,50.0,0.0,0.0,1.0,0.0,0.0,70.0,10.0,5.0,15.0,0.0,1,100.0,INDUSTRIAL,15.0,51.84669166666666,53.81178333333333
3,0.68,0.96,301.05,301.37,2,3.0,0.0718822159504834,0.6666666666666666,0.1,1.0,0.9329383257966058,52.15876651593212,50.0,0.0,0.0,1.0,0.0,0.0,70.0,10.0,5.0,15.0,0.0,1,100.0,INDUSTRIAL,16.0,52.27891333333333,50.87423666666667
7,1.3914285714285717,2.05,309.94714285714286,320.9,4,4.0,0.2789807663594964,1.0,0.1333333333333333,1.75,0.7818725865959735,66.76245173191947,50.0,0.0,0.0,1.0,0.0,0.0,70.0,10.0,5.0,15.0,0.0,1,100.0,INDUSTRIAL,17.0,51.87034428571428,52.98023285714286
3,1.15,1.35,304.6166666666667,311.54,3,3.0,0.1651874814149423,1.0,0.1,1.0,0.8582309850991985,65.66461970198397,50.0,0.0,0.0,1.0,0.0,0.0,70.0,10.0,5.0,15.0,0.0,1,100.0,INDUSTRIAL,18.0,52.15578,50.962273333333336
5,0.8039999999999999,0.98,302.81000000000006,310.08,4,4.0,0.2554558773527608,1.0,0.1333333333333333,1.25,0.7965234127610984,65.30546825522197,50.0,0.0,0.0,1.0,0.0,0.0,70.0,10.0,5.0,15.0,0.0,1,100.0,INDUSTRIAL,19.0,52.012954,51.689278
9,2.525555555555556,5.98,320.21444444444444,340.2,4,4.0,0.2422710858915132,1.0,0.1333333333333333,2.25,0.8049772802063989,68.97454560412798,50.0,0.0,0.0,1.0,0.0,0.0,70.0,10.0,5.0,15.0,0.0,1,100.0,INDUSTRIAL,20.0,52.017253333333336,51.14945555555556
5,1.15,1.77,307.116,311.51,4,4.0,0.1759602370693822,1.0,0.1333333333333333,1.25,0.8503688887407505,66.38237777481501,50.0,0.0,0.0,1.0,0.0,0.0,70.0,10.0,5.0,15.0,0.0,1,100.0,INDUSTRIAL,21.0,51.900664000000006,51.37407999999999
36,5.580000000000002,13.53,330.2655555555555,367.0,2,2.0,1.768213380401214,1.0,0.0666666666666666,18.0,0.3612438286296643,87.22487657259329,50.0,0.0,0.0,1.0,0.0,0.0,70.0,10.0,5.0,15.0,0.0,1,100.0,INDUSTRIAL,22.0,52.86513,49.91567805555556
2,3.745,5.34,334.495,335.83,2,2.0,0.0336567233232672,1.0,0.0666666666666666,1.0,0.9674391676038648,67.8487833520773,50.0,0.0,0.0,1.0,0.0,0.0,70.0,10.0,5.0,15.0,0.0,1,100.0,INDUSTRIAL,23.0,53.227755,50.32486
2,1.645,3.01,315.59000000000003,330.58,1,1.0,0.1766772678788965,1.0,0.0333333333333333,2.0,0.8498507001861447,68.9970140037229,50.0,0.0,0.0,1.0,0.0,0.0,70.0,10.0,5.0,15.0,0.0,1,100.0,INDUSTRIAL,24.0,52.73802,50.18669
7,4.374285714285714,9.82,321.2214285714286,346.43,2,2.0,0.3781525329896496,1.0,0.0666666666666666,3.5,0.7256090861224795,71.7621817224496,50.0,0.0,0.0,1.0,0.0,0.0,70.0,10.0,5.0,15.0,0.0,1,100.0,INDUSTRIAL,25.0,54.59529571428572,51.41551
3,0.79,0.82,301.5566666666667,304.48,2,2.0,0.1772138068852438,1.0,0.0666666666666666,1.5,0.8494633635379042,67.23926727075809,50.0,0.0,0.0,1.0,0.0,0.0,70.0,10.0,5.0,15.0,0.0,1,100.0,INDUSTRIAL,26.0,52.92298,51.41904333333334
2,0.6699999999999999,0.7,298.695,299.71,2,3.0,0.0121012443817916,0.6666666666666666,0.1,0.6666666666666666,0.9880434448144728,52.09420222962279,50.0,0.0,0.0,1.0,0.0,0.0,70.0,10.0,5.0,15.0,0.0,1,100.0,INDUSTRIAL,27.0,51.842185,51.07988
6,0.9433333333333334,1.36,308.795,332.96,3,3.0,0.2195654831629031,1.0,0.1,2.0,0.8199641706868684,68.39928341373736,50.0,0.0,0.0,1.0,0.0,0.0,70.0,10.0,5.0,15.0,0.0,1,100.0,INDUSTRIAL,28.0,51.84566333333333,49.903
2,0.95,1.27,299.245,299.5,2,2.0,0.1864566275519458,1.0,0.0666666666666666,1.0,0.8428458122934777,65.35691624586956,50.0,0.0,0.0,1.0,0.0,0.0,70.0,10.0,5.0,15.0,0.0,1,100.0,INDUSTRIAL,29.0,53.53643,49.62751
17,7.281764705882352,21.63,330.2541176470588,367.0,1,1.0,1.283559546942554,1.0,0.0333333333333333,17.0,0.4379128196323564,88.75825639264713,50.0,0.0,0.0,1.0,0.0,0.0,70.0,10.0,5.0,15.0,0.0,1,100.0,INDUSTRIAL,30.0,53.080200000000005,48.387788823529405
6,50.76499999999999,222.95,343.3766666666667,367.0,1,1.0,0.7315840582393432,1.0,0.0333333333333333,6.0,0.5775058942369737,77.55011788473948,50.0,0.0,0.0,1.0,0.0,0.0,70.0,10.0,5.0,15.0,0.0,1,100.0,INDUSTRIAL,31.0,52.84519666666666,49.96928833333334
2,0.66,0.79,303.48,304.28,2,2.0,0.099352313081418,1.0,0.0666666666666666,1.0,0.90962650289702,66.6925300579404,50.0,0.0,0.0,1.0,0.0,0.0,70.0,10.0,5.0,15.0,0.0,1,100.0,INDUSTRIAL,32.0,53.534145,49.468355
3,2.39,3.15,336.82,341.18,1,1.0354166666666669,0.1723952854409841,0.96579476861167,0.2070833333333333,2.89738430583501,0.8529546411676848,54.5082352111403,40.0,1.0,0.0,0.0,88.88888888888889,11.11111111111111,0.0,0.0,0.0,0.0,24.13995639501282,0,0.0,INDUSTRIAL,0.0,21.516229999999997,72.85088333333333
2,9.325,9.93,367.0,367.0,1,1.0,0.0556848056327083,1.0,0.2,2.0,0.9472524324158152,50.47252432415815,40.0,1.0,0.0,0.0,100.0,0.0,0.0,0.0,0.0,0.0,18.87424398148592,0,0.0,INDUSTRIAL,0.0,21.607015,72.835785
2,1.64,2.42,334.925,336.55,1,1.0,0.1507971086276877,1.0,0.2,2.0,0.8689629062350431,49.68962906235043,30.0,0.0,0.0,0.0,11.11111111111111,0.0,0.0,88.88888888888889,0.0,0.0,23.01656551854979,0,0.0,INDUSTRIAL,0.0,21.524925,72.79065
2,4.5,5.82,338.175,341.38,1,1.0,0.1819887691660794,1.0,0.2,2.0,0.8460317272773439,49.46031727277344,40.0,1.0,0.0,0.0,66.66666666666667,0.0,0.0,33.333333333333336,0.0,0.0,13.970832734944237,0,0.0,INDUSTRIAL,1.0,21.835565000000003,72.681565
5,7.808,14.87,350.246,367.0,1,1.0354166666666669,0.3765239303067345,0.96579476861167,0.2070833333333333,4.82897384305835,0.7264675738526154,65.03813314965961,10.0,0.0,1.0,0.0,0.0,100.0,0.0,0.0,0.0,0.0,15.01425384075922,0,0.0,INDUSTRIAL,2.0,21.903152,72.756478
2,2.31,2.31,339.255,341.24,1,1.0,0.1847454435174145,1.0,0.2,2.0,0.844063174474915,49.44063174474915,40.0,1.0,0.0,0.0,100.0,0.0,0.0,0.0,0.0,0.0,15.706661817748628,0,0.0,INDUSTRIAL,3.0,21.943624999999997,72.840975
2,2.15,2.46,341.065,345.8,1,1.0,0.0877272536797762,1.0,0.2,2.0,0.9193481147199398,50.19348114719939,40.0,1.0,0.0,0.0,100.0,0.0,0.0,0.0,0.0,0.0,19.67376489648776,0,0.0,INDUSTRIAL,4.0,21.97397,72.80531500000001
2,0.79,1.1,308.425,308.75,1,1.0354166666666669,0.2518563947944592,0.96579476861167,0.2070833333333333,1.93158953722334,0.7988136691702475,48.06944118533091,40.0,1.0,0.0,0.0,100.0,0.0,0.0,0.0,0.0,0.0,21.167587776128872,0,0.0,INDUSTRIAL,5.0,21.90742,72.6825
9,10.160000000000002,54.12,326.7711111111111,347.62,1,1.5208333333333337,0.3827148991138016,0.6575342465753424,0.3041666666666667,5.917808219178082,0.7232148873501775,71.75383837121868,50.0,0.0,0.0,1.0,0.0,0.0,100.0,0.0,0.0,0.0,33.00015001217854,0,0.0,INDUSTRIAL,0.0,19.782438888888887,73.65794777777778
2,0.92,1.02,301.395,301.53,1,1.0,0.137220183669546,1.0,0.2,2.0,0.8793371893675257,49.79337189367526,40.0,1.0,0.0,0.0,66.66666666666667,0.0,0.0,33.333333333333336,0.0,0.0,62.44054858054855,0,0.0,INDUSTRIAL,1.0,19.59555,73.45853
2,0.8300000000000001,1.01,304.28499999999997,309.31,1,1.0340277777777778,0.0223920334590932,0.9670920080591,0.2068055555555555,1.9341840161182,0.978098388165904,49.89694724260226,30.0,0.0,0.0,0.0,0.0,0.0,0.0,100.0,0.0,0.0,19.444916488585005,0,0.0,INDUSTRIAL,2.0,19.93562,73.712515
2,14.33,21.41,353.58500000000004,355.97,1,1.0159722222222225,0.0698527877706606,0.9842788790157212,0.2031944444444444,1.9685577580314424,0.934708037807502,49.92361451645126,10.0,0.0,1.0,0.0,0.0,100.0,0.0,0.0,0.0,0.0,93.27209695194404,0,0.0,INDUSTRIAL,0.0,24.310515,72.80743
3,1.9766666666666663,3.03,309.92333333333335,315.37,1,1.0152777777777775,0.2440655313924974,0.984952120383037,0.2030555555555555,2.954856361149111,0.803816177497248,54.58764497910684,20.0,0.0,0.0,0.0,0.0,0.0,0.0,0.0,100.0,0.0,110.82657969892196,0,0.0,INDUSTRIAL,1.0,24.352746666666665,72.61382666666667
2,1.2,1.23,305.63,311.67,1,1.0138888888888888,0.1938652673961712,0.9863013698630138,0.2027777777777777,1.9726027397260275,0.8376154557046519,49.007052578355506,40.0,1.0,0.0,0.0,88.88888888888889,0.0,0.0,11.11111111111111,0.0,0.0,13.388518902830556,0,0.0,INDUSTRIAL,0.0,28.302055,77.23188999999999
2,0.49,0.67,298.645,302.15,1,1.0138888888888888,0.1614801023404309,0.9863013698630138,0.2027777777777777,1.9726027397260275,0.8609704100698395,49.24060212200738,40.0,1.0,0.0,0.0,100.0,0.0,0.0,0.0,0.0,0.0,15.9444761785054,0,0.0,INDUSTRIAL,1.0,28.322015,77.19848999999999
2,0.645,0.78,298.59000000000003,299.32,1,1.0138888888888888,0.1038292667198689,0.9863013698630138,0.2027777777777777,1.9726027397260275,0.905937204375449,49.69027006506348,60.0,0.0,0.0,0.0,11.11111111111111,22.22222222222222,11.11111111111111,0.0,0.0,55.55555555555556,9.726379719825424,1,431.6,INDUSTRIAL,2.0,28.368675,77.262845
4,2.3075,3.88,324.755,346.63,1,1.0131944444444445,0.3720753844714398,0.9869773817683344,0.2026388888888889,3.9479095270733375,0.7288229286215399,59.85917018942154,60.0,0.0,0.0,0.0,0.0,0.0,0.0,0.0,0.0,100.0,10.506249624173648,0,0.0,INDUSTRIAL,0.0,22.97907,72.568225
2,1.1949999999999998,1.24,306.01,308.98,1,1.0166666666666666,0.0022239016056834,0.9836065573770492,0.2033333333333333,1.9672131147540983,0.9977810331582392,50.53628027693758,50.0,0.0,0.0,1.0,0.0,11.11111111111111,88.88888888888889,0.0,0.0,0.0,0.0,1,0.0,INDUSTRIAL,0.0,55.55351,37.76351
256,8.293515625000001,57.84,329.0680078125,367.0,1,1.9340277777777777,2.7456648491259403,0.5170556552962299,0.3868055555555555,132.36624775583485,0.2669753008556951,68.3322555020738,10.0,0.0,1.0,0.0,0.0,100.0,0.0,0.0,0.0,0.0,1.3824753469917272,1,0.0,INDUSTRIAL,0.0,56.5071025,31.7023428125
22,10.082272727272729,34.02,322.5527272727273,367.0,1,1.9333333333333331,0.956201501810118,0.5172413793103449,0.3866666666666666,11.379310344827584,0.5111947818640754,70.77631563473271,50.0,0.0,0.0,1.0,0.0,0.0,100.0,0.0,0.0,0.0,2.1421855588754117,1,0.0,INDUSTRIAL,0.0,44.09368545454544,39.085145909090905
2,4.505,4.84,334.105,338.02,1,1.0,0.1067178360171543,1.0,0.2,2.0,0.9035726790116536,50.03572679011653,30.0,0.0,0.0,0.0,0.0,0.0,0.0,100.0,0.0,0.0,1.160682458916459,1,0.0,INDUSTRIAL,0.0,-6.37861,108.400295
3,12.226666666666668,13.0,332.8966666666666,334.46,1,1.0,0.2951704017136743,1.0,0.2,3.0,0.7720991760442283,54.72099176044228,10.0,0.0,1.0,0.0,0.0,100.0,0.0,0.0,0.0,0.0,40.20946983121525,0,0.0,INDUSTRIAL,0.0,-2.99068,121.59186666666666
5,13.546,45.54,348.36800000000005,367.0,1,1.0180555555555555,0.7902310107908925,0.9822646657571624,0.2036111111111111,4.911323328785812,0.558587128684704,63.948680139355766,60.0,0.0,0.0,0.0,0.0,0.0,0.0,0.0,0.0,100.0,1.0440439488359974,2,1434.0,INDUSTRIAL,0.0,12.652876,101.161048
3,2.39,3.15,336.82,341.18,1,1.0354166666666669,0.1723952854409841,0.96579476861167,0.2070833333333333,2.89738430583501,0.8529546411676848,54.5082352111403,40.0,1.0,0.0,0.0,88.88888888888889,11.11111111111111,0.0,0.0,0.0,0.0,24.13995639501282,0,0.0,INDUSTRIAL,0.0,21.516229999999997,72.85088333333333
2,9.325,9.93,367.0,367.0,1,1.0,0.0556848056327083,1.0,0.2,2.0,0.9472524324158152,50.47252432415815,40.0,1.0,0.0,0.0,100.0,0.0,0.0,0.0,0.0,0.0,18.87424398148592,0,0.0,INDUSTRIAL,0.0,21.607015,72.835785
5,7.807999999999998,14.87,350.246,367.0,1,1.0354166666666669,0.3765239303041682,0.96579476861167,0.2070833333333333,4.82897384305835,0.7264675738539698,65.03813314967316,10.0,0.0,1.0,0.0,0.0,100.0,0.0,0.0,0.0,0.0,15.01425384076098,0,0.0,INDUSTRIAL,0.0,21.903152,72.75647799999999
2,0.79,1.1,308.425,308.75,1,1.0354166666666669,0.2518563947944592,0.96579476861167,0.2070833333333333,1.93158953722334,0.7988136691702475,48.06944118533091,40.0,1.0,0.0,0.0,100.0,0.0,0.0,0.0,0.0,0.0,21.167587776128872,0,0.0,INDUSTRIAL,1.0,21.90742,72.6825
2,1.64,2.42,334.925,336.55,1,1.0,0.1507971086276877,1.0,0.2,2.0,0.8689629062350431,49.68962906235043,30.0,0.0,0.0,0.0,11.11111111111111,0.0,0.0,88.88888888888889,0.0,0.0,23.01656551854979,0,0.0,INDUSTRIAL,2.0,21.524925,72.79065
2,4.5,5.82,338.175,341.38,1,1.0,0.1819887691660794,1.0,0.2,2.0,0.8460317272773439,49.46031727277344,40.0,1.0,0.0,0.0,66.66666666666667,0.0,0.0,33.333333333333336,0.0,0.0,13.970832734944237,0,0.0,INDUSTRIAL,3.0,21.835565000000003,72.681565
2,2.31,2.31,339.255,341.24,1,1.0,0.1847454435174145,1.0,0.2,2.0,0.844063174474915,49.44063174474915,40.0,1.0,0.0,0.0,100.0,0.0,0.0,0.0,0.0,0.0,15.706661817748628,0,0.0,INDUSTRIAL,4.0,21.943624999999997,72.840975
2,2.15,2.46,341.065,345.8,1,1.0,0.0877272536797762,1.0,0.2,2.0,0.9193481147199398,50.19348114719939,40.0,1.0,0.0,0.0,100.0,0.0,0.0,0.0,0.0,0.0,19.67376489648776,0,0.0,INDUSTRIAL,5.0,21.97397,72.80531500000001
9,10.160000000000002,54.12,326.7711111111111,347.62,1,1.5208333333333337,0.3827148991138016,0.6575342465753424,0.3041666666666667,5.917808219178082,0.7232148873501775,71.75383837121868,50.0,0.0,0.0,1.0,0.0,0.0,100.0,0.0,0.0,0.0,33.00015001217854,0,0.0,INDUSTRIAL,0.0,19.782438888888887,73.65794777777778
2,0.92,1.02,301.395,301.53,1,1.0,0.137220183669546,1.0,0.2,2.0,0.8793371893675257,49.79337189367526,40.0,1.0,0.0,0.0,66.66666666666667,0.0,0.0,33.333333333333336,0.0,0.0,62.44054858054855,0,0.0,INDUSTRIAL,1.0,19.59555,73.45853
2,0.8300000000000001,1.01,304.28499999999997,309.31,1,1.0340277777777778,0.0223920334590932,0.9670920080591,0.2068055555555555,1.9341840161182,0.978098388165904,49.89694724260226,30.0,0.0,0.0,0.0,0.0,0.0,0.0,100.0,0.0,0.0,19.444916488585005,0,0.0,INDUSTRIAL,2.0,19.93562,73.712515
3,1.9766666666666663,3.03,309.92333333333335,315.37,1,1.0152777777777775,0.2440655313924974,0.984952120383037,0.2030555555555555,2.954856361149111,0.803816177497248,54.58764497910684,20.0,0.0,0.0,0.0,0.0,0.0,0.0,0.0,100.0,0.0,110.82657969892196,0,0.0,INDUSTRIAL,0.0,24.352746666666665,72.61382666666667
2,1.2,1.23,305.63,311.67,1,1.0138888888888888,0.1938652673961712,0.9863013698630138,0.2027777777777777,1.9726027397260275,0.8376154557046519,49.007052578355506,40.0,1.0,0.0,0.0,88.88888888888889,0.0,0.0,11.11111111111111,0.0,0.0,13.388518902830556,0,0.0,INDUSTRIAL,0.0,28.302055,77.23188999999999
2,0.49,0.67,298.645,302.15,1,1.0138888888888888,0.1614801023404309,0.9863013698630138,0.2027777777777777,1.9726027397260275,0.8609704100698395,49.24060212200738,40.0,1.0,0.0,0.0,100.0,0.0,0.0,0.0,0.0,0.0,15.9444761785054,0,0.0,INDUSTRIAL,1.0,28.322015,77.19848999999999
2,0.645,0.78,298.59000000000003,299.32,1,1.0138888888888888,0.1038292667198689,0.9863013698630138,0.2027777777777777,1.9726027397260275,0.905937204375449,49.69027006506348,60.0,0.0,0.0,0.0,11.11111111111111,22.22222222222222,11.11111111111111,0.0,0.0,55.55555555555556,9.726379719825424,1,431.6,INDUSTRIAL,2.0,28.368675,77.262845
4,2.3075,3.88,324.755,346.63,1,1.0131944444444445,0.3720753844714398,0.9869773817683344,0.2026388888888889,3.9479095270733375,0.7288229286215399,59.85917018942154,60.0,0.0,0.0,0.0,0.0,0.0,0.0,0.0,0.0,100.0,10.506249624173648,0,0.0,INDUSTRIAL,0.0,22.97907,72.568225
2,1.81,2.27,303.48,304.17,1,1.0166666666666666,0.2074133244275313,0.9836065573770492,0.2033333333333333,1.9672131147540983,0.8282168001368778,48.840637946723966,50.0,0.0,0.0,1.0,0.0,0.0,100.0,0.0,0.0,0.0,11763.96012473245,0,0.0,INDUSTRIAL,0.0,38.01531,-122.11347
2,1.1949999999999998,1.24,306.01,308.98,1,1.0166666666666666,0.0022239016056834,0.9836065573770492,0.2033333333333333,1.9672131147540983,0.9977810331582392,50.53628027693758,50.0,0.0,0.0,1.0,0.0,11.11111111111111,88.88888888888889,0.0,0.0,0.0,3957.9739945957817,0,0.0,INDUSTRIAL,0.0,55.55351,37.76351
2,2.475,3.42,331.26,331.88,1,1.0,0.2436894602448081,1.0,0.2,2.0,0.8040592382307074,49.04059238230707,10.0,0.0,1.0,0.0,0.0,55.55555555555556,0.0,44.44444444444444,0.0,0.0,63.597881895874366,0,0.0,INDUSTRIAL,0.0,19.402895,73.33059499999999
2,0.915,1.18,300.195,302.4,1,1.0520833333333333,0.1825536280789311,0.9504950495049506,0.2104166666666666,1.9009900990099011,0.845627611514337,48.12995598313017,40.0,1.0,0.0,0.0,66.66666666666667,0.0,0.0,0.0,0.0,33.333333333333336,25.80418947462824,0,0.0,INDUSTRIAL,1.0,19.073369999999997,73.13173
2,0.7,0.91,303.68,307.75,1,1.0340277777777778,0.0863241568157393,0.9670920080591,0.2068055555555555,1.9341840161182,0.92053554523838,49.32131881332702,60.0,0.0,0.0,0.0,0.0,0.0,0.0,0.0,0.0,100.0,21.424446160173577,0,0.0,INDUSTRIAL,0.0,22.926275,70.10783
2,1.0550000000000002,1.12,300.275,301.27,1,1.0340277777777778,0.0362684055902079,0.9670920080591,0.2068055555555555,1.9341840161182,0.9650009540052016,49.76597290099524,20.0,0.0,0.0,0.0,0.0,0.0,33.333333333333336,0.0,66.66666666666667,0.0,0.6274444263710685,1,123.0,INDUSTRIAL,1.0,23.112985,70.08588
2,1.39,1.51,304.27,306.05,1,1.0340277777777778,0.0758192461395531,0.9670920080591,0.2068055555555555,1.9341840161182,0.9295241775868748,49.41120513681197,20.0,0.0,0.0,0.0,0.0,0.0,0.0,0.0,100.0,0.0,23.81707648754504,0,0.0,INDUSTRIAL,2.0,23.263455,70.252745
2,1.12,1.15,298.66499999999996,299.5,1,1.0340277777777778,0.0590945347887836,0.9670920080591,0.2068055555555555,1.9341840161182,0.9442027761945077,49.557991122888296,60.0,0.0,0.0,0.0,0.0,0.0,0.0,0.0,0.0,100.0,24.95971562035531,0,0.0,INDUSTRIAL,3.0,23.31396,70.200345
22,3.230909090909091,14.57,320.1713636363636,343.95,1,1.5555555555555556,1.043410899680208,0.6428571428571428,0.3111111111111111,14.142857142857142,0.4893778339718648,72.18742913336943,50.0,0.0,0.0,1.0,0.0,0.0,100.0,0.0,0.0,0.0,1.4776486004439136,6,3128.0,INDUSTRIAL,0.0,21.10580090909091,72.63994727272728
4,1.2025,1.56,305.66,307.77,1,1.0347222222222223,0.4397387536063071,0.9664429530201342,0.2069444444444444,3.8657718120805367,0.6945704541849455,58.842982692483304,80.0,0.0,0.0,0.0,0.0,0.0,0.0,0.0,0.0,0.0,1.0207928289129986,6,2909.0,INDUSTRIAL,1.0,21.153515,72.7337
2,0.95,1.02,302.33500000000004,302.75,1,1.0,0.1055048668772336,1.0,0.2,2.0,0.9045640864745736,50.045640864745735,50.0,0.0,0.0,1.0,0.0,22.22222222222222,77.77777777777777,0.0,0.0,0.0,0.980694506906868,7,3179.0,INDUSTRIAL,2.0,21.164415,72.67071999999999
6,1.8866666666666667,3.12,308.94500000000005,316.24,1,1.0354166666666669,1.0025458333449355,0.96579476861167,0.2070833333333333,5.79476861167002,0.4993643507922404,66.28017938988083,60.0,0.0,0.0,0.0,0.0,0.0,33.333333333333336,0.0,0.0,66.66666666666667,17.194997477731572,0,0.0,INDUSTRIAL,0.0,18.686855,73.03554833333334
2,3.85,5.7,340.88,341.62,1,1.0361111111111112,0.108307316118746,0.9651474530831098,0.2072222222222222,1.9302949061662196,0.9022768193049248,49.0867836830701,10.0,0.0,1.0,0.0,0.0,100.0,0.0,0.0,0.0,0.0,26.145992170951843,0,0.0,INDUSTRIAL,0.0,22.0593,73.10915
2,1.84,1.84,315.82,323.58,1,1.0,0.1731143646256295,1.0,0.2,2.0,0.8524318089985415,49.524318089985414,40.0,1.0,0.0,0.0,55.55555555555556,0.0,33.333333333333336,11.11111111111111,0.0,0.0,41.6521316508167,0,0.0,INDUSTRIAL,1.0,22.49605,73.48332500000001
2,5.619999999999999,5.89,336.14,337.21,1,1.0,0.1999057601512318,1.0,0.2,2.0,0.8333987828127131,49.33398782812713,40.0,1.0,0.0,0.0,100.0,0.0,0.0,0.0,0.0,0.0,25.41099547507261,0,0.0,INDUSTRIAL,0.0,21.537885000000003,72.86381
5,1.172,1.38,309.67199999999997,315.96,1,1.0354166666666669,0.2824725320087197,0.96579476861167,0.2070833333333333,4.82897384305835,0.7797437957082115,65.57089536821559,10.0,0.0,1.0,0.0,11.11111111111111,88.88888888888889,0.0,0.0,0.0,0.0,10.143156235518294,0,0.0,INDUSTRIAL,1.0,21.43171,72.975978
2,4.02,4.75,330.905,331.33,1,1.0354166666666669,0.1802451691012678,0.96579476861167,0.2070833333333333,1.93158953722334,0.8472815870633719,48.554120364262154,30.0,0.0,0.0,0.0,0.0,0.0,0.0,100.0,0.0,0.0,15.989699251194306,0,0.0,INDUSTRIAL,0.0,18.404739999999997,73.91445999999999
2,0.99,1.0,308.71000000000004,310.43,1,1.0,0.0788890415417872,1.0,0.2,2.0,0.9268793745193196,50.26879374519319,40.0,1.0,0.0,0.0,66.66666666666667,33.333333333333336,0.0,0.0,0.0,0.0,19.505919148429378,0,0.0,INDUSTRIAL,1.0,18.701375,73.800475
3,1.3433333333333335,1.78,308.1566666666667,314.48,1,1.0159722222222225,0.0893236194280126,0.9842788790157212,0.2031944444444444,2.952836637047163,0.91800084214192,55.709379196842605,40.0,1.0,0.0,0.0,100.0,0.0,0.0,0.0,0.0,0.0,11.523301654817248,0,0.0,INDUSTRIAL,0.0,28.358046666666667,77.24197666666667
9,1.7655555555555555,4.29,304.8077777777778,327.84,1,1.0694444444444444,0.9611557703859392,0.935064935064935,0.2138888888888888,8.415584415584416,0.5099034024223421,74.75343517862458,60.0,0.0,0.0,0.0,0.0,0.0,33.333333333333336,0.0,0.0,66.66666666666667,17.39894565780261,0,0.0,INDUSTRIAL,0.0,18.687451111111113,73.03738
2,1.17,1.17,306.45000000000005,306.79,1,1.0,0.2585327795424338,1.0,0.2,2.0,0.7945760462143633,48.945760462143625,10.0,0.0,1.0,0.0,11.11111111111111,88.88888888888889,0.0,0.0,0.0,0.0,39.316965254517335,0,0.0,INDUSTRIAL,0.0,30.815945,76.90164
2,3.51,4.37,310.64,311.96,1,1.0180555555555555,0.1832209703631608,0.9822646657571624,0.2036111111111111,1.9645293315143249,0.8451506734985219,48.97393359567947,10.0,0.0,1.0,0.0,0.0,100.0,0.0,0.0,0.0,0.0,2.1148142484725296,2,930.0,INDUSTRIAL,0.0,19.020235,72.89010999999999
2,4.43,4.71,327.53999999999996,328.83,1,1.0,0.0851244800861708,1.0,0.2,2.0,0.9215532580378144,50.21553258037814,10.0,0.0,1.0,0.0,0.0,100.0,0.0,0.0,0.0,0.0,16.00537579710778,0,0.0,INDUSTRIAL,0.0,28.746605,77.59662
4,1.67,2.09,312.33500000000004,323.6,1,1.0159722222222225,0.3829303510606166,0.9842788790157212,0.2031944444444444,3.937115516062884,0.7231022149691528,59.7132295621621,10.0,0.0,1.0,0.0,0.0,100.0,0.0,0.0,0.0,0.0,102.34550670299512,0,0.0,INDUSTRIAL,0.0,17.511267500000002,78.43313
3,9.183333333333334,14.43,341.93,348.82,1,1.0131944444444445,0.1261918519118633,0.9869773817683344,0.2026388888888889,2.9609321453050033,0.8879481753507312,55.489490511408455,40.0,1.0,0.0,0.0,88.88888888888889,11.11111111111111,0.0,0.0,0.0,0.0,15.555820569181618,0,0.0,INDUSTRIAL,0.0,21.645016666666663,72.93944333333334
10,3.814,5.89,330.76,346.67,1,1.5756944444444445,0.9609439832394442,0.6346408109299252,0.3151388888888888,6.346408109299252,0.5099584733409968,72.26838278443589,30.0,0.0,0.0,0.0,0.0,44.44444444444444,0.0,55.55555555555556,0.0,0.0,24.572415132131884,0,0.0,INDUSTRIAL,1.0,21.761334,73.38089000000001
3,24.25,32.0,353.05,367.0,1,1.0131944444444445,0.3742310781613837,0.9869773817683344,0.2026388888888889,2.9609321453050033,0.7276796572945531,53.88680533084668,10.0,0.0,1.0,0.0,0.0,100.0,0.0,0.0,0.0,0.0,22.908078271722538,0,0.0,INDUSTRIAL,2.0,21.77141333333333,73.35264333333333
3,5.886666666666667,9.96,341.0833333333333,345.38,1,1.0131944444444445,0.3302397170677347,0.9869773817683344,0.2026388888888889,2.9609321453050033,0.7517442060776185,54.12745081867734,40.0,1.0,0.0,0.0,100.0,0.0,0.0,0.0,0.0,0.0,21.059394080989847,0,0.0,INDUSTRIAL,3.0,21.96178,73.25387333333333
2,3.125,4.59,319.755,325.71,1,1.0138888888888888,0.0879209679734483,0.9863013698630138,0.2027777777777777,1.9726027397260275,0.919184416366912,49.82274218497811,10.0,0.0,1.0,0.0,0.0,100.0,0.0,0.0,0.0,0.0,10.273828049940292,0,0.0,INDUSTRIAL,4.0,21.4328,72.975225
2,8.465,9.93,351.39,352.57,1,1.0,0.1015688178259038,1.0,0.2,2.0,0.9077962119276728,50.077962119276734,10.0,0.0,1.0,0.0,0.0,100.0,0.0,0.0,0.0,0.0,6.082032689376076,1,50.0,INDUSTRIAL,5.0,21.623505,73.12648999999999
7,7.667142857142857,18.03,344.1542857142857,367.0,1,1.070138888888889,0.6119771147010805,0.9344581440622972,0.2140277777777778,6.54120700843608,0.6203562016359249,69.84557117347224,30.0,0.0,0.0,0.0,0.0,0.0,0.0,100.0,0.0,0.0,50.42537168867147,0,0.0,INDUSTRIAL,0.0,19.721020000000003,73.21600857142856
2,5.205,7.93,339.315,341.31,1,1.0138888888888888,0.1709496269471335,0.9863013698630138,0.2027777777777777,1.9726027397260275,0.854007701942885,49.17097504073784,10.0,0.0,1.0,0.0,0.0,100.0,0.0,0.0,0.0,0.0,60.01370908132121,0,0.0,INDUSTRIAL,1.0,19.72839,73.309695
3,3.6833333333333336,4.31,335.04,343.55,1,1.070138888888889,0.3688108626667829,0.9344581440622972,0.2140277777777778,2.8033744321868914,0.7305611222661924,52.35774367633558,30.0,0.0,0.0,0.0,0.0,0.0,0.0,100.0,0.0,0.0,40.707488560502426,0,0.0,INDUSTRIAL,2.0,19.731053333333332,73.12364000000001
3,2.18,4.62,315.65,332.57,1,1.0138888888888888,0.3511961926074244,0.9863013698630138,0.2027777777777777,2.958904109589042,0.7400849746847527,53.99065187774554,30.0,0.0,0.0,0.0,0.0,0.0,0.0,100.0,0.0,0.0,48.691971008748176,0,0.0,INDUSTRIAL,3.0,19.543623333333333,73.12166666666667
2,18.22,19.68,367.0,367.0,1,1.0,0.2857486147533413,1.0,0.2,2.0,0.7777570113826959,48.777570113826954,10.0,0.0,1.0,0.0,0.0,100.0,0.0,0.0,0.0,0.0,44.58341009437656,0,0.0,INDUSTRIAL,4.0,19.67112,73.145815
31,4.542258064516128,11.4,324.3587096774193,347.66,15,64.0,0.299383338453345,0.234375,1.0,0.484375,0.76959583088875,67.81508323555,50.0,0.0,0.0,1.0,0.0,0.0,100.0,0.0,0.0,0.0,0.6262358727813587,1,240.0,INDUSTRIAL,33.0,21.92094193548387,83.34970774193548
39,3.099743589743589,12.66,312.85128205128206,349.44,18,65.0,0.7842525252158359,0.2769230769230769,1.0,0.6,0.5604587836461281,60.72604365353743,50.0,0.0,0.0,1.0,0.5890943293482834,30.523996930769044,66.72607113685305,0.1311848716615925,0.0,1.7425311254671914,2.390107120650325,1,370.0,INDUSTRIAL,34.0,22.209876410256413,84.86068358974359
7,5.031428571428571,8.99,339.23,350.91,3,12.0,3.000888307416868,0.25,0.6,0.5833333333333334,0.2499444931132405,35.49777972452962,40.0,1.0,0.0,0.0,55.55555555555556,44.44444444444444,0.0,0.0,0.0,0.0,33.20772847964947,0,0.0,INDUSTRIAL,35.0,21.46813142857143,80.28254142857143
36,2.462777777777778,3.84,313.53194444444443,335.89,16,64.0,0.9888700771020092,0.25,1.0,0.5625,0.5027980517747566,57.61192207099026,10.0,0.0,1.0,0.0,0.0,100.0,0.0,0.0,0.0,0.0,12.23783716027767,0,0.0,INDUSTRIAL,36.0,22.034700555555556,83.35431416666667
45,5.169777777777777,18.05,333.22622222222225,367.0,13,22.0,7.026059577777648,0.5909090909090909,1.0,2.0454545454545454,0.124594141160972,52.71103837371161,40.0,1.0,0.0,0.0,100.0,0.0,0.0,0.0,0.0,0.0,9.602174345733877,1,3600.0,INDUSTRIAL,37.0,21.974481555555556,82.50091377777777
7,1.9428571428571428,5.93,311.8514285714286,337.25,7,22.0,0.7484436192329799,0.3181818181818182,1.0,0.3181818181818182,0.5719372297739216,62.42294373641141,10.0,0.0,1.0,0.0,0.0,100.0,0.0,0.0,0.0,0.0,7.671285687082665,2,3940.0,INDUSTRIAL,38.0,22.17301,83.47952
40,3.03175,8.69,318.18025,341.14,18,59.0,0.7653421791972002,0.3050847457627119,1.0,0.6779661016949152,0.5664624183254693,61.81103910590013,80.0,0.0,0.0,0.0,0.0,0.0,0.0,0.0,0.0,0.0,33.48697924330113,0,0.0,INDUSTRIAL,39.0,22.57617325,85.89717225
56,2.7024999999999997,6.81,310.4975,337.58,19,65.0,0.6323708843825449,0.2923076923076923,1.0,0.8615384615384616,0.6126058787052286,63.27346591743992,60.0,0.0,0.0,0.0,0.0024751862577658,3.4949629959654462,89.29729462142026,0.0321774213509566,0.0,7.096359001014826,0.4202187844142837,3,667.5,INDUSTRIAL,40.0,22.789695178571428,86.20331767857144
66,2.9374242424242425,7.66,313.7389393939394,343.42,22,64.0,2.673143712551075,0.34375,1.0,1.03125,0.27224635850294,51.2023543401176,40.0,1.0,0.0,0.0,87.00279696047127,1.6658003514764486,1.68312665528081,7.10625974604589,0.0,0.7029528972055148,5.482682636678475,4,463.0,INDUSTRIAL,41.0,22.322706666666665,82.5670987878788
6,7.668333333333334,10.85,338.9266666666667,344.23,1,1.0,1.1903526720069468,1.0,0.2,6.0,0.4565474833254744,54.261899333018974,40.0,1.0,0.0,0.0,100.0,0.0,0.0,0.0,0.0,0.0,61.84595870184309,0,0.0,INDUSTRIAL,42.0,16.169763333333332,79.78199166666666
6,7.830000000000002,13.14,341.2916666666667,348.64,3,6.0,2.49112751621612,0.5,0.6,1.0,0.286440410828607,44.45761643314428,40.0,1.0,0.0,0.0,100.0,0.0,0.0,0.0,0.0,0.0,24.870334006388763,0,0.0,INDUSTRIAL,43.0,16.778838333333333,81.555475
20,3.4564999999999997,7.59,317.0535,337.07,13,65.0,0.4867216062064131,0.2,1.0,0.3076923076923077,0.6726208833082381,62.904835332329526,60.0,0.0,0.0,0.0,0.0,0.0,0.0,0.0,0.0,100.0,9.93518829592117,1,1080.0,INDUSTRIAL,44.0,17.953088499999996,80.78766549999999
27,6.974444444444445,17.71,339.6588888888889,349.05,7,12.0,6.3409989772248805,0.5833333333333334,1.0,2.25,0.1362212422454294,52.94884968981718,40.0,1.0,0.0,0.0,100.0,0.0,0.0,0.0,0.0,0.0,55.21276650239415,0,0.0,INDUSTRIAL,45.0,17.89307074074074,79.91089555555556
7,6.832857142857143,10.33,338.78142857142853,342.2,4,10.0,3.0800360597188727,0.4,0.8,0.7,0.2450958730175789,45.80383492070315,40.0,1.0,0.0,0.0,100.0,0.0,0.0,0.0,0.0,0.0,38.79442247178063,0,0.0,INDUSTRIAL,46.0,18.03478857142857,79.84645
6,5.28,8.8,338.0366666666667,346.01,2,11.0,2.2255821278821264,0.1818181818181818,0.4,0.5454545454545454,0.3100215590097488,29.855407814935408,40.0,1.0,0.0,0.0,100.0,0.0,0.0,0.0,0.0,0.0,40.410464014894025,0,0.0,INDUSTRIAL,47.0,18.214966666666665,80.16646166666668
6,6.7700000000000005,10.73,341.59666666666664,349.84,3,14.0,1.1498124155412903,0.2142857142857142,0.6,0.4285714285714285,0.4651568633481052,43.03484596249564,40.0,1.0,0.0,0.0,100.0,0.0,0.0,0.0,0.0,0.0,40.2281929813857,0,0.0,INDUSTRIAL,48.0,18.29856,79.45659833333333
234,3.798846153846154,25.87,322.2541452991453,367.0,12,17.0,11.975171361438631,0.7058823529411765,1.0,13.764705882352942,0.0770702730733819,54.25928151117057,30.0,0.0,0.0,0.0,0.0,0.0,0.0,100.0,0.0,0.0,229.4993570327576,0,0.0,INDUSTRIAL,49.0,33.27543153846154,74.16846324786326
5,17.846,37.75,340.04799999999994,342.9,2,12.0,0.9064863758132052,0.1666666666666666,0.4,0.4166666666666667,0.5245251225954622,37.98100490381849,10.0,0.0,1.0,0.0,0.0,100.0,0.0,0.0,0.0,0.0,185.60515459940257,0,0.0,INDUSTRIAL,50.0,26.141039999999997,93.32057
203,2.9458620689655173,12.19,312.5358620689655,347.74,31,64.0,5.41392777100752,0.484375,1.0,3.171875,0.1559107049069429,50.76767819627772,30.0,0.0,0.0,0.0,12.524442464295438,5.3043241503923175,8.497314422910323,26.014207569119577,0.0099007450310635,38.6995371401698,7.850599394103651,2,8360.0,INDUSTRIAL,51.0,24.167521970443353,82.65667837438424
60,3.5283333333333333,14.1,319.5158333333333,350.27,23,55.0,0.3317492483694281,0.4181818181818181,1.0,1.0909090909090908,0.75089210767296,72.58113885237294,40.0,1.0,0.0,0.0,100.0,0.0,0.0,0.0,0.0,0.0,44.78428683858985,0,0.0,INDUSTRIAL,52.0,23.825826833333338,84.57293833333334
40,1.71725,6.16,307.56125000000003,333.26,15,65.0,3.778032784052938,0.2307692307692307,1.0,0.6153846153846154,0.2092911549995176,45.29472312305762,10.0,0.0,1.0,0.0,0.0,55.55555555555556,44.44444444444444,0.0,0.0,0.0,7.30889580512595,1,2400.0,INDUSTRIAL,53.0,23.69287225,85.33573725000001
62,3.94274193548387,12.01,318.17112903225814,341.97,21,50.0,0.332736270383235,0.42,1.0,1.24,0.7503359983685631,72.61343993474253,30.0,0.0,0.0,0.0,33.33333333333333,0.0,0.0,66.66666666666666,0.0,0.0,37.10749103710485,0,0.0,INDUSTRIAL,54.0,23.16554,82.33954919354838
65,3.084923076923077,10.23,316.726,349.1,27,65.0,1.7083179220384563,0.4153846153846154,1.0,1.0,0.3692328702855294,57.230853272959635,30.0,0.0,0.0,0.0,11.11111111111111,0.0,0.0,88.88888888888889,0.0,0.0,15.80194630671186,0,0.0,INDUSTRIAL,55.0,23.64867476923077,85.44794384615383
21,2.337142857142857,4.14,311.66619047619054,331.37,17,65.0,0.2071651938378831,0.2615384615384615,1.0,0.3230769230769231,0.8283870385798213,70.9816353893467,50.0,0.0,0.0,1.0,0.0,0.0,100.0,0.0,0.0,0.0,13.22662268253994,0,0.0,INDUSTRIAL,56.0,23.613696666666662,86.79021714285714
44,4.083636363636364,13.1,325.08022727272726,367.0,7,18.0,5.315441924317734,0.3888888888888889,1.0,2.4444444444444446,0.1583420466823517,48.00034853396073,30.0,0.0,0.0,0.0,0.0,11.11111111111111,0.0,88.88888888888889,0.0,0.0,80.01248038250726,0,0.0,INDUSTRIAL,57.0,31.315461818181824,77.36236136363638
35,2.5282857142857145,18.38,311.81685714285715,343.31,16,60.0,5.32873391661893,0.2666666666666666,1.0,0.5833333333333334,0.1580094870751401,44.32037948300561,10.0,0.0,1.0,0.0,0.0,100.0,0.0,0.0,0.0,0.0,41.21822035667058,0,0.0,INDUSTRIAL,58.0,31.272955142857143,76.92313942857143
67,5.871044776119402,16.67,339.0188059701493,367.0,20,41.0,10.664533501827483,0.4878048780487805,1.0,1.6341463414634143,0.0857299608118344,48.06334477393679,40.0,1.0,0.0,0.0,100.0,0.0,0.0,0.0,0.0,0.0,63.62176129514584,0,0.0,INDUSTRIAL,59.0,30.891129850746267,75.48574582089553
11,4.317272727272727,13.98,323.2172727272727,367.0,4,5.0,2.5265564947872416,0.8,0.8,2.2,0.2835627336406333,59.34250934562533,10.0,0.0,1.0,0.0,0.0,66.66666666666666,0.0,33.33333333333333,0.0,0.0,44.92356436960825,0,0.0,INDUSTRIAL,60.0,31.38202181818182,76.83926909090908
5,5.836,12.63,339.226,347.32,3,5.0,1.419921903064107,0.6,0.6,1.0,0.4132364762407411,52.52945904962965,10.0,0.0,1.0,0.0,0.0,100.0,0.0,0.0,0.0,0.0,55.482121140796814,0,0.0,INDUSTRIAL,61.0,31.479912,76.86386999999999
44,3.94159090909091,13.21,324.685,353.03,9,22.0,6.3431951167041145,0.4090909090909091,1.0,2.0,0.1361805023708583,47.71994736756161,40.0,1.0,0.0,0.0,66.66666666666666,33.33333333333333,0.0,0.0,0.0,0.0,53.8169423297595,0,0.0,INDUSTRIAL,62.0,31.524869545454543,76.54947340909091
46,7.065434782608697,28.19,338.3921739130435,367.0,19,40.0,7.376847717921209,0.475,1.0,1.15,0.1193766478362291,49.02506591344917,40.0,1.0,0.0,0.0,100.0,0.0,0.0,0.0,0.0,0.0,36.34536033182727,0,0.0,INDUSTRIAL,63.0,31.43217630434783,75.52532108695652
32,6.985625,33.12,327.0375,367.0,5,8.0,4.628976662004624,0.625,1.0,4.0,0.1776521844103496,55.85608737641399,10.0,0.0,1.0,0.0,0.0,100.0,0.0,0.0,0.0,0.0,143.27070626013665,0,0.0,INDUSTRIAL,64.0,32.462095,75.9780953125
37,4.415405405405404,12.27,327.5897297297297,354.15,5,5.0,4.496008492501886,1.0,1.0,7.4,0.1819502283091963,67.27800913236786,10.0,0.0,1.0,0.0,0.0,100.0,0.0,0.0,0.0,0.0,169.16680647535054,0,0.0,INDUSTRIAL,65.0,32.88826972972972,74.87692135135136
22,4.2740909090909085,10.19,320.1218181818181,352.78,3,4.0,2.5842507309790848,0.75,0.6,5.5,0.2789983388597474,51.659933554389895,40.0,1.0,0.0,0.0,77.77777777777779,11.11111111111111,0.0,11.11111111111111,0.0,0.0,197.2805963867543,0,0.0,INDUSTRIAL,66.0,33.151909545454544,74.96821818181817
46,4.949347826086957,33.28,327.60478260869564,367.0,9,24.0,3.90806132298986,0.375,1.0,1.9166666666666667,0.2037464355459248,49.39985742183699,10.0,0.0,1.0,0.0,0.0,100.0,0.0,0.0,0.0,0.0,202.3638137096224,0,0.0,INDUSTRIAL,67.0,33.04764456521739,74.27402695652174
62,5.555967741935484,39.25,324.4730645161291,353.82,6,15.0,5.143613641200437,0.4,1.0,4.133333333333334,0.1627706523232154,48.51082609292862,10.0,0.0,1.0,0.0,0.0,100.0,0.0,0.0,0.0,0.0,200.0379192316796,0,0.0,INDUSTRIAL,68.0,33.1498379032258,74.73910806451613
166,7.047048192771084,29.98,326.3082530120482,367.0,35,64.0,0.6328375928906373,0.546875,1.0,2.59375,0.6124307796158004,70.90348118463201,50.0,0.0,0.0,1.0,0.0,0.0,100.0,0.0,0.0,0.0,1.515819910019384,6,3128.0,INDUSTRIAL,69.0,21.104253915662653,72.64146608433735
17,4.687058823529411,12.71,329.13470588235293,342.58,11,21.0,3.832714498045401,0.5238095238095238,1.0,0.8095238095238095,0.2069230450928668,53.991207518000394,40.0,1.0,0.0,0.0,100.0,0.0,0.0,0.0,0.0,0.0,7.929438871940031,5,1728.0,INDUSTRIAL,70.0,21.763716470588232,72.63607294117648
34,6.760588235294118,13.8,327.70000000000005,342.52,25,44.0,0.1874637279780602,0.5681818181818182,1.0,0.7727272727272727,0.8421309859314509,80.73069398271258,60.0,0.0,0.0,0.0,0.0,0.0,0.0,0.0,0.0,100.0,21.169370688761003,0,0.0,INDUSTRIAL,71.0,22.928519411764707,70.10723911764705
25,10.67,18.2,341.0504,353.34,5,22.0,1.2952947898715164,0.2272727272727272,1.0,1.1363636363636365,0.4356738857303714,54.24513724739668,60.0,0.0,0.0,0.0,0.0,0.0,0.0,0.0,0.0,100.0,65.45753644345287,0,0.0,INDUSTRIAL,72.0,27.420288,72.4117404
27,4.775185185185186,16.73,322.5948148148148,367.0,4,4.0,2.18560283461167,1.0,0.8,6.75,0.313912327404713,66.55649309618852,30.0,0.0,0.0,0.0,0.0,22.22222222222222,0.0,77.77777777777779,0.0,0.0,194.93254459161264,0,0.0,INDUSTRIAL,73.0,33.13563407407407,75.05866703703704
80,3.4510000000000005,14.02,323.12775,367.0,14,27.0,5.913844419727958,0.5185185185185185,1.0,2.962962962962963,0.144637330447674,51.34104877346252,30.0,0.0,0.0,0.0,0.0,0.0,0.0,55.55555555555556,44.44444444444444,0.0,188.0870334161023,0,0.0,INDUSTRIAL,74.0,32.987380625,74.509270625
13,2.6853846153846157,10.74,313.42923076923074,344.83,5,14.0,2.471216146406426,0.3571428571428571,1.0,0.9285714285714286,0.2880834721385037,52.237624599825864,40.0,1.0,0.0,0.0,44.44444444444444,44.44444444444444,0.0,11.11111111111111,0.0,0.0,168.22365967716445,0,0.0,INDUSTRIAL,75.0,32.891603076923076,75.29742384615385
39,4.187435897435897,27.79,320.39000000000004,367.0,6,16.0,1.2208342009580964,0.375,1.0,2.4375,0.4502812499774126,59.261249999096506,10.0,0.0,1.0,0.0,0.0,100.0,0.0,0.0,0.0,0.0,150.71440960250894,0,0.0,INDUSTRIAL,76.0,32.73624230769231,75.25809435897438
12,5.709166666666665,19.08,315.4558333333333,337.48,4,11.0,3.650041362594267,0.3636363636363636,0.8,1.0909090909090908,0.2150518505156044,43.511164929715086,30.0,0.0,0.0,0.0,0.0,0.0,0.0,100.0,0.0,0.0,172.6945627536186,0,0.0,INDUSTRIAL,77.0,32.726777500000004,76.06760416666667
33,6.655454545454545,31.65,317.8751515151515,367.0,8,18.0,4.517125320431993,0.4444444444444444,1.0,1.8333333333333333,0.1812538127957005,50.58348584516135,10.0,0.0,1.0,0.0,33.33333333333333,66.66666666666666,0.0,0.0,0.0,0.0,160.2002372830499,0,0.0,INDUSTRIAL,78.0,32.61685090909091,76.02586848484847
11,4.923636363636363,15.31,323.41,367.0,3,3.0,2.6866407604058313,1.0,0.6,3.6666666666666665,0.2712496456774156,58.849985827096624,10.0,0.0,1.0,0.0,0.0,100.0,0.0,0.0,0.0,0.0,159.0198199611099,0,0.0,INDUSTRIAL,79.0,32.546944545454544,76.12784636363635
11,3.353636363636363,11.31,317.5490909090909,353.42,5,5.0,1.3112823856801912,1.0,1.0,2.2,0.4326602435927397,77.3064097437096,10.0,0.0,1.0,0.0,0.0,44.44444444444444,0.0,55.55555555555556,0.0,0.0,252.33468037211568,0,0.0,INDUSTRIAL,80.0,33.497830909090915,74.16782272727272
21,3.385714285714285,9.76,318.8847619047619,355.4,14,64.0,0.474941243414314,0.21875,1.0,0.328125,0.6779931095323626,63.6822243812945,60.0,0.0,0.0,0.0,0.0,0.0,0.0,0.0,0.0,100.0,86.46573373578232,0,0.0,INDUSTRIAL,81.0,25.94201523809523,72.19288333333333
46,3.208913043478262,9.77,315.384347826087,344.37,19,63.0,1.025142559466573,0.3015873015873015,1.0,0.7301587301587301,0.4937923976391085,58.79931495318339,60.0,0.0,0.0,0.0,0.0,0.0,0.0,0.0,0.0,100.0,25.269202964593013,0,0.0,INDUSTRIAL,82.0,25.034737173913044,87.38024
15,1.584666666666667,3.41,308.4686666666667,328.67,11,46.0,1.9157250054191168,0.2391304347826087,1.0,0.3260869565217391,0.3429678718471107,50.89262791736269,40.0,1.0,0.0,0.0,57.59510903195465,2.960322764288013,1.2078908937897577,8.977500556916908,7.022103413281849,21.992029900249992,14.041572089802214,0,0.0,INDUSTRIAL,83.0,28.75339866666667,76.93547533333334
11,1.4872727272727273,2.25,307.1318181818182,315.23,4,17.0,3.4936199197794724,0.2352941176470588,0.8,0.6470588235294118,0.2225377352451018,39.96033293921584,10.0,0.0,1.0,0.0,0.0,100.0,0.0,0.0,0.0,0.0,62.29918657326176,0,0.0,INDUSTRIAL,84.0,30.66760272727273,77.3101181818182
8,4.5325,9.09,329.64375,343.48,3,5.0,1.3240593291631948,0.6,0.6,1.6,0.4302816143510682,53.21126457404273,10.0,0.0,1.0,0.0,0.0,100.0,0.0,0.0,0.0,0.0,63.36713749298105,0,0.0,INDUSTRIAL,85.0,30.72554625,77.211025
6,7.333333333333333,21.15,325.76666666666665,347.43,2,10.0,0.2955148955673516,0.2,0.4,0.6,0.7718938650736739,48.875754602946955,10.0,0.0,1.0,0.0,0.0,100.0,0.0,0.0,0.0,0.0,117.17024470166474,0,0.0,INDUSTRIAL,86.0,30.709026666666663,78.32995999999999
9,4.235555555555555,8.6,322.7722222222222,349.65,3,3.0,2.368451493231286,1.0,0.6,3.0,0.2968723171491244,59.87489268596498,20.0,0.0,0.0,0.0,0.0,0.0,0.0,0.0,100.0,0.0,62.7687455715452,0,0.0,INDUSTRIAL,87.0,30.91614222222222,77.22638888888889
7,4.564285714285715,6.55,330.4714285714286,349.73,4,15.0,2.58650628645677,0.2666666666666666,0.8,0.4666666666666667,0.2788228766742058,43.152915066968234,10.0,0.0,1.0,0.0,0.0,100.0,0.0,0.0,0.0,0.0,117.90349353203328,0,0.0,INDUSTRIAL,88.0,30.996879999999997,77.99720857142857
13,5.360769230769231,16.79,321.66769230769233,339.88,3,4.0,1.1352581091970415,0.75,0.6,3.25,0.4683274568506602,59.23309827402641,10.0,0.0,1.0,0.0,0.0,55.55555555555556,0.0,44.44444444444444,0.0,0.0,64.23661587616616,0,0.0,INDUSTRIAL,89.0,31.248573076923076,77.2147730769231
8,3.375,7.95,326.615,367.0,4,15.0,2.64225068995881,0.2666666666666666,0.8,0.5333333333333333,0.2745555111724913,42.98222044689965,10.0,0.0,1.0,0.0,0.0,100.0,0.0,0.0,0.0,0.0,102.3038080395713,0,0.0,INDUSTRIAL,90.0,31.948905,76.40414375
5,2.974,5.59,311.62,324.62,1,1.0,0.3186092157004556,1.0,0.2,5.0,0.7583747998217896,66.33499199287158,10.0,0.0,1.0,0.0,0.0,100.0,0.0,0.0,0.0,0.0,110.64979078678031,0,0.0,INDUSTRIAL,91.0,32.026356,76.41494399999999
47,2.38595744680851,8.15,309.9444680851064,335.44,17,65.0,4.287381633801874,0.2615384615384615,1.0,0.7230769230769231,0.1891295293698997,45.411335020949835,30.0,0.0,0.0,0.0,0.0,0.0,0.0,100.0,0.0,0.0,24.73383922873885,0,0.0,INDUSTRIAL,92.0,23.78631595744681,85.53080319148935
21,2.663809523809524,9.72,306.14333333333326,342.57,16,57.0,1.4505872691236026,0.2807017543859649,1.0,0.3684210526315789,0.4080654513306223,54.74367068480383,10.0,0.0,1.0,0.0,0.0,66.66666666666666,0.0,33.33333333333333,0.0,0.0,9.15329516799695,1,2970.0,INDUSTRIAL,93.0,21.48964714285714,81.77500285714284
43,3.5893023255813956,19.8,317.0027906976744,367.0,16,58.0,0.5600622426693965,0.2758620689655172,1.0,0.7413793103448276,0.6410000656697624,63.915864695756014,50.0,0.0,0.0,1.0,0.0,0.0,88.88888888888889,0.0,0.0,11.11111111111111,0.6600557293608307,3,1525.0,INDUSTRIAL,94.0,17.608617209302324,83.20254976744187
59,2.3867796610169494,14.85,310.54305084745766,339.68,24,57.0,1.1643945725731817,0.4210526315789473,1.0,1.0350877192982455,0.4620229659932713,61.11249758709928,10.0,0.0,1.0,0.0,39.96435731788817,14.922897948070592,9.554218954976362,22.31875448627509,0.168312665528081,11.908121086111729,10.404182980130583,0,0.0,INDUSTRIAL,95.0,21.249466949152534,79.21021830508475
18,2.28,4.08,308.0766666666667,321.12,15,56.0,0.1804069909096356,0.2678571428571428,1.0,0.3214285714285714,0.8471654333641213,71.92233162027914,60.0,0.0,0.0,0.0,0.0,0.0,0.0,33.33333333333333,0.0,66.66666666666666,16.44134320134279,0,0.0,INDUSTRIAL,96.0,21.335255000000004,78.96802444444444
21,5.324285714285715,18.48,330.7580952380952,367.0,7,36.0,2.961733218364828,0.1944444444444444,1.0,0.5833333333333334,0.2524147752717033,45.92992434420147,10.0,0.0,1.0,0.0,0.0,77.77777777777779,0.0,0.0,22.22222222222222,0.0,99.25594027526589,0,0.0,INDUSTRIAL,97.0,13.88258238095238,79.22845428571429
14,1.627857142857143,3.29,306.93928571428575,311.28,14,54.0,0.5747252906837523,0.2592592592592592,1.0,0.2592592592592592,0.6350313962162859,63.17903362642922,50.0,0.0,0.0,1.0,0.0,0.0,100.0,0.0,0.0,0.0,47.50421859607541,0,0.0,INDUSTRIAL,98.0,11.18019642857143,79.09655785714287
6,2.0733333333333337,4.2,306.60499999999996,311.9,6,48.0,0.3615632036098687,0.125,1.0,0.125,0.7344499303071147,63.12799721228458,10.0,0.0,1.0,0.0,0.0,44.44444444444444,0.0,0.0,11.11111111111111,44.44444444444444,57.41796899957426,0,0.0,INDUSTRIAL,99.0,13.710576666666668,79.62037166666667
29,3.596551724137931,9.98,317.3024137931034,346.24,17,64.0,2.767242257237083,0.265625,1.0,0.453125,0.2654461623960986,48.58659649584395,10.0,0.0,1.0,0.0,0.0,100.0,0.0,0.0,0.0,0.0,2.3357033990057157,6,837.0,INDUSTRIAL,100.0,13.403148620689654,80.08991103448274
17,3.132941176470588,6.94,320.79,342.85,7,17.0,3.5619924806907157,0.4117647058823529,1.0,1.0,0.2192024656403189,51.121039802083345,10.0,0.0,1.0,0.0,0.0,100.0,0.0,0.0,0.0,0.0,178.45341385485636,0,0.0,INDUSTRIAL,101.0,32.9886405882353,75.10593176470589
10,2.4560000000000004,4.69,316.712,340.32,4,4.0,1.428375786048981,1.0,0.8,2.5,0.4117978797783276,70.4719151911331,10.0,0.0,1.0,0.0,0.0,100.0,0.0,0.0,0.0,0.0,146.93848349393838,0,0.0,INDUSTRIAL,102.0,32.650027,75.593691
7,6.344285714285713,8.35,338.95714285714286,367.0,4,34.0,1.4243541784241789,0.1176470588235294,0.8,0.2058823529411764,0.4124809852040663,44.028651172868535,90.0,0.0,0.0,0.0,0.0,0.0,0.0,0.0,0.0,0.0,38.05661994189559,0,0.0,INDUSTRIAL,103.0,16.689165714285714,81.32320999999999
8,5.6575,11.18,336.92375,341.97,5,11.0,2.850161643700079,0.4545454545454545,1.0,0.7272727272727273,0.2597293549054685,54.02553783258239,10.0,0.0,1.0,0.0,22.22222222222222,77.77777777777779,0.0,0.0,0.0,0.0,73.94724400173752,0,0.0,INDUSTRIAL,104.0,17.7200575,79.87981500000001
44,5.761136363636363,13.0,337.63568181818187,347.84,5,14.0,3.650676766362503,0.3571428571428571,1.0,3.142857142857143,0.2150224688227781,49.31518446719684,10.0,0.0,1.0,0.0,0.0,100.0,0.0,0.0,0.0,0.0,9.938840986378208,1,1600.0,INDUSTRIAL,105.0,21.907942045454543,82.64438045454546
28,2.186071428571428,5.35,309.07178571428574,333.1,15,64.0,0.487735826780059,0.234375,1.0,0.4375,0.6721623436092974,63.9177437443719,30.0,0.0,0.0,0.0,47.27110715081309,26.343407341402443,8.700279696047128,16.363456350090345,0.0,0.816811465062746,4.79167844290929,1,540.0,INDUSTRIAL,106.0,22.802116428571427,86.08946964285715
134,2.8273880597014927,9.4,311.929104477612,340.28,28,64.0,2.149109691745417,0.4375,1.0,2.09375,0.3175500690310164,55.82700276124066,10.0,0.0,1.0,0.0,0.0,44.44444444444444,55.55555555555556,0.0,0.0,0.0,14.191053376007478,0,0.0,INDUSTRIAL,107.0,23.68418388059702,87.12384126865672
667,3.5527136431784108,14.73,316.5925487256372,349.57,39,63.0,5.159693124296526,0.6190476190476191,1.0,10.587301587301589,0.1623457499945187,55.06525857120932,60.0,0.0,0.0,0.0,0.670775475854558,10.482413801638574,8.497314422910323,14.472414049157198,0.0,61.81530160144551,17.99655980888001,0,0.0,INDUSTRIAL,108.0,23.747999895052477,86.3919548275862
85,4.053176470588236,16.18,317.83682352941173,349.23,26,64.0,0.6372180255290465,0.40625,1.0,1.328125,0.6107922001877927,66.61918800751171,60.0,0.0,0.0,0.0,0.0,0.0,0.0,11.11111111111111,0.0,88.88888888888889,9.94563577368029,1,500.0,INDUSTRIAL,109.0,23.778899647058825,86.20885882352943
5,6.872,17.22,339.27,343.53,3,7.0,1.8777127620976075,0.4285714285714285,0.6,0.7142857142857143,0.3474981982812923,44.75707078839455,40.0,1.0,0.0,0.0,100.0,0.0,0.0,0.0,0.0,0.0,49.11555963766621,0,0.0,INDUSTRIAL,110.0,20.71683,81.57857399999999
69,4.811304347826086,13.39,336.52913043478264,354.85,14,23.0,10.307095615855545,0.6086956521739131,1.0,3.0,0.0884400410126306,51.79847120572261,40.0,1.0,0.0,0.0,100.0,0.0,0.0,0.0,0.0,0.0,26.165924954263872,0,0.0,INDUSTRIAL,111.0,21.296049855072464,83.87443420289854
7,5.021428571428571,8.37,335.76714285714286,340.17,5,7.0,1.2567481161011165,0.7142857142857143,1.0,1.0,0.4431154690527251,69.15319019068043,40.0,1.0,0.0,0.0,100.0,0.0,0.0,0.0,0.0,0.0,44.07370654089471,0,0.0,INDUSTRIAL,112.0,20.856335714285713,79.80504428571429
9,4.261111111111111,12.18,336.5777777777778,349.52,6,13.0,3.865454720209206,0.4615384615384615,1.0,0.6923076923076923,0.2055306353682398,52.06737926088344,40.0,1.0,0.0,0.0,100.0,0.0,0.0,0.0,0.0,0.0,27.2447363431974,0,0.0,INDUSTRIAL,113.0,31.62391333333333,75.2056411111111
10,6.934,14.66,338.357,350.06,4,4.0,3.554131162757085,1.0,0.8,2.5,0.2195808518160019,62.78323407264008,10.0,0.0,1.0,0.0,0.0,100.0,0.0,0.0,0.0,0.0,53.98224817135941,0,0.0,INDUSTRIAL,114.0,30.885299000000003,77.120426
338,5.93603550295858,44.65,337.3865680473373,367.0,31,41.0,18.911442548741096,0.7560975609756098,1.0,8.24390243902439,0.05022237829088,54.691821960903496,40.0,1.0,0.0,0.0,96.48523551397244,1.2796712952649687,0.4405831538823296,0.8836414940224252,0.383653869953714,0.527214672904136,16.104850116097165,0,0.0,INDUSTRIAL,115.0,31.280072514792895,75.26443286982249
13,7.039230769230769,13.87,339.17999999999995,351.5,6,14.0,4.720413856943934,0.4285714285714285,1.0,0.9285714285714286,0.1748125266821583,49.84964392442919,10.0,0.0,1.0,0.0,0.0,100.0,0.0,0.0,0.0,0.0,72.31929254086842,0,0.0,INDUSTRIAL,116.0,31.61667923076923,76.2284023076923
88,3.7575,12.74,316.8344318181818,342.3,24,64.0,0.6764498401195376,0.375,1.0,1.375,0.5964986103781644,65.10994441512658,60.0,0.0,0.0,0.0,0.0,0.0,33.333333333333336,0.0,0.0,66.66666666666667,17.257904042536836,0,0.0,INDUSTRIAL,117.0,18.68564534090909,73.03657284090909
8,7.785,10.55,345.18500000000006,367.0,4,7.0,1.2184686796368285,0.5714285714285714,0.8,1.1428571428571428,0.4507613784133765,59.1733122793922,20.0,0.0,0.0,0.0,0.0,11.11111111111111,0.0,0.0,88.88888888888889,0.0,36.4869137857382,0,0.0,INDUSTRIAL,118.0,21.16260375,70.72276
5,5.574,6.9,333.902,342.43,2,7.0,1.372114996945106,0.2857142857142857,0.4,0.7142857142857143,0.4215647223207288,37.43401746425772,40.0,1.0,0.0,0.0,100.0,0.0,0.0,0.0,0.0,0.0,19.35486399984721,0,0.0,INDUSTRIAL,119.0,21.904288,72.70148599999999
8,5.2825,9.18,337.40999999999997,347.88,4,60.0,2.848921764115111,0.0666666666666666,0.8,0.1333333333333333,0.2598130233052179,36.39252093220872,40.0,1.0,0.0,0.0,66.66666666666666,0.0,0.0,0.0,33.33333333333333,0.0,30.41415318306656,0,0.0,INDUSTRIAL,120.0,23.01739125,72.30231875
10,10.085,36.88,333.93999999999994,367.0,3,16.0,1.806479545113304,0.1875,0.6,0.625,0.3563182926956368,37.877731707825475,10.0,0.0,1.0,0.0,0.0,100.0,0.0,0.0,0.0,0.0,53.96184814521055,0,0.0,INDUSTRIAL,121.0,31.196899,77.12164000000001
6,1.26,3.05,301.53333333333336,312.44,5,47.0,0.2552111344074354,0.1063829787234042,1.0,0.1276595744680851,0.796678720088062,65.05863816522461,30.0,0.0,0.0,0.0,0.0,0.0,0.0,100.0,0.0,0.0,132.78926475160694,0,0.0,INDUSTRIAL,122.0,25.540821666666663,91.235935
14,2.117857142857143,6.41,309.6628571428572,336.73,14,62.0,0.1828626742907775,0.2258064516129032,1.0,0.2258064516129032,0.8454066746163763,70.59046053304215,10.0,0.0,1.0,0.0,0.0,100.0,0.0,0.0,0.0,0.0,34.2701779209942,0,0.0,INDUSTRIAL,123.0,24.11526214285714,86.85992571428572
7,0.9271428571428572,1.3,304.5571428571429,308.57,6,34.0,1.170737554952018,0.1764705882352941,1.0,0.2058823529411764,0.460672916317654,53.72103429976499,30.0,0.0,0.0,0.0,33.33333333333333,0.0,0.0,66.66666666666666,0.0,0.0,7.451316331714706,1,1980.0,INDUSTRIAL,124.0,23.835194285714287,84.94115428571429
23,2.9752173913043483,8.17,307.84260869565213,314.19,14,63.0,0.2199467073063983,0.2222222222222222,1.0,0.365079365079365,0.8197079380688412,69.45498418942032,60.0,0.0,0.0,0.0,0.0,0.0,0.0,0.0,0.0,100.0,0.1330254372073195,1,162.5,INDUSTRIAL,125.0,22.003975652173914,82.6701008695652
8,4.21625,6.47,322.77625,337.28,4,4.0,1.4240708374528446,1.0,0.8,2.0,0.4125291986313305,70.50116794525321,10.0,0.0,1.0,0.0,0.0,100.0,0.0,0.0,0.0,0.0,86.35963246515684,0,0.0,INDUSTRIAL,126.0,31.815669999999997,76.66157
7,2.157142857142857,3.41,315.6671428571429,330.99,3,4.0,0.7776834933982598,0.75,0.6,1.75,0.5625298337491886,63.001193349967544,10.0,0.0,1.0,0.0,0.0,100.0,0.0,0.0,0.0,0.0,251.275814812108,0,0.0,INDUSTRIAL,127.0,33.52516857142857,74.28969285714287
5,3.558,4.81,327.40600000000006,347.74,2,3.0,1.8913867488261076,0.6666666666666666,0.4,1.6666666666666667,0.3458548049326145,45.83419219730458,10.0,0.0,1.0,0.0,0.0,100.0,0.0,0.0,0.0,0.0,173.04684055727608,0,0.0,INDUSTRIAL,128.0,32.939328,75.214266
21,3.923809523809523,12.0,319.7752380952381,345.77,3,3.0,2.7375322637913664,1.0,0.6,7.0,0.2675562187617335,58.70224875046934,10.0,0.0,1.0,0.0,0.0,100.0,0.0,0.0,0.0,0.0,150.4164800280474,0,0.0,INDUSTRIAL,129.0,32.7081080952381,75.4738419047619
6,2.685,6.36,310.7916666666667,330.76,5,60.0,1.6771845847763027,0.0833333333333333,1.0,0.1,0.3735267286710292,47.44106914684117,60.0,0.0,0.0,0.0,0.0,0.0,0.0,0.0,0.0,100.0,11.937771893105149,0,0.0,INDUSTRIAL,130.0,22.970048333333335,72.55288333333334
17,2.267058823529412,6.33,309.3858823529412,316.73,14,48.0,0.1431251810018894,0.2916666666666667,1.0,0.3541666666666667,0.8747948314143096,73.74179325657238,50.0,0.0,0.0,1.0,42.05093933318482,1.0247271107150813,9.692829385411253,33.73431350709141,0.0,13.49471547733967,77.24236820246325,0,0.0,INDUSTRIAL,131.0,22.26476176470588,75.13348411764707
5,2.0,2.99,309.784,312.1,4,18.0,0.481362215063604,0.2222222222222222,0.8,0.2777777777777778,0.6750543451366915,57.66884047213432,50.0,0.0,0.0,1.0,0.0,0.0,100.0,0.0,0.0,0.0,15.140110897373065,0,0.0,INDUSTRIAL,132.0,23.43288,68.714332
17,2.402941176470588,5.16,310.18117647058824,325.11,12,62.0,0.408751448070172,0.1935483870967742,1.0,0.2741935483870967,0.7098484273928416,64.20038870861688,10.0,0.0,1.0,0.0,33.33333333333333,66.66666666666666,0.0,0.0,0.0,0.0,19.04818358502951,0,0.0,INDUSTRIAL,133.0,22.931064117647058,69.6981805882353
16,2.50125,4.24,309.5425,316.62,13,41.0,0.1587915997932878,0.3170731707317073,1.0,0.3902439024390244,0.8629679402045941,74.03091273013499,50.0,0.0,0.0,1.0,0.0,0.0,100.0,0.0,0.0,0.0,0.1170987295940638,2,752.0,INDUSTRIAL,134.0,20.909581875,71.45915687499999
22,5.520909090909091,14.6,315.21636363636355,340.09,10,41.0,1.3320449401584926,0.2439024390243902,1.0,0.5365853658536586,0.4288082029551442,54.46940128893747,50.0,0.0,0.0,1.0,0.0,0.0,100.0,0.0,0.0,0.0,11.308093260178884,0,0.0,INDUSTRIAL,135.0,22.327979545454543,69.87246545454546
25,2.7768,6.14,311.7556,337.4,18,39.0,0.3018145203045483,0.4615384615384615,1.0,0.6410256410256411,0.7681585851155344,74.57249725077523,10.0,0.0,1.0,0.0,0.0,88.88888888888889,11.11111111111111,0.0,0.0,0.0,67.11831725742972,0,0.0,INDUSTRIAL,136.0,22.415523599999997,69.0386644
10,17.932,36.05,359.361,367.0,1,1.0,0.6710241861294151,1.0,0.2,10.0,0.5984353837009954,59.93741534803981,40.0,1.0,0.0,0.0,100.0,0.0,0.0,0.0,0.0,0.0,186.9880082064182,0,0.0,INDUSTRIAL,137.0,26.663446,92.231129
6,5.185,9.98,335.12833333333333,344.63,4,10.0,1.5465366127760778,0.4,0.8,0.6,0.3926902110823616,51.70760844329446,30.0,0.0,0.0,0.0,0.0,0.0,0.0,100.0,0.0,0.0,72.00499158116945,0,0.0,INDUSTRIAL,138.0,30.635764999999996,77.76088833333334
85,5.689764705882354,16.78,333.8976470588236,367.0,34,62.0,12.74949628526966,0.5483870967741935,1.0,1.3709677419354838,0.0727299371011385,49.36081038727135,90.0,0.0,0.0,0.0,0.0,0.0,0.0,0.0,0.0,0.0,2.9423751373065805,1,160.0,INDUSTRIAL,139.0,8.810984823529411,78.06389435294119
30,8.397999999999998,61.93,336.8399999999999,367.0,16,63.0,7.793089084645508,0.2539682539682539,1.0,0.4761904761904761,0.11372567596821,42.168074657776025,10.0,0.0,1.0,0.0,0.0,100.0,0.0,0.0,0.0,0.0,9.248049391188156,1,35.0,INDUSTRIAL,140.0,9.769661666666668,78.30213400000001
6,3.943333333333334,8.9,314.72999999999996,347.26,3,49.0,1.462211909011667,0.0612244897959183,0.6,0.1224489795918367,0.4061388852600427,36.08229010427926,20.0,0.0,0.0,0.0,0.0,0.0,0.0,0.0,100.0,0.0,24.754044854908187,0,0.0,INDUSTRIAL,141.0,11.588354999999998,79.19407166666666
24,2.14625,5.91,310.00625,337.99,15,62.0,0.4326772622463393,0.2419354838709677,1.0,0.3870967741935484,0.697993907177719,65.1778208032378,50.0,0.0,0.0,1.0,0.0,0.0,100.0,0.0,0.0,0.0,0.2204204865641518,2,90.0,INDUSTRIAL,142.0,11.81241625,77.92028
7,2.02,4.36,310.11571428571426,332.06,7,57.0,0.9263224388913558,0.1228070175438596,1.0,0.1228070175438596,0.51912389110492,54.449166170512584,60.0,0.0,0.0,0.0,0.0,0.0,0.0,0.0,0.0,100.0,13.666791624332753,0,0.0,INDUSTRIAL,143.0,17.46044285714286,80.65718857142858
5,4.973999999999999,8.87,335.018,338.41,3,7.0,1.9479372453296029,0.4285714285714285,0.6,0.7142857142857143,0.3392202468299802,44.42595273034206,40.0,1.0,0.0,0.0,100.0,0.0,0.0,0.0,0.0,0.0,32.236665734679484,0,0.0,INDUSTRIAL,144.0,18.236116000000003,80.523824
6,4.58,9.53,333.95166666666665,338.16,5,61.0,3.016916340090351,0.081967213114754,1.0,0.0983606557377049,0.2489471812045524,42.41690364162472,40.0,1.0,0.0,0.0,100.0,0.0,0.0,0.0,0.0,0.0,72.15914284139137,0,0.0,INDUSTRIAL,145.0,12.197535000000002,79.61752333333332
4,3.4349999999999996,4.68,334.5875,340.48,2,15.0,2.3955064141202387,0.1333333333333333,0.4,0.2666666666666666,0.2945068799874718,27.78027519949887,40.0,1.0,0.0,0.0,100.0,0.0,0.0,0.0,0.0,0.0,62.868857385647175,0,0.0,INDUSTRIAL,146.0,12.2265675,79.700725
23,8.406086956521738,22.13,334.8434782608696,355.08,6,55.0,2.1623329870070176,0.109090909090909,1.0,0.4181818181818181,0.3162222334297716,45.92161660991814,10.0,0.0,1.0,0.0,0.0,100.0,0.0,0.0,0.0,0.0,33.48288546143409,0,0.0,INDUSTRIAL,147.0,17.345362173913042,80.86730826086958
6,7.831666666666667,21.35,341.79833333333335,352.59,4,14.0,2.8902481958005577,0.2857142857142857,0.8,0.4285714285714285,0.257053007846512,42.85354888528905,40.0,1.0,0.0,0.0,66.66666666666666,0.0,0.0,0.0,33.33333333333333,0.0,36.03970615132133,0,0.0,INDUSTRIAL,148.0,21.865671666666668,72.05119
62,6.372741935483873,12.89,347.76193548387107,355.94,4,33.0,1.074588834215061,0.1212121212121212,0.8,1.878787878787879,0.4820232247988353,46.91729262831705,60.0,0.0,0.0,0.0,0.0,0.0,0.0,0.0,0.0,100.0,53.94903399852272,0,0.0,INDUSTRIAL,149.0,22.145438870967745,72.23797064516127
7,4.315714285714286,6.3,328.5514285714285,339.72,5,28.0,0.4126168703546878,0.1785714285714285,1.0,0.25,0.7079060295725581,63.673384040045185,20.0,0.0,0.0,0.0,0.0,0.0,33.333333333333336,0.0,66.66666666666667,0.0,0.3775426713163737,1,123.0,INDUSTRIAL,150.0,23.11979285714286,70.08492285714286
5,8.328000000000001,11.88,341.192,342.83,2,4.0,1.086186322088709,0.5,0.4,1.25,0.4793435703282681,46.17374281313073,10.0,0.0,1.0,0.0,0.0,100.0,0.0,0.0,0.0,0.0,110.52657040871088,0,0.0,INDUSTRIAL,151.0,23.499688,71.61779999999999
5,4.8,8.99,338.492,341.26,4,22.0,0.145680621562134,0.1818181818181818,0.8,0.2272727272727272,0.8728436015933492,64.36828951827943,20.0,0.0,0.0,0.0,0.0,0.0,0.0,0.0,100.0,0.0,61.25701765899956,0,0.0,INDUSTRIAL,152.0,23.357414,70.621894
12,9.073333333333334,13.87,342.0233333333333,345.46,2,17.0,2.5013765313060263,0.1176470588235294,0.4,0.7058823529411765,0.2856019599888608,26.953490164260316,40.0,1.0,0.0,0.0,100.0,0.0,0.0,0.0,0.0,0.0,103.81347360588802,0,0.0,INDUSTRIAL,153.0,23.76689166666667,71.82624500000001
5,8.764,12.7,339.628,341.73,3,33.0,0.2908245818061746,0.0909090909090909,0.6,0.1515151515151515,0.7746986028115138,51.71521683973328,40.0,1.0,0.0,0.0,100.0,0.0,0.0,0.0,0.0,0.0,143.91480951062465,0,0.0,INDUSTRIAL,154.0,23.82056,71.266862
5,19.582,49.89,338.568,354.78,3,16.0,0.8077932388165813,0.1875,0.6,0.3125,0.5531606040603518,45.751424162414075,40.0,1.0,0.0,0.0,100.0,0.0,0.0,0.0,0.0,0.0,44.92037216683736,0,0.0,INDUSTRIAL,155.0,23.717694,69.22135999999999
8,5.51125,9.43,342.84124999999995,348.98,2,17.0,0.8046515205600028,0.1176470588235294,0.4,0.4705882352941176,0.5541236014860582,37.69435582414821,40.0,1.0,0.0,0.0,100.0,0.0,0.0,0.0,0.0,0.0,145.8244853474271,0,0.0,INDUSTRIAL,156.0,24.34820375,71.89092375
7,6.532857142857144,9.49,344.2914285714286,349.71,2,17.0,0.5209780658316181,0.1176470588235294,0.4,0.4117647058823529,0.6574716772481756,41.828278854632906,40.0,1.0,0.0,0.0,100.0,0.0,0.0,0.0,0.0,0.0,154.8026943736306,0,0.0,INDUSTRIAL,157.0,24.531548571428573,72.07976857142857
5,4.648,4.76,344.762,351.13,2,4.0,0.7268579793717634,0.5,0.4,1.25,0.5790864170334397,50.163456681337586,40.0,1.0,0.0,0.0,66.66666666666666,0.0,0.0,33.33333333333333,0.0,0.0,56.707415050958986,0,0.0,INDUSTRIAL,158.0,25.754365999999997,78.259286
6,4.656666666666666,6.79,336.44500000000005,343.38,4,9.0,0.3244610824251591,0.4444444444444444,0.8,0.6666666666666666,0.755024072258089,67.5342962236569,40.0,1.0,0.0,0.0,66.66666666666666,33.33333333333333,0.0,0.0,0.0,0.0,14.749688317618707,0,0.0,INDUSTRIAL,159.0,18.854575,79.360755
16,3.5231250000000003,8.62,315.673125,336.28,9,13.0,1.4268425993773348,0.6923076923076923,1.0,1.2307692307692308,0.4120580379858892,67.25155228866635,40.0,1.0,0.0,0.0,66.66666666666666,0.0,0.0,33.33333333333333,0.0,0.0,20.17078381034457,0,0.0,INDUSTRIAL,160.0,19.109236875,73.05323125
85,3.9647058823529417,11.97,319.1843529411765,349.71,17,62.0,1.3337607575193808,0.2741935483870967,1.0,1.3709677419354838,0.4284929364666016,55.36552391027696,30.0,0.0,0.0,0.0,0.0,0.0,0.0,100.0,0.0,0.0,18.70311512898259,0,0.0,INDUSTRIAL,161.0,22.040416470588237,83.73050611764705
9,3.484444444444444,6.5,323.7955555555556,344.23,7,18.0,3.22002504851782,0.3888888888888889,1.0,0.5,0.2369654180965644,51.14528339052925,40.0,1.0,0.0,0.0,100.0,0.0,0.0,0.0,0.0,0.0,21.386303966457643,0,0.0,INDUSTRIAL,162.0,22.140588888888885,82.08293777777777
11,2.941818181818182,4.76,340.6990909090909,346.5,2,17.0,0.8205056223863043,0.1176470588235294,0.4,0.6470588235294118,0.5492979465173021,37.501329625397965,40.0,1.0,0.0,0.0,100.0,0.0,0.0,0.0,0.0,0.0,43.00319456291254,0,0.0,INDUSTRIAL,163.0,21.247661818181815,72.01552727272725
6,9.775,22.1,338.58666666666664,350.11,5,58.0,2.1049274781964225,0.0862068965517241,1.0,0.1034482758620689,0.3220687140109552,45.46895545698993,40.0,1.0,0.0,0.0,100.0,0.0,0.0,0.0,0.0,0.0,31.912854987477186,0,0.0,INDUSTRIAL,164.0,27.424356666666664,70.83343500000001
5,5.948,8.4,337.166,348.04,4,10.0,2.2065862221698636,0.4,0.8,0.5,0.3118581353235249,48.474325412941,40.0,1.0,0.0,0.0,100.0,0.0,0.0,0.0,0.0,0.0,37.072080647927706,0,0.0,INDUSTRIAL,165.0,28.872535999999997,79.188432
20,6.916500000000001,16.81,324.079,350.5,10,60.0,1.3163909126150577,0.1666666666666666,1.0,0.3333333333333333,0.4317060624586304,52.26824249834522,50.0,0.0,0.0,1.0,5.653325412737308,27.89287393876389,45.02611321501943,4.314249647285958,7.230019058934185,7.497339174772902,0.9940515331307348,3,1058.4,INDUSTRIAL,166.0,29.460063,76.8674005
8,9.245,21.09,337.80875,344.94,5,15.0,1.7573153738958691,0.3333333333333333,1.0,0.5333333333333333,0.3626716078498771,54.50686431399508,40.0,1.0,0.0,0.0,98.25994406079056,1.2722457364916708,0.2895967921586099,0.1707878517858468,0.0,0.0074255587732976,95.91526961893624,0,0.0,INDUSTRIAL,167.0,30.880025,74.3287825
73,2.7413698630136984,11.05,311.5909589041096,339.86,24,62.0,1.226515376731753,0.3870967741935484,1.0,1.1774193548387095,0.4491323125142191,59.57819572637521,60.0,0.0,0.0,0.0,3.722680131679909,20.01683126655281,53.80807405757283,1.225217197594119,0.0,21.219771787827035,0.688132423262781,2,826.0,INDUSTRIAL,168.0,23.680737123287667,86.08917712328767
7,1.4228571428571428,2.15,308.07857142857137,319.53,5,24.0,0.2702340943126805,0.2083333333333333,1.0,0.2916666666666667,0.787256462786961,67.74025851147844,50.0,0.0,0.0,1.0,0.0,0.0,100.0,0.0,0.0,0.0,18.149329914587447,0,0.0,INDUSTRIAL,169.0,23.628547142857144,86.29096142857144
46,1.5721739130434784,4.5,306.92413043478257,333.32,16,54.0,3.531988329241396,0.2962962962962963,1.0,0.8518518518518519,0.2206537014995775,47.71503694887198,60.0,0.0,0.0,0.0,0.0,0.0,0.0,0.0,0.0,100.0,15.927888569351524,0,0.0,INDUSTRIAL,170.0,23.707669347826087,85.00548978260869
27,2.117037037037037,5.0,309.0511111111111,330.85,15,63.0,0.7208317874682564,0.238095238095238,1.0,0.4285714285714285,0.5811143234814558,60.38743008211537,50.0,0.0,0.0,1.0,0.0,33.33333333333333,66.66666666666666,0.0,0.0,0.0,3.6903002725894942,1,540.0,INDUSTRIAL,171.0,22.86969148148148,86.06118925925928
51,2.033137254901961,7.46,308.41607843137257,334.42,24,63.0,0.2784616308050537,0.3809523809523809,1.0,0.8095238095238095,0.7821900758729029,72.71617446348755,50.0,0.0,0.0,1.0,0.0,0.0,88.88888888888889,0.0,0.0,11.11111111111111,87.93444645903709,0,0.0,INDUSTRIAL,172.0,22.363888627450983,87.01759039215686
10,1.9549999999999996,4.42,305.5009999999999,309.2,5,51.0,0.4456311679943844,0.0980392156862745,1.0,0.196078431372549,0.6917393745649267,60.6107514531853,50.0,0.0,0.0,1.0,0.0,0.0,100.0,0.0,0.0,0.0,12.887827623499678,0,0.0,INDUSTRIAL,173.0,22.220515999999996,84.75535099999999
9,1.2022222222222223,1.78,303.76,307.13,6,54.0,0.5498886363287361,0.1111111111111111,1.0,0.1666666666666666,0.6452076468982492,59.1416392092633,60.0,0.0,0.0,0.0,0.0,0.0,0.0,0.0,0.0,100.0,47.69508744172411,0,0.0,INDUSTRIAL,174.0,21.97067,85.31512111111111
27,4.672962962962963,18.11,320.88740740740735,342.36,15,62.0,1.529479653503407,0.2419354838709677,1.0,0.4354838709677419,0.3953382264273085,53.07159357322138,50.0,0.0,0.0,1.0,0.8811663077646593,15.239721789064628,77.87678522808842,0.3415757035716937,0.0,5.60382168758199,2.629054380774066,1,560.0,INDUSTRIAL,175.0,21.188261481481483,81.39875777777779
39,1.9207692307692308,9.46,307.65128205128207,346.66,12,57.0,0.7288693435564658,0.2105263157894736,1.0,0.6842105263157895,0.5784127087029578,59.45229782180253,50.0,0.0,0.0,1.0,0.0,0.0,100.0,0.0,0.0,0.0,131.4295720532952,0,0.0,INDUSTRIAL,176.0,19.099214871794867,82.16954538461538
8,4.945,13.38,336.06374999999997,346.77,2,2.0,0.5382432663055481,1.0,0.4,4.0,0.6500922330716483,68.00368932286594,10.0,0.0,1.0,0.0,0.0,100.0,0.0,0.0,0.0,0.0,140.43421287637156,0,0.0,INDUSTRIAL,177.0,32.624120000000005,75.4292875
6,2.8166666666666664,4.05,317.29333333333335,322.42,1,1.0,0.3070928268686285,1.0,0.2,6.0,0.7650566045838354,66.60226418335341,10.0,0.0,1.0,0.0,0.0,100.0,0.0,0.0,0.0,0.0,39.34941085449192,0,0.0,INDUSTRIAL,178.0,31.354118333333332,76.779045
7,5.022857142857142,7.96,332.98999999999995,347.2,3,20.0,1.3006632581669122,0.15,0.6,0.35,0.4346572652256658,39.88629060902663,10.0,0.0,1.0,0.0,0.0,100.0,0.0,0.0,0.0,0.0,70.88146144185112,0,0.0,INDUSTRIAL,179.0,30.933702857142855,77.31730714285713
17,3.4017647058823535,10.67,329.47647058823526,346.59,4,20.0,2.6557827513155345,0.2,0.8,0.85,0.2735392303167221,40.94156921266888,10.0,0.0,1.0,0.0,0.0,100.0,0.0,0.0,0.0,0.0,41.65786211762769,0,0.0,INDUSTRIAL,180.0,30.96451941176471,77.01217705882353
13,1.9269230769230767,2.84,308.6192307692308,316.37,13,55.0,0.157829004833711,0.2363636363636363,1.0,0.2363636363636363,0.8636853938061617,71.63832484315556,60.0,0.0,0.0,0.0,0.0,0.0,66.66666666666666,0.0,0.0,33.33333333333333,93.82069069829222,0,0.0,INDUSTRIAL,181.0,27.66748230769231,76.1303523076923
5,1.27,1.54,312.02,318.49,3,49.0,0.9446275313859112,0.0612244897959183,0.6,0.1020408163265306,0.5142372942171155,40.406226462562174,20.0,0.0,0.0,0.0,0.0,0.0,0.0,0.0,100.0,0.0,24.598950127988324,0,0.0,INDUSTRIAL,182.0,23.26231,70.26414199999999
7,2.198571428571429,3.07,309.32,313.93,6,42.0,0.1460091772381015,0.1428571428571428,1.0,0.1666666666666666,0.8725933612591256,69.1894487360793,60.0,0.0,0.0,0.0,0.0,0.0,0.0,0.0,0.0,100.0,10.627105585934157,0,0.0,INDUSTRIAL,183.0,23.49675571428571,68.57772714285714
17,1.9576470588235295,3.68,311.0017647058824,330.04,16,59.0,0.145550867820776,0.2711864406779661,1.0,0.288135593220339,0.8729424664505184,73.05329187835972,40.0,1.0,0.0,0.0,100.0,0.0,0.0,0.0,0.0,0.0,35.38279039071035,0,0.0,INDUSTRIAL,184.0,26.257704117647062,74.0956
7,3.271428571428572,4.62,316.44428571428574,330.83,6,34.0,1.8288854519628992,0.1764705882352941,1.0,0.2058823529411764,0.3534961089732787,49.433962005989976,10.0,0.0,1.0,0.0,11.11111111111111,88.88888888888889,0.0,0.0,0.0,0.0,9.706643651453902,2,1532.0,INDUSTRIAL,185.0,21.427465714285713,72.97397714285714
7,8.5,11.75,334.7357142857143,344.67,2,17.0,1.06189796290397,0.1176470588235294,0.4,0.4117647058823529,0.4849900518799696,34.92901383990466,20.0,0.0,0.0,0.0,0.0,0.0,0.0,0.0,100.0,0.0,36.88775400485298,0,0.0,INDUSTRIAL,186.0,13.720560000000004,79.91339714285714
8,6.00375,11.3,336.76875,347.37,6,37.0,0.8560716783517716,0.1621621621621621,1.0,0.2162162162162162,0.5387722961690896,56.41575671162845,40.0,1.0,0.0,0.0,100.0,0.0,0.0,0.0,0.0,0.0,41.75692413059,0,0.0,INDUSTRIAL,187.0,11.91244625,79.56706750000001
5,5.434,6.8,335.198,338.43,3,17.0,1.8564456333816732,0.1764705882352941,0.6,0.2941176470588235,0.3500854307582691,37.297534877389594,30.0,0.0,0.0,0.0,0.0,0.0,0.0,33.33333333333333,66.66666666666666,0.0,72.50678657113905,0,0.0,INDUSTRIAL,188.0,12.830948,79.568614
5,9.17,10.97,340.316,347.59,1,1.0,2.5384523542764144,1.0,0.2,5.0,0.2826094291735891,47.30437716694357,40.0,1.0,0.0,0.0,100.0,0.0,0.0,0.0,0.0,0.0,29.663515995909343,0,0.0,INDUSTRIAL,189.0,12.96252,79.95325
9,5.227777777777778,10.77,339.7566666666667,351.86,4,35.0,2.8731225659435164,0.1142857142857142,0.8,0.2571428571428571,0.2581896087650389,37.756155779172985,10.0,0.0,1.0,0.0,0.0,100.0,0.0,0.0,0.0,0.0,63.01295147899267,0,0.0,INDUSTRIAL,190.0,17.375006666666664,79.95699777777777
5,4.006,6.21,335.538,337.0,3,9.0,1.021986236445238,0.3333333333333333,0.6,0.5555555555555556,0.4945632081838769,47.782528327355074,40.0,1.0,0.0,0.0,100.0,0.0,0.0,0.0,0.0,0.0,75.60691170189898,0,0.0,INDUSTRIAL,191.0,17.718676,79.420726
10,6.4670000000000005,10.91,340.893,350.54,5,9.0,4.078024990617012,0.5555555555555556,1.0,1.1111111111111112,0.1969269552331395,54.54374487599225,40.0,1.0,0.0,0.0,100.0,0.0,0.0,0.0,0.0,0.0,50.87887940049525,0,0.0,INDUSTRIAL,192.0,18.081162,79.46527800000001
13,5.212307692307691,10.79,341.95692307692303,350.94,2,33.0,0.4644941165078584,0.0606060606060606,0.4,0.3939393939393939,0.682829646584404,41.13136768155798,50.0,0.0,0.0,1.0,0.0,0.0,33.33333333333333,66.66666666666666,0.0,0.0,96.96304282834312,0,0.0,INDUSTRIAL,193.0,18.30587,78.67118384615385
5,3.4019999999999997,5.39,337.588,340.4,2,33.0,1.503142430542722,0.0606060606060606,0.4,0.1515151515151515,0.3994978423114276,29.798095510638923,30.0,0.0,0.0,0.0,0.0,0.0,0.0,100.0,0.0,0.0,134.59793791925114,0,0.0,INDUSTRIAL,194.0,18.255598,78.296186
7,3.8085714285714287,5.09,333.19714285714286,341.2,6,9.0,2.7891529674968885,0.6666666666666666,1.0,0.7777777777777778,0.263911224639896,60.55644898559584,40.0,1.0,0.0,0.0,100.0,0.0,0.0,0.0,0.0,0.0,40.55717834159996,0,0.0,INDUSTRIAL,195.0,18.40408,79.36621857142856
25,4.142399999999999,11.72,321.648,343.26,11,37.0,2.913789071019514,0.2972972972972973,1.0,0.6756756756756757,0.2555068711813606,49.13919376617334,20.0,0.0,0.0,0.0,11.11111111111111,44.44444444444444,0.0,0.0,44.44444444444444,0.0,11.406478452754513,0,0.0,INDUSTRIAL,196.0,18.7170228,79.5564128
8,5.126250000000001,7.67,338.00374999999997,345.19,4,11.0,2.9260507331469396,0.3636363636363636,0.8,0.7272727272727273,0.2547088838045774,45.097446261274,40.0,1.0,0.0,0.0,100.0,0.0,0.0,0.0,0.0,0.0,61.62594882785747,0,0.0,INDUSTRIAL,197.0,18.86960625,78.88371624999999
6,4.588333333333333,6.85,334.84,339.2,4,7.0,1.8327185512759865,0.5714285714285714,0.8,0.8571428571428571,0.3530177749390437,55.26356814041888,40.0,1.0,0.0,0.0,100.0,0.0,0.0,0.0,0.0,0.0,80.14353593210505,0,0.0,INDUSTRIAL,198.0,20.809953333333336,83.863595
6,7.336666666666666,14.03,340.17833333333334,344.73,5,9.0,2.646572780499291,0.5555555555555556,1.0,0.6666666666666666,0.2742300949943139,57.63587046643923,10.0,0.0,1.0,0.0,2.7202296972847204,93.98282220737111,0.0024751862577658,2.0915323878121828,0.9801737580752952,0.168312665528081,52.64351148373379,0,0.0,INDUSTRIAL,199.0,21.17835666666667,80.408945
15,4.664666666666666,8.36,344.17266666666666,354.81,3,17.0,1.109363454958497,0.1764705882352941,0.6,0.8823529411764706,0.4740766687928021,42.25718439877091,40.0,1.0,0.0,0.0,100.0,0.0,0.0,0.0,0.0,0.0,60.21638935377908,0,0.0,INDUSTRIAL,200.0,20.824181333333335,77.39032266666666
6,5.8116666666666665,11.69,307.38,367.0,2,16.0,1.2118292751497028,0.125,0.4,0.375,0.4521144607475715,33.83457842990286,40.0,1.0,0.0,0.0,77.77777777777779,0.0,0.0,0.0,0.0,0.0,22.748293924629607,0,0.0,INDUSTRIAL,201.0,16.634178333333335,81.10336666666667
65,5.890153846153845,17.22,330.1610769230769,347.12,21,56.0,0.2958513098747796,0.375,1.0,1.1607142857142858,0.7716934746908823,72.11773898763529,40.0,1.0,0.0,0.0,100.0,0.0,0.0,0.0,0.0,0.0,13.344643363575054,0,0.0,INDUSTRIAL,202.0,22.358665384615385,82.30226523076922
21,8.28190476190476,18.11,344.57190476190476,355.55,2,17.0,0.7173252039708401,0.1176470588235294,0.4,1.2352941176470589,0.5823008930910559,38.82144748834812,40.0,1.0,0.0,0.0,100.0,0.0,0.0,0.0,0.0,0.0,26.385552778027087,0,0.0,INDUSTRIAL,203.0,21.998988095238097,76.76382142857142
8,7.14875,14.67,337.905,354.47,3,3.0,0.9639300110475896,1.0,0.6,2.6666666666666665,0.509183114660275,68.367324586411,10.0,0.0,1.0,0.0,0.0,100.0,0.0,0.0,0.0,0.0,36.60411455503389,0,0.0,INDUSTRIAL,204.0,21.09434625,70.9132775
5,8.306000000000001,16.69,340.92199999999997,352.22,4,13.0,3.3736195810810967,0.3076923076923077,0.8,0.3846153846153846,0.2286435711797353,42.37651207795865,40.0,1.0,0.0,0.0,100.0,0.0,0.0,0.0,0.0,0.0,33.614713981025595,0,0.0,INDUSTRIAL,205.0,28.237435999999995,80.290346
7,3.867142857142857,5.65,333.65142857142854,337.84,5,19.0,2.3533292341813423,0.2631578947368421,1.0,0.3684210526315789,0.2982111001230491,49.823180847027224,40.0,1.0,0.0,0.0,100.0,0.0,0.0,0.0,0.0,0.0,28.968182602516624,0,0.0,INDUSTRIAL,206.0,29.664644285714285,77.07099000000001
33,6.316969696969697,14.83,338.78606060606063,367.0,15,38.0,7.415150955278322,0.3947368421052631,1.0,0.868421052631579,0.1188332812226927,46.5954365120656,50.0,0.0,0.0,1.0,0.0,0.0,100.0,0.0,0.0,0.0,35.749244576436084,0,0.0,INDUSTRIAL,207.0,30.59278787878788,76.20624303030303
93,5.49763440860215,26.86,337.22462365591394,353.18,16,36.0,9.716028843607118,0.4444444444444444,1.0,2.5833333333333335,0.0933181512101446,47.06605938173911,40.0,1.0,0.0,0.0,100.0,0.0,0.0,0.0,0.0,0.0,44.666198971553385,0,0.0,INDUSTRIAL,208.0,30.807784731182792,76.20391688172045
10,5.761,9.51,336.355,341.34,6,16.0,4.254277410785508,0.375,1.0,0.625,0.190321127306162,48.86284509224648,40.0,1.0,0.0,0.0,100.0,0.0,0.0,0.0,0.0,0.0,53.89037863323282,0,0.0,INDUSTRIAL,209.0,30.721615000000003,75.359607
6,8.726666666666667,16.89,342.01833333333326,354.97,4,16.0,2.1992935914425384,0.25,0.8,0.375,0.3125690004427218,44.00276001770887,40.0,1.0,0.0,0.0,98.34657557981238,0.3564268211182891,1.1311601197990149,0.165837479270315,0.0,0.0,94.09710523995916,0,0.0,INDUSTRIAL,210.0,30.781680000000005,74.38669166666666
11,10.464545454545451,20.41,344.8054545454546,356.13,2,2.0,1.2616688867980523,1.0,0.4,5.5,0.4421513714218997,59.686054856875984,30.0,0.0,0.0,0.0,0.0,0.0,0.0,100.0,0.0,0.0,56.700521585409014,0,0.0,INDUSTRIAL,211.0,31.288591818181825,77.10598727272728
5,2.346,4.85,326.276,341.62,2,2.0,1.2997271125069283,1.0,0.4,2.5,0.4348342003542767,59.393368014171074,10.0,0.0,1.0,0.0,0.0,100.0,0.0,0.0,0.0,0.0,92.90908860280835,0,0.0,INDUSTRIAL,212.0,31.763152,76.090456
5,11.558000000000002,17.1,335.27599999999995,343.33,2,2.0,1.6964393823296908,1.0,0.4,2.5,0.3708594402504284,56.834377610017135,10.0,0.0,1.0,0.0,0.0,100.0,0.0,0.0,0.0,0.0,121.00405323068206,0,0.0,INDUSTRIAL,213.0,32.075456,76.185158
7,3.382857142857143,12.01,315.3328571428571,336.9,4,18.0,1.5419338156507345,0.2222222222222222,0.8,0.3888888888888889,0.3934012734096305,46.40271760305188,10.0,0.0,1.0,0.0,0.0,100.0,0.0,0.0,0.0,0.0,187.63306098775513,0,0.0,INDUSTRIAL,214.0,33.06120142857143,74.92578857142858
8,4.5424999999999995,6.41,328.8725,345.24,3,9.0,2.157280386360731,0.3333333333333333,0.6,0.8888888888888888,0.3167282843550868,40.669131374203474,10.0,0.0,1.0,0.0,0.0,100.0,0.0,0.0,0.0,0.0,169.59826711124182,0,0.0,INDUSTRIAL,215.0,32.79307125,74.45696625000001
15,1.586,4.66,308.08866666666665,313.0,10,52.0,2.170782755716462,0.1923076923076923,1.0,0.2884615384615384,0.315379537811963,48.38441228170929,40.0,1.0,0.0,0.0,83.51278433702136,2.4776614440236626,5.885992920967302,5.158288161184129,2.59399519813866,0.3712779386648845,11.70970814406706,0,0.0,INDUSTRIAL,216.0,28.35762066666667,77.240008
17,1.7741176470588236,4.19,311.03882352941173,334.85,10,62.0,0.6745308711878488,0.1612903225806451,1.0,0.2741935483870967,0.597182182309149,58.725996969785314,60.0,0.0,0.0,0.0,0.0,0.0,0.0,0.0,0.0,66.66666666666666,15.017327394804688,0,0.0,INDUSTRIAL,217.0,23.62200411764706,85.67338529411764
5,2.502,4.06,310.146,313.55,5,45.0,0.12633678774731,0.1111111111111111,1.0,0.1111111111111111,0.8878339151116732,68.84668993780026,50.0,0.0,0.0,1.0,0.0,0.0,77.77777777777779,0.0,0.0,22.22222222222222,27.87541034433441,0,0.0,INDUSTRIAL,218.0,24.527697999999997,81.168872
5,5.64,9.04,334.962,345.76,4,5.0,1.9042954454976104,0.8,0.8,1.0,0.3443175870933695,61.77270348373479,10.0,0.0,1.0,0.0,0.0,100.0,0.0,0.0,0.0,0.0,96.59040356866136,0,0.0,INDUSTRIAL,219.0,31.988180000000007,75.88012599999999
5,2.776,4.27,321.596,333.25,1,1.0,0.3172175687672821,1.0,0.2,5.0,0.7591760265814325,66.36704106325729,10.0,0.0,1.0,0.0,0.0,100.0,0.0,0.0,0.0,0.0,43.10551359170941,0,0.0,INDUSTRIAL,220.0,31.167074000000003,77.01296200000002
45,3.0217777777777775,6.54,311.8633333333333,337.55,19,61.0,0.4342814167246314,0.3114754098360656,1.0,0.7377049180327869,0.697213244443779,67.23279207283312,40.0,0.0,0.0,0.0,0.0,0.0,0.0,0.0,0.0,0.0,1.5923504689756127,2,900.0,INDUSTRIAL,221.0,22.05388422222222,88.12347444444444
12,2.4475,5.6,310.95666666666665,318.61,10,39.0,0.1325068497448612,0.2564102564102564,1.0,0.3076923076923077,0.8829968668403965,73.01218236592355,50.0,0.0,0.0,1.0,0.0,0.0,88.88888888888889,0.0,0.0,11.11111111111111,0.1884357037871317,1,30.0,INDUSTRIAL,222.0,24.763816666666667,74.60819083333334
7,1.1557142857142857,1.73,307.4757142857143,312.5,5,16.0,0.190436359941589,0.3125,1.0,0.4375,0.8400281053655543,72.97612421462217,40.0,1.0,0.0,0.0,100.0,0.0,0.0,0.0,0.0,0.0,57.39740044477692,0,0.0,INDUSTRIAL,223.0,18.771961428571423,74.32123714285714
5,4.004,11.72,314.076,333.19,3,10.0,0.4974550122025345,0.3,0.6,0.5,0.6677996947161359,53.71198778864543,30.0,0.0,0.0,0.0,0.0,0.0,0.0,100.0,0.0,0.0,28.66119358911376,0,0.0,INDUSTRIAL,224.0,18.7731,73.74957400000001
7,2.1514285714285717,4.15,315.54,336.11,6,13.0,1.4190206935543352,0.4615384615384615,1.0,0.5384615384615384,0.4133904280623047,60.38177096864604,40.0,1.0,0.0,0.0,100.0,0.0,0.0,0.0,0.0,0.0,12.910553778597109,0,0.0,INDUSTRIAL,225.0,22.10340857142857,83.13075857142859
5,1.892,2.71,305.956,308.47,5,47.0,0.1908777475465681,0.1063829787234042,1.0,0.1063829787234042,0.8397167568712975,66.78015963655403,60.0,0.0,0.0,0.0,0.0,0.0,0.0,0.0,0.0,100.0,9.56179586223832,1,65.0,INDUSTRIAL,226.0,21.878044,83.554704
14,1.3707142857142858,2.48,308.6171428571429,325.98,11,60.0,0.2003456571501196,0.1833333333333333,1.0,0.2333333333333333,0.8330933627687015,68.82373451074807,30.0,0.0,0.0,0.0,0.0,0.0,0.0,100.0,0.0,0.0,19.53913015611817,0,0.0,INDUSTRIAL,227.0,19.934947142857144,73.71177642857141
8,2.09125,3.58,309.3975,313.13,8,32.0,0.1145200620742445,0.25,1.0,0.25,0.8972471954779261,73.38988781911704,60.0,0.0,0.0,0.0,0.0,0.0,33.33333333333333,0.0,0.0,66.66666666666666,21.721543014764364,0,0.0,INDUSTRIAL,228.0,24.658105,73.87695624999999
230,2.354956521739131,8.71,314.2076086956522,350.7,32,61.0,2.5371747074721336,0.5245901639344263,1.0,3.7704918032786887,0.2827115092414128,57.046165287689306,50.0,0.0,0.0,1.0,0.0,0.0,55.55555555555556,0.0,0.0,44.44444444444444,1.5840954557150166,2,2560.0,INDUSTRIAL,229.0,15.178294391304346,76.67400260869567
35,1.5725714285714285,6.18,307.26657142857147,338.02,20,61.0,1.1999761106023126,0.3278688524590163,1.0,0.5737704918032787,0.4545503904250208,58.018081190771326,20.0,0.0,0.0,0.0,0.0,0.0,0.0,0.0,100.0,0.0,21.063038227673648,0,0.0,INDUSTRIAL,230.0,15.333337714285715,76.27906257142858
9,1.0666666666666669,2.15,306.53555555555556,311.26,8,61.0,0.2086781285255357,0.1311475409836065,1.0,0.1475409836065573,0.8273501244040035,67.02843120566834,50.0,0.0,0.0,1.0,0.0,0.0,100.0,0.0,0.0,0.0,74.66705676144721,0,0.0,INDUSTRIAL,231.0,17.140418888888888,77.18240777777777
13,1.6792307692307693,3.16,306.38307692307694,314.03,8,34.0,0.4079364422274829,0.2352941176470588,1.0,0.3823529411764705,0.7102593341627762,65.46919689592282,10.0,0.0,1.0,0.0,0.0,100.0,0.0,0.0,0.0,0.0,0.0803012240110127,1,235.0,INDUSTRIAL,232.0,15.169617692307694,76.37896692307692
6,2.2166666666666663,2.95,309.3516666666667,312.22,4,49.0,1.5942293475002292,0.0816326530612244,0.8,0.1224489795918367,0.3854709303029006,41.86781680395276,40.0,1.0,0.0,0.0,100.0,0.0,0.0,0.0,0.0,0.0,35.70201016881877,0,0.0,INDUSTRIAL,233.0,12.861948333333332,79.91182333333334
9,3.3888888888888884,4.86,323.9522222222223,338.16,8,58.0,0.1421259184770791,0.1379310344827586,1.0,0.1551724137931034,0.8755602020952373,69.16033911829226,40.0,1.0,0.0,0.0,100.0,0.0,0.0,0.0,0.0,0.0,8.144735276124354,1,291.0,INDUSTRIAL,234.0,27.37817444444444,95.33532555555556
5,6.986,8.36,339.332,341.54,4,13.0,2.829895320559399,0.3076923076923077,0.8,0.3846153846153846,0.2611037420871176,43.67491891425394,30.0,0.0,0.0,0.0,44.44444444444444,0.0,0.0,55.55555555555556,0.0,0.0,18.031049847203334,0,0.0,INDUSTRIAL,235.0,17.692516,75.89957799999999
7,6.711428571428571,9.82,340.22999999999996,348.63,5,9.0,2.252988537872357,0.5555555555555556,1.0,0.7777777777777778,0.3074096291326184,58.96305183197141,40.0,1.0,0.0,0.0,100.0,0.0,0.0,0.0,0.0,0.0,79.82888994653985,0,0.0,INDUSTRIAL,236.0,20.828288571428573,84.22518857142857
8,7.2175,10.19,341.10875,346.34,2,5.0,1.6631229996741963,0.4,0.4,1.6,0.3754989912678982,39.01995965071593,30.0,0.0,0.0,0.0,0.0,0.0,0.0,100.0,0.0,0.0,12.564938461401654,0,0.0,INDUSTRIAL,237.0,20.803951249999997,82.00855750000001
7,6.344285714285715,8.25,339.19571428571425,346.85,3,5.0,1.9970416387580967,0.6,0.6,1.4,0.3336623646024406,49.34649458409763,40.0,1.0,0.0,0.0,100.0,0.0,0.0,0.0,0.0,0.0,24.339961969107108,0,0.0,INDUSTRIAL,238.0,21.005355714285713,82.21430428571429
6,5.715,8.32,342.615,367.0,3,6.0,3.087540186129963,0.5,0.6,1.0,0.2446459128140801,42.78583651256321,10.0,0.0,1.0,0.0,0.0,100.0,0.0,0.0,0.0,0.0,40.369858989709805,0,0.0,INDUSTRIAL,239.0,21.231838333333332,83.68163333333332
14,2.573571428571429,5.4,333.4735714285715,338.14,5,8.0,3.660038162261056,0.625,1.0,1.75,0.2145905173263213,57.33362069305285,50.0,0.0,0.0,1.0,0.0,0.0,44.44444444444444,55.55555555555556,0.0,0.0,42.11095594594895,0,0.0,INDUSTRIAL,240.0,21.306295,83.57607428571428
12,5.040833333333333,9.15,347.7683333333334,355.84,2,17.0,0.4000334327640463,0.1176470588235294,0.4,0.7058823529411765,0.7142686571603711,44.10015805112073,40.0,1.0,0.0,0.0,100.0,0.0,0.0,0.0,0.0,0.0,47.45995156845633,0,0.0,INDUSTRIAL,241.0,21.96784666666667,81.75403416666667
6,1.768333333333333,2.55,312.9866666666667,335.2,5,18.0,0.1532797636876843,0.2777777777777778,1.0,0.3333333333333333,0.8670922975379688,73.01702523485208,30.0,0.0,0.0,0.0,0.0,0.0,0.0,100.0,0.0,0.0,78.36156092616727,0,0.0,INDUSTRIAL,242.0,23.065455,83.04737333333333
7,1.7957142857142858,2.91,313.43142857142857,331.97,6,59.0,0.3626668215944786,0.1016949152542373,1.0,0.1186440677966101,0.733855102474634,62.40505155661248,20.0,0.0,0.0,0.0,0.0,11.11111111111111,0.0,0.0,77.77777777777779,11.11111111111111,11.930185130398208,0,0.0,INDUSTRIAL,243.0,23.011554285714286,70.1006057142857
6,8.141666666666667,17.68,339.8033333333333,345.5,4,15.0,2.4143256883919992,0.2666666666666666,0.8,0.4,0.2928836002376085,43.71534400950434,40.0,1.0,0.0,0.0,100.0,0.0,0.0,0.0,0.0,0.0,32.50699556939914,0,0.0,INDUSTRIAL,244.0,28.832863333333336,79.31473666666666
13,9.550769230769232,35.31,312.55384615384617,344.19,2,51.0,0.6376335615590972,0.0392156862745098,0.4,0.2549019607843137,0.6106372166969742,37.60195925611426,50.0,0.0,0.0,1.0,38.90745278582213,10.74478354496176,39.71188831959605,1.8836167421598475,1.3539268829979456,7.338927254275884,1.9952182298509469,1,165.0,INDUSTRIAL,245.0,29.910195384615385,74.9462846153846
42,2.577619047619048,13.52,310.0802380952381,332.79,26,60.0,0.238055774254037,0.4333333333333333,1.0,0.7,0.8077180534152654,75.30872213661061,40.0,1.0,0.0,0.0,45.939456944135046,15.210019553971437,25.496893641246505,9.569070072522958,0.0594044701863815,3.722680131679909,5.16416366179067,1,663.0,INDUSTRIAL,246.0,26.64184571428572,79.47893738095237
8,1.53,3.38,306.52375,317.73,8,50.0,0.2713140879243398,0.16,1.0,0.16,0.7865876808088305,66.26350723235322,40.0,1.0,0.0,0.0,100.0,0.0,0.0,0.0,0.0,0.0,17.075722214482113,0,0.0,INDUSTRIAL,247.0,24.92923,84.146845
39,2.394871794871795,8.36,309.81128205128203,335.96,17,61.0,0.3472903827332205,0.2786885245901639,1.0,0.639344262295082,0.7422304892960939,68.04987530954867,60.0,0.0,0.0,0.0,0.0,0.0,0.0,0.0,0.0,100.0,4.062736240431367,2,920.0,INDUSTRIAL,248.0,23.757403076923076,85.85484230769231
5,2.048,3.41,308.524,313.54,5,44.0,0.0878896273599245,0.1136363636363636,1.0,0.1136363636363636,0.9192108968138488,70.17752678164486,50.0,0.0,0.0,1.0,27.100814336278805,20.561372243261307,27.496844137521347,17.96985223138041,2.3662780624241977,3.727630504195441,117.18877077515631,0,0.0,INDUSTRIAL,249.0,23.989656000000004,79.392302
7,2.962857142857143,6.03,308.04,314.03,7,16.0,0.1515806947177026,0.4375,1.0,0.4375,0.8683716257028249,77.85986502811299,30.0,0.0,0.0,0.0,33.33333333333333,0.0,44.44444444444444,22.22222222222222,0.0,0.0,20.213401524041885,0,0.0,INDUSTRIAL,250.0,20.355878571428573,72.94908142857143
11,5.51,10.3,316.38000000000005,340.37,5,5.0,0.2387975457287745,1.0,1.0,2.2,0.8072344052084056,92.28937620833622,50.0,0.0,0.0,1.0,22.22222222222222,0.0,66.66666666666666,11.11111111111111,0.0,0.0,46.73486451868492,0,0.0,INDUSTRIAL,251.0,19.35014,73.14829909090909
5,1.4739999999999998,3.23,312.688,333.77,4,27.0,0.0903244530357789,0.1481481481481481,0.8,0.1851851851851851,0.9171581882949708,65.13077197624327,50.0,0.0,0.0,1.0,0.0,0.0,100.0,0.0,0.0,0.0,7.032840339455053,1,235.0,INDUSTRIAL,252.0,15.186076,76.315606
5,0.728,1.22,304.51800000000003,306.9,5,34.0,0.1193029301746499,0.1470588235294117,1.0,0.1470588235294117,0.8934131887280643,70.14829225500492,60.0,0.0,0.0,0.0,0.0,0.0,0.0,0.0,0.0,100.0,42.27251158160061,0,0.0,INDUSTRIAL,253.0,15.915152,77.36292999999999
14,1.5557142857142858,3.54,309.6157142857143,330.22,10,34.0,0.1793346263533268,0.2941176470588235,1.0,0.4117647058823529,0.8479357577180148,72.74095972048531,60.0,0.0,0.0,0.0,0.0,0.0,0.0,0.0,0.0,100.0,100.37643959541958,0,0.0,INDUSTRIAL,254.0,15.657737142857144,73.98912857142857
28,1.2510714285714286,2.32,305.2810714285714,311.91,18,60.0,0.4218825590161562,0.3,1.0,0.4666666666666667,0.7032929644287433,67.13171857714974,40.0,1.0,0.0,0.0,100.0,0.0,0.0,0.0,0.0,0.0,40.94128773109561,0,0.0,INDUSTRIAL,255.0,15.1757575,77.10058928571429
4,11.9425,20.84,341.71000000000004,345.96,1,1.0,0.6768235552381808,1.0,0.2,4.0,0.5963656682160319,59.85462672864128,40.0,1.0,0.0,0.0,100.0,0.0,0.0,0.0,0.0,0.0,32.83268674763888,0,0.0,INDUSTRIAL,256.0,18.3188775,79.5235425
14,10.63,66.85,339.9092857142858,344.57,9,33.0,5.238482394113148,0.2727272727272727,1.0,0.4242424242424242,0.1602953950697425,44.59363398460788,40.0,1.0,0.0,0.0,100.0,0.0,0.0,0.0,0.0,0.0,60.08866261211247,0,0.0,INDUSTRIAL,257.0,18.287062142857145,79.17865714285713
5,4.18,8.74,335.81,338.51,3,9.0,2.1962896865896546,0.3333333333333333,0.6,0.5555555555555556,0.3128627558996287,40.51451023598515,40.0,1.0,0.0,0.0,100.0,0.0,0.0,0.0,0.0,0.0,53.79084106816642,0,0.0,INDUSTRIAL,258.0,19.037024,79.039294
53,3.11377358490566,10.77,316.418679245283,345.14,20,60.0,0.5681572902061357,0.3333333333333333,1.0,0.8833333333333333,0.6376911335651471,65.50764534260588,10.0,0.0,1.0,0.0,0.0,100.0,0.0,0.0,0.0,0.0,1.0020394877537555,3,1670.0,INDUSTRIAL,259.0,23.556585283018872,87.24014150943397
15,2.760666666666667,7.29,308.8673333333334,314.1,15,57.0,0.1298141524689656,0.2631578947368421,1.0,0.2631578947368421,0.8851013220313406,73.29878972335888,60.0,0.0,0.0,0.0,0.0,0.0,0.0,0.0,0.0,100.0,62.36720279549332,0,0.0,INDUSTRIAL,260.0,26.759563333333332,83.19936666666666
13,2.0246153846153847,4.78,314.5607692307692,335.73,8,58.0,1.273294571734972,0.1379310344827586,1.0,0.2241379310344827,0.4398901983198784,51.733538967277894,50.0,0.0,0.0,1.0,0.0,0.0,100.0,0.0,0.0,0.0,23.94734996341736,0,0.0,INDUSTRIAL,261.0,23.66279846153846,86.9197576923077
18,2.4972222222222222,7.2,313.4561111111111,333.62,13,59.0,0.1867747075806824,0.2203389830508474,1.0,0.3050847457627119,0.8426199122818897,70.31496598280101,30.0,0.0,0.0,0.0,44.44444444444444,0.0,0.0,55.55555555555556,0.0,0.0,11.881404372189762,0,0.0,INDUSTRIAL,262.0,23.561331666666668,87.08326000000001
11,2.5772727272727276,4.3,312.9827272727273,331.55,9,59.0,0.8696454005512493,0.1525423728813559,1.0,0.1864406779661017,0.5348607814643132,55.9707024450132,50.0,0.0,0.0,1.0,33.33333333333333,0.0,66.66666666666666,0.0,0.0,0.0,7.186604420805265,1,550.0,INDUSTRIAL,263.0,23.48541181818182,87.36103363636363
6,1.53,4.41,309.4883333333333,333.89,5,23.0,0.0946160706506877,0.217391304347826,1.0,0.2608695652173913,0.913562322728878,73.06423203958991,30.0,0.0,0.0,0.0,0.0,0.0,0.0,100.0,0.0,0.0,7.959136664463437,1,2520.0,INDUSTRIAL,264.0,23.581504999999996,86.72518000000001
5,2.244,7.2,312.38800000000003,338.0,5,17.0,0.0979522507125783,0.2941176470588235,1.0,0.2941176470588235,0.9107864202209096,75.2549862206011,30.0,0.0,0.0,0.0,0.0,0.0,0.0,100.0,0.0,0.0,17.534120441386037,0,0.0,INDUSTRIAL,265.0,23.808392,84.84637000000001
13,2.0138461538461536,3.99,310.42,333.61,12,60.0,0.2419145982551313,0.2,1.0,0.2166666666666666,0.8052083463750106,68.20833385500043,50.0,0.0,0.0,1.0,0.0,0.0,100.0,0.0,0.0,0.0,53.19046481819704,0,0.0,INDUSTRIAL,266.0,22.24439153846154,87.38850846153846
5,1.028,1.28,306.28000000000003,311.07,4,16.0,0.0913646838279196,0.25,0.8,0.3125,0.9162840018723516,68.15136007489407,60.0,0.0,0.0,0.0,0.0,0.0,0.0,0.0,0.0,100.0,52.62685639734316,0,0.0,INDUSTRIAL,267.0,22.133114,85.382756
6,1.3283333333333334,1.97,306.7933333333333,313.77,5,14.0,1.306126079237614,0.3571428571428571,1.0,0.4285714285714285,0.4336276359749557,58.05939115328394,10.0,0.0,1.0,0.0,0.0,88.88888888888889,11.11111111111111,0.0,0.0,0.0,33.13130677135556,0,0.0,INDUSTRIAL,268.0,22.205775,84.55912833333333
9,1.79,2.75,307.14111111111106,313.1,6,59.0,1.6850923577752537,0.1016949152542373,1.0,0.1525423728813559,0.3724266679707638,47.94791417645767,30.0,0.0,0.0,0.0,22.22222222222222,0.0,0.0,77.77777777777779,0.0,0.0,9.799080891215844,1,2400.0,INDUSTRIAL,269.0,21.95749111111111,83.79707555555555
7,2.318571428571428,4.58,308.9414285714286,313.73,6,48.0,0.1440048977168334,0.125,1.0,0.1458333333333333,0.8741221318158396,68.71488527263358,60.0,0.0,0.0,0.0,0.0,0.0,0.0,0.0,0.0,100.0,0.4495700464236323,4,1988.5,INDUSTRIAL,270.0,21.98401571428571,83.23289428571427
12,2.1783333333333332,3.96,307.41249999999997,309.6,5,14.0,1.795769618463248,0.3571428571428571,1.0,0.8571428571428571,0.3576832630972185,55.02161623817445,40.0,1.0,0.0,0.0,100.0,0.0,0.0,0.0,0.0,0.0,5.835124220702643,3,6015.0,INDUSTRIAL,271.0,21.83077583333333,83.98722833333333
8,2.3,3.35,307.0775,309.5,8,50.0,0.1308669272007608,0.16,1.0,0.16,0.8842773415217862,70.17109366087143,50.0,0.0,0.0,1.0,0.0,0.0,100.0,0.0,0.0,0.0,4.060519087052662,1,65.0,INDUSTRIAL,272.0,21.8758125,83.49546375
5,1.622,1.84,306.64,308.46,5,59.0,0.1443389302409073,0.0847457627118644,1.0,0.0847457627118644,0.8738669755729442,67.4970519042737,50.0,0.0,0.0,1.0,0.0,0.0,100.0,0.0,0.0,0.0,15.130272952009308,0,0.0,INDUSTRIAL,273.0,21.731124,82.214258
8,2.0775,3.52,307.91125,319.62,7,45.0,0.1629621310523921,0.1555555555555555,1.0,0.1777777777777777,0.8598732265642014,69.06159572923471,50.0,0.0,0.0,1.0,0.0,0.0,100.0,0.0,0.0,0.0,0.3390279378733734,1,33.0,INDUSTRIAL,274.0,21.67235,82.08123624999999
5,6.614,10.62,338.75,345.49,2,4.0,2.827159345851436,0.5,0.4,1.25,0.2612904009559936,37.45161603823975,40.0,1.0,0.0,0.0,88.88888888888889,11.11111111111111,0.0,0.0,0.0,0.0,49.75514182668845,0,0.0,INDUSTRIAL,275.0,19.849174,82.945212
5,4.21,6.37,334.15199999999993,337.14,2,6.0,3.0628466148912894,0.3333333333333333,0.4,0.8333333333333334,0.2461328459545493,31.845313838181973,40.0,1.0,0.0,0.0,100.0,0.0,0.0,0.0,0.0,0.0,46.81881298800914,0,0.0,INDUSTRIAL,276.0,20.773586,82.42373
8,5.725,9.08,337.05875000000003,350.93,3,7.0,2.4766449934103525,0.4285714285714285,0.6,1.1428571428571428,0.2876336243405364,42.36248783076431,40.0,1.0,0.0,0.0,100.0,0.0,0.0,0.0,0.0,0.0,26.249772996500152,0,0.0,INDUSTRIAL,277.0,21.43180625,83.6737125
6,3.2016666666666667,5.02,333.04,334.31,3,5.0,2.5626562162857205,0.6,0.6,1.2,0.2806894461016951,47.22757784406781,30.0,0.0,0.0,0.0,33.33333333333333,0.0,0.0,66.66666666666666,0.0,0.0,13.071593016134589,0,0.0,INDUSTRIAL,278.0,21.51473,84.02990833333332
10,21.871,39.12,351.129,367.0,1,1.0,0.6248233865829385,1.0,0.2,10.0,0.615451505842143,60.618060233685725,20.0,0.0,0.0,0.0,33.33333333333333,0.0,0.0,0.0,66.66666666666666,0.0,51.69654367276134,0,0.0,INDUSTRIAL,279.0,23.717388000000003,69.288464
7,2.148571428571428,4.81,308.0314285714286,315.4,7,47.0,1.543133662664905,0.1489361702127659,1.0,0.1489361702127659,0.3932156672221929,50.196711795270694,40.0,1.0,0.0,0.0,88.88888888888889,0.0,0.0,0.0,0.0,0.0,19.05076114330566,0,0.0,INDUSTRIAL,280.0,28.26468571428572,77.18804142857142
7,5.781428571428571,7.81,344.1814285714285,353.61,4,6.0,2.632169377096797,0.6666666666666666,0.8,1.1666666666666667,0.2753175571342168,55.012702285368675,40.0,1.0,0.0,0.0,100.0,0.0,0.0,0.0,0.0,0.0,50.77512015398113,0,0.0,INDUSTRIAL,281.0,21.30205714285714,83.42463857142857
5,9.206,16.41,336.70799999999997,341.32,3,36.0,0.7714972134343613,0.0833333333333333,0.6,0.1388888888888889,0.5644942551511682,43.07977020604673,40.0,1.0,0.0,0.0,100.0,0.0,0.0,0.0,0.0,0.0,51.77182781503569,0,0.0,INDUSTRIAL,282.0,9.239284,77.80889599999999
11,5.873636363636364,14.19,336.94,350.61,7,50.0,4.689576899261329,0.14,1.0,0.22,0.1757599937053015,41.230399748212065,20.0,0.0,0.0,0.0,0.0,0.0,0.0,0.0,100.0,0.0,50.20866179914585,0,0.0,INDUSTRIAL,283.0,9.312452727272726,77.93229000000001
15,8.214,38.21,340.1,350.54,7,41.0,3.0411458398528732,0.1707317073170731,1.0,0.3658536585365853,0.2474545684885272,45.02013395905329,40.0,1.0,0.0,0.0,100.0,0.0,0.0,0.0,0.0,0.0,42.51270852444433,0,0.0,INDUSTRIAL,284.0,8.72022,77.71572266666665
96,6.209166666666666,52.62,336.3335416666667,367.0,33,58.0,12.073264516098282,0.5689655172413793,1.0,1.6551724137931034,0.0764919885747443,50.12864506023115,10.0,0.0,1.0,0.0,0.0,100.0,0.0,0.0,0.0,0.0,23.95611368043417,0,0.0,INDUSTRIAL,285.0,9.474222499999998,78.70641385416667
10,10.871,14.59,341.211,344.13,1,1.0,0.9995272970181686,1.0,0.2,10.0,0.5001182036830746,56.00472814732298,40.0,1.0,0.0,0.0,100.0,0.0,0.0,0.0,0.0,0.0,50.771954017132984,0,0.0,INDUSTRIAL,286.0,21.359733,71.37129200000001
6,7.8450000000000015,11.58,344.45,351.97,2,33.0,2.0889188877562432,0.0606060606060606,0.4,0.1818181818181818,0.3237378630962981,26.767696342033744,40.0,1.0,0.0,0.0,100.0,0.0,0.0,0.0,0.0,0.0,66.99203290206805,0,0.0,INDUSTRIAL,287.0,21.433629999999997,70.77255666666666
8,5.046250000000001,8.23,341.0975,349.15,3,33.0,0.4057561773325035,0.0909090909090909,0.6,0.2424242424242424,0.7113609145915707,49.18170931093555,40.0,1.0,0.0,0.0,100.0,0.0,0.0,0.0,0.0,0.0,65.3841755598372,0,0.0,INDUSTRIAL,288.0,21.42256375,70.66058875
7,8.472857142857142,11.53,343.5757142857143,354.34,2,17.0,0.4172160825101821,0.1176470588235294,0.4,0.4117647058823529,0.7056087016940943,43.753759832469655,40.0,1.0,0.0,0.0,100.0,0.0,0.0,0.0,0.0,0.0,46.12368755275415,0,0.0,INDUSTRIAL,289.0,23.38385857142857,70.42828857142857
53,6.929245283018867,16.39,343.48415094339623,350.26,4,33.0,4.3350425829433386,0.1212121212121212,0.8,1.606060606060606,0.1874399284453885,35.13396077417918,60.0,0.0,0.0,0.0,0.0,0.0,0.0,0.0,0.0,100.0,91.66219538285982,0,0.0,INDUSTRIAL,290.0,24.040542075471706,69.58588679245283
182,6.036263736263737,15.27,345.952032967033,355.9,3,33.0,4.048318747727541,0.0909090909090909,0.6,5.515151515151516,0.1980857489337696,28.65070268462351,20.0,0.0,0.0,0.0,0.0,0.0,0.0,0.0,100.0,0.0,80.07989313695788,0,0.0,INDUSTRIAL,291.0,24.07065895604396,69.43403598901098
7,6.471428571428571,9.9,341.7085714285714,351.03,4,8.0,3.1673046439982024,0.5,0.8,0.875,0.2399632581314185,48.598530325256746,40.0,1.0,0.0,0.0,100.0,0.0,0.0,0.0,0.0,0.0,61.50127391099371,0,0.0,INDUSTRIAL,292.0,18.39164285714286,79.02060428571428
12,7.555833333333333,16.53,336.23,343.56,7,13.0,2.9579201526350403,0.5384615384615384,1.0,0.9230769230769232,0.2526579520140738,56.26016423440911,40.0,1.0,0.0,0.0,100.0,0.0,0.0,0.0,0.0,0.0,76.80385630623867,0,0.0,INDUSTRIAL,293.0,30.768841666666663,75.71646416666667
31,5.760967741935484,23.16,336.091935483871,353.8,16,34.0,5.17101160258266,0.4705882352941176,1.0,0.9117647058823528,0.1620479857113678,50.59956648727824,40.0,1.0,0.0,0.0,100.0,0.0,0.0,0.0,0.0,0.0,50.91281026198008,0,0.0,INDUSTRIAL,294.0,31.023789032258065,75.47675612903227
16,1.85375,3.74,308.575,320.49,14,57.0,0.1995934545869749,0.2456140350877192,1.0,0.2807017543859649,0.8336157522169078,70.71305114130789,50.0,0.0,0.0,1.0,0.0,0.0,100.0,0.0,0.0,0.0,59.92795605818685,0,0.0,INDUSTRIAL,295.0,15.022444375,78.01468875
24,4.4816666666666665,21.87,317.62333333333333,346.16,7,58.0,2.8178254326154346,0.1206896551724138,1.0,0.4137931034482758,0.2619292101354517,44.09785806059048,10.0,0.0,1.0,0.0,0.0,66.66666666666666,0.0,33.33333333333333,0.0,0.0,83.94779475033961,0,0.0,INDUSTRIAL,296.0,9.725767916666667,77.6051575
12,1.9316666666666664,4.85,307.8941666666667,314.54,10,54.0,0.1683735019263463,0.1851851851851851,1.0,0.2222222222222222,0.8558906876536125,69.79118306170005,50.0,0.0,0.0,1.0,0.0,0.0,100.0,0.0,0.0,0.0,69.538869219109,0,0.0,INDUSTRIAL,297.0,24.68994583333333,73.0027175
8,3.59125,7.2,337.14,342.77,6,46.0,2.620799137224874,0.1304347826086956,1.0,0.1739130434782608,0.2761821250229418,44.96032847917854,20.0,0.0,0.0,0.0,0.0,0.0,0.0,0.0,100.0,0.0,39.82057157294464,0,0.0,INDUSTRIAL,298.0,8.997309999999999,77.77680000000001
29,6.668965517241379,11.28,343.83241379310334,355.76,3,49.0,2.998882853602892,0.0612244897959183,0.6,0.5918367346938775,0.250069841155518,29.839528340098276,40.0,1.0,0.0,0.0,100.0,0.0,0.0,0.0,0.0,0.0,119.07993063806924,0,0.0,INDUSTRIAL,299.0,14.3007,77.4318651724138
5,6.617999999999999,7.21,339.04799999999994,347.07,4,57.0,1.8333825883024353,0.0701754385964912,0.8,0.087719298245614,0.3529350410101623,40.22266479830123,20.0,0.0,0.0,0.0,0.0,0.0,0.0,0.0,100.0,0.0,44.02090574090602,0,0.0,INDUSTRIAL,300.0,14.776846,79.70433
4,5.077500000000001,7.37,337.58,345.56,3,16.0,3.5640992287653734,0.1875,0.6,0.25,0.2191012837094929,32.389051348379716,40.0,1.0,0.0,0.0,100.0,0.0,0.0,0.0,0.0,0.0,10.476424100103724,0,0.0,INDUSTRIAL,301.0,21.47148,81.5930575
16,8.010625000000001,14.23,347.123125,355.85,2,17.0,0.5245640116568949,0.1176470588235294,0.4,0.9411764705882352,0.6559252300027736,41.766420964816824,40.0,1.0,0.0,0.0,100.0,0.0,0.0,0.0,0.0,0.0,36.014568412050295,0,0.0,INDUSTRIAL,302.0,21.85058125,76.1135175
17,6.0711764705882345,9.55,332.2682352941177,335.58,2,13.0,2.7431311056910896,0.1538461538461538,0.4,1.3076923076923077,0.267156017719922,27.301625324181497,80.0,0.0,0.0,0.0,0.0,0.0,0.0,0.0,0.0,0.0,17.706134497905293,0,0.0,INDUSTRIAL,303.0,22.89454588235294,79.92027411764705
13,4.8476923076923075,13.53,338.3323076923077,344.46,2,17.0,1.5726062550637692,0.1176470588235294,0.4,0.7647058823529411,0.388710863946497,31.07784632256576,30.0,0.0,0.0,0.0,0.0,0.0,0.0,100.0,0.0,0.0,44.04189461756237,0,0.0,INDUSTRIAL,304.0,25.0052,75.20648
6,7.653333333333333,19.73,336.2033333333333,345.27,4,15.0,2.277706322750547,0.2666666666666666,0.8,0.4,0.3050913967059843,44.20365586823937,40.0,1.0,0.0,0.0,91.28239400014851,5.482537560951462,2.405881042548452,0.5346402316774337,0.071780401475211,0.2227667631989307,37.11379742835727,0,0.0,INDUSTRIAL,305.0,30.457631666666668,76.20847166666668
11,5.874545454545455,16.32,334.26454545454544,343.2,9,49.0,2.8739824462553005,0.1836734693877551,1.0,0.2244897959183673,0.2581323002551619,45.835496091839126,40.0,1.0,0.0,0.0,96.36890175985742,0.886116680280191,0.4752357614910522,2.2425187495359027,0.0024751862577658,0.0247518625776589,54.96138337793627,0,0.0,INDUSTRIAL,306.0,31.10528818181818,74.66915818181819
9,3.3711111111111114,6.25,306.6222222222222,311.72,7,46.0,0.155715444096398,0.1521739130434782,1.0,0.1956521739130435,0.8652648929355227,69.17581310872525,40.0,1.0,0.0,0.0,100.0,0.0,0.0,0.0,0.0,0.0,35.81477868412231,0,0.0,INDUSTRIAL,307.0,21.21274777777778,82.13587888888888
7,3.1142857142857143,6.73,322.4028571428571,346.53,4,13.0,0.9285828438410793,0.3076923076923077,0.8,0.5384615384615384,0.5185154494106881,53.97138720719675,10.0,0.0,1.0,0.0,0.0,100.0,0.0,0.0,0.0,0.0,96.82070966181644,0,0.0,INDUSTRIAL,308.0,31.73436428571429,77.20274714285713
5,1.8619999999999997,4.01,307.886,309.23,4,40.0,0.0935256179356932,0.1,0.8,0.125,0.9144733178613166,63.57893271445266,50.0,0.0,0.0,1.0,27.009232444741464,10.46013712531868,52.19425261750946,3.603871191307146,2.9627979505457787,2.6806267171604663,25.966019755861172,0,0.0,INDUSTRIAL,309.0,29.123804,75.778782
14,3.355,6.31,321.75999999999993,351.07,9,27.0,0.1856094509199468,0.3333333333333333,1.0,0.5185185185185185,0.8434480673412924,73.7379226936517,50.0,0.0,0.0,1.0,0.0,0.0,66.66666666666666,0.0,0.0,33.33333333333333,76.19800068127815,0,0.0,INDUSTRIAL,310.0,27.37302071428571,77.69276285714284
10,2.233,3.71,307.76,310.4,8,48.0,0.2278566126808112,0.1666666666666666,1.0,0.2083333333333333,0.8144273440989775,67.5770937639591,50.0,0.0,0.0,1.0,0.0,0.0,66.66666666666666,0.0,0.0,33.33333333333333,112.20888282259708,0,0.0,INDUSTRIAL,311.0,26.87569,73.51532999999999
11,3.620909090909091,5.45,309.9054545454545,314.52,8,46.0,0.1962340477712436,0.1739130434782608,1.0,0.2391304347826087,0.8359568111801734,68.65566375155475,50.0,0.0,0.0,1.0,0.0,0.0,100.0,0.0,0.0,0.0,29.28601399106244,0,0.0,INDUSTRIAL,312.0,26.26983,74.18890181818182
17,4.075294117647059,13.11,328.9894117647059,349.39,9,42.0,5.473362448080557,0.2142857142857142,1.0,0.4047619047619047,0.1544792228181992,42.6077403412994,10.0,0.0,1.0,0.0,0.0,88.88888888888889,11.11111111111111,0.0,0.0,0.0,7.46613473555724,3,2190.0,INDUSTRIAL,313.0,13.19473588235294,80.2346194117647
7,1.8728571428571428,3.41,309.94428571428574,312.48,7,32.0,0.1249700883663793,0.21875,1.0,0.21875,0.8889125234006406,72.11900093602563,50.0,0.0,0.0,1.0,0.0,0.0,100.0,0.0,0.0,0.0,65.01799364306544,0,0.0,INDUSTRIAL,314.0,24.820780000000003,73.09349285714285
5,5.566000000000001,6.84,336.122,338.52,3,13.0,1.716817358151216,0.2307692307692307,0.6,0.3846153846153846,0.3680777425098963,39.64618662347277,30.0,0.0,0.0,0.0,0.0,0.0,0.0,100.0,0.0,0.0,40.33038603098802,0,0.0,INDUSTRIAL,315.0,17.446106,80.320276
5,3.766,6.62,336.986,341.2,3,5.0,3.363024209002598,0.6,0.6,1.0,0.2291988199232576,45.16795279693031,40.0,1.0,0.0,0.0,77.77777777777779,22.22222222222222,0.0,0.0,0.0,0.0,63.28232395510666,0,0.0,INDUSTRIAL,316.0,19.510506,82.832706
7,6.882857142857143,14.96,343.5414285714285,367.0,4,13.0,2.156349194180469,0.3076923076923077,0.8,0.5384615384615384,0.3168217261397293,45.90363827635841,40.0,1.0,0.0,0.0,84.76770376970867,9.739857924308804,1.7425311254671914,3.069230959629712,0.0,0.6806762208856216,51.26552916679875,0,0.0,INDUSTRIAL,317.0,27.07162285714286,80.20441285714286
5,6.092,9.04,337.382,342.34,3,11.0,1.8470345431121105,0.2727272727272727,0.6,0.4545454545454545,0.3512426649052505,40.2315247780282,40.0,1.0,0.0,0.0,95.4704091482884,0.91086854285785,1.4059057944110296,1.1955149625009285,0.1386104304348902,0.8786911215068934,68.04726939636656,0,0.0,INDUSTRIAL,318.0,30.460188,75.87659599999999
6,3.9983333333333335,9.58,318.22166666666664,337.31,5,6.0,0.7961760119357285,0.8333333333333334,1.0,1.0,0.556738311476672,77.26953245906688,10.0,0.0,1.0,0.0,0.0,77.77777777777779,0.0,22.22222222222222,0.0,0.0,109.47902285410728,0,0.0,INDUSTRIAL,319.0,30.823961666666666,78.11029166666667
11,1.6263636363636365,4.13,307.34272727272725,321.31,8,54.0,0.66773172992664,0.1481481481481481,1.0,0.2037037037037037,0.599616822091637,58.429117328109925,40.0,1.0,0.0,0.0,26.86567164179105,4.804336526323605,61.16680280191085,3.8563401895992673,1.3885794906066682,1.848964134551125,8.324735590417507,1,1500.0,INDUSTRIAL,320.0,28.83884272727273,77.14126999999999
6,4.993333333333333,6.71,329.915,337.49,3,11.0,1.40799280937184,0.2727272727272727,0.6,0.5454545454545454,0.4152836321221675,42.79316346670488,10.0,0.0,1.0,0.0,0.0,100.0,0.0,0.0,0.0,0.0,69.14390252436777,0,0.0,INDUSTRIAL,321.0,14.164041666666668,79.44076833333334
5,1.44,2.9,305.952,313.33,5,54.0,0.7063656898749602,0.0925925925925925,1.0,0.0925925925925925,0.5860408504072058,56.219411794066005,50.0,0.0,0.0,1.0,0.0,0.0,100.0,0.0,0.0,0.0,0.7991873433917926,1,229.0,INDUSTRIAL,322.0,12.987444000000002,74.850594
5,3.924,5.94,335.622,346.6,3,5.0,1.9179788375744196,0.6,0.6,1.0,0.3427029651905405,49.70811860762162,40.0,1.0,0.0,0.0,100.0,0.0,0.0,0.0,0.0,0.0,28.26284760909076,0,0.0,INDUSTRIAL,323.0,21.302058,83.783092
5,7.948,12.35,339.08000000000004,344.71,2,8.0,2.2481566178164103,0.25,0.4,0.625,0.3078669281262229,31.814677125048917,40.0,1.0,0.0,0.0,100.0,0.0,0.0,0.0,0.0,0.0,76.4017029574653,0,0.0,INDUSTRIAL,324.0,17.495738,79.95564
5,7.244,11.5,339.096,346.25,2,8.0,1.7532976386473678,0.25,0.4,0.625,0.3632008345059552,34.02803338023821,40.0,1.0,0.0,0.0,100.0,0.0,0.0,0.0,0.0,0.0,74.23089778455692,0,0.0,INDUSTRIAL,325.0,17.651918000000002,79.581184
4,5.88,9.61,336.5225,341.74,4,10.0,2.1583661796963773,0.4,0.8,0.4,0.3166193984815696,48.66477593926278,40.0,1.0,0.0,0.0,100.0,0.0,0.0,0.0,0.0,0.0,18.37052807900808,0,0.0,INDUSTRIAL,326.0,18.6978375,79.6790025
5,8.187999999999999,13.28,338.186,344.56,4,11.0,2.687225907238852,0.3636363636363636,0.8,0.4545454545454545,0.2712065995296831,45.75735489027823,40.0,1.0,0.0,0.0,100.0,0.0,0.0,0.0,0.0,0.0,14.722639552496538,0,0.0,INDUSTRIAL,327.0,18.786242,79.703344
8,6.751250000000001,14.48,337.43125,346.75,5,7.0,1.4125596359533388,0.7142857142857143,1.0,1.1428571428571428,0.4144975258217165,68.00847246144009,40.0,1.0,0.0,0.0,92.73285314719932,1.658374792703151,5.5295660998490135,0.0742555877329769,0.0,0.0049503725155317,35.96923881330778,0,0.0,INDUSTRIAL,328.0,31.59904625,75.430035
9,7.2155555555555555,15.35,338.64666666666665,345.71,6,21.0,4.523879276267525,0.2857142857142857,1.0,0.4285714285714285,0.1810321967564248,45.81271644168556,40.0,1.0,0.0,0.0,98.38370337367888,0.52473948664637,1.0395782282616768,0.0495037251553179,0.0,0.0024751862577658,60.93565509998378,0,0.0,INDUSTRIAL,329.0,30.62969444444444,75.94628666666667
17,4.827058823529412,13.51,336.2423529411765,344.44,10,31.0,6.458931064687228,0.3225806451612903,1.0,0.5483870967741935,0.134067467754769,45.040118065029475,40.0,1.0,0.0,0.0,94.1511348728992,1.606395881290067,3.920695032301181,0.2772208608697804,0.0148511175465953,0.0297022350931907,103.67842951867904,0,0.0,INDUSTRIAL,330.0,30.746095294117648,74.23798058823529
5,5.606,15.24,335.744,343.26,2,10.0,1.329354551002934,0.2,0.4,0.5,0.429303473603637,35.17213894414548,40.0,1.0,0.0,0.0,100.0,0.0,0.0,0.0,0.0,0.0,62.48677963953017,0,0.0,INDUSTRIAL,331.0,30.699992,75.58113599999999
6,6.666666666666667,11.36,339.78666666666663,343.27,4,9.0,2.8819598336488785,0.4444444444444444,0.8,0.6666666666666666,0.2576018410422454,47.63740697502315,40.0,1.0,0.0,0.0,100.0,0.0,0.0,0.0,0.0,0.0,81.82403432506538,0,0.0,INDUSTRIAL,332.0,17.588111666666666,79.90079666666666
5,6.08,12.8,339.766,346.72,3,3.0,1.9486856908271872,1.0,0.6,1.6666666666666667,0.3391341447855273,61.565365791421094,30.0,0.0,0.0,0.0,0.0,0.0,0.0,100.0,0.0,0.0,51.08433280041372,0,0.0,INDUSTRIAL,333.0,18.491176000000003,79.063004
5,5.812,8.58,339.85200000000003,346.91,4,18.0,2.001803560066376,0.2222222222222222,0.8,0.2777777777777778,0.333133058173163,43.99198899359318,40.0,1.0,0.0,0.0,100.0,0.0,0.0,0.0,0.0,0.0,57.36761376137897,0,0.0,INDUSTRIAL,334.0,27.025968,80.032918
9,6.792222222222223,10.68,338.7933333333333,343.84,3,7.0,0.9653728092059256,0.4285714285714285,0.6,1.2857142857142858,0.5088093186778301,51.209515604256055,40.0,1.0,0.0,0.0,100.0,0.0,0.0,0.0,0.0,0.0,24.606044545778236,0,0.0,INDUSTRIAL,335.0,27.216674444444443,82.09648666666666
6,5.1466666666666665,11.54,341.83,354.21,3,4.0,1.8028830467816477,0.75,0.6,1.5,0.3567754998369373,54.771019993477495,10.0,0.0,1.0,0.0,33.33333333333333,66.66666666666666,0.0,0.0,0.0,0.0,39.177069744329486,0,0.0,INDUSTRIAL,336.0,31.570648333333335,74.79601333333332
5,6.086,11.35,334.316,346.85,4,6.0,2.022445196952222,0.6666666666666666,0.8,0.8333333333333334,0.3308579427704368,57.23431771081747,40.0,1.0,0.0,0.0,55.55555555555556,44.44444444444444,0.0,0.0,0.0,0.0,97.45198407676494,0,0.0,INDUSTRIAL,337.0,30.15467,78.676678
6,5.168333333333333,7.83,338.17,344.62,3,21.0,2.581869533761086,0.1428571428571428,0.6,0.2857142857142857,0.279183814646081,33.453066871557525,40.0,1.0,0.0,0.0,89.78243112794237,1.6162966263211307,7.200316823840994,1.2054157075319918,0.047028538897552,0.1485111754659538,51.16812352338545,0,0.0,INDUSTRIAL,338.0,30.968346666666665,74.91607333333333
15,3.97,8.09,336.1426666666666,345.58,5,20.0,4.346371294131799,0.25,1.0,0.75,0.1870427519872412,44.981710079489645,10.0,0.0,1.0,0.0,0.0,100.0,0.0,0.0,0.0,0.0,70.85225827315688,0,0.0,INDUSTRIAL,339.0,31.372674666666665,75.89272733333334
5,7.388000000000001,8.88,339.346,342.0,3,13.0,0.3867985661980485,0.2307692307692307,0.6,0.3846153846153846,0.7210852566292532,53.766487188247055,20.0,0.0,0.0,0.0,0.0,0.0,0.0,0.0,100.0,0.0,87.71577550413586,0,0.0,INDUSTRIAL,340.0,23.748206000000003,70.598594
11,5.958181818181819,15.71,330.74454545454546,343.03,5,12.0,3.1126624058251067,0.4166666666666667,1.0,0.9166666666666666,0.2431514919832993,52.22605967933197,40.0,1.0,0.0,0.0,100.0,0.0,0.0,0.0,0.0,0.0,45.99918935355065,0,0.0,INDUSTRIAL,341.0,26.380713636363637,79.15818454545455
5,4.0600000000000005,6.5,316.228,330.03,4,37.0,1.6743168621073987,0.1081081081081081,0.8,0.1351351351351351,0.3739272687425625,42.200333992945744,10.0,0.0,1.0,0.0,88.88888888888889,11.11111111111111,0.0,0.0,0.0,0.0,39.19755700676016,0,0.0,INDUSTRIAL,342.0,19.292298,73.110662
5,3.148,3.97,334.78999999999996,339.94,4,9.0,1.1582755159067328,0.4444444444444444,0.8,0.5555555555555556,0.4633328750800756,55.86664833653635,40.0,1.0,0.0,0.0,100.0,0.0,0.0,0.0,0.0,0.0,65.12265830448531,0,0.0,INDUSTRIAL,343.0,27.21141,79.588634
5,6.284,11.32,343.764,367.0,4,22.0,0.2945975547117918,0.1818181818181818,0.8,0.2272727272727272,0.7724408225246677,60.35217835553216,10.0,0.0,1.0,0.0,0.0,100.0,0.0,0.0,0.0,0.0,8.32441870892039,1,4000.0,INDUSTRIAL,344.0,22.781942000000004,69.455672
5,12.194,21.15,349.068,367.0,2,3.0,1.5388257071238078,0.6666666666666666,0.4,1.6666666666666667,0.3938828873498697,47.755315493994786,40.0,1.0,0.0,0.0,100.0,0.0,0.0,0.0,0.0,0.0,28.31893970264062,0,0.0,INDUSTRIAL,345.0,29.160877999999997,75.658264
7,8.625714285714286,12.1,338.3,344.49,3,30.0,1.4320641572172794,0.1,0.6,0.2333333333333333,0.411173363594232,37.44693454376928,40.0,1.0,0.0,0.0,100.0,0.0,0.0,0.0,0.0,0.0,16.62998585791507,0,0.0,INDUSTRIAL,346.0,8.743027142857143,77.95844142857142
5,5.004,7.69,340.942,354.12,2,29.0,1.250684005235554,0.0689655172413793,0.4,0.1724137931034483,0.4443093733610735,31.841340451684317,40.0,1.0,0.0,0.0,100.0,0.0,0.0,0.0,0.0,0.0,77.87650731183497,0,0.0,INDUSTRIAL,347.0,9.09921,77.441084
10,3.825,6.33,328.392,338.28,7,52.0,2.3238846487506217,0.1346153846153846,1.0,0.1923076923076923,0.3008527989609624,46.072573496900034,30.0,0.0,0.0,0.0,0.0,0.0,0.0,100.0,0.0,0.0,21.901698885520386,0,0.0,INDUSTRIAL,348.0,8.610609,77.971467
5,6.634,22.2,326.494,342.96,4,9.0,2.190186599489624,0.4444444444444444,0.8,0.5555555555555556,0.3134612878632187,49.87178484786208,40.0,1.0,0.0,0.0,88.88888888888889,11.11111111111111,0.0,0.0,0.0,0.0,59.6040128937091,0,0.0,INDUSTRIAL,349.0,26.375849999999996,79.000154
6,3.2216666666666662,4.11,341.50499999999994,343.91,1,1.0,0.3813551351782339,1.0,0.2,6.0,0.7239267980648378,64.95707192259351,40.0,1.0,0.0,0.0,100.0,0.0,0.0,0.0,0.0,0.0,56.05963700680967,0,0.0,INDUSTRIAL,350.0,27.51984,72.43409333333334
8,6.985,10.76,340.7925,344.1,1,1.0,1.8360979061234388,1.0,0.2,8.0,0.3525971363121467,50.10388545248587,60.0,0.0,0.0,0.0,0.0,0.0,0.0,0.0,0.0,100.0,96.28221884819668,0,0.0,INDUSTRIAL,351.0,27.54109375,71.94701500000001
18,5.617222222222223,8.74,342.30222222222227,347.85,1,1.0,1.1926036924199312,1.0,0.2,18.0,0.4560787722182118,54.24315088872847,60.0,0.0,0.0,0.0,0.0,0.0,0.0,0.0,33.33333333333333,66.66666666666666,68.85009839917583,0,0.0,INDUSTRIAL,352.0,27.58704611111111,72.22804222222221
5,6.668000000000001,7.97,341.784,349.13,4,30.0,2.0616074086216427,0.1333333333333333,0.8,0.1666666666666666,0.3266258100839281,41.06503240335712,40.0,1.0,0.0,0.0,100.0,0.0,0.0,0.0,0.0,0.0,46.9670455602655,0,0.0,INDUSTRIAL,353.0,30.241929999999996,76.253998
8,1.1625,2.52,307.14250000000004,318.25,6,51.0,1.5801419960918055,0.1176470588235294,1.0,0.1568627450980392,0.387575568133351,49.032434490039925,40.0,1.0,0.0,0.0,100.0,0.0,0.0,0.0,0.0,0.0,24.046406915893876,0,0.0,INDUSTRIAL,354.0,16.64638625,74.32314500000001
11,6.3554545454545455,12.96,340.0645454545454,350.54,8,39.0,3.688662351753338,0.2051282051282051,1.0,0.282051282051282,0.2132804465277921,44.68506401495784,40.0,1.0,0.0,0.0,100.0,0.0,0.0,0.0,0.0,0.0,34.841811721715004,0,0.0,INDUSTRIAL,355.0,9.166817272727274,77.95931727272728
8,7.62375,16.39,338.61625000000004,344.63,3,15.0,2.901289881146083,0.2,0.6,0.5333333333333333,0.2563254796401414,34.25301918560565,40.0,1.0,0.0,0.0,100.0,0.0,0.0,0.0,0.0,0.0,46.07419742927173,0,0.0,INDUSTRIAL,356.0,27.1185875,80.1036375
7,2.2085714285714286,2.78,308.2857142857143,311.47,6,45.0,2.653048312323186,0.1333333333333333,1.0,0.1555555555555555,0.2737439843394904,44.94975937357962,30.0,0.0,0.0,0.0,52.54077869359669,5.316700081681146,26.32608103759808,11.16556520878196,0.0,2.1954902106383503,8.329033485700474,2,2649.8,INDUSTRIAL,357.0,28.675364285714284,77.58576142857143
6,14.82,35.54,323.8483333333333,340.12,3,3.0,1.183883433252934,1.0,0.6,2.0,0.4578998973908062,66.31599589563226,10.0,0.0,1.0,0.0,0.0,100.0,0.0,0.0,0.0,0.0,116.52867531536504,0,0.0,INDUSTRIAL,358.0,31.047635000000003,77.864615
6,7.086666666666667,16.65,341.29,367.0,3,14.0,2.2898570707688304,0.2142857142857142,0.6,0.4285714285714285,0.3039645730768184,36.587154351644166,10.0,0.0,1.0,0.0,0.0,100.0,0.0,0.0,0.0,0.0,54.11599197889977,0,0.0,INDUSTRIAL,359.0,12.00653,79.79402833333333
5,7.404000000000001,12.1,340.23400000000004,347.41,3,16.0,3.2364577318649745,0.1875,0.6,0.3125,0.2360462592317142,33.06685036926857,40.0,1.0,0.0,0.0,100.0,0.0,0.0,0.0,0.0,0.0,41.63842793859123,0,0.0,INDUSTRIAL,360.0,27.963048000000004,78.77257
9,5.238888888888889,11.02,335.3988888888889,345.56,7,32.0,2.2568773090567533,0.21875,1.0,0.28125,0.3070425764026146,48.84420305610458,40.0,1.0,0.0,0.0,91.64872156629788,2.452909581446004,5.032053662038068,0.6856265934011534,0.0594044701863815,0.1212841266305289,71.58095416740176,0,0.0,INDUSTRIAL,361.0,30.666000000000004,75.7517922222222
6,6.3116666666666665,8.11,321.34166666666664,345.24,1,1.0,0.3458689918524218,1.0,0.2,6.0,0.7430143691947491,65.72057476778997,60.0,0.0,0.0,0.0,53.79322294002624,4.225142942006386,18.15549120071285,11.422984579589611,9.71263087547338,2.685577089675998,14.874781833019268,0,0.0,INDUSTRIAL,362.0,28.677651666666662,76.95345999999999
6,1.1583333333333334,2.22,310.9266666666667,332.57,6,31.0,0.1183049798638328,0.1935483870967742,1.0,0.1935483870967742,0.8942104506426879,71.57486963861075,30.0,0.0,0.0,0.0,0.0,0.0,0.0,100.0,0.0,0.0,82.05488625556994,0,0.0,INDUSTRIAL,363.0,10.93001,77.06435833333335
7,2.4214285714285713,4.27,322.1771428571429,335.63,7,46.0,0.1281969733792491,0.1521739130434782,1.0,0.1521739130434782,0.886370043171393,70.02001911816006,10.0,0.0,1.0,0.0,0.0,100.0,0.0,0.0,0.0,0.0,15.028926322029472,0,0.0,INDUSTRIAL,364.0,27.461011428571428,95.47639857142858
17,7.6494117647058815,20.04,333.5247058823529,346.84,10,44.0,0.1746591300534427,0.2272727272727272,1.0,0.3863636363636363,0.8513107968219713,70.87061369106067,60.0,0.0,0.0,0.0,0.0,0.0,0.0,0.0,0.0,100.0,0.7887468336575421,3,2575.0,INDUSTRIAL,365.0,8.758915882352941,78.1821588235294
5,4.086,7.83,295.94,296.25,1,1.0,0.7251740030826272,1.0,0.2,5.0,0.5796516746792787,59.186066987171145,50.0,0.0,0.0,1.0,0.0,11.11111111111111,88.88888888888889,0.0,0.0,0.0,10.308412583966527,0,0.0,INDUSTRIAL,366.0,16.534698,80.606766
12,1.894166666666667,4.92,296.1358333333333,296.69,1,1.0,0.8489622343623581,1.0,0.2,12.0,0.5408439293217174,57.6337571728687,20.0,0.0,0.0,0.0,0.0,0.0,0.0,0.0,100.0,0.0,67.073178659184,0,0.0,INDUSTRIAL,367.0,16.142467500000002,79.36304666666666
5,5.288,9.92,338.716,341.56,4,18.0,2.422178423840589,0.2222222222222222,0.8,0.2777777777777778,0.2922115319977196,42.35512794657545,40.0,1.0,0.0,0.0,77.77777777777779,0.0,0.0,0.0,22.22222222222222,0.0,35.72242016728193,0,0.0,INDUSTRIAL,368.0,9.025044,77.840258
6,5.666666666666667,7.35,338.97666666666663,347.77,2,17.0,0.9375393127431544,0.1176470588235294,0.4,0.3529411764705882,0.5161185599812202,36.17415416395469,10.0,0.0,1.0,0.0,0.0,100.0,0.0,0.0,0.0,0.0,73.89167618231072,0,0.0,INDUSTRIAL,369.0,14.096581666666667,79.41042833333334
6,2.19,4.96,306.82166666666666,312.84,5,46.0,0.162120949520751,0.108695652173913,1.0,0.1304347826086956,0.860495631209808,67.6806948136097,40.0,1.0,0.0,0.0,100.0,0.0,0.0,0.0,0.0,0.0,23.50106169554935,0,0.0,INDUSTRIAL,370.0,27.3764,95.08723166666668
5,1.37,2.39,302.68,306.14,4,43.0,0.2285858641259581,0.0930232558139534,0.8,0.1162790697674418,0.813943924636819,59.34845465989136,60.0,0.0,0.0,0.0,0.0,0.0,33.33333333333333,0.0,0.0,66.66666666666666,47.94707636380729,0,0.0,INDUSTRIAL,371.0,24.117226,86.3512
5,2.336,4.63,318.12,336.67,4,42.0,0.3943813409504881,0.0952380952380952,0.8,0.119047619047619,0.7171639282825918,55.543699988446534,60.0,0.0,0.0,0.0,0.0,0.0,0.0,0.0,0.0,100.0,24.52290486351668,0,0.0,INDUSTRIAL,372.0,23.310015999999997,70.199266
7,5.677142857142857,17.22,332.56857142857143,339.97,5,40.0,2.9817593617702713,0.125,1.0,0.175,0.2511452624689516,43.795810498758065,40.0,1.0,0.0,0.0,100.0,0.0,0.0,0.0,0.0,0.0,29.370813357428258,0,0.0,INDUSTRIAL,373.0,8.647788571428572,77.88476000000001
41,4.061707317073171,7.77,334.95585365853657,347.51,11,31.0,8.152357055040609,0.3548387096774194,1.0,1.3225806451612905,0.109261471551665,45.01562015238918,40.0,1.0,0.0,0.0,55.55555555555556,0.0,0.0,44.44444444444444,0.0,0.0,76.06511051886676,0,0.0,INDUSTRIAL,374.0,9.22460975609756,77.52842853658537
5,2.41,2.9,334.744,342.42,4,28.0,2.351743225104286,0.1428571428571428,0.8,0.1785714285714285,0.2983522104289138,40.21980270287084,40.0,1.0,0.0,0.0,100.0,0.0,0.0,0.0,0.0,0.0,3.7281759895794946,1,1600.0,INDUSTRIAL,375.0,9.563894,78.881812
7,7.038571428571429,9.93,335.1914285714286,354.78,5,43.0,2.67213828602565,0.1162790697674418,1.0,0.1627906976744186,0.2723208991898555,44.38120806061748,80.0,0.0,0.0,0.0,0.0,0.0,0.0,0.0,0.0,0.0,40.90296946074364,0,0.0,INDUSTRIAL,376.0,10.002975714285714,78.0373
5,1.6800000000000002,2.94,306.012,310.23,4,28.0,0.3227718537793117,0.1428571428571428,0.8,0.1785714285714285,0.7559882659605167,58.52524492413495,50.0,0.0,0.0,1.0,0.0,0.0,100.0,0.0,0.0,0.0,56.00734928775418,0,0.0,INDUSTRIAL,377.0,24.199338,80.798168
7,2.2114285714285713,7.91,312.9414285714285,341.93,4,21.0,3.65187025190486,0.1904761904761904,0.8,0.3333333333333333,0.2149673025791115,38.312977817450175,40.0,1.0,0.0,0.0,100.0,0.0,0.0,0.0,0.0,0.0,80.56840650628489,0,0.0,INDUSTRIAL,379.0,14.46483,76.72590714285714
6,3.573333333333333,5.31,337.2583333333333,349.88,4,20.0,2.591816575405804,0.2,0.8,0.3,0.2784106534969759,41.136426139879035,40.0,1.0,0.0,0.0,100.0,0.0,0.0,0.0,0.0,0.0,19.6530185969097,0,0.0,INDUSTRIAL,383.0,9.904158333333331,78.20374833333334
5,3.004,4.92,332.41999999999996,339.01,5,30.0,2.936915697511927,0.1666666666666666,1.0,0.1666666666666666,0.2540059469985566,45.160237879942265,20.0,0.0,0.0,0.0,0.0,0.0,0.0,0.0,100.0,0.0,60.913749883617264,0,0.0,INDUSTRIAL,385.0,9.423106,77.943398
8,7.0024999999999995,12.35,337.59375,343.32,6,58.0,4.167717616353789,0.1034482758620689,1.0,0.1379310344827586,0.1935090255000378,40.843809295863586,40.0,1.0,0.0,0.0,100.0,0.0,0.0,0.0,0.0,0.0,14.260303960694324,0,0.0,INDUSTRIAL,390.0,9.648342499999998,78.7978425
5,4.3740000000000006,5.7,338.162,343.48,3,33.0,1.9540751542216364,0.0909090909090909,0.6,0.1515151515151515,0.3385154228628581,34.26788964178705,40.0,1.0,0.0,0.0,100.0,0.0,0.0,0.0,0.0,0.0,28.682774914903476,0,0.0,INDUSTRIAL,398.0,17.290264,79.161056
5,5.032,8.36,325.62600000000003,340.26,2,29.0,1.6165631508730356,0.0689655172413793,0.4,0.1724137931034483,0.3821807242322214,29.356194486530235,40.0,1.0,0.0,0.0,100.0,0.0,0.0,0.0,0.0,0.0,103.41316538750202,0,0.0,INDUSTRIAL,402.0,19.811358,75.455908
